Timing Summary
==============

   POST-ROUTE

          Group  No. Clocks  No. Clock Pairs  WNS(ps)  TNS(ps)  TNS Endpoints      
    -----------  ----------  ---------------  -------  -------  -------------      
   <UDEF_i_clk>           1                1    -8400  -604790            139      




Clocks
======

            Clock    Clock net         Group  Constrained Period(ps)      Waveform(ps)   Achievable Period(ps)  Achievable Frequency(MHz)
   --------------  -----------   -----------  ----------------------  -----------------  ---------------------  -------------------------
            i_clk        i_clk  <UDEF_i_clk>           (auto) 2000            (0,1000)                  10399                     96.163 




Clock Relationships
===================

       From Clock        To Clock               Group    Endpoints     WNS(ps)    TNS(ps)  TNS Endpoints
   --------------  --------------  ------------------  -----------  ----------  ---------  -------------
            i_clk           i_clk        <UDEF_i_clk>          140       -8400    -604790            139




Timing Details for Clock Pair i_clk and i_clk
=============================================

       From Clock        To Clock               Group    Endpoints     WNS(ps)    TNS(ps)  TNS Endpoints
   --------------  --------------  ------------------  -----------  ----------  ---------  -------------
            i_clk           i_clk        <UDEF_i_clk>          140       -8400    -604790            139

Path 23:
   Slack (not met):                         -8400ps
     Path type:                               SETUP
     Group:                            <UDEF_i_clk>
     Launching clock:                         i_clk (rising edge)
     Capturing clock:                         i_clk (rising edge)

     Requested period:                       2000ps
   + Delay of the capturing clock:           2311ps
   - Clock uncertainty:                       150ps
   = Required time:                          4161ps
   - Propagation time:                      10386ps (58.6% logic, 41.4% route, logic stage 4)
   - Delay of the launching clock:           2175ps
   = Slack:                                 -8400ps

   Instance/Pin or Net Name                   Type         ID    Location or Fanout   Delay(ps)  Edge  Arrival Time(ps)    Instance detail                                                                                     
   ------------------------------------------------------------------------------------------------------------------------------------------------------------------------------------------------------------------------------
   i_clk                                      CLOCK-PORT    -                     -     launch     r               0                                                                                                           
   i_clk                                      Clock net     2          (fanout=516)       2175                     -                                                                                                           
   RBB_20/CLK                                 RBB_6L       20  [TILE 0 0, RBB 4 14]          -     r            2175                                                                                                           
   ------------------------------------------------------------------------------------------------------------------------------------------------------------------------------------------------------------------------------
   RBB_20/CMUX                                RBB_6L       20  [TILE 0 0, RBB 4 14]       1379     r            3554     {inst135: state_FDRE_Q_3 (FDRE,site=cffo)}                                                            
   i_en_LUT5_I0_I3[1]                         Net          55           (fanout=14)        805                     -                                                                                                           
   RBB_10/A1                                  RBB_6L       10  [TILE 0 0, RBB 7 14]          -     r            4359                                                                                                           
   RBB_10/CQ                                  RBB_6L       10  [TILE 0 0, RBB 7 14]       1291     r            5650     {inst34: i_en_LUT5_I0_O_LUT4_O_I0_CARRY4_CO (CARRY4)}                                                 
   i_en_LUT5_I0_O_LUT4_O_I0_CARRY4_CO_O_1[2]  Net         148           (fanout=12)       1923                     -                                                                                                           
   RBB_28/D3                                  RBB_6L       28  [TILE 0 0, RBB 1 24]          -     r            7573                                                                                                           
   RBB_28/D                                   RBB_6L       28  [TILE 0 0, RBB 1 24]       1008     r            8581     {inst167: tx_shift_FDRE_Q_5_D_MUXF8_O_I0_MUXF7_O_I0_LUT3_O (LUT,site=dlut)}                           
   tx_shift_FDRE_Q_5_D_MUXF8_O_I0_MUXF7_O_I0  Net         156            (fanout=1)        612                     -                                                                                                           
   RBB_28/A1                                  RBB_6L       28  [TILE 0 0, RBB 1 24]          -     r            9193                                                                                                           
   RBB_28/A                                   RBB_6L       28  [TILE 0 0, RBB 1 24]        853     r           10046     {inst166: tx_shift_FDRE_Q_5_D_MUXF8_O_I0_MUXF7_O (LUT,site=alut)}                                     
   tx_shift_FDRE_Q_5_D_MUXF8_O_I0             Net         130            (fanout=1)        956                     -                                                                                                           
   RBB_23/C3                                  RBB_6L       23  [TILE 0 0, RBB 4 24]          -     r           11002     {inst165: tx_shift_FDRE_Q_5_D_MUXF8_O (LUT,site=cluto)} {inst164: tx_shift_FDRE_Q_5 (FDRE,site=cffo)} 
   ------------------------------------------------------------------------------------------------------------------------------------------------------------------------------------------------------------------------------
   RBB_23/CLK                                 RBB_6L       23  [TILE 0 0, RBB 4 24]       1559     r           12561                                                                                                           
   i_clk                                      Clock net     2          (fanout=516)      -2311                     -                                                                                                           
   i_clk                                      CLOCK-PORT    -                     -    capture     r           10250                                                                                                           
   ------------------------------------------------------------------------------------------------------------------------------------------------------------------------------------------------------------------------------


Path 24:
   Slack (not met):                         -8328ps
     Path type:                               SETUP
     Group:                            <UDEF_i_clk>
     Launching clock:                         i_clk (rising edge)
     Capturing clock:                         i_clk (rising edge)

     Requested period:                       2000ps
   + Delay of the capturing clock:           2311ps
   - Clock uncertainty:                       150ps
   = Required time:                          4161ps
   - Propagation time:                      10314ps (58.3% logic, 41.7% route, logic stage 4)
   - Delay of the launching clock:           2175ps
   = Slack:                                 -8328ps

   Instance/Pin or Net Name                   Type         ID     Location or Fanout   Delay(ps)  Edge  Arrival Time(ps)    Instance detail                                                                                     
   -------------------------------------------------------------------------------------------------------------------------------------------------------------------------------------------------------------------------------
   i_clk                                      CLOCK-PORT    -                      -     launch     r               0                                                                                                           
   i_clk                                      Clock net     2           (fanout=516)       2175                     -                                                                                                           
   RBB_20/CLK                                 RBB_6L       20   [TILE 0 0, RBB 4 14]          -     r            2175                                                                                                           
   -------------------------------------------------------------------------------------------------------------------------------------------------------------------------------------------------------------------------------
   RBB_20/CMUX                                RBB_6L       20   [TILE 0 0, RBB 4 14]       1379     r            3554     {inst135: state_FDRE_Q_3 (FDRE,site=cffo)}                                                            
   i_en_LUT5_I0_I3[1]                         Net          55            (fanout=14)        805                     -                                                                                                           
   RBB_10/A1                                  RBB_6L       10   [TILE 0 0, RBB 7 14]          -     r            4359                                                                                                           
   RBB_10/CQ                                  RBB_6L       10   [TILE 0 0, RBB 7 14]       1291     r            5650     {inst34: i_en_LUT5_I0_O_LUT4_O_I0_CARRY4_CO (CARRY4)}                                                 
   i_en_LUT5_I0_O_LUT4_O_I0_CARRY4_CO_O_1[2]  Net         148            (fanout=12)       1605                     -                                                                                                           
   RBB_30/A5                                  RBB_6L       30  [TILE 0 0, RBB 10 22]          -     r            7255                                                                                                           
   RBB_30/AMUX                                RBB_6L       30  [TILE 0 0, RBB 10 22]        998     r            8253     {inst177: tx_shift_FDRE_Q_7_D_MUXF8_O_I0_MUXF7_O_I0_LUT2_O (LUT,site=aluto)}                          
   tx_shift_FDRE_Q_7_D_MUXF8_O_I0_MUXF7_O_I0  Net         172             (fanout=1)        586                     -                                                                                                           
   RBB_30/A1                                  RBB_6L       30  [TILE 0 0, RBB 10 22]          -     r            8839                                                                                                           
   RBB_30/A                                   RBB_6L       30  [TILE 0 0, RBB 10 22]       1013     r            9852     {inst176: tx_shift_FDRE_Q_7_D_MUXF8_O_I0_MUXF7_O (LUT,site=alut)}                                     
   tx_shift_FDRE_Q_7_D_MUXF8_O_I0             Net         119             (fanout=1)       1300                     -                                                                                                           
   RBB_23/B3                                  RBB_6L       23   [TILE 0 0, RBB 4 24]          -     r           11152     {inst175: tx_shift_FDRE_Q_7_D_MUXF8_O (LUT,site=bluto)} {inst174: tx_shift_FDRE_Q_7 (FDRE,site=bffo)} 
   -------------------------------------------------------------------------------------------------------------------------------------------------------------------------------------------------------------------------------
   RBB_23/CLK                                 RBB_6L       23   [TILE 0 0, RBB 4 24]       1337     r           12489                                                                                                           
   i_clk                                      Clock net     2           (fanout=516)      -2311                     -                                                                                                           
   i_clk                                      CLOCK-PORT    -                      -    capture     r           10178                                                                                                           
   -------------------------------------------------------------------------------------------------------------------------------------------------------------------------------------------------------------------------------


Path 29:
   Slack (not met):                         -8211ps
     Path type:                               SETUP
     Group:                            <UDEF_i_clk>
     Launching clock:                         i_clk (rising edge)
     Capturing clock:                         i_clk (rising edge)

     Requested period:                       2000ps
   + Delay of the capturing clock:           2311ps
   - Clock uncertainty:                       150ps
   = Required time:                          4161ps
   - Propagation time:                      10197ps (55.8% logic, 44.2% route, logic stage 4)
   - Delay of the launching clock:           2175ps
   = Slack:                                 -8211ps

   Instance/Pin or Net Name                   Type         ID    Location or Fanout   Delay(ps)  Edge  Arrival Time(ps)    Instance detail                                                                                   
   ----------------------------------------------------------------------------------------------------------------------------------------------------------------------------------------------------------------------------
   i_clk                                      CLOCK-PORT    -                     -     launch     r               0                                                                                                         
   i_clk                                      Clock net     2          (fanout=516)       2175                     -                                                                                                         
   RBB_20/CLK                                 RBB_6L       20  [TILE 0 0, RBB 4 14]          -     r            2175                                                                                                         
   ----------------------------------------------------------------------------------------------------------------------------------------------------------------------------------------------------------------------------
   RBB_20/CMUX                                RBB_6L       20  [TILE 0 0, RBB 4 14]       1379     r            3554     {inst135: state_FDRE_Q_3 (FDRE,site=cffo)}                                                          
   i_en_LUT5_I0_I3[1]                         Net          55           (fanout=14)        805                     -                                                                                                         
   RBB_10/A1                                  RBB_6L       10  [TILE 0 0, RBB 7 14]          -     r            4359                                                                                                         
   RBB_10/CQ                                  RBB_6L       10  [TILE 0 0, RBB 7 14]       1291     r            5650     {inst34: i_en_LUT5_I0_O_LUT4_O_I0_CARRY4_CO (CARRY4)}                                               
   i_en_LUT5_I0_O_LUT4_O_I0_CARRY4_CO_O_1[2]  Net         148           (fanout=12)       1835                     -                                                                                                         
   RBB_29/D3                                  RBB_6L       29  [TILE 0 0, RBB 1 22]          -     r            7485                                                                                                         
   RBB_29/D                                   RBB_6L       29  [TILE 0 0, RBB 1 22]       1008     r            8493     {inst172: tx_shift_FDRE_Q_6_D_MUXF8_O_I0_MUXF7_O_I0_LUT3_O (LUT,site=dlut)}                         
   tx_shift_FDRE_Q_6_D_MUXF8_O_I0_MUXF7_O_I0  Net         167            (fanout=1)        610                     -                                                                                                         
   RBB_29/A1                                  RBB_6L       29  [TILE 0 0, RBB 1 22]          -     r            9103                                                                                                         
   RBB_29/A                                   RBB_6L       29  [TILE 0 0, RBB 1 22]        853     r            9956     {inst171: tx_shift_FDRE_Q_6_D_MUXF8_O_I0_MUXF7_O (LUT,site=alut)}                                   
   tx_shift_FDRE_Q_6_D_MUXF8_O_I0             Net         134            (fanout=1)       1262                     -                                                                                                         
   RBB_23/B1                                  RBB_6L       23  [TILE 0 0, RBB 4 24]          -     r           11218     {inst170: tx_shift_FDRE_Q_6_D_MUXF8_O (LUT,site=blut)} {inst169: tx_shift_FDRE_Q_6 (FDRE,site=bff)} 
   ----------------------------------------------------------------------------------------------------------------------------------------------------------------------------------------------------------------------------
   RBB_23/CLK                                 RBB_6L       23  [TILE 0 0, RBB 4 24]       1154     r           12372                                                                                                         
   i_clk                                      Clock net     2          (fanout=516)      -2311                     -                                                                                                         
   i_clk                                      CLOCK-PORT    -                     -    capture     r           10061                                                                                                         
   ----------------------------------------------------------------------------------------------------------------------------------------------------------------------------------------------------------------------------


Path 5:
   Slack (not met):                         -8093ps
     Path type:                               SETUP
     Group:                            <UDEF_i_clk>
     Launching clock:                         i_clk (rising edge)
     Capturing clock:                         i_clk (rising edge)

     Requested period:                       2000ps
   + Delay of the capturing clock:           2335ps
   - Clock uncertainty:                       150ps
   = Required time:                          4185ps
   - Propagation time:                      10103ps (54.4% logic, 45.6% route, logic stage 5)
   - Delay of the launching clock:           2175ps
   = Slack:                                 -8093ps

   Instance/Pin or Net Name                                                Type         ID    Location or Fanout   Delay(ps)  Edge  Arrival Time(ps)    Instance detail                                                                                                          
   --------------------------------------------------------------------------------------------------------------------------------------------------------------------------------------------------------------------------------------------------------------------------------
   i_clk                                                                   CLOCK-PORT    -                     -     launch     r               0                                                                                                                                
   i_clk                                                                   Clock net     2          (fanout=516)       2175                     -                                                                                                                                
   RBB_20/CLK                                                              RBB_6L       20  [TILE 0 0, RBB 4 14]          -     r            2175                                                                                                                                
   --------------------------------------------------------------------------------------------------------------------------------------------------------------------------------------------------------------------------------------------------------------------------------
   RBB_20/CMUX                                                             RBB_6L       20  [TILE 0 0, RBB 4 14]       1379     r            3554     {inst135: state_FDRE_Q_3 (FDRE,site=cffo)}                                                                                 
   i_en_LUT5_I0_I3[1]                                                      Net          55           (fanout=14)        805                     -                                                                                                                                
   RBB_10/A1                                                               RBB_6L       10  [TILE 0 0, RBB 7 14]          -     r            4359                                                                                                                                
   RBB_10/CQ                                                               RBB_6L       10  [TILE 0 0, RBB 7 14]       1291     r            5650     {inst34: i_en_LUT5_I0_O_LUT4_O_I0_CARRY4_CO (CARRY4)}                                                                      
   i_en_LUT5_I0_O_LUT4_O_I0_CARRY4_CO_O_1[2]                               Net         148           (fanout=12)       1100                     -                                                                                                                                
   RBB_18/D3                                                               RBB_6L       18  [TILE 0 0, RBB 7 18]          -     r            6750                                                                                                                                
   RBB_18/D                                                                RBB_6L       18  [TILE 0 0, RBB 7 18]        599     r            7349     {inst80: read_request_LUT4_I0_1_I3_LUT4_I2_O_LUT6_I4_1_I5_MUXF8_O_I0_MUXF7_O_I0_LUT5_O (LUT,site=dlut)}                    
   read_request_LUT4_I0_1_I3_LUT4_I2_O_LUT6_I4_1_I5_MUXF8_O_I0_MUXF7_O_I0  Net         154            (fanout=1)        697                     -                                                                                                                                
   RBB_16/A1                                                               RBB_6L       16  [TILE 0 0, RBB 7 16]          -     r            8046                                                                                                                                
   RBB_16/A                                                                RBB_6L       16  [TILE 0 0, RBB 7 16]        763     r            8809     {inst79: read_request_LUT4_I0_1_I3_LUT4_I2_O_LUT6_I4_1_I5_MUXF8_O_I0_MUXF7_O (LUT,site=alut)}                              
   read_request_LUT4_I0_1_I3_LUT4_I2_O_LUT6_I4_1_I5_MUXF8_O_I0             Net         182            (fanout=1)       1035                     -                                                                                                                                
   RBB_16/B1                                                               RBB_6L       16  [TILE 0 0, RBB 7 16]          -     r            9844                                                                                                                                
   RBB_16/B                                                                RBB_6L       16  [TILE 0 0, RBB 7 16]        707     r           10551     {inst78: read_request_LUT4_I0_1_I3_LUT4_I2_O_LUT6_I4_1_I5_MUXF8_O (LUT,site=blut)}                                         
   read_request_LUT4_I0_1_I3_LUT4_I2_O_LUT6_I4_1_I5[5]                     Net          67            (fanout=1)        968                     -                                                                                                                                
   RBB_16/C2                                                               RBB_6L       16  [TILE 0 0, RBB 7 16]          -     r           11519     {inst77: read_request_LUT4_I0_1_I3_LUT4_I2_O_LUT6_I4_1 (LUT,site=clut,cluto)} {inst27: bit_count_FDSE_Q_1 (FDRE,site=cff)} 
   --------------------------------------------------------------------------------------------------------------------------------------------------------------------------------------------------------------------------------------------------------------------------------
   RBB_16/CLK                                                              RBB_6L       16  [TILE 0 0, RBB 7 16]        759     r           12278                                                                                                                                
   i_clk                                                                   Clock net     2          (fanout=516)      -2335                     -                                                                                                                                
   i_clk                                                                   CLOCK-PORT    -                     -    capture     r            9943                                                                                                                                
   --------------------------------------------------------------------------------------------------------------------------------------------------------------------------------------------------------------------------------------------------------------------------------


Path 430:
   Slack (not met):                         -8027ps
     Path type:                               SETUP
     Group:                            <UDEF_i_clk>
     Launching clock:                         i_clk (rising edge)
     Capturing clock:                         i_clk (rising edge)

     Requested period:                       2000ps
   + Delay of the capturing clock:           2311ps
   - Clock uncertainty:                       150ps
   = Required time:                          4161ps
   - Propagation time:                      10029ps (41.9% logic, 58.1% route, logic stage 4)
   - Delay of the launching clock:           2159ps
   = Slack:                                 -8027ps

   Instance/Pin or Net Name            Type         ID    Location or Fanout   Delay(ps)  Edge  Arrival Time(ps)    Instance detail                                          
   ----------------------------------------------------------------------------------------------------------------------------------------------------------------------------
   i_clk                               CLOCK-PORT    -                     -     launch     r               0                                                                
   i_clk                               Clock net     2          (fanout=516)       2159                     -                                                                
   RBB_15/CLK                          RBB_6L       15  [TILE 0 0, RBB 1 16]          -     r            2159                                                                
   ----------------------------------------------------------------------------------------------------------------------------------------------------------------------------
   RBB_15/AQ                           RBB_6L       15  [TILE 0 0, RBB 1 16]        800     r            2959     {inst112: scl_sync_FDSE_Q (FDR,site=aff)}                  
   scl_sync[2]                         Net          20            (fanout=5)       1164                     -                                                                
   RBB_15/B1                           RBB_6L       15  [TILE 0 0, RBB 1 16]          -     r            4123                                                                
   RBB_15/BMUX                         RBB_6L       15  [TILE 0 0, RBB 1 16]        812     r            4935     {inst116: scl_sync_LUT2_I0_1 (LUT,site=bluto)}             
   i_en_LUT5_I0_I4[1]                  Net          94            (fanout=7)       1632                     -                                                                
   RBB_33/A3                           RBB_6L       33   [TILE 0 0, RBB 4 8]          -     r            6567                                                                
   RBB_33/A                            RBB_6L       33   [TILE 0 0, RBB 4 8]       1062     r            7629     {inst96: read_request_LUT4_I0_1_O_LUT5_O (LUT,site=alut)}  
   read_request_LUT4_I0_1_O[1]         Net         164            (fanout=1)       1210                     -                                                                
   RBB_35/A2                           RBB_6L       35  [TILE 0 0, RBB 1 12]          -     r            8839                                                                
   RBB_35/A                            RBB_6L       35  [TILE 0 0, RBB 1 12]        668     r            9507     {inst95: read_request_LUT4_I0_1_O_LUT4_I1 (LUT,site=alut)} 
   read_request_LUT4_I0_1_O_LUT4_I1_O  Net          83            (fanout=1)       1821                     -                                                                
   RBB_23/A6                           RBB_6L       23  [TILE 0 0, RBB 4 24]          -     r           11328     {<CE>inst164: tx_shift_FDRE_Q_5 (FDRE,site=cffo)}          
   ----------------------------------------------------------------------------------------------------------------------------------------------------------------------------
   RBB_23/CLK                          RBB_6L       23  [TILE 0 0, RBB 4 24]        860     r           12188                                                                
   i_clk                               Clock net     2          (fanout=516)      -2311                     -                                                                
   i_clk                               CLOCK-PORT    -                     -    capture     r            9877                                                                
   ----------------------------------------------------------------------------------------------------------------------------------------------------------------------------


Path 427:
   Slack (not met):                         -8027ps
     Path type:                               SETUP
     Group:                            <UDEF_i_clk>
     Launching clock:                         i_clk (rising edge)
     Capturing clock:                         i_clk (rising edge)

     Requested period:                       2000ps
   + Delay of the capturing clock:           2311ps
   - Clock uncertainty:                       150ps
   = Required time:                          4161ps
   - Propagation time:                      10029ps (41.9% logic, 58.1% route, logic stage 4)
   - Delay of the launching clock:           2159ps
   = Slack:                                 -8027ps

   Instance/Pin or Net Name            Type         ID    Location or Fanout   Delay(ps)  Edge  Arrival Time(ps)    Instance detail                                          
   ----------------------------------------------------------------------------------------------------------------------------------------------------------------------------
   i_clk                               CLOCK-PORT    -                     -     launch     r               0                                                                
   i_clk                               Clock net     2          (fanout=516)       2159                     -                                                                
   RBB_15/CLK                          RBB_6L       15  [TILE 0 0, RBB 1 16]          -     r            2159                                                                
   ----------------------------------------------------------------------------------------------------------------------------------------------------------------------------
   RBB_15/AQ                           RBB_6L       15  [TILE 0 0, RBB 1 16]        800     r            2959     {inst112: scl_sync_FDSE_Q (FDR,site=aff)}                  
   scl_sync[2]                         Net          20            (fanout=5)       1164                     -                                                                
   RBB_15/B1                           RBB_6L       15  [TILE 0 0, RBB 1 16]          -     r            4123                                                                
   RBB_15/BMUX                         RBB_6L       15  [TILE 0 0, RBB 1 16]        812     r            4935     {inst116: scl_sync_LUT2_I0_1 (LUT,site=bluto)}             
   i_en_LUT5_I0_I4[1]                  Net          94            (fanout=7)       1632                     -                                                                
   RBB_33/A3                           RBB_6L       33   [TILE 0 0, RBB 4 8]          -     r            6567                                                                
   RBB_33/A                            RBB_6L       33   [TILE 0 0, RBB 4 8]       1062     r            7629     {inst96: read_request_LUT4_I0_1_O_LUT5_O (LUT,site=alut)}  
   read_request_LUT4_I0_1_O[1]         Net         164            (fanout=1)       1210                     -                                                                
   RBB_35/A2                           RBB_6L       35  [TILE 0 0, RBB 1 12]          -     r            8839                                                                
   RBB_35/A                            RBB_6L       35  [TILE 0 0, RBB 1 12]        668     r            9507     {inst95: read_request_LUT4_I0_1_O_LUT4_I1 (LUT,site=alut)} 
   read_request_LUT4_I0_1_O_LUT4_I1_O  Net          83            (fanout=1)       1821                     -                                                                
   RBB_23/A6                           RBB_6L       23  [TILE 0 0, RBB 4 24]          -     r           11328     {<CE>inst169: tx_shift_FDRE_Q_6 (FDRE,site=bff)}           
   ----------------------------------------------------------------------------------------------------------------------------------------------------------------------------
   RBB_23/CLK                          RBB_6L       23  [TILE 0 0, RBB 4 24]        860     r           12188                                                                
   i_clk                               Clock net     2          (fanout=516)      -2311                     -                                                                
   i_clk                               CLOCK-PORT    -                     -    capture     r            9877                                                                
   ----------------------------------------------------------------------------------------------------------------------------------------------------------------------------


Path 428:
   Slack (not met):                         -8027ps
     Path type:                               SETUP
     Group:                            <UDEF_i_clk>
     Launching clock:                         i_clk (rising edge)
     Capturing clock:                         i_clk (rising edge)

     Requested period:                       2000ps
   + Delay of the capturing clock:           2311ps
   - Clock uncertainty:                       150ps
   = Required time:                          4161ps
   - Propagation time:                      10029ps (41.9% logic, 58.1% route, logic stage 4)
   - Delay of the launching clock:           2159ps
   = Slack:                                 -8027ps

   Instance/Pin or Net Name            Type         ID    Location or Fanout   Delay(ps)  Edge  Arrival Time(ps)    Instance detail                                          
   ----------------------------------------------------------------------------------------------------------------------------------------------------------------------------
   i_clk                               CLOCK-PORT    -                     -     launch     r               0                                                                
   i_clk                               Clock net     2          (fanout=516)       2159                     -                                                                
   RBB_15/CLK                          RBB_6L       15  [TILE 0 0, RBB 1 16]          -     r            2159                                                                
   ----------------------------------------------------------------------------------------------------------------------------------------------------------------------------
   RBB_15/AQ                           RBB_6L       15  [TILE 0 0, RBB 1 16]        800     r            2959     {inst112: scl_sync_FDSE_Q (FDR,site=aff)}                  
   scl_sync[2]                         Net          20            (fanout=5)       1164                     -                                                                
   RBB_15/B1                           RBB_6L       15  [TILE 0 0, RBB 1 16]          -     r            4123                                                                
   RBB_15/BMUX                         RBB_6L       15  [TILE 0 0, RBB 1 16]        812     r            4935     {inst116: scl_sync_LUT2_I0_1 (LUT,site=bluto)}             
   i_en_LUT5_I0_I4[1]                  Net          94            (fanout=7)       1632                     -                                                                
   RBB_33/A3                           RBB_6L       33   [TILE 0 0, RBB 4 8]          -     r            6567                                                                
   RBB_33/A                            RBB_6L       33   [TILE 0 0, RBB 4 8]       1062     r            7629     {inst96: read_request_LUT4_I0_1_O_LUT5_O (LUT,site=alut)}  
   read_request_LUT4_I0_1_O[1]         Net         164            (fanout=1)       1210                     -                                                                
   RBB_35/A2                           RBB_6L       35  [TILE 0 0, RBB 1 12]          -     r            8839                                                                
   RBB_35/A                            RBB_6L       35  [TILE 0 0, RBB 1 12]        668     r            9507     {inst95: read_request_LUT4_I0_1_O_LUT4_I1 (LUT,site=alut)} 
   read_request_LUT4_I0_1_O_LUT4_I1_O  Net          83            (fanout=1)       1821                     -                                                                
   RBB_23/A6                           RBB_6L       23  [TILE 0 0, RBB 4 24]          -     r           11328     {<CE>inst159: tx_shift_FDRE_Q_4 (FDRE,site=cff)}           
   ----------------------------------------------------------------------------------------------------------------------------------------------------------------------------
   RBB_23/CLK                          RBB_6L       23  [TILE 0 0, RBB 4 24]        860     r           12188                                                                
   i_clk                               Clock net     2          (fanout=516)      -2311                     -                                                                
   i_clk                               CLOCK-PORT    -                     -    capture     r            9877                                                                
   ----------------------------------------------------------------------------------------------------------------------------------------------------------------------------


Path 432:
   Slack (not met):                         -8027ps
     Path type:                               SETUP
     Group:                            <UDEF_i_clk>
     Launching clock:                         i_clk (rising edge)
     Capturing clock:                         i_clk (rising edge)

     Requested period:                       2000ps
   + Delay of the capturing clock:           2311ps
   - Clock uncertainty:                       150ps
   = Required time:                          4161ps
   - Propagation time:                      10029ps (41.9% logic, 58.1% route, logic stage 4)
   - Delay of the launching clock:           2159ps
   = Slack:                                 -8027ps

   Instance/Pin or Net Name            Type         ID    Location or Fanout   Delay(ps)  Edge  Arrival Time(ps)    Instance detail                                          
   ----------------------------------------------------------------------------------------------------------------------------------------------------------------------------
   i_clk                               CLOCK-PORT    -                     -     launch     r               0                                                                
   i_clk                               Clock net     2          (fanout=516)       2159                     -                                                                
   RBB_15/CLK                          RBB_6L       15  [TILE 0 0, RBB 1 16]          -     r            2159                                                                
   ----------------------------------------------------------------------------------------------------------------------------------------------------------------------------
   RBB_15/AQ                           RBB_6L       15  [TILE 0 0, RBB 1 16]        800     r            2959     {inst112: scl_sync_FDSE_Q (FDR,site=aff)}                  
   scl_sync[2]                         Net          20            (fanout=5)       1164                     -                                                                
   RBB_15/B1                           RBB_6L       15  [TILE 0 0, RBB 1 16]          -     r            4123                                                                
   RBB_15/BMUX                         RBB_6L       15  [TILE 0 0, RBB 1 16]        812     r            4935     {inst116: scl_sync_LUT2_I0_1 (LUT,site=bluto)}             
   i_en_LUT5_I0_I4[1]                  Net          94            (fanout=7)       1632                     -                                                                
   RBB_33/A3                           RBB_6L       33   [TILE 0 0, RBB 4 8]          -     r            6567                                                                
   RBB_33/A                            RBB_6L       33   [TILE 0 0, RBB 4 8]       1062     r            7629     {inst96: read_request_LUT4_I0_1_O_LUT5_O (LUT,site=alut)}  
   read_request_LUT4_I0_1_O[1]         Net         164            (fanout=1)       1210                     -                                                                
   RBB_35/A2                           RBB_6L       35  [TILE 0 0, RBB 1 12]          -     r            8839                                                                
   RBB_35/A                            RBB_6L       35  [TILE 0 0, RBB 1 12]        668     r            9507     {inst95: read_request_LUT4_I0_1_O_LUT4_I1 (LUT,site=alut)} 
   read_request_LUT4_I0_1_O_LUT4_I1_O  Net          83            (fanout=1)       1821                     -                                                                
   RBB_23/A6                           RBB_6L       23  [TILE 0 0, RBB 4 24]          -     r           11328     {<CE>inst143: tx_shift_FDRE_Q (FDRE,site=aff)}             
   ----------------------------------------------------------------------------------------------------------------------------------------------------------------------------
   RBB_23/CLK                          RBB_6L       23  [TILE 0 0, RBB 4 24]        860     r           12188                                                                
   i_clk                               Clock net     2          (fanout=516)      -2311                     -                                                                
   i_clk                               CLOCK-PORT    -                     -    capture     r            9877                                                                
   ----------------------------------------------------------------------------------------------------------------------------------------------------------------------------


Path 431:
   Slack (not met):                         -8027ps
     Path type:                               SETUP
     Group:                            <UDEF_i_clk>
     Launching clock:                         i_clk (rising edge)
     Capturing clock:                         i_clk (rising edge)

     Requested period:                       2000ps
   + Delay of the capturing clock:           2311ps
   - Clock uncertainty:                       150ps
   = Required time:                          4161ps
   - Propagation time:                      10029ps (41.9% logic, 58.1% route, logic stage 4)
   - Delay of the launching clock:           2159ps
   = Slack:                                 -8027ps

   Instance/Pin or Net Name            Type         ID    Location or Fanout   Delay(ps)  Edge  Arrival Time(ps)    Instance detail                                          
   ----------------------------------------------------------------------------------------------------------------------------------------------------------------------------
   i_clk                               CLOCK-PORT    -                     -     launch     r               0                                                                
   i_clk                               Clock net     2          (fanout=516)       2159                     -                                                                
   RBB_15/CLK                          RBB_6L       15  [TILE 0 0, RBB 1 16]          -     r            2159                                                                
   ----------------------------------------------------------------------------------------------------------------------------------------------------------------------------
   RBB_15/AQ                           RBB_6L       15  [TILE 0 0, RBB 1 16]        800     r            2959     {inst112: scl_sync_FDSE_Q (FDR,site=aff)}                  
   scl_sync[2]                         Net          20            (fanout=5)       1164                     -                                                                
   RBB_15/B1                           RBB_6L       15  [TILE 0 0, RBB 1 16]          -     r            4123                                                                
   RBB_15/BMUX                         RBB_6L       15  [TILE 0 0, RBB 1 16]        812     r            4935     {inst116: scl_sync_LUT2_I0_1 (LUT,site=bluto)}             
   i_en_LUT5_I0_I4[1]                  Net          94            (fanout=7)       1632                     -                                                                
   RBB_33/A3                           RBB_6L       33   [TILE 0 0, RBB 4 8]          -     r            6567                                                                
   RBB_33/A                            RBB_6L       33   [TILE 0 0, RBB 4 8]       1062     r            7629     {inst96: read_request_LUT4_I0_1_O_LUT5_O (LUT,site=alut)}  
   read_request_LUT4_I0_1_O[1]         Net         164            (fanout=1)       1210                     -                                                                
   RBB_35/A2                           RBB_6L       35  [TILE 0 0, RBB 1 12]          -     r            8839                                                                
   RBB_35/A                            RBB_6L       35  [TILE 0 0, RBB 1 12]        668     r            9507     {inst95: read_request_LUT4_I0_1_O_LUT4_I1 (LUT,site=alut)} 
   read_request_LUT4_I0_1_O_LUT4_I1_O  Net          83            (fanout=1)       1821                     -                                                                
   RBB_23/A6                           RBB_6L       23  [TILE 0 0, RBB 4 24]          -     r           11328     {<CE>inst174: tx_shift_FDRE_Q_7 (FDRE,site=bffo)}          
   ----------------------------------------------------------------------------------------------------------------------------------------------------------------------------
   RBB_23/CLK                          RBB_6L       23  [TILE 0 0, RBB 4 24]        860     r           12188                                                                
   i_clk                               Clock net     2          (fanout=516)      -2311                     -                                                                
   i_clk                               CLOCK-PORT    -                     -    capture     r            9877                                                                
   ----------------------------------------------------------------------------------------------------------------------------------------------------------------------------


Path 429:
   Slack (not met):                         -8027ps
     Path type:                               SETUP
     Group:                            <UDEF_i_clk>
     Launching clock:                         i_clk (rising edge)
     Capturing clock:                         i_clk (rising edge)

     Requested period:                       2000ps
   + Delay of the capturing clock:           2311ps
   - Clock uncertainty:                       150ps
   = Required time:                          4161ps
   - Propagation time:                      10029ps (41.9% logic, 58.1% route, logic stage 4)
   - Delay of the launching clock:           2159ps
   = Slack:                                 -8027ps

   Instance/Pin or Net Name            Type         ID    Location or Fanout   Delay(ps)  Edge  Arrival Time(ps)    Instance detail                                          
   ----------------------------------------------------------------------------------------------------------------------------------------------------------------------------
   i_clk                               CLOCK-PORT    -                     -     launch     r               0                                                                
   i_clk                               Clock net     2          (fanout=516)       2159                     -                                                                
   RBB_15/CLK                          RBB_6L       15  [TILE 0 0, RBB 1 16]          -     r            2159                                                                
   ----------------------------------------------------------------------------------------------------------------------------------------------------------------------------
   RBB_15/AQ                           RBB_6L       15  [TILE 0 0, RBB 1 16]        800     r            2959     {inst112: scl_sync_FDSE_Q (FDR,site=aff)}                  
   scl_sync[2]                         Net          20            (fanout=5)       1164                     -                                                                
   RBB_15/B1                           RBB_6L       15  [TILE 0 0, RBB 1 16]          -     r            4123                                                                
   RBB_15/BMUX                         RBB_6L       15  [TILE 0 0, RBB 1 16]        812     r            4935     {inst116: scl_sync_LUT2_I0_1 (LUT,site=bluto)}             
   i_en_LUT5_I0_I4[1]                  Net          94            (fanout=7)       1632                     -                                                                
   RBB_33/A3                           RBB_6L       33   [TILE 0 0, RBB 4 8]          -     r            6567                                                                
   RBB_33/A                            RBB_6L       33   [TILE 0 0, RBB 4 8]       1062     r            7629     {inst96: read_request_LUT4_I0_1_O_LUT5_O (LUT,site=alut)}  
   read_request_LUT4_I0_1_O[1]         Net         164            (fanout=1)       1210                     -                                                                
   RBB_35/A2                           RBB_6L       35  [TILE 0 0, RBB 1 12]          -     r            8839                                                                
   RBB_35/A                            RBB_6L       35  [TILE 0 0, RBB 1 12]        668     r            9507     {inst95: read_request_LUT4_I0_1_O_LUT4_I1 (LUT,site=alut)} 
   read_request_LUT4_I0_1_O_LUT4_I1_O  Net          83            (fanout=1)       1821                     -                                                                
   RBB_23/A6                           RBB_6L       23  [TILE 0 0, RBB 4 24]          -     r           11328     {<CE>inst149: tx_shift_FDRE_Q_2 (FDRE,site=dff)}           
   ----------------------------------------------------------------------------------------------------------------------------------------------------------------------------
   RBB_23/CLK                          RBB_6L       23  [TILE 0 0, RBB 4 24]        860     r           12188                                                                
   i_clk                               Clock net     2          (fanout=516)      -2311                     -                                                                
   i_clk                               CLOCK-PORT    -                     -    capture     r            9877                                                                
   ----------------------------------------------------------------------------------------------------------------------------------------------------------------------------


Path 433:
   Slack (not met):                         -8027ps
     Path type:                               SETUP
     Group:                            <UDEF_i_clk>
     Launching clock:                         i_clk (rising edge)
     Capturing clock:                         i_clk (rising edge)

     Requested period:                       2000ps
   + Delay of the capturing clock:           2311ps
   - Clock uncertainty:                       150ps
   = Required time:                          4161ps
   - Propagation time:                      10029ps (41.9% logic, 58.1% route, logic stage 4)
   - Delay of the launching clock:           2159ps
   = Slack:                                 -8027ps

   Instance/Pin or Net Name            Type         ID    Location or Fanout   Delay(ps)  Edge  Arrival Time(ps)    Instance detail                                          
   ----------------------------------------------------------------------------------------------------------------------------------------------------------------------------
   i_clk                               CLOCK-PORT    -                     -     launch     r               0                                                                
   i_clk                               Clock net     2          (fanout=516)       2159                     -                                                                
   RBB_15/CLK                          RBB_6L       15  [TILE 0 0, RBB 1 16]          -     r            2159                                                                
   ----------------------------------------------------------------------------------------------------------------------------------------------------------------------------
   RBB_15/AQ                           RBB_6L       15  [TILE 0 0, RBB 1 16]        800     r            2959     {inst112: scl_sync_FDSE_Q (FDR,site=aff)}                  
   scl_sync[2]                         Net          20            (fanout=5)       1164                     -                                                                
   RBB_15/B1                           RBB_6L       15  [TILE 0 0, RBB 1 16]          -     r            4123                                                                
   RBB_15/BMUX                         RBB_6L       15  [TILE 0 0, RBB 1 16]        812     r            4935     {inst116: scl_sync_LUT2_I0_1 (LUT,site=bluto)}             
   i_en_LUT5_I0_I4[1]                  Net          94            (fanout=7)       1632                     -                                                                
   RBB_33/A3                           RBB_6L       33   [TILE 0 0, RBB 4 8]          -     r            6567                                                                
   RBB_33/A                            RBB_6L       33   [TILE 0 0, RBB 4 8]       1062     r            7629     {inst96: read_request_LUT4_I0_1_O_LUT5_O (LUT,site=alut)}  
   read_request_LUT4_I0_1_O[1]         Net         164            (fanout=1)       1210                     -                                                                
   RBB_35/A2                           RBB_6L       35  [TILE 0 0, RBB 1 12]          -     r            8839                                                                
   RBB_35/A                            RBB_6L       35  [TILE 0 0, RBB 1 12]        668     r            9507     {inst95: read_request_LUT4_I0_1_O_LUT4_I1 (LUT,site=alut)} 
   read_request_LUT4_I0_1_O_LUT4_I1_O  Net          83            (fanout=1)       1821                     -                                                                
   RBB_23/A6                           RBB_6L       23  [TILE 0 0, RBB 4 24]          -     r           11328     {<CE>inst144: tx_shift_FDRE_Q_1 (FDRE,site=affo)}          
   ----------------------------------------------------------------------------------------------------------------------------------------------------------------------------
   RBB_23/CLK                          RBB_6L       23  [TILE 0 0, RBB 4 24]        860     r           12188                                                                
   i_clk                               Clock net     2          (fanout=516)      -2311                     -                                                                
   i_clk                               CLOCK-PORT    -                     -    capture     r            9877                                                                
   ----------------------------------------------------------------------------------------------------------------------------------------------------------------------------


Path 28:
   Slack (not met):                         -7994ps
     Path type:                               SETUP
     Group:                            <UDEF_i_clk>
     Launching clock:                         i_clk (rising edge)
     Capturing clock:                         i_clk (rising edge)

     Requested period:                       2000ps
   + Delay of the capturing clock:           2311ps
   - Clock uncertainty:                       150ps
   = Required time:                          4161ps
   - Propagation time:                       9980ps (53.7% logic, 46.3% route, logic stage 4)
   - Delay of the launching clock:           2175ps
   = Slack:                                 -7994ps

   Instance/Pin or Net Name                   Type         ID    Location or Fanout   Delay(ps)  Edge  Arrival Time(ps)    Instance detail                                                                                   
   ----------------------------------------------------------------------------------------------------------------------------------------------------------------------------------------------------------------------------
   i_clk                                      CLOCK-PORT    -                     -     launch     r               0                                                                                                         
   i_clk                                      Clock net     2          (fanout=516)       2175                     -                                                                                                         
   RBB_20/CLK                                 RBB_6L       20  [TILE 0 0, RBB 4 14]          -     r            2175                                                                                                         
   ----------------------------------------------------------------------------------------------------------------------------------------------------------------------------------------------------------------------------
   RBB_20/CMUX                                RBB_6L       20  [TILE 0 0, RBB 4 14]       1379     r            3554     {inst135: state_FDRE_Q_3 (FDRE,site=cffo)}                                                          
   i_en_LUT5_I0_I3[1]                         Net          55           (fanout=14)        805                     -                                                                                                         
   RBB_10/A1                                  RBB_6L       10  [TILE 0 0, RBB 7 14]          -     r            4359                                                                                                         
   RBB_10/CQ                                  RBB_6L       10  [TILE 0 0, RBB 7 14]       1291     r            5650     {inst34: i_en_LUT5_I0_O_LUT4_O_I0_CARRY4_CO (CARRY4)}                                               
   i_en_LUT5_I0_O_LUT4_O_I0_CARRY4_CO_O_1[2]  Net         148           (fanout=12)       1892                     -                                                                                                         
   RBB_27/D3                                  RBB_6L       27  [TILE 0 0, RBB 1 26]          -     r            7542                                                                                                         
   RBB_27/D                                   RBB_6L       27  [TILE 0 0, RBB 1 26]        599     r            8141     {inst162: tx_shift_FDRE_Q_4_D_MUXF8_O_I0_MUXF7_O_I0_LUT3_O (LUT,site=dlut)}                         
   tx_shift_FDRE_Q_4_D_MUXF8_O_I0_MUXF7_O_I0  Net         162            (fanout=1)        784                     -                                                                                                         
   RBB_27/A1                                  RBB_6L       27  [TILE 0 0, RBB 1 26]          -     r            8925                                                                                                         
   RBB_27/A                                   RBB_6L       27  [TILE 0 0, RBB 1 26]        763     r            9688     {inst161: tx_shift_FDRE_Q_4_D_MUXF8_O_I0_MUXF7_O (LUT,site=alut)}                                   
   tx_shift_FDRE_Q_4_D_MUXF8_O_I0             Net         114            (fanout=1)       1144                     -                                                                                                         
   RBB_23/C1                                  RBB_6L       23  [TILE 0 0, RBB 4 24]          -     r           10832     {inst160: tx_shift_FDRE_Q_4_D_MUXF8_O (LUT,site=clut)} {inst159: tx_shift_FDRE_Q_4 (FDRE,site=cff)} 
   ----------------------------------------------------------------------------------------------------------------------------------------------------------------------------------------------------------------------------
   RBB_23/CLK                                 RBB_6L       23  [TILE 0 0, RBB 4 24]       1323     r           12155                                                                                                         
   i_clk                                      Clock net     2          (fanout=516)      -2311                     -                                                                                                         
   i_clk                                      CLOCK-PORT    -                     -    capture     r            9844                                                                                                         
   ----------------------------------------------------------------------------------------------------------------------------------------------------------------------------------------------------------------------------


Path 438:
   Slack (not met):                         -7859ps
     Path type:                               SETUP
     Group:                            <UDEF_i_clk>
     Launching clock:                         i_clk (rising edge)
     Capturing clock:                         i_clk (rising edge)

     Requested period:                       2000ps
   + Delay of the capturing clock:           2175ps
   - Clock uncertainty:                       150ps
   = Required time:                          4025ps
   - Propagation time:                       9725ps (53.3% logic, 46.7% route, logic stage 4)
   - Delay of the launching clock:           2159ps
   = Slack:                                 -7859ps

   Instance/Pin or Net Name   Type         ID    Location or Fanout   Delay(ps)  Edge  Arrival Time(ps)    Instance detail                                       
   ----------------------------------------------------------------------------------------------------------------------------------------------------------------
   i_clk                      CLOCK-PORT    -                     -     launch     r               0                                                             
   i_clk                      Clock net     2          (fanout=516)       2159                     -                                                             
   RBB_15/CLK                 RBB_6L       15  [TILE 0 0, RBB 1 16]          -     r            2159                                                             
   ----------------------------------------------------------------------------------------------------------------------------------------------------------------
   RBB_15/DMUX                RBB_6L       15  [TILE 0 0, RBB 1 16]       1466     r            3625     {inst120: sda_sync_FDSE_Q_1 (FDR,site=dffo)}            
   sda_sync[1]                Net          22            (fanout=5)        582                     -                                                             
   RBB_15/A3                  RBB_6L       15  [TILE 0 0, RBB 1 16]          -     r            4207                                                             
   RBB_15/A                   RBB_6L       15  [TILE 0 0, RBB 1 16]        759     r            4966     {inst118: scl_sync_LUT3_I1_1 (LUT,site=alut)}           
   i_en_LUT5_I0_I4[2]         Net          95           (fanout=12)       2347                     -                                                             
   RBB_33/C2                  RBB_6L       33   [TILE 0 0, RBB 4 8]          -     r            7313                                                             
   RBB_33/C                   RBB_6L       33   [TILE 0 0, RBB 4 8]       1195     r            8508     {inst30: i_en_LUT5_I0 (LUT,site=clut)}                  
   i_en_LUT5_I0_O[2]          Net          85            (fanout=1)        653                     -                                                             
   RBB_33/D3                  RBB_6L       33   [TILE 0 0, RBB 4 8]          -     r            9161                                                             
   RBB_33/D                   RBB_6L       33   [TILE 0 0, RBB 4 8]        945     r           10106     {inst142: state_FDRE_Q_CE_LUT6_O (LUT,site=dlut,dluto)} 
   state_FDRE_Q_CE            Net         105            (fanout=1)        961                     -                                                             
   RBB_20/A6                  RBB_6L       20  [TILE 0 0, RBB 4 14]          -     r           11067     {<CE>inst122: state_FDRE_Q (FDRE,site=cff)}             
   ----------------------------------------------------------------------------------------------------------------------------------------------------------------
   RBB_20/CLK                 RBB_6L       20  [TILE 0 0, RBB 4 14]        817     r           11884                                                             
   i_clk                      Clock net     2          (fanout=516)      -2175                     -                                                             
   i_clk                      CLOCK-PORT    -                     -    capture     r            9709                                                             
   ----------------------------------------------------------------------------------------------------------------------------------------------------------------


Path 440:
   Slack (not met):                         -7859ps
     Path type:                               SETUP
     Group:                            <UDEF_i_clk>
     Launching clock:                         i_clk (rising edge)
     Capturing clock:                         i_clk (rising edge)

     Requested period:                       2000ps
   + Delay of the capturing clock:           2175ps
   - Clock uncertainty:                       150ps
   = Required time:                          4025ps
   - Propagation time:                       9725ps (53.3% logic, 46.7% route, logic stage 4)
   - Delay of the launching clock:           2159ps
   = Slack:                                 -7859ps

   Instance/Pin or Net Name   Type         ID    Location or Fanout   Delay(ps)  Edge  Arrival Time(ps)    Instance detail                                       
   ----------------------------------------------------------------------------------------------------------------------------------------------------------------
   i_clk                      CLOCK-PORT    -                     -     launch     r               0                                                             
   i_clk                      Clock net     2          (fanout=516)       2159                     -                                                             
   RBB_15/CLK                 RBB_6L       15  [TILE 0 0, RBB 1 16]          -     r            2159                                                             
   ----------------------------------------------------------------------------------------------------------------------------------------------------------------
   RBB_15/DMUX                RBB_6L       15  [TILE 0 0, RBB 1 16]       1466     r            3625     {inst120: sda_sync_FDSE_Q_1 (FDR,site=dffo)}            
   sda_sync[1]                Net          22            (fanout=5)        582                     -                                                             
   RBB_15/A3                  RBB_6L       15  [TILE 0 0, RBB 1 16]          -     r            4207                                                             
   RBB_15/A                   RBB_6L       15  [TILE 0 0, RBB 1 16]        759     r            4966     {inst118: scl_sync_LUT3_I1_1 (LUT,site=alut)}           
   i_en_LUT5_I0_I4[2]         Net          95           (fanout=12)       2347                     -                                                             
   RBB_33/C2                  RBB_6L       33   [TILE 0 0, RBB 4 8]          -     r            7313                                                             
   RBB_33/C                   RBB_6L       33   [TILE 0 0, RBB 4 8]       1195     r            8508     {inst30: i_en_LUT5_I0 (LUT,site=clut)}                  
   i_en_LUT5_I0_O[2]          Net          85            (fanout=1)        653                     -                                                             
   RBB_33/D3                  RBB_6L       33   [TILE 0 0, RBB 4 8]          -     r            9161                                                             
   RBB_33/D                   RBB_6L       33   [TILE 0 0, RBB 4 8]        945     r           10106     {inst142: state_FDRE_Q_CE_LUT6_O (LUT,site=dlut,dluto)} 
   state_FDRE_Q_CE            Net         105            (fanout=1)        961                     -                                                             
   RBB_20/A6                  RBB_6L       20  [TILE 0 0, RBB 4 14]          -     r           11067     {<CE>inst135: state_FDRE_Q_3 (FDRE,site=cffo)}          
   ----------------------------------------------------------------------------------------------------------------------------------------------------------------
   RBB_20/CLK                 RBB_6L       20  [TILE 0 0, RBB 4 14]        817     r           11884                                                             
   i_clk                      Clock net     2          (fanout=516)      -2175                     -                                                             
   i_clk                      CLOCK-PORT    -                     -    capture     r            9709                                                             
   ----------------------------------------------------------------------------------------------------------------------------------------------------------------


Path 439:
   Slack (not met):                         -7859ps
     Path type:                               SETUP
     Group:                            <UDEF_i_clk>
     Launching clock:                         i_clk (rising edge)
     Capturing clock:                         i_clk (rising edge)

     Requested period:                       2000ps
   + Delay of the capturing clock:           2175ps
   - Clock uncertainty:                       150ps
   = Required time:                          4025ps
   - Propagation time:                       9725ps (53.3% logic, 46.7% route, logic stage 4)
   - Delay of the launching clock:           2159ps
   = Slack:                                 -7859ps

   Instance/Pin or Net Name   Type         ID    Location or Fanout   Delay(ps)  Edge  Arrival Time(ps)    Instance detail                                       
   ----------------------------------------------------------------------------------------------------------------------------------------------------------------
   i_clk                      CLOCK-PORT    -                     -     launch     r               0                                                             
   i_clk                      Clock net     2          (fanout=516)       2159                     -                                                             
   RBB_15/CLK                 RBB_6L       15  [TILE 0 0, RBB 1 16]          -     r            2159                                                             
   ----------------------------------------------------------------------------------------------------------------------------------------------------------------
   RBB_15/DMUX                RBB_6L       15  [TILE 0 0, RBB 1 16]       1466     r            3625     {inst120: sda_sync_FDSE_Q_1 (FDR,site=dffo)}            
   sda_sync[1]                Net          22            (fanout=5)        582                     -                                                             
   RBB_15/A3                  RBB_6L       15  [TILE 0 0, RBB 1 16]          -     r            4207                                                             
   RBB_15/A                   RBB_6L       15  [TILE 0 0, RBB 1 16]        759     r            4966     {inst118: scl_sync_LUT3_I1_1 (LUT,site=alut)}           
   i_en_LUT5_I0_I4[2]         Net          95           (fanout=12)       2347                     -                                                             
   RBB_33/C2                  RBB_6L       33   [TILE 0 0, RBB 4 8]          -     r            7313                                                             
   RBB_33/C                   RBB_6L       33   [TILE 0 0, RBB 4 8]       1195     r            8508     {inst30: i_en_LUT5_I0 (LUT,site=clut)}                  
   i_en_LUT5_I0_O[2]          Net          85            (fanout=1)        653                     -                                                             
   RBB_33/D3                  RBB_6L       33   [TILE 0 0, RBB 4 8]          -     r            9161                                                             
   RBB_33/D                   RBB_6L       33   [TILE 0 0, RBB 4 8]        945     r           10106     {inst142: state_FDRE_Q_CE_LUT6_O (LUT,site=dlut,dluto)} 
   state_FDRE_Q_CE            Net         105            (fanout=1)        961                     -                                                             
   RBB_20/A6                  RBB_6L       20  [TILE 0 0, RBB 4 14]          -     r           11067     {<CE>inst128: state_FDRE_Q_2 (FDRE,site=dff)}           
   ----------------------------------------------------------------------------------------------------------------------------------------------------------------
   RBB_20/CLK                 RBB_6L       20  [TILE 0 0, RBB 4 14]        817     r           11884                                                             
   i_clk                      Clock net     2          (fanout=516)      -2175                     -                                                             
   i_clk                      CLOCK-PORT    -                     -    capture     r            9709                                                             
   ----------------------------------------------------------------------------------------------------------------------------------------------------------------


Path 327:
   Slack (not met):                         -7800ps
     Path type:                               SETUP
     Group:                            <UDEF_i_clk>
     Launching clock:                         i_clk (rising edge)
     Capturing clock:                         i_clk (rising edge)

     Requested period:                       2000ps
   + Delay of the capturing clock:           2328ps
   - Clock uncertainty:                       150ps
   = Required time:                          4178ps
   - Propagation time:                       9659ps (39.0% logic, 61.0% route, logic stage 4)
   - Delay of the launching clock:           2319ps
   = Slack:                                 -7800ps

   Instance/Pin or Net Name      Type         ID     Location or Fanout   Delay(ps)  Edge  Arrival Time(ps)    Instance detail                                                            
   -----------------------------------------------------------------------------------------------------------------------------------------------------------------------------------------
   i_clk                         CLOCK-PORT    -                      -     launch     r               0                                                                                  
   i_clk                         Clock net     2           (fanout=516)       2319                     -                                                                                  
   RBB_34/CLK                    RBB_6L       34   [TILE 0 0, RBB 1 18]          -     r            2319                                                                                  
   -----------------------------------------------------------------------------------------------------------------------------------------------------------------------------------------
   RBB_34/CQ                     RBB_6L       34   [TILE 0 0, RBB 1 18]        800     r            3119     {inst98: rx_shift_FDRE_Q (FDRE,site=cff)}                                    
   rx_shift[7]                   Net          25             (fanout=4)       1888                     -                                                                                  
   RBB_24/B5                     RBB_6L       24  [TILE 0 0, RBB 10 18]          -     r            5007                                                                                  
   RBB_24/B                      RBB_6L       24  [TILE 0 0, RBB 10 18]        745     r            5752     {inst64: o_led_FDRE_Q_D_LUT5_O_I4_LUT4_O (LUT,site=blut)}                    
   o_led_FDRE_Q_D_LUT5_O_I4[4]   Net         111             (fanout=1)        856                     -                                                                                  
   RBB_18/B5                     RBB_6L       18   [TILE 0 0, RBB 7 18]          -     r            6608                                                                                  
   RBB_18/B                      RBB_6L       18   [TILE 0 0, RBB 7 18]        717     r            7325     {inst62: o_led_FDRE_Q_CE_LUT3_O_I1_LUT5_O (LUT,site=blut)}                   
   o_led_FDRE_Q_CE_LUT3_O_I1[1]  Net          91             (fanout=1)        913                     -                                                                                  
   RBB_18/A1                     RBB_6L       18   [TILE 0 0, RBB 7 18]          -     r            8238                                                                                  
   RBB_18/A                      RBB_6L       18   [TILE 0 0, RBB 7 18]        668     r            8906     {inst61: o_led_FDRE_Q_CE_LUT3_O (LUT,site=alut)}                             
   o_led_FDRE_Q_CE               Net         101             (fanout=1)       2235                     -                                                                                  
   RBB_4/CE                      IOB           4   [TILE 0 0, RBB 31 6]          -     r           11141     {inst60: o_led_FDRE_Q (FDRE)} {(output_port) inst200: g_200_o_led_obuf (IO)} 
   -----------------------------------------------------------------------------------------------------------------------------------------------------------------------------------------
   RBB_4/CLK                     IOB           4   [TILE 0 0, RBB 31 6]        837     r           11978                                                                                  
   i_clk                         Clock net     2           (fanout=516)      -2328                     -                                                                                  
   i_clk                         CLOCK-PORT    -                      -    capture     r            9650                                                                                  
   -----------------------------------------------------------------------------------------------------------------------------------------------------------------------------------------


Path 329:
   Slack (not met):                         -7787ps
     Path type:                               SETUP
     Group:                            <UDEF_i_clk>
     Launching clock:                         i_clk (rising edge)
     Capturing clock:                         i_clk (rising edge)

     Requested period:                       2000ps
   + Delay of the capturing clock:           2175ps
   - Clock uncertainty:                       150ps
   = Required time:                          4025ps
   - Propagation time:                       9653ps (48.2% logic, 51.8% route, logic stage 4)
   - Delay of the launching clock:           2159ps
   = Slack:                                 -7787ps

   Instance/Pin or Net Name                             Type         ID    Location or Fanout   Delay(ps)  Edge  Arrival Time(ps)    Instance detail                                                                              
   ---------------------------------------------------------------------------------------------------------------------------------------------------------------------------------------------------------------------------------
   i_clk                                                CLOCK-PORT    -                     -     launch     r               0                                                                                                    
   i_clk                                                Clock net     2          (fanout=516)       2159                     -                                                                                                    
   RBB_15/CLK                                           RBB_6L       15  [TILE 0 0, RBB 1 16]          -     r            2159                                                                                                    
   ---------------------------------------------------------------------------------------------------------------------------------------------------------------------------------------------------------------------------------
   RBB_15/AQ                                            RBB_6L       15  [TILE 0 0, RBB 1 16]        800     r            2959     {inst112: scl_sync_FDSE_Q (FDR,site=aff)}                                                      
   scl_sync[2]                                          Net          20            (fanout=5)       1533                     -                                                                                                    
   RBB_35/D1                                            RBB_6L       35  [TILE 0 0, RBB 1 12]          -     r            4492                                                                                                    
   RBB_35/D                                             RBB_6L       35  [TILE 0 0, RBB 1 12]        694     r            5186     {inst115: scl_sync_LUT2_I0 (LUT,site=dlut)}                                                    
   read_request_LUT4_I0_I1[3]                           Net          97            (fanout=6)        915                     -                                                                                                    
   RBB_15/A6                                            RBB_6L       15  [TILE 0 0, RBB 1 16]          -     r            6101                                                                                                    
   RBB_15/AMUX                                          RBB_6L       15  [TILE 0 0, RBB 1 16]        881     r            6982     {inst139: state_FDRE_Q_3_D_MUXF8_O_I0_MUXF7_O_I0_LUT4_O_I3_MUXF7_O (MUXF,site=muxf7a)}         
   state_FDRE_Q_3_D_MUXF8_O_I0_MUXF7_O_I0_LUT4_O_I3[3]  Net          59            (fanout=1)       1284                     -                                                                                                    
   RBB_14/A4                                            RBB_6L       14  [TILE 0 0, RBB 1 10]          -     r            8266                                                                                                    
   RBB_14/BMUX                                          RBB_6L       14  [TILE 0 0, RBB 1 10]       1199     r            9465     {inst136: state_FDRE_Q_3_D_MUXF8_O (MUXF,site=muxf8)}                                          
   state_FDRE_Q_3_D                                     Net          42            (fanout=1)       1266                     -                                                                                                    
   RBB_20/C1                                            RBB_6L       20  [TILE 0 0, RBB 4 14]          -     r           10731     {inst217: state_FDRE_Q_3_buf217_i (LUT,site=cluto)} {inst135: state_FDRE_Q_3 (FDRE,site=cffo)} 
   ---------------------------------------------------------------------------------------------------------------------------------------------------------------------------------------------------------------------------------
   RBB_20/CLK                                           RBB_6L       20  [TILE 0 0, RBB 4 14]       1081     r           11812                                                                                                    
   i_clk                                                Clock net     2          (fanout=516)      -2175                     -                                                                                                    
   i_clk                                                CLOCK-PORT    -                     -    capture     r            9637                                                                                                    
   ---------------------------------------------------------------------------------------------------------------------------------------------------------------------------------------------------------------------------------


Path 27:
   Slack (not met):                         -7740ps
     Path type:                               SETUP
     Group:                            <UDEF_i_clk>
     Launching clock:                         i_clk (rising edge)
     Capturing clock:                         i_clk (rising edge)

     Requested period:                       2000ps
   + Delay of the capturing clock:           2311ps
   - Clock uncertainty:                       150ps
   = Required time:                          4161ps
   - Propagation time:                       9726ps (52.6% logic, 47.4% route, logic stage 4)
   - Delay of the launching clock:           2175ps
   = Slack:                                 -7740ps

   Instance/Pin or Net Name                   Type         ID    Location or Fanout   Delay(ps)  Edge  Arrival Time(ps)    Instance detail                                                                                   
   ----------------------------------------------------------------------------------------------------------------------------------------------------------------------------------------------------------------------------
   i_clk                                      CLOCK-PORT    -                     -     launch     r               0                                                                                                         
   i_clk                                      Clock net     2          (fanout=516)       2175                     -                                                                                                         
   RBB_20/CLK                                 RBB_6L       20  [TILE 0 0, RBB 4 14]          -     r            2175                                                                                                         
   ----------------------------------------------------------------------------------------------------------------------------------------------------------------------------------------------------------------------------
   RBB_20/CMUX                                RBB_6L       20  [TILE 0 0, RBB 4 14]       1379     r            3554     {inst135: state_FDRE_Q_3 (FDRE,site=cffo)}                                                          
   i_en_LUT5_I0_I3[1]                         Net          55           (fanout=14)        805                     -                                                                                                         
   RBB_10/A1                                  RBB_6L       10  [TILE 0 0, RBB 7 14]          -     r            4359                                                                                                         
   RBB_10/CQ                                  RBB_6L       10  [TILE 0 0, RBB 7 14]       1291     r            5650     {inst34: i_en_LUT5_I0_O_LUT4_O_I0_CARRY4_CO (CARRY4)}                                               
   i_en_LUT5_I0_O_LUT4_O_I0_CARRY4_CO_O_1[2]  Net         148           (fanout=12)       1933                     -                                                                                                         
   RBB_25/D3                                  RBB_6L       25  [TILE 0 0, RBB 1 20]          -     r            7583                                                                                                         
   RBB_25/D                                   RBB_6L       25  [TILE 0 0, RBB 1 20]        599     r            8182     {inst152: tx_shift_FDRE_Q_2_D_MUXF8_O_I0_MUXF7_O_I0_LUT3_O (LUT,site=dlut)}                         
   tx_shift_FDRE_Q_2_D_MUXF8_O_I0_MUXF7_O_I0  Net         161            (fanout=1)        610                     -                                                                                                         
   RBB_25/A1                                  RBB_6L       25  [TILE 0 0, RBB 1 20]          -     r            8792                                                                                                         
   RBB_25/A                                   RBB_6L       25  [TILE 0 0, RBB 1 20]        763     r            9555     {inst151: tx_shift_FDRE_Q_2_D_MUXF8_O_I0_MUXF7_O (LUT,site=alut)}                                   
   tx_shift_FDRE_Q_2_D_MUXF8_O_I0             Net         128            (fanout=1)       1264                     -                                                                                                         
   RBB_23/D1                                  RBB_6L       23  [TILE 0 0, RBB 4 24]          -     r           10819     {inst150: tx_shift_FDRE_Q_2_D_MUXF8_O (LUT,site=dlut)} {inst149: tx_shift_FDRE_Q_2 (FDRE,site=dff)} 
   ----------------------------------------------------------------------------------------------------------------------------------------------------------------------------------------------------------------------------
   RBB_23/CLK                                 RBB_6L       23  [TILE 0 0, RBB 4 24]       1082     r           11901                                                                                                         
   i_clk                                      Clock net     2          (fanout=516)      -2311                     -                                                                                                         
   i_clk                                      CLOCK-PORT    -                     -    capture     r            9590                                                                                                         
   ----------------------------------------------------------------------------------------------------------------------------------------------------------------------------------------------------------------------------


Path 7:
   Slack (not met):                         -7727ps
     Path type:                               SETUP
     Group:                            <UDEF_i_clk>
     Launching clock:                         i_clk (rising edge)
     Capturing clock:                         i_clk (rising edge)

     Requested period:                       2000ps
   + Delay of the capturing clock:           2347ps
   - Clock uncertainty:                       150ps
   = Required time:                          4197ps
   - Propagation time:                       9749ps (53.9% logic, 46.1% route, logic stage 5)
   - Delay of the launching clock:           2175ps
   = Slack:                                 -7727ps

   Instance/Pin or Net Name                Type         ID     Location or Fanout   Delay(ps)  Edge  Arrival Time(ps)    Instance detail                                           
   ----------------------------------------------------------------------------------------------------------------------------------------------------------------------------------
   i_clk                                   CLOCK-PORT    -                      -     launch     r               0                                                                 
   i_clk                                   Clock net     2           (fanout=516)       2175                     -                                                                 
   RBB_20/CLK                              RBB_6L       20   [TILE 0 0, RBB 4 14]          -     r            2175                                                                 
   ----------------------------------------------------------------------------------------------------------------------------------------------------------------------------------
   RBB_20/CMUX                             RBB_6L       20   [TILE 0 0, RBB 4 14]       1379     r            3554     {inst135: state_FDRE_Q_3 (FDRE,site=cffo)}                  
   i_en_LUT5_I0_I3[1]                      Net          55            (fanout=14)        805                     -                                                                 
   RBB_10/A1                               RBB_6L       10   [TILE 0 0, RBB 7 14]          -     r            4359                                                                 
   RBB_10/BMUX                             RBB_6L       10   [TILE 0 0, RBB 7 14]       1257     r            5616     {inst34: i_en_LUT5_I0_O_LUT4_O_I0_CARRY4_CO (CARRY4)}       
   i_en_LUT5_I0_O_LUT4_O_I0[0]             Net         112             (fanout=2)       1172                     -                                                                 
   RBB_32/B1                               RBB_6L       32   [TILE 0 0, RBB 4 10]          -     r            6788                                                                 
   RBB_32/B                                RBB_6L       32   [TILE 0 0, RBB 4 10]        569     r            7357     {inst37: i_en_LUT5_I0_O_LUT4_O_I0_LUT2_I0 (LUT,site=blut)}  
   i_en_LUT5_I0_O_LUT4_O_I0_LUT2_I0_O[4]   Net          72             (fanout=3)        589                     -                                                                 
   RBB_32/C3                               RBB_6L       32   [TILE 0 0, RBB 4 10]          -     r            7946                                                                 
   RBB_32/C                                RBB_6L       32   [TILE 0 0, RBB 4 10]        618     r            8564     {inst74: read_request_LUT4_I0_1_I3_LUT4_I2 (LUT,site=clut)} 
   read_request_LUT4_I0_1_I3_LUT4_I2_O[4]  Net          58             (fanout=1)        573                     -                                                                 
   RBB_32/D5                               RBB_6L       32   [TILE 0 0, RBB 4 10]          -     r            9137                                                                 
   RBB_32/D                                RBB_6L       32   [TILE 0 0, RBB 4 10]        616     r            9753     {inst29: bit_count_FDSE_Q_CE_LUT5_O (LUT,site=dlut)}        
   bit_count_FDSE_Q_CE                     Net         135             (fanout=2)       1351                     -                                                                 
   RBB_17/A6                               RBB_6L       17  [TILE 0 0, RBB 10 14]          -     r           11104     {<CE>inst28: bit_count_FDSE_Q_2 (FDRE,site=dff)}            
   ----------------------------------------------------------------------------------------------------------------------------------------------------------------------------------
   RBB_17/CLK                              RBB_6L       17  [TILE 0 0, RBB 10 14]        820     r           11924                                                                 
   i_clk                                   Clock net     2           (fanout=516)      -2347                     -                                                                 
   i_clk                                   CLOCK-PORT    -                      -    capture     r            9577                                                                 
   ----------------------------------------------------------------------------------------------------------------------------------------------------------------------------------


Path 163:
   Slack (not met):                         -7696ps
     Path type:                               SETUP
     Group:                            <UDEF_i_clk>
     Launching clock:                         i_clk (rising edge)
     Capturing clock:                         i_clk (rising edge)

     Requested period:                       2000ps
   + Delay of the capturing clock:           2347ps
   - Clock uncertainty:                       150ps
   = Required time:                          4197ps
   - Propagation time:                       9734ps (47.1% logic, 52.9% route, logic stage 5)
   - Delay of the launching clock:           2159ps
   = Slack:                                 -7696ps

   Instance/Pin or Net Name                                                Type         ID     Location or Fanout   Delay(ps)  Edge  Arrival Time(ps)    Instance detail                                                                                                          
   ---------------------------------------------------------------------------------------------------------------------------------------------------------------------------------------------------------------------------------------------------------------------------------
   i_clk                                                                   CLOCK-PORT    -                      -     launch     r               0                                                                                                                                
   i_clk                                                                   Clock net     2           (fanout=516)       2159                     -                                                                                                                                
   RBB_15/CLK                                                              RBB_6L       15   [TILE 0 0, RBB 1 16]          -     r            2159                                                                                                                                
   ---------------------------------------------------------------------------------------------------------------------------------------------------------------------------------------------------------------------------------------------------------------------------------
   RBB_15/AQ                                                               RBB_6L       15   [TILE 0 0, RBB 1 16]        800     r            2959     {inst112: scl_sync_FDSE_Q (FDR,site=aff)}                                                                                  
   scl_sync[2]                                                             Net          20             (fanout=5)       1164                     -                                                                                                                                
   RBB_15/B1                                                               RBB_6L       15   [TILE 0 0, RBB 1 16]          -     r            4123                                                                                                                                
   RBB_15/BMUX                                                             RBB_6L       15   [TILE 0 0, RBB 1 16]        812     r            4935     {inst116: scl_sync_LUT2_I0_1 (LUT,site=bluto)}                                                                             
   i_en_LUT5_I0_I4[1]                                                      Net          94             (fanout=7)        757                     -                                                                                                                                
   RBB_15/C5                                                               RBB_6L       15   [TILE 0 0, RBB 1 16]          -     r            5692                                                                                                                                
   RBB_15/C                                                                RBB_6L       15   [TILE 0 0, RBB 1 16]        723     r            6415     {inst88: read_request_LUT4_I0_1_I3_LUT4_I2_O_LUT6_I4_2_I5_MUXF8_O_I1_MUXF7_O_I1_LUT3_O (LUT,site=clut)}                    
   read_request_LUT4_I0_1_I3_LUT4_I2_O_LUT6_I4_2_I5_MUXF8_O_I1_MUXF7_O_I1  Net         155             (fanout=1)       1757                     -                                                                                                                                
   RBB_17/B5                                                               RBB_6L       17  [TILE 0 0, RBB 10 14]          -     r            8172                                                                                                                                
   RBB_17/BMUX                                                             RBB_6L       17  [TILE 0 0, RBB 10 14]        825     r            8997     {inst87: read_request_LUT4_I0_1_I3_LUT4_I2_O_LUT6_I4_2_I5_MUXF8_O_I1_MUXF7_O (LUT,site=bluto)}                             
   read_request_LUT4_I0_1_I3_LUT4_I2_O_LUT6_I4_2_I5_MUXF8_O_I1             Net         139             (fanout=1)        669                     -                                                                                                                                
   RBB_17/C2                                                               RBB_6L       17  [TILE 0 0, RBB 10 14]          -     r            9666                                                                                                                                
   RBB_17/C                                                                RBB_6L       17  [TILE 0 0, RBB 10 14]        688     r           10354     {inst84: read_request_LUT4_I0_1_I3_LUT4_I2_O_LUT6_I4_2_I5_MUXF8_O (LUT,site=clut)}                                         
   read_request_LUT4_I0_1_I3_LUT4_I2_O_LUT6_I4_2_I5[5]                     Net          68             (fanout=1)        807                     -                                                                                                                                
   RBB_17/D6                                                               RBB_6L       17  [TILE 0 0, RBB 10 14]          -     r           11161     {inst83: read_request_LUT4_I0_1_I3_LUT4_I2_O_LUT6_I4_2 (LUT,site=dlut,dluto)} {inst28: bit_count_FDSE_Q_2 (FDRE,site=dff)} 
   ---------------------------------------------------------------------------------------------------------------------------------------------------------------------------------------------------------------------------------------------------------------------------------
   RBB_17/CLK                                                              RBB_6L       17  [TILE 0 0, RBB 10 14]        732     r           11893                                                                                                                                
   i_clk                                                                   Clock net     2           (fanout=516)      -2347                     -                                                                                                                                
   i_clk                                                                   CLOCK-PORT    -                      -    capture     r            9546                                                                                                                                
   ---------------------------------------------------------------------------------------------------------------------------------------------------------------------------------------------------------------------------------------------------------------------------------


Path 434:
   Slack (not met):                         -7691ps
     Path type:                               SETUP
     Group:                            <UDEF_i_clk>
     Launching clock:                         i_clk (rising edge)
     Capturing clock:                         i_clk (rising edge)

     Requested period:                       2000ps
   + Delay of the capturing clock:           2311ps
   - Clock uncertainty:                       150ps
   = Required time:                          4161ps
   - Propagation time:                       9693ps (39.9% logic, 60.1% route, logic stage 4)
   - Delay of the launching clock:           2159ps
   = Slack:                                 -7691ps

   Instance/Pin or Net Name            Type         ID    Location or Fanout   Delay(ps)  Edge  Arrival Time(ps)    Instance detail                                          
   ----------------------------------------------------------------------------------------------------------------------------------------------------------------------------
   i_clk                               CLOCK-PORT    -                     -     launch     r               0                                                                
   i_clk                               Clock net     2          (fanout=516)       2159                     -                                                                
   RBB_15/CLK                          RBB_6L       15  [TILE 0 0, RBB 1 16]          -     r            2159                                                                
   ----------------------------------------------------------------------------------------------------------------------------------------------------------------------------
   RBB_15/AQ                           RBB_6L       15  [TILE 0 0, RBB 1 16]        800     r            2959     {inst112: scl_sync_FDSE_Q (FDR,site=aff)}                  
   scl_sync[2]                         Net          20            (fanout=5)       1164                     -                                                                
   RBB_15/B1                           RBB_6L       15  [TILE 0 0, RBB 1 16]          -     r            4123                                                                
   RBB_15/BMUX                         RBB_6L       15  [TILE 0 0, RBB 1 16]        812     r            4935     {inst116: scl_sync_LUT2_I0_1 (LUT,site=bluto)}             
   i_en_LUT5_I0_I4[1]                  Net          94            (fanout=7)       1632                     -                                                                
   RBB_33/A3                           RBB_6L       33   [TILE 0 0, RBB 4 8]          -     r            6567                                                                
   RBB_33/A                            RBB_6L       33   [TILE 0 0, RBB 4 8]       1062     r            7629     {inst96: read_request_LUT4_I0_1_O_LUT5_O (LUT,site=alut)}  
   read_request_LUT4_I0_1_O[1]         Net         164            (fanout=1)       1210                     -                                                                
   RBB_35/A2                           RBB_6L       35  [TILE 0 0, RBB 1 12]          -     r            8839                                                                
   RBB_35/A                            RBB_6L       35  [TILE 0 0, RBB 1 12]        668     r            9507     {inst95: read_request_LUT4_I0_1_O_LUT4_I1 (LUT,site=alut)} 
   read_request_LUT4_I0_1_O_LUT4_I1_O  Net          83            (fanout=1)       1821                     -                                                                
   RBB_23/A6                           RBB_6L       23  [TILE 0 0, RBB 4 24]          -     r           11328     {<CE>inst154: tx_shift_FDRE_Q_3 (FDRE,site=dffo)}          
   ----------------------------------------------------------------------------------------------------------------------------------------------------------------------------
   RBB_23/CLK                          RBB_6L       23  [TILE 0 0, RBB 4 24]        524     r           11852                                                                
   i_clk                               Clock net     2          (fanout=516)      -2311                     -                                                                
   i_clk                               CLOCK-PORT    -                     -    capture     r            9541                                                                
   ----------------------------------------------------------------------------------------------------------------------------------------------------------------------------


Path 22:
   Slack (not met):                         -7624ps
     Path type:                               SETUP
     Group:                            <UDEF_i_clk>
     Launching clock:                         i_clk (rising edge)
     Capturing clock:                         i_clk (rising edge)

     Requested period:                       2000ps
   + Delay of the capturing clock:           2311ps
   - Clock uncertainty:                       150ps
   = Required time:                          4161ps
   - Propagation time:                       9610ps (54.6% logic, 45.4% route, logic stage 4)
   - Delay of the launching clock:           2175ps
   = Slack:                                 -7624ps

   Instance/Pin or Net Name                   Type         ID     Location or Fanout   Delay(ps)  Edge  Arrival Time(ps)    Instance detail                                                                                     
   -------------------------------------------------------------------------------------------------------------------------------------------------------------------------------------------------------------------------------
   i_clk                                      CLOCK-PORT    -                      -     launch     r               0                                                                                                           
   i_clk                                      Clock net     2           (fanout=516)       2175                     -                                                                                                           
   RBB_20/CLK                                 RBB_6L       20   [TILE 0 0, RBB 4 14]          -     r            2175                                                                                                           
   -------------------------------------------------------------------------------------------------------------------------------------------------------------------------------------------------------------------------------
   RBB_20/CMUX                                RBB_6L       20   [TILE 0 0, RBB 4 14]       1379     r            3554     {inst135: state_FDRE_Q_3 (FDRE,site=cffo)}                                                            
   i_en_LUT5_I0_I3[1]                         Net          55            (fanout=14)        805                     -                                                                                                           
   RBB_10/A1                                  RBB_6L       10   [TILE 0 0, RBB 7 14]          -     r            4359                                                                                                           
   RBB_10/CQ                                  RBB_6L       10   [TILE 0 0, RBB 7 14]       1291     r            5650     {inst34: i_en_LUT5_I0_O_LUT4_O_I0_CARRY4_CO (CARRY4)}                                                 
   i_en_LUT5_I0_O_LUT4_O_I0_CARRY4_CO_O_1[2]  Net         148            (fanout=12)       1139                     -                                                                                                           
   RBB_24/D3                                  RBB_6L       24  [TILE 0 0, RBB 10 18]          -     r            6789                                                                                                           
   RBB_24/D                                   RBB_6L       24  [TILE 0 0, RBB 10 18]        608     r            7397     {inst147: tx_shift_FDRE_Q_1_D_MUXF8_O_I0_MUXF7_O_I0_LUT3_O (LUT,site=dlut)}                           
   tx_shift_FDRE_Q_1_D_MUXF8_O_I0_MUXF7_O_I0  Net         158             (fanout=1)        976                     -                                                                                                           
   RBB_24/A1                                  RBB_6L       24  [TILE 0 0, RBB 10 18]          -     r            8373                                                                                                           
   RBB_24/A                                   RBB_6L       24  [TILE 0 0, RBB 10 18]        653     r            9026     {inst146: tx_shift_FDRE_Q_1_D_MUXF8_O_I0_MUXF7_O (LUT,site=alut)}                                     
   tx_shift_FDRE_Q_1_D_MUXF8_O_I0             Net         121             (fanout=1)       1443                     -                                                                                                           
   RBB_23/A3                                  RBB_6L       23   [TILE 0 0, RBB 4 24]          -     r           10469     {inst145: tx_shift_FDRE_Q_1_D_MUXF8_O (LUT,site=aluto)} {inst144: tx_shift_FDRE_Q_1 (FDRE,site=affo)} 
   -------------------------------------------------------------------------------------------------------------------------------------------------------------------------------------------------------------------------------
   RBB_23/CLK                                 RBB_6L       23   [TILE 0 0, RBB 4 24]       1316     r           11785                                                                                                           
   i_clk                                      Clock net     2           (fanout=516)      -2311                     -                                                                                                           
   i_clk                                      CLOCK-PORT    -                      -    capture     r            9474                                                                                                           
   -------------------------------------------------------------------------------------------------------------------------------------------------------------------------------------------------------------------------------


Path 435:
   Slack (not met):                         -7593ps
     Path type:                               SETUP
     Group:                            <UDEF_i_clk>
     Launching clock:                         i_clk (rising edge)
     Capturing clock:                         i_clk (rising edge)

     Requested period:                       2000ps
   + Delay of the capturing clock:           2335ps
   - Clock uncertainty:                       150ps
   = Required time:                          4185ps
   - Propagation time:                       9619ps (50.3% logic, 49.7% route, logic stage 5)
   - Delay of the launching clock:           2159ps
   = Slack:                                 -7593ps

   Instance/Pin or Net Name                                              Type         ID    Location or Fanout   Delay(ps)  Edge  Arrival Time(ps)    Instance detail                                                                                                      
   --------------------------------------------------------------------------------------------------------------------------------------------------------------------------------------------------------------------------------------------------------------------------
   i_clk                                                                 CLOCK-PORT    -                     -     launch     r               0                                                                                                                            
   i_clk                                                                 Clock net     2          (fanout=516)       2159                     -                                                                                                                            
   RBB_15/CLK                                                            RBB_6L       15  [TILE 0 0, RBB 1 16]          -     r            2159                                                                                                                            
   --------------------------------------------------------------------------------------------------------------------------------------------------------------------------------------------------------------------------------------------------------------------------
   RBB_15/AQ                                                             RBB_6L       15  [TILE 0 0, RBB 1 16]        800     r            2959     {inst112: scl_sync_FDSE_Q (FDR,site=aff)}                                                                              
   scl_sync[2]                                                           Net          20            (fanout=5)       1164                     -                                                                                                                            
   RBB_15/B1                                                             RBB_6L       15  [TILE 0 0, RBB 1 16]          -     r            4123                                                                                                                            
   RBB_15/BMUX                                                           RBB_6L       15  [TILE 0 0, RBB 1 16]        812     r            4935     {inst116: scl_sync_LUT2_I0_1 (LUT,site=bluto)}                                                                         
   i_en_LUT5_I0_I4[1]                                                    Net          94            (fanout=7)        757                     -                                                                                                                            
   RBB_15/C5                                                             RBB_6L       15  [TILE 0 0, RBB 1 16]          -     r            5692                                                                                                                            
   RBB_15/CMUX                                                           RBB_6L       15  [TILE 0 0, RBB 1 16]        862     r            6554     {inst93: read_request_LUT4_I0_1_I3_LUT4_I2_O_LUT6_I4_I5_MUXF8_O_I1_MUXF7_O_I1_LUT3_O (LUT,site=cluto)}                 
   read_request_LUT4_I0_1_I3_LUT4_I2_O_LUT6_I4_I5_MUXF8_O_I1_MUXF7_O_I1  Net          53            (fanout=1)       1236                     -                                                                                                                            
   RBB_22/A2                                                             RBB_6L       22  [TILE 0 0, RBB 4 20]          -     r            7790                                                                                                                            
   RBB_22/A                                                              RBB_6L       22  [TILE 0 0, RBB 4 20]        682     r            8472     {inst92: read_request_LUT4_I0_1_I3_LUT4_I2_O_LUT6_I4_I5_MUXF8_O_I1_MUXF7_O (LUT,site=alut)}                            
   read_request_LUT4_I0_1_I3_LUT4_I2_O_LUT6_I4_I5_MUXF8_O_I1             Net          52            (fanout=1)        897                     -                                                                                                                            
   RBB_16/B5                                                             RBB_6L       16  [TILE 0 0, RBB 7 16]          -     r            9369                                                                                                                            
   RBB_16/BMUX                                                           RBB_6L       16  [TILE 0 0, RBB 7 16]        822     r           10191     {inst89: read_request_LUT4_I0_1_I3_LUT4_I2_O_LUT6_I4_I5_MUXF8_O (LUT,site=bluto)}                                      
   read_request_LUT4_I0_1_I3_LUT4_I2_O_LUT6_I4_I5[5]                     Net         142            (fanout=1)        728                     -                                                                                                                            
   RBB_16/D2                                                             RBB_6L       16  [TILE 0 0, RBB 7 16]          -     r           10919     {inst76: read_request_LUT4_I0_1_I3_LUT4_I2_O_LUT6_I4 (LUT,site=dlut,dluto)} {inst26: bit_count_FDSE_Q (FDRE,site=dff)} 
   --------------------------------------------------------------------------------------------------------------------------------------------------------------------------------------------------------------------------------------------------------------------------
   RBB_16/CLK                                                            RBB_6L       16  [TILE 0 0, RBB 7 16]        859     r           11778                                                                                                                            
   i_clk                                                                 Clock net     2          (fanout=516)      -2335                     -                                                                                                                            
   i_clk                                                                 CLOCK-PORT    -                     -    capture     r            9443                                                                                                                            
   --------------------------------------------------------------------------------------------------------------------------------------------------------------------------------------------------------------------------------------------------------------------------


Path 8:
   Slack (not met):                         -7551ps
     Path type:                               SETUP
     Group:                            <UDEF_i_clk>
     Launching clock:                         i_clk (rising edge)
     Capturing clock:                         i_clk (rising edge)

     Requested period:                       2000ps
   + Delay of the capturing clock:           2335ps
   - Clock uncertainty:                       150ps
   = Required time:                          4185ps
   - Propagation time:                       9561ps (54.1% logic, 45.9% route, logic stage 5)
   - Delay of the launching clock:           2175ps
   = Slack:                                 -7551ps

   Instance/Pin or Net Name                Type         ID    Location or Fanout   Delay(ps)  Edge  Arrival Time(ps)    Instance detail                                           
   ---------------------------------------------------------------------------------------------------------------------------------------------------------------------------------
   i_clk                                   CLOCK-PORT    -                     -     launch     r               0                                                                 
   i_clk                                   Clock net     2          (fanout=516)       2175                     -                                                                 
   RBB_20/CLK                              RBB_6L       20  [TILE 0 0, RBB 4 14]          -     r            2175                                                                 
   ---------------------------------------------------------------------------------------------------------------------------------------------------------------------------------
   RBB_20/CMUX                             RBB_6L       20  [TILE 0 0, RBB 4 14]       1379     r            3554     {inst135: state_FDRE_Q_3 (FDRE,site=cffo)}                  
   i_en_LUT5_I0_I3[1]                      Net          55           (fanout=14)        805                     -                                                                 
   RBB_10/A1                               RBB_6L       10  [TILE 0 0, RBB 7 14]          -     r            4359                                                                 
   RBB_10/BMUX                             RBB_6L       10  [TILE 0 0, RBB 7 14]       1257     r            5616     {inst34: i_en_LUT5_I0_O_LUT4_O_I0_CARRY4_CO (CARRY4)}       
   i_en_LUT5_I0_O_LUT4_O_I0[0]             Net         112            (fanout=2)       1172                     -                                                                 
   RBB_32/B1                               RBB_6L       32  [TILE 0 0, RBB 4 10]          -     r            6788                                                                 
   RBB_32/B                                RBB_6L       32  [TILE 0 0, RBB 4 10]        569     r            7357     {inst37: i_en_LUT5_I0_O_LUT4_O_I0_LUT2_I0 (LUT,site=blut)}  
   i_en_LUT5_I0_O_LUT4_O_I0_LUT2_I0_O[4]   Net          72            (fanout=3)        589                     -                                                                 
   RBB_32/C3                               RBB_6L       32  [TILE 0 0, RBB 4 10]          -     r            7946                                                                 
   RBB_32/C                                RBB_6L       32  [TILE 0 0, RBB 4 10]        618     r            8564     {inst74: read_request_LUT4_I0_1_I3_LUT4_I2 (LUT,site=clut)} 
   read_request_LUT4_I0_1_I3_LUT4_I2_O[4]  Net          58            (fanout=1)        573                     -                                                                 
   RBB_32/D5                               RBB_6L       32  [TILE 0 0, RBB 4 10]          -     r            9137                                                                 
   RBB_32/D                                RBB_6L       32  [TILE 0 0, RBB 4 10]        616     r            9753     {inst29: bit_count_FDSE_Q_CE_LUT5_O (LUT,site=dlut)}        
   bit_count_FDSE_Q_CE                     Net         135            (fanout=2)       1249                     -                                                                 
   RBB_16/A6                               RBB_6L       16  [TILE 0 0, RBB 7 16]          -     r           11002     {<CE>inst27: bit_count_FDSE_Q_1 (FDRE,site=cff)}            
   ---------------------------------------------------------------------------------------------------------------------------------------------------------------------------------
   RBB_16/CLK                              RBB_6L       16  [TILE 0 0, RBB 7 16]        734     r           11736                                                                 
   i_clk                                   Clock net     2          (fanout=516)      -2335                     -                                                                 
   i_clk                                   CLOCK-PORT    -                     -    capture     r            9401                                                                 
   ---------------------------------------------------------------------------------------------------------------------------------------------------------------------------------


Path 6:
   Slack (not met):                         -7551ps
     Path type:                               SETUP
     Group:                            <UDEF_i_clk>
     Launching clock:                         i_clk (rising edge)
     Capturing clock:                         i_clk (rising edge)

     Requested period:                       2000ps
   + Delay of the capturing clock:           2335ps
   - Clock uncertainty:                       150ps
   = Required time:                          4185ps
   - Propagation time:                       9561ps (54.1% logic, 45.9% route, logic stage 5)
   - Delay of the launching clock:           2175ps
   = Slack:                                 -7551ps

   Instance/Pin or Net Name                Type         ID    Location or Fanout   Delay(ps)  Edge  Arrival Time(ps)    Instance detail                                           
   ---------------------------------------------------------------------------------------------------------------------------------------------------------------------------------
   i_clk                                   CLOCK-PORT    -                     -     launch     r               0                                                                 
   i_clk                                   Clock net     2          (fanout=516)       2175                     -                                                                 
   RBB_20/CLK                              RBB_6L       20  [TILE 0 0, RBB 4 14]          -     r            2175                                                                 
   ---------------------------------------------------------------------------------------------------------------------------------------------------------------------------------
   RBB_20/CMUX                             RBB_6L       20  [TILE 0 0, RBB 4 14]       1379     r            3554     {inst135: state_FDRE_Q_3 (FDRE,site=cffo)}                  
   i_en_LUT5_I0_I3[1]                      Net          55           (fanout=14)        805                     -                                                                 
   RBB_10/A1                               RBB_6L       10  [TILE 0 0, RBB 7 14]          -     r            4359                                                                 
   RBB_10/BMUX                             RBB_6L       10  [TILE 0 0, RBB 7 14]       1257     r            5616     {inst34: i_en_LUT5_I0_O_LUT4_O_I0_CARRY4_CO (CARRY4)}       
   i_en_LUT5_I0_O_LUT4_O_I0[0]             Net         112            (fanout=2)       1172                     -                                                                 
   RBB_32/B1                               RBB_6L       32  [TILE 0 0, RBB 4 10]          -     r            6788                                                                 
   RBB_32/B                                RBB_6L       32  [TILE 0 0, RBB 4 10]        569     r            7357     {inst37: i_en_LUT5_I0_O_LUT4_O_I0_LUT2_I0 (LUT,site=blut)}  
   i_en_LUT5_I0_O_LUT4_O_I0_LUT2_I0_O[4]   Net          72            (fanout=3)        589                     -                                                                 
   RBB_32/C3                               RBB_6L       32  [TILE 0 0, RBB 4 10]          -     r            7946                                                                 
   RBB_32/C                                RBB_6L       32  [TILE 0 0, RBB 4 10]        618     r            8564     {inst74: read_request_LUT4_I0_1_I3_LUT4_I2 (LUT,site=clut)} 
   read_request_LUT4_I0_1_I3_LUT4_I2_O[4]  Net          58            (fanout=1)        573                     -                                                                 
   RBB_32/D5                               RBB_6L       32  [TILE 0 0, RBB 4 10]          -     r            9137                                                                 
   RBB_32/D                                RBB_6L       32  [TILE 0 0, RBB 4 10]        616     r            9753     {inst29: bit_count_FDSE_Q_CE_LUT5_O (LUT,site=dlut)}        
   bit_count_FDSE_Q_CE                     Net         135            (fanout=2)       1249                     -                                                                 
   RBB_16/A6                               RBB_6L       16  [TILE 0 0, RBB 7 16]          -     r           11002     {<CE>inst26: bit_count_FDSE_Q (FDRE,site=dff)}              
   ---------------------------------------------------------------------------------------------------------------------------------------------------------------------------------
   RBB_16/CLK                              RBB_6L       16  [TILE 0 0, RBB 7 16]        734     r           11736                                                                 
   i_clk                                   Clock net     2          (fanout=516)      -2335                     -                                                                 
   i_clk                                   CLOCK-PORT    -                     -    capture     r            9401                                                                 
   ---------------------------------------------------------------------------------------------------------------------------------------------------------------------------------


Path 25:
   Slack (not met):                         -7500ps
     Path type:                               SETUP
     Group:                            <UDEF_i_clk>
     Launching clock:                         i_clk (rising edge)
     Capturing clock:                         i_clk (rising edge)

     Requested period:                       2000ps
   + Delay of the capturing clock:           2311ps
   - Clock uncertainty:                       150ps
   = Required time:                          4161ps
   - Propagation time:                       9486ps (54.6% logic, 45.4% route, logic stage 4)
   - Delay of the launching clock:           2175ps
   = Slack:                                 -7500ps

   Instance/Pin or Net Name                   Type         ID    Location or Fanout   Delay(ps)  Edge  Arrival Time(ps)    Instance detail                                                                               
   ------------------------------------------------------------------------------------------------------------------------------------------------------------------------------------------------------------------------
   i_clk                                      CLOCK-PORT    -                     -     launch     r               0                                                                                                     
   i_clk                                      Clock net     2          (fanout=516)       2175                     -                                                                                                     
   RBB_20/CLK                                 RBB_6L       20  [TILE 0 0, RBB 4 14]          -     r            2175                                                                                                     
   ------------------------------------------------------------------------------------------------------------------------------------------------------------------------------------------------------------------------
   RBB_20/CMUX                                RBB_6L       20  [TILE 0 0, RBB 4 14]       1379     r            3554     {inst135: state_FDRE_Q_3 (FDRE,site=cffo)}                                                      
   i_en_LUT5_I0_I3[1]                         Net          55           (fanout=14)        805                     -                                                                                                     
   RBB_10/A1                                  RBB_6L       10  [TILE 0 0, RBB 7 14]          -     r            4359                                                                                                     
   RBB_10/CQ                                  RBB_6L       10  [TILE 0 0, RBB 7 14]       1291     r            5650     {inst34: i_en_LUT5_I0_O_LUT4_O_I0_CARRY4_CO (CARRY4)}                                           
   i_en_LUT5_I0_O_LUT4_O_I0_CARRY4_CO_O_1[2]  Net         148           (fanout=12)       1949                     -                                                                                                     
   RBB_31/D3                                  RBB_6L       31  [TILE 0 0, RBB 4 26]          -     r            7599                                                                                                     
   RBB_31/D                                   RBB_6L       31  [TILE 0 0, RBB 4 26]        608     r            8207     {inst181: tx_shift_FDRE_Q_D_MUXF8_O_I0_MUXF7_O_I0_LUT3_O (LUT,site=dlut)}                       
   tx_shift_FDRE_Q_D_MUXF8_O_I0_MUXF7_O_I0    Net         171            (fanout=1)        813                     -                                                                                                     
   RBB_31/A1                                  RBB_6L       31  [TILE 0 0, RBB 4 26]          -     r            9020                                                                                                     
   RBB_31/A                                   RBB_6L       31  [TILE 0 0, RBB 4 26]        653     r            9673     {inst180: tx_shift_FDRE_Q_D_MUXF8_O_I0_MUXF7_O (LUT,site=alut)}                                 
   tx_shift_FDRE_Q_D_MUXF8_O_I0               Net         117            (fanout=1)        739                     -                                                                                                     
   RBB_23/A1                                  RBB_6L       23  [TILE 0 0, RBB 4 24]          -     r           10412     {inst179: tx_shift_FDRE_Q_D_MUXF8_O (LUT,site=alut)} {inst143: tx_shift_FDRE_Q (FDRE,site=aff)} 
   ------------------------------------------------------------------------------------------------------------------------------------------------------------------------------------------------------------------------
   RBB_23/CLK                                 RBB_6L       23  [TILE 0 0, RBB 4 24]       1249     r           11661                                                                                                     
   i_clk                                      Clock net     2          (fanout=516)      -2311                     -                                                                                                     
   i_clk                                      CLOCK-PORT    -                     -    capture     r            9350                                                                                                     
   ------------------------------------------------------------------------------------------------------------------------------------------------------------------------------------------------------------------------


Path 50:
   Slack (not met):                         -7466ps
     Path type:                               SETUP
     Group:                            <UDEF_i_clk>
     Launching clock:                         i_clk (rising edge)
     Capturing clock:                         i_clk (rising edge)

     Requested period:                       2000ps
   + Delay of the capturing clock:           2311ps
   - Clock uncertainty:                       150ps
   = Required time:                          4161ps
   - Propagation time:                       9452ps (47.8% logic, 52.2% route, logic stage 3)
   - Delay of the launching clock:           2175ps
   = Slack:                                 -7466ps

   Instance/Pin or Net Name                   Type         ID     Location or Fanout   Delay(ps)  Edge  Arrival Time(ps)    Instance detail                                                                                   
   -----------------------------------------------------------------------------------------------------------------------------------------------------------------------------------------------------------------------------
   i_clk                                      CLOCK-PORT    -                      -     launch     r               0                                                                                                         
   i_clk                                      Clock net     2           (fanout=516)       2175                     -                                                                                                         
   RBB_20/CLK                                 RBB_6L       20   [TILE 0 0, RBB 4 14]          -     r            2175                                                                                                         
   -----------------------------------------------------------------------------------------------------------------------------------------------------------------------------------------------------------------------------
   RBB_20/CMUX                                RBB_6L       20   [TILE 0 0, RBB 4 14]       1379     r            3554     {inst135: state_FDRE_Q_3 (FDRE,site=cffo)}                                                          
   i_en_LUT5_I0_I3[1]                         Net          55            (fanout=14)        805                     -                                                                                                         
   RBB_10/A1                                  RBB_6L       10   [TILE 0 0, RBB 7 14]          -     r            4359                                                                                                         
   RBB_10/BQ                                  RBB_6L       10   [TILE 0 0, RBB 7 14]       1295     r            5654     {inst34: i_en_LUT5_I0_O_LUT4_O_I0_CARRY4_CO (CARRY4)}                                               
   i_en_LUT5_I0_O_LUT4_O_I0_CARRY4_CO_O_2[2]  Net         152            (fanout=17)       1361                     -                                                                                                         
   RBB_24/A4                                  RBB_6L       24  [TILE 0 0, RBB 10 18]          -     r            7015                                                                                                         
   RBB_24/AMUX                                RBB_6L       24  [TILE 0 0, RBB 10 18]        736     r            7751     {inst173: tx_shift_FDRE_Q_6_D_MUXF8_O_I1_MUXF7_O (LUT,site=aluto)}                                  
   tx_shift_FDRE_Q_6_D_MUXF8_O_I1             Net         131             (fanout=1)       2765                     -                                                                                                         
   RBB_23/B2                                  RBB_6L       23   [TILE 0 0, RBB 4 24]          -     r           10516     {inst170: tx_shift_FDRE_Q_6_D_MUXF8_O (LUT,site=blut)} {inst169: tx_shift_FDRE_Q_6 (FDRE,site=bff)} 
   -----------------------------------------------------------------------------------------------------------------------------------------------------------------------------------------------------------------------------
   RBB_23/CLK                                 RBB_6L       23   [TILE 0 0, RBB 4 24]       1111     r           11627                                                                                                         
   i_clk                                      Clock net     2           (fanout=516)      -2311                     -                                                                                                         
   i_clk                                      CLOCK-PORT    -                      -    capture     r            9316                                                                                                         
   -----------------------------------------------------------------------------------------------------------------------------------------------------------------------------------------------------------------------------


Path 26:
   Slack (not met):                         -7450ps
     Path type:                               SETUP
     Group:                            <UDEF_i_clk>
     Launching clock:                         i_clk (rising edge)
     Capturing clock:                         i_clk (rising edge)

     Requested period:                       2000ps
   + Delay of the capturing clock:           2311ps
   - Clock uncertainty:                       150ps
   = Required time:                          4161ps
   - Propagation time:                       9436ps (58.8% logic, 41.2% route, logic stage 4)
   - Delay of the launching clock:           2175ps
   = Slack:                                 -7450ps

   Instance/Pin or Net Name                   Type         ID    Location or Fanout   Delay(ps)  Edge  Arrival Time(ps)    Instance detail                                                                                     
   ------------------------------------------------------------------------------------------------------------------------------------------------------------------------------------------------------------------------------
   i_clk                                      CLOCK-PORT    -                     -     launch     r               0                                                                                                           
   i_clk                                      Clock net     2          (fanout=516)       2175                     -                                                                                                           
   RBB_20/CLK                                 RBB_6L       20  [TILE 0 0, RBB 4 14]          -     r            2175                                                                                                           
   ------------------------------------------------------------------------------------------------------------------------------------------------------------------------------------------------------------------------------
   RBB_20/CMUX                                RBB_6L       20  [TILE 0 0, RBB 4 14]       1379     r            3554     {inst135: state_FDRE_Q_3 (FDRE,site=cffo)}                                                            
   i_en_LUT5_I0_I3[1]                         Net          55           (fanout=14)        805                     -                                                                                                           
   RBB_10/A1                                  RBB_6L       10  [TILE 0 0, RBB 7 14]          -     r            4359                                                                                                           
   RBB_10/CQ                                  RBB_6L       10  [TILE 0 0, RBB 7 14]       1291     r            5650     {inst34: i_en_LUT5_I0_O_LUT4_O_I0_CARRY4_CO (CARRY4)}                                                 
   i_en_LUT5_I0_O_LUT4_O_I0_CARRY4_CO_O_1[2]  Net         148           (fanout=12)       1564                     -                                                                                                           
   RBB_26/D3                                  RBB_6L       26  [TILE 0 0, RBB 7 26]          -     r            7214                                                                                                           
   RBB_26/D                                   RBB_6L       26  [TILE 0 0, RBB 7 26]        599     r            7813     {inst157: tx_shift_FDRE_Q_3_D_MUXF8_O_I0_MUXF7_O_I0_LUT3_O (LUT,site=dlut)}                           
   tx_shift_FDRE_Q_3_D_MUXF8_O_I0_MUXF7_O_I0  Net         166            (fanout=1)        766                     -                                                                                                           
   RBB_26/A1                                  RBB_6L       26  [TILE 0 0, RBB 7 26]          -     r            8579                                                                                                           
   RBB_26/A                                   RBB_6L       26  [TILE 0 0, RBB 7 26]        763     r            9342     {inst156: tx_shift_FDRE_Q_3_D_MUXF8_O_I0_MUXF7_O (LUT,site=alut)}                                     
   tx_shift_FDRE_Q_3_D_MUXF8_O_I0             Net         124            (fanout=1)        749                     -                                                                                                           
   RBB_23/D3                                  RBB_6L       23  [TILE 0 0, RBB 4 24]          -     r           10091     {inst155: tx_shift_FDRE_Q_3_D_MUXF8_O (LUT,site=dluto)} {inst154: tx_shift_FDRE_Q_3 (FDRE,site=dffo)} 
   ------------------------------------------------------------------------------------------------------------------------------------------------------------------------------------------------------------------------------
   RBB_23/CLK                                 RBB_6L       23  [TILE 0 0, RBB 4 24]       1520     r           11611                                                                                                           
   i_clk                                      Clock net     2          (fanout=516)      -2311                     -                                                                                                           
   i_clk                                      CLOCK-PORT    -                     -    capture     r            9300                                                                                                           
   ------------------------------------------------------------------------------------------------------------------------------------------------------------------------------------------------------------------------------


Path 441:
   Slack (not met):                         -7365ps
     Path type:                               SETUP
     Group:                            <UDEF_i_clk>
     Launching clock:                         i_clk (rising edge)
     Capturing clock:                         i_clk (rising edge)

     Requested period:                       2000ps
   + Delay of the capturing clock:           2175ps
   - Clock uncertainty:                       150ps
   = Required time:                          4025ps
   - Propagation time:                       9231ps (50.8% logic, 49.2% route, logic stage 4)
   - Delay of the launching clock:           2159ps
   = Slack:                                 -7365ps

   Instance/Pin or Net Name   Type         ID    Location or Fanout   Delay(ps)  Edge  Arrival Time(ps)    Instance detail                                       
   ----------------------------------------------------------------------------------------------------------------------------------------------------------------
   i_clk                      CLOCK-PORT    -                     -     launch     r               0                                                             
   i_clk                      Clock net     2          (fanout=516)       2159                     -                                                             
   RBB_15/CLK                 RBB_6L       15  [TILE 0 0, RBB 1 16]          -     r            2159                                                             
   ----------------------------------------------------------------------------------------------------------------------------------------------------------------
   RBB_15/DMUX                RBB_6L       15  [TILE 0 0, RBB 1 16]       1466     r            3625     {inst120: sda_sync_FDSE_Q_1 (FDR,site=dffo)}            
   sda_sync[1]                Net          22            (fanout=5)        582                     -                                                             
   RBB_15/A3                  RBB_6L       15  [TILE 0 0, RBB 1 16]          -     r            4207                                                             
   RBB_15/A                   RBB_6L       15  [TILE 0 0, RBB 1 16]        759     r            4966     {inst118: scl_sync_LUT3_I1_1 (LUT,site=alut)}           
   i_en_LUT5_I0_I4[2]         Net          95           (fanout=12)       2347                     -                                                             
   RBB_33/C2                  RBB_6L       33   [TILE 0 0, RBB 4 8]          -     r            7313                                                             
   RBB_33/C                   RBB_6L       33   [TILE 0 0, RBB 4 8]       1195     r            8508     {inst30: i_en_LUT5_I0 (LUT,site=clut)}                  
   i_en_LUT5_I0_O[2]          Net          85            (fanout=1)        653                     -                                                             
   RBB_33/D3                  RBB_6L       33   [TILE 0 0, RBB 4 8]          -     r            9161                                                             
   RBB_33/D                   RBB_6L       33   [TILE 0 0, RBB 4 8]        945     r           10106     {inst142: state_FDRE_Q_CE_LUT6_O (LUT,site=dlut,dluto)} 
   state_FDRE_Q_CE            Net         105            (fanout=1)        961                     -                                                             
   RBB_20/A6                  RBB_6L       20  [TILE 0 0, RBB 4 14]          -     r           11067     {<CE>inst123: state_FDRE_Q_1 (FDRE,site=dffo)}          
   ----------------------------------------------------------------------------------------------------------------------------------------------------------------
   RBB_20/CLK                 RBB_6L       20  [TILE 0 0, RBB 4 14]        323     r           11390                                                             
   i_clk                      Clock net     2          (fanout=516)      -2175                     -                                                             
   i_clk                      CLOCK-PORT    -                     -    capture     r            9215                                                             
   ----------------------------------------------------------------------------------------------------------------------------------------------------------------


Path 164:
   Slack (not met):                         -7360ps
     Path type:                               SETUP
     Group:                            <UDEF_i_clk>
     Launching clock:                         i_clk (rising edge)
     Capturing clock:                         i_clk (rising edge)

     Requested period:                       2000ps
   + Delay of the capturing clock:           2315ps
   - Clock uncertainty:                       150ps
   = Required time:                          4165ps
   - Propagation time:                       9190ps (48.2% logic, 51.8% route, logic stage 4)
   - Delay of the launching clock:           2335ps
   = Slack:                                 -7360ps

   Instance/Pin or Net Name             Type         ID     Location or Fanout   Delay(ps)  Edge  Arrival Time(ps)    Instance detail                                                  
   --------------------------------------------------------------------------------------------------------------------------------------------------------------------------------------
   i_clk                                CLOCK-PORT    -                      -     launch     r               0                                                                        
   i_clk                                Clock net     2           (fanout=516)       2335                     -                                                                        
   RBB_16/CLK                           RBB_6L       16   [TILE 0 0, RBB 7 16]          -     r            2335                                                                        
   --------------------------------------------------------------------------------------------------------------------------------------------------------------------------------------
   RBB_16/DQ                            RBB_6L       16   [TILE 0 0, RBB 7 16]        800     r            3135     {inst26: bit_count_FDSE_Q (FDRE,site=dff)}                         
   i_en_LUT5_I0_I4[0]                   Net          93             (fanout=3)       1473                     -                                                                        
   RBB_11/C1                            RBB_6L       11  [TILE 0 0, RBB 10 12]          -     r            4608                                                                        
   RBB_11/DMUX                          RBB_6L       11  [TILE 0 0, RBB 10 12]       1256     r            5864     {inst42: i_en_LUT5_I0_O_LUT5_O_I1_CARRY4_O (CARRY4)}               
   i_en_LUT5_I0_O_LUT5_O_I1             Net          89             (fanout=6)       1383                     -                                                                        
   RBB_32/B5                            RBB_6L       32   [TILE 0 0, RBB 4 10]          -     r            7247                                                                        
   RBB_32/BMUX                          RBB_6L       32   [TILE 0 0, RBB 4 10]        825     r            8072     {inst68: read_request_FDRE_Q_CE_LUT4_O_I3_LUT3_O (LUT,site=bluto)} 
   read_request_FDRE_Q_CE_LUT4_O_I3[4]  Net          74             (fanout=2)        913                     -                                                                        
   RBB_19/A5                            RBB_6L       19   [TILE 0 0, RBB 7 12]          -     r            8985                                                                        
   RBB_19/AMUX                          RBB_6L       19   [TILE 0 0, RBB 7 12]        816     r            9801     {inst23: address_valid_FDRE_Q_CE_LUT5_O (LUT,site=aluto)}          
   address_valid_FDRE_Q_CE              Net         104             (fanout=1)        990                     -                                                                        
   RBB_19/A6                            RBB_6L       19   [TILE 0 0, RBB 7 12]          -     r           10791     {<CE>inst22: address_valid_FDRE_Q (FDRE,site=cff)}                 
   --------------------------------------------------------------------------------------------------------------------------------------------------------------------------------------
   RBB_19/CLK                           RBB_6L       19   [TILE 0 0, RBB 7 12]        734     r           11525                                                                        
   i_clk                                Clock net     2           (fanout=516)      -2315                     -                                                                        
   i_clk                                CLOCK-PORT    -                      -    capture     r            9210                                                                        
   --------------------------------------------------------------------------------------------------------------------------------------------------------------------------------------


Path 167:
   Slack (not met):                         -7174ps
     Path type:                               SETUP
     Group:                            <UDEF_i_clk>
     Launching clock:                         i_clk (rising edge)
     Capturing clock:                         i_clk (rising edge)

     Requested period:                       2000ps
   + Delay of the capturing clock:           2305ps
   - Clock uncertainty:                       150ps
   = Required time:                          4155ps
   - Propagation time:                       8994ps (54.8% logic, 45.2% route, logic stage 4)
   - Delay of the launching clock:           2335ps
   = Slack:                                 -7174ps

   Instance/Pin or Net Name             Type         ID     Location or Fanout   Delay(ps)  Edge  Arrival Time(ps)    Instance detail                                                  
   --------------------------------------------------------------------------------------------------------------------------------------------------------------------------------------
   i_clk                                CLOCK-PORT    -                      -     launch     r               0                                                                        
   i_clk                                Clock net     2           (fanout=516)       2335                     -                                                                        
   RBB_16/CLK                           RBB_6L       16   [TILE 0 0, RBB 7 16]          -     r            2335                                                                        
   --------------------------------------------------------------------------------------------------------------------------------------------------------------------------------------
   RBB_16/DQ                            RBB_6L       16   [TILE 0 0, RBB 7 16]        800     r            3135     {inst26: bit_count_FDSE_Q (FDRE,site=dff)}                         
   i_en_LUT5_I0_I4[0]                   Net          93             (fanout=3)       1473                     -                                                                        
   RBB_11/C1                            RBB_6L       11  [TILE 0 0, RBB 10 12]          -     r            4608                                                                        
   RBB_11/DMUX                          RBB_6L       11  [TILE 0 0, RBB 10 12]       1256     r            5864     {inst42: i_en_LUT5_I0_O_LUT5_O_I1_CARRY4_O (CARRY4)}               
   i_en_LUT5_I0_O_LUT5_O_I1             Net          89             (fanout=6)       1383                     -                                                                        
   RBB_32/B5                            RBB_6L       32   [TILE 0 0, RBB 4 10]          -     r            7247                                                                        
   RBB_32/BMUX                          RBB_6L       32   [TILE 0 0, RBB 4 10]        825     r            8072     {inst68: read_request_FDRE_Q_CE_LUT4_O_I3_LUT3_O (LUT,site=bluto)} 
   read_request_FDRE_Q_CE_LUT4_O_I3[4]  Net          74             (fanout=2)        569                     -                                                                        
   RBB_33/B1                            RBB_6L       33    [TILE 0 0, RBB 4 8]          -     r            8641                                                                        
   RBB_33/B                             RBB_6L       33    [TILE 0 0, RBB 4 8]       1021     r            9662     {inst67: read_request_FDRE_Q_CE_LUT4_O (LUT,site=blut)}            
   read_request_FDRE_Q_CE               Net          90             (fanout=1)        643                     -                                                                        
   RBB_33/A6                            RBB_6L       33    [TILE 0 0, RBB 4 8]          -     r           10305     {<CE>inst66: read_request_FDRE_Q (FDRE,site=cff)}                  
   --------------------------------------------------------------------------------------------------------------------------------------------------------------------------------------
   RBB_33/CLK                           RBB_6L       33    [TILE 0 0, RBB 4 8]       1024     r           11329                                                                        
   i_clk                                Clock net     2           (fanout=516)      -2305                     -                                                                        
   i_clk                                CLOCK-PORT    -                      -    capture     r            9024                                                                        
   --------------------------------------------------------------------------------------------------------------------------------------------------------------------------------------


Path 338:
   Slack (not met):                         -7127ps
     Path type:                               SETUP
     Group:                            <UDEF_i_clk>
     Launching clock:                         i_clk (rising edge)
     Capturing clock:                         i_clk (rising edge)

     Requested period:                       2000ps
   + Delay of the capturing clock:           2310ps
   - Clock uncertainty:                       150ps
   = Required time:                          4160ps
   - Propagation time:                       9128ps (42.9% logic, 57.1% route, logic stage 4)
   - Delay of the launching clock:           2159ps
   = Slack:                                 -7127ps

   Instance/Pin or Net Name    Type         ID    Location or Fanout   Delay(ps)  Edge  Arrival Time(ps)    Instance detail                                     
   ---------------------------------------------------------------------------------------------------------------------------------------------------------------
   i_clk                       CLOCK-PORT    -                     -     launch     r               0                                                           
   i_clk                       Clock net     2          (fanout=516)       2159                     -                                                           
   RBB_15/CLK                  RBB_6L       15  [TILE 0 0, RBB 1 16]          -     r            2159                                                           
   ---------------------------------------------------------------------------------------------------------------------------------------------------------------
   RBB_15/AQ                   RBB_6L       15  [TILE 0 0, RBB 1 16]        800     r            2959     {inst112: scl_sync_FDSE_Q (FDR,site=aff)}             
   scl_sync[2]                 Net          20            (fanout=5)       1533                     -                                                           
   RBB_35/D1                   RBB_6L       35  [TILE 0 0, RBB 1 12]          -     r            4492                                                           
   RBB_35/D                    RBB_6L       35  [TILE 0 0, RBB 1 12]        694     r            5186     {inst115: scl_sync_LUT2_I0 (LUT,site=dlut)}           
   read_request_LUT4_I0_I1[3]  Net          97            (fanout=6)        920                     -                                                           
   RBB_20/B5                   RBB_6L       20  [TILE 0 0, RBB 4 14]          -     r            6106                                                           
   RBB_20/B                    RBB_6L       20  [TILE 0 0, RBB 4 14]        745     r            6851     {inst105: rx_shift_FDRE_Q_CE_LUT5_O (LUT,site=blut)}  
   rx_shift_FDRE_Q_CE[1]       Net         176            (fanout=6)        758                     -                                                           
   RBB_20/A3                   RBB_6L       20  [TILE 0 0, RBB 4 14]          -     r            7609                                                           
   RBB_20/AMUX                 RBB_6L       20  [TILE 0 0, RBB 4 14]        718     r            8327     {inst57: o_data_rx_FDRE_Q_CE_LUT2_O (LUT,site=aluto)} 
   o_data_rx_FDRE_Q_CE         Net          40            (fanout=6)       1997                     -                                                           
   RBB_22/A6                   RBB_6L       22  [TILE 0 0, RBB 4 20]          -     r           10324     {<CE>inst50: o_data_rx_FDRE_Q_1 (FDRE,site=dff)}      
   ---------------------------------------------------------------------------------------------------------------------------------------------------------------
   RBB_22/CLK                  RBB_6L       22  [TILE 0 0, RBB 4 20]        963     r           11287                                                           
   i_clk                       Clock net     2          (fanout=516)      -2310                     -                                                           
   i_clk                       CLOCK-PORT    -                     -    capture     r            8977                                                           
   ---------------------------------------------------------------------------------------------------------------------------------------------------------------


Path 336:
   Slack (not met):                         -7127ps
     Path type:                               SETUP
     Group:                            <UDEF_i_clk>
     Launching clock:                         i_clk (rising edge)
     Capturing clock:                         i_clk (rising edge)

     Requested period:                       2000ps
   + Delay of the capturing clock:           2310ps
   - Clock uncertainty:                       150ps
   = Required time:                          4160ps
   - Propagation time:                       9128ps (42.9% logic, 57.1% route, logic stage 4)
   - Delay of the launching clock:           2159ps
   = Slack:                                 -7127ps

   Instance/Pin or Net Name    Type         ID    Location or Fanout   Delay(ps)  Edge  Arrival Time(ps)    Instance detail                                     
   ---------------------------------------------------------------------------------------------------------------------------------------------------------------
   i_clk                       CLOCK-PORT    -                     -     launch     r               0                                                           
   i_clk                       Clock net     2          (fanout=516)       2159                     -                                                           
   RBB_15/CLK                  RBB_6L       15  [TILE 0 0, RBB 1 16]          -     r            2159                                                           
   ---------------------------------------------------------------------------------------------------------------------------------------------------------------
   RBB_15/AQ                   RBB_6L       15  [TILE 0 0, RBB 1 16]        800     r            2959     {inst112: scl_sync_FDSE_Q (FDR,site=aff)}             
   scl_sync[2]                 Net          20            (fanout=5)       1533                     -                                                           
   RBB_35/D1                   RBB_6L       35  [TILE 0 0, RBB 1 12]          -     r            4492                                                           
   RBB_35/D                    RBB_6L       35  [TILE 0 0, RBB 1 12]        694     r            5186     {inst115: scl_sync_LUT2_I0 (LUT,site=dlut)}           
   read_request_LUT4_I0_I1[3]  Net          97            (fanout=6)        920                     -                                                           
   RBB_20/B5                   RBB_6L       20  [TILE 0 0, RBB 4 14]          -     r            6106                                                           
   RBB_20/B                    RBB_6L       20  [TILE 0 0, RBB 4 14]        745     r            6851     {inst105: rx_shift_FDRE_Q_CE_LUT5_O (LUT,site=blut)}  
   rx_shift_FDRE_Q_CE[1]       Net         176            (fanout=6)        758                     -                                                           
   RBB_20/A3                   RBB_6L       20  [TILE 0 0, RBB 4 14]          -     r            7609                                                           
   RBB_20/AMUX                 RBB_6L       20  [TILE 0 0, RBB 4 14]        718     r            8327     {inst57: o_data_rx_FDRE_Q_CE_LUT2_O (LUT,site=aluto)} 
   o_data_rx_FDRE_Q_CE         Net          40            (fanout=6)       1997                     -                                                           
   RBB_22/A6                   RBB_6L       22  [TILE 0 0, RBB 4 20]          -     r           10324     {<CE>inst51: o_data_rx_FDRE_Q_2 (FDRE,site=cff)}      
   ---------------------------------------------------------------------------------------------------------------------------------------------------------------
   RBB_22/CLK                  RBB_6L       22  [TILE 0 0, RBB 4 20]        963     r           11287                                                           
   i_clk                       Clock net     2          (fanout=516)      -2310                     -                                                           
   i_clk                       CLOCK-PORT    -                     -    capture     r            8977                                                           
   ---------------------------------------------------------------------------------------------------------------------------------------------------------------


Path 339:
   Slack (not met):                         -7127ps
     Path type:                               SETUP
     Group:                            <UDEF_i_clk>
     Launching clock:                         i_clk (rising edge)
     Capturing clock:                         i_clk (rising edge)

     Requested period:                       2000ps
   + Delay of the capturing clock:           2310ps
   - Clock uncertainty:                       150ps
   = Required time:                          4160ps
   - Propagation time:                       9128ps (42.9% logic, 57.1% route, logic stage 4)
   - Delay of the launching clock:           2159ps
   = Slack:                                 -7127ps

   Instance/Pin or Net Name    Type         ID    Location or Fanout   Delay(ps)  Edge  Arrival Time(ps)    Instance detail                                     
   ---------------------------------------------------------------------------------------------------------------------------------------------------------------
   i_clk                       CLOCK-PORT    -                     -     launch     r               0                                                           
   i_clk                       Clock net     2          (fanout=516)       2159                     -                                                           
   RBB_15/CLK                  RBB_6L       15  [TILE 0 0, RBB 1 16]          -     r            2159                                                           
   ---------------------------------------------------------------------------------------------------------------------------------------------------------------
   RBB_15/AQ                   RBB_6L       15  [TILE 0 0, RBB 1 16]        800     r            2959     {inst112: scl_sync_FDSE_Q (FDR,site=aff)}             
   scl_sync[2]                 Net          20            (fanout=5)       1533                     -                                                           
   RBB_35/D1                   RBB_6L       35  [TILE 0 0, RBB 1 12]          -     r            4492                                                           
   RBB_35/D                    RBB_6L       35  [TILE 0 0, RBB 1 12]        694     r            5186     {inst115: scl_sync_LUT2_I0 (LUT,site=dlut)}           
   read_request_LUT4_I0_I1[3]  Net          97            (fanout=6)        920                     -                                                           
   RBB_20/B5                   RBB_6L       20  [TILE 0 0, RBB 4 14]          -     r            6106                                                           
   RBB_20/B                    RBB_6L       20  [TILE 0 0, RBB 4 14]        745     r            6851     {inst105: rx_shift_FDRE_Q_CE_LUT5_O (LUT,site=blut)}  
   rx_shift_FDRE_Q_CE[1]       Net         176            (fanout=6)        758                     -                                                           
   RBB_20/A3                   RBB_6L       20  [TILE 0 0, RBB 4 14]          -     r            7609                                                           
   RBB_20/AMUX                 RBB_6L       20  [TILE 0 0, RBB 4 14]        718     r            8327     {inst57: o_data_rx_FDRE_Q_CE_LUT2_O (LUT,site=aluto)} 
   o_data_rx_FDRE_Q_CE         Net          40            (fanout=6)       1997                     -                                                           
   RBB_22/A6                   RBB_6L       22  [TILE 0 0, RBB 4 20]          -     r           10324     {<CE>inst52: o_data_rx_FDRE_Q_3 (FDRE,site=cffo)}     
   ---------------------------------------------------------------------------------------------------------------------------------------------------------------
   RBB_22/CLK                  RBB_6L       22  [TILE 0 0, RBB 4 20]        963     r           11287                                                           
   i_clk                       Clock net     2          (fanout=516)      -2310                     -                                                           
   i_clk                       CLOCK-PORT    -                     -    capture     r            8977                                                           
   ---------------------------------------------------------------------------------------------------------------------------------------------------------------


Path 337:
   Slack (not met):                         -7127ps
     Path type:                               SETUP
     Group:                            <UDEF_i_clk>
     Launching clock:                         i_clk (rising edge)
     Capturing clock:                         i_clk (rising edge)

     Requested period:                       2000ps
   + Delay of the capturing clock:           2310ps
   - Clock uncertainty:                       150ps
   = Required time:                          4160ps
   - Propagation time:                       9128ps (42.9% logic, 57.1% route, logic stage 4)
   - Delay of the launching clock:           2159ps
   = Slack:                                 -7127ps

   Instance/Pin or Net Name    Type         ID    Location or Fanout   Delay(ps)  Edge  Arrival Time(ps)    Instance detail                                     
   ---------------------------------------------------------------------------------------------------------------------------------------------------------------
   i_clk                       CLOCK-PORT    -                     -     launch     r               0                                                           
   i_clk                       Clock net     2          (fanout=516)       2159                     -                                                           
   RBB_15/CLK                  RBB_6L       15  [TILE 0 0, RBB 1 16]          -     r            2159                                                           
   ---------------------------------------------------------------------------------------------------------------------------------------------------------------
   RBB_15/AQ                   RBB_6L       15  [TILE 0 0, RBB 1 16]        800     r            2959     {inst112: scl_sync_FDSE_Q (FDR,site=aff)}             
   scl_sync[2]                 Net          20            (fanout=5)       1533                     -                                                           
   RBB_35/D1                   RBB_6L       35  [TILE 0 0, RBB 1 12]          -     r            4492                                                           
   RBB_35/D                    RBB_6L       35  [TILE 0 0, RBB 1 12]        694     r            5186     {inst115: scl_sync_LUT2_I0 (LUT,site=dlut)}           
   read_request_LUT4_I0_I1[3]  Net          97            (fanout=6)        920                     -                                                           
   RBB_20/B5                   RBB_6L       20  [TILE 0 0, RBB 4 14]          -     r            6106                                                           
   RBB_20/B                    RBB_6L       20  [TILE 0 0, RBB 4 14]        745     r            6851     {inst105: rx_shift_FDRE_Q_CE_LUT5_O (LUT,site=blut)}  
   rx_shift_FDRE_Q_CE[1]       Net         176            (fanout=6)        758                     -                                                           
   RBB_20/A3                   RBB_6L       20  [TILE 0 0, RBB 4 14]          -     r            7609                                                           
   RBB_20/AMUX                 RBB_6L       20  [TILE 0 0, RBB 4 14]        718     r            8327     {inst57: o_data_rx_FDRE_Q_CE_LUT2_O (LUT,site=aluto)} 
   o_data_rx_FDRE_Q_CE         Net          40            (fanout=6)       1997                     -                                                           
   RBB_22/A6                   RBB_6L       22  [TILE 0 0, RBB 4 20]          -     r           10324     {<CE>inst53: o_data_rx_FDRE_Q_4 (FDRE,site=bff)}      
   ---------------------------------------------------------------------------------------------------------------------------------------------------------------
   RBB_22/CLK                  RBB_6L       22  [TILE 0 0, RBB 4 20]        963     r           11287                                                           
   i_clk                       Clock net     2          (fanout=516)      -2310                     -                                                           
   i_clk                       CLOCK-PORT    -                     -    capture     r            8977                                                           
   ---------------------------------------------------------------------------------------------------------------------------------------------------------------


Path 331:
   Slack (not met):                         -7021ps
     Path type:                               SETUP
     Group:                            <UDEF_i_clk>
     Launching clock:                         i_clk (rising edge)
     Capturing clock:                         i_clk (rising edge)

     Requested period:                       2000ps
   + Delay of the capturing clock:           2175ps
   - Clock uncertainty:                       150ps
   = Required time:                          4025ps
   - Propagation time:                       8887ps (50.4% logic, 49.6% route, logic stage 4)
   - Delay of the launching clock:           2159ps
   = Slack:                                 -7021ps

   Instance/Pin or Net Name                             Type         ID    Location or Fanout   Delay(ps)  Edge  Arrival Time(ps)    Instance detail                                                                              
   ---------------------------------------------------------------------------------------------------------------------------------------------------------------------------------------------------------------------------------
   i_clk                                                CLOCK-PORT    -                     -     launch     r               0                                                                                                    
   i_clk                                                Clock net     2          (fanout=516)       2159                     -                                                                                                    
   RBB_15/CLK                                           RBB_6L       15  [TILE 0 0, RBB 1 16]          -     r            2159                                                                                                    
   ---------------------------------------------------------------------------------------------------------------------------------------------------------------------------------------------------------------------------------
   RBB_15/AQ                                            RBB_6L       15  [TILE 0 0, RBB 1 16]        800     r            2959     {inst112: scl_sync_FDSE_Q (FDR,site=aff)}                                                      
   scl_sync[2]                                          Net          20            (fanout=5)       1533                     -                                                                                                    
   RBB_35/D1                                            RBB_6L       35  [TILE 0 0, RBB 1 12]          -     r            4492                                                                                                    
   RBB_35/D                                             RBB_6L       35  [TILE 0 0, RBB 1 12]        694     r            5186     {inst115: scl_sync_LUT2_I0 (LUT,site=dlut)}                                                    
   read_request_LUT4_I0_I1[3]                           Net          97            (fanout=6)        714                     -                                                                                                    
   RBB_13/D5                                            RBB_6L       13  [TILE 0 0, RBB 1 14]          -     r            5900                                                                                                    
   RBB_13/DMUX                                          RBB_6L       13  [TILE 0 0, RBB 1 14]        880     r            6780     {inst132: state_FDRE_Q_2_D_MUXF8_O_I0_MUXF7_O_I0_LUT3_O_I2_MUXF7_O (LUT,site=dluto)}           
   state_FDRE_Q_2_D_MUXF8_O_I0_MUXF7_O_I0_LUT3_O_I2[2]  Net          81            (fanout=2)       1261                     -                                                                                                    
   RBB_12/A1                                            RBB_6L       12  [TILE 0 0, RBB 4 16]          -     r            8041                                                                                                    
   RBB_12/BMUX                                          RBB_6L       12  [TILE 0 0, RBB 4 16]       1125     r            9166     {inst124: state_FDRE_Q_1_D_MUXF8_O (MUXF,site=muxf8)}                                          
   state_FDRE_Q_1_D                                     Net          47            (fanout=1)        902                     -                                                                                                    
   RBB_20/D1                                            RBB_6L       20  [TILE 0 0, RBB 4 14]          -     r           10068     {inst216: state_FDRE_Q_1_buf216_i (LUT,site=dluto)} {inst123: state_FDRE_Q_1 (FDRE,site=dffo)} 
   ---------------------------------------------------------------------------------------------------------------------------------------------------------------------------------------------------------------------------------
   RBB_20/CLK                                           RBB_6L       20  [TILE 0 0, RBB 4 14]        978     r           11046                                                                                                    
   i_clk                                                Clock net     2          (fanout=516)      -2175                     -                                                                                                    
   i_clk                                                CLOCK-PORT    -                     -    capture     r            8871                                                                                                    
   ---------------------------------------------------------------------------------------------------------------------------------------------------------------------------------------------------------------------------------


Path 333:
   Slack (not met):                         -6805ps
     Path type:                               SETUP
     Group:                            <UDEF_i_clk>
     Launching clock:                         i_clk (rising edge)
     Capturing clock:                         i_clk (rising edge)

     Requested period:                       2000ps
   + Delay of the capturing clock:           2163ps
   - Clock uncertainty:                       150ps
   = Required time:                          4013ps
   - Propagation time:                       8659ps (44.3% logic, 55.7% route, logic stage 4)
   - Delay of the launching clock:           2159ps
   = Slack:                                 -6805ps

   Instance/Pin or Net Name    Type         ID    Location or Fanout   Delay(ps)  Edge  Arrival Time(ps)    Instance detail                                                                       
   -------------------------------------------------------------------------------------------------------------------------------------------------------------------------------------------------
   i_clk                       CLOCK-PORT    -                     -     launch     r               0                                                                                             
   i_clk                       Clock net     2          (fanout=516)       2159                     -                                                                                             
   RBB_15/CLK                  RBB_6L       15  [TILE 0 0, RBB 1 16]          -     r            2159                                                                                             
   -------------------------------------------------------------------------------------------------------------------------------------------------------------------------------------------------
   RBB_15/AQ                   RBB_6L       15  [TILE 0 0, RBB 1 16]        800     r            2959     {inst112: scl_sync_FDSE_Q (FDR,site=aff)}                                               
   scl_sync[2]                 Net          20            (fanout=5)       1533                     -                                                                                             
   RBB_35/D1                   RBB_6L       35  [TILE 0 0, RBB 1 12]          -     r            4492                                                                                             
   RBB_35/D                    RBB_6L       35  [TILE 0 0, RBB 1 12]        694     r            5186     {inst115: scl_sync_LUT2_I0 (LUT,site=dlut)}                                             
   read_request_LUT4_I0_I1[3]  Net          97            (fanout=6)        920                     -                                                                                             
   RBB_20/B5                   RBB_6L       20  [TILE 0 0, RBB 4 14]          -     r            6106                                                                                             
   RBB_20/B                    RBB_6L       20  [TILE 0 0, RBB 4 14]        745     r            6851     {inst105: rx_shift_FDRE_Q_CE_LUT5_O (LUT,site=blut)}                                    
   rx_shift_FDRE_Q_CE[1]       Net         176            (fanout=6)        758                     -                                                                                             
   RBB_20/A3                   RBB_6L       20  [TILE 0 0, RBB 4 14]          -     r            7609                                                                                             
   RBB_20/AMUX                 RBB_6L       20  [TILE 0 0, RBB 4 14]        718     r            8327     {inst57: o_data_rx_FDRE_Q_CE_LUT2_O (LUT,site=aluto)}                                   
   o_data_rx_FDRE_Q_CE         Net          40            (fanout=6)       1610                     -                                                                                             
   RBB_5/CE                    IOB           5  [TILE 0 0, RBB 0 21]          -     r            9937     {inst204: o_data_rx[0]_OUT (FDRE)} {(output_port) inst191: g_191_o_data_rx_0_obuf (IO)} 
   -------------------------------------------------------------------------------------------------------------------------------------------------------------------------------------------------
   RBB_5/CLK                   IOB           5  [TILE 0 0, RBB 0 21]        881     r           10818                                                                                             
   i_clk                       Clock net     2          (fanout=516)      -2163                     -                                                                                             
   i_clk                       CLOCK-PORT    -                     -    capture     r            8655                                                                                             
   -------------------------------------------------------------------------------------------------------------------------------------------------------------------------------------------------


Path 334:
   Slack (not met):                         -6786ps
     Path type:                               SETUP
     Group:                            <UDEF_i_clk>
     Launching clock:                         i_clk (rising edge)
     Capturing clock:                         i_clk (rising edge)

     Requested period:                       2000ps
   + Delay of the capturing clock:           2163ps
   - Clock uncertainty:                       150ps
   = Required time:                          4013ps
   - Propagation time:                       8640ps (44.5% logic, 55.5% route, logic stage 4)
   - Delay of the launching clock:           2159ps
   = Slack:                                 -6786ps

   Instance/Pin or Net Name    Type         ID    Location or Fanout   Delay(ps)  Edge  Arrival Time(ps)    Instance detail                                                                       
   -------------------------------------------------------------------------------------------------------------------------------------------------------------------------------------------------
   i_clk                       CLOCK-PORT    -                     -     launch     r               0                                                                                             
   i_clk                       Clock net     2          (fanout=516)       2159                     -                                                                                             
   RBB_15/CLK                  RBB_6L       15  [TILE 0 0, RBB 1 16]          -     r            2159                                                                                             
   -------------------------------------------------------------------------------------------------------------------------------------------------------------------------------------------------
   RBB_15/AQ                   RBB_6L       15  [TILE 0 0, RBB 1 16]        800     r            2959     {inst112: scl_sync_FDSE_Q (FDR,site=aff)}                                               
   scl_sync[2]                 Net          20            (fanout=5)       1533                     -                                                                                             
   RBB_35/D1                   RBB_6L       35  [TILE 0 0, RBB 1 12]          -     r            4492                                                                                             
   RBB_35/D                    RBB_6L       35  [TILE 0 0, RBB 1 12]        694     r            5186     {inst115: scl_sync_LUT2_I0 (LUT,site=dlut)}                                             
   read_request_LUT4_I0_I1[3]  Net          97            (fanout=6)        920                     -                                                                                             
   RBB_20/B5                   RBB_6L       20  [TILE 0 0, RBB 4 14]          -     r            6106                                                                                             
   RBB_20/B                    RBB_6L       20  [TILE 0 0, RBB 4 14]        745     r            6851     {inst105: rx_shift_FDRE_Q_CE_LUT5_O (LUT,site=blut)}                                    
   rx_shift_FDRE_Q_CE[1]       Net         176            (fanout=6)        758                     -                                                                                             
   RBB_20/A3                   RBB_6L       20  [TILE 0 0, RBB 4 14]          -     r            7609                                                                                             
   RBB_20/AMUX                 RBB_6L       20  [TILE 0 0, RBB 4 14]        718     r            8327     {inst57: o_data_rx_FDRE_Q_CE_LUT2_O (LUT,site=aluto)}                                   
   o_data_rx_FDRE_Q_CE         Net          40            (fanout=6)       1587                     -                                                                                             
   RBB_8/CE                    IOB           8  [TILE 0 0, RBB 0 20]          -     r            9914     {inst210: o_data_rx[6]_OUT (FDRE)} {(output_port) inst197: g_197_o_data_rx_6_obuf (IO)} 
   -------------------------------------------------------------------------------------------------------------------------------------------------------------------------------------------------
   RBB_8/CLK                   IOB           8  [TILE 0 0, RBB 0 20]        885     r           10799                                                                                             
   i_clk                       Clock net     2          (fanout=516)      -2163                     -                                                                                             
   i_clk                       CLOCK-PORT    -                     -    capture     r            8636                                                                                             
   -------------------------------------------------------------------------------------------------------------------------------------------------------------------------------------------------


Path 332:
   Slack (not met):                         -6730ps
     Path type:                               SETUP
     Group:                            <UDEF_i_clk>
     Launching clock:                         i_clk (rising edge)
     Capturing clock:                         i_clk (rising edge)

     Requested period:                       2000ps
   + Delay of the capturing clock:           2159ps
   - Clock uncertainty:                       150ps
   = Required time:                          4009ps
   - Propagation time:                       8580ps (42.6% logic, 57.4% route, logic stage 4)
   - Delay of the launching clock:           2159ps
   = Slack:                                 -6730ps

   Instance/Pin or Net Name    Type         ID    Location or Fanout   Delay(ps)  Edge  Arrival Time(ps)    Instance detail                                                                
   ------------------------------------------------------------------------------------------------------------------------------------------------------------------------------------------
   i_clk                       CLOCK-PORT    -                     -     launch     r               0                                                                                      
   i_clk                       Clock net     2          (fanout=516)       2159                     -                                                                                      
   RBB_15/CLK                  RBB_6L       15  [TILE 0 0, RBB 1 16]          -     r            2159                                                                                      
   ------------------------------------------------------------------------------------------------------------------------------------------------------------------------------------------
   RBB_15/AQ                   RBB_6L       15  [TILE 0 0, RBB 1 16]        800     r            2959     {inst112: scl_sync_FDSE_Q (FDR,site=aff)}                                        
   scl_sync[2]                 Net          20            (fanout=5)       1533                     -                                                                                      
   RBB_35/D1                   RBB_6L       35  [TILE 0 0, RBB 1 12]          -     r            4492                                                                                      
   RBB_35/D                    RBB_6L       35  [TILE 0 0, RBB 1 12]        694     r            5186     {inst115: scl_sync_LUT2_I0 (LUT,site=dlut)}                                      
   read_request_LUT4_I0_I1[3]  Net          97            (fanout=6)        920                     -                                                                                      
   RBB_20/B5                   RBB_6L       20  [TILE 0 0, RBB 4 14]          -     r            6106                                                                                      
   RBB_20/B                    RBB_6L       20  [TILE 0 0, RBB 4 14]        745     r            6851     {inst105: rx_shift_FDRE_Q_CE_LUT5_O (LUT,site=blut)}                             
   rx_shift_FDRE_Q_CE[1]       Net         176            (fanout=6)       1343                     -                                                                                      
   RBB_18/A2                   RBB_6L       18  [TILE 0 0, RBB 7 18]          -     r            8194                                                                                      
   RBB_18/AMUX                 RBB_6L       18  [TILE 0 0, RBB 7 18]        682     r            8876     {inst59: o_int_rx_FDRE_Q_D_LUT3_O (LUT,site=aluto)}                              
   o_int_rx_FDRE_Q_D           Net         113            (fanout=1)       1133                     -                                                                                      
   RBB_9/O[0]                  IOB           9  [TILE 0 0, RBB 0 17]          -     r           10009     {inst58: o_int_rx_FDRE_Q (FD)} {(output_port) inst199: g_199_o_int_rx_obuf (IO)} 
   ------------------------------------------------------------------------------------------------------------------------------------------------------------------------------------------
   RBB_9/CLK                   IOB           9  [TILE 0 0, RBB 0 17]        730     r           10739                                                                                      
   i_clk                       Clock net     2          (fanout=516)      -2159                     -                                                                                      
   i_clk                       CLOCK-PORT    -                     -    capture     r            8580                                                                                      
   ------------------------------------------------------------------------------------------------------------------------------------------------------------------------------------------


Path 335:
   Slack (not met):                         -6622ps
     Path type:                               SETUP
     Group:                            <UDEF_i_clk>
     Launching clock:                         i_clk (rising edge)
     Capturing clock:                         i_clk (rising edge)

     Requested period:                       2000ps
   + Delay of the capturing clock:           2162ps
   - Clock uncertainty:                       150ps
   = Required time:                          4012ps
   - Propagation time:                       8475ps (45.3% logic, 54.7% route, logic stage 4)
   - Delay of the launching clock:           2159ps
   = Slack:                                 -6622ps

   Instance/Pin or Net Name    Type         ID    Location or Fanout   Delay(ps)  Edge  Arrival Time(ps)    Instance detail                                                                       
   -------------------------------------------------------------------------------------------------------------------------------------------------------------------------------------------------
   i_clk                       CLOCK-PORT    -                     -     launch     r               0                                                                                             
   i_clk                       Clock net     2          (fanout=516)       2159                     -                                                                                             
   RBB_15/CLK                  RBB_6L       15  [TILE 0 0, RBB 1 16]          -     r            2159                                                                                             
   -------------------------------------------------------------------------------------------------------------------------------------------------------------------------------------------------
   RBB_15/AQ                   RBB_6L       15  [TILE 0 0, RBB 1 16]        800     r            2959     {inst112: scl_sync_FDSE_Q (FDR,site=aff)}                                               
   scl_sync[2]                 Net          20            (fanout=5)       1533                     -                                                                                             
   RBB_35/D1                   RBB_6L       35  [TILE 0 0, RBB 1 12]          -     r            4492                                                                                             
   RBB_35/D                    RBB_6L       35  [TILE 0 0, RBB 1 12]        694     r            5186     {inst115: scl_sync_LUT2_I0 (LUT,site=dlut)}                                             
   read_request_LUT4_I0_I1[3]  Net          97            (fanout=6)        920                     -                                                                                             
   RBB_20/B5                   RBB_6L       20  [TILE 0 0, RBB 4 14]          -     r            6106                                                                                             
   RBB_20/B                    RBB_6L       20  [TILE 0 0, RBB 4 14]        745     r            6851     {inst105: rx_shift_FDRE_Q_CE_LUT5_O (LUT,site=blut)}                                    
   rx_shift_FDRE_Q_CE[1]       Net         176            (fanout=6)        758                     -                                                                                             
   RBB_20/A3                   RBB_6L       20  [TILE 0 0, RBB 4 14]          -     r            7609                                                                                             
   RBB_20/AMUX                 RBB_6L       20  [TILE 0 0, RBB 4 14]        718     r            8327     {inst57: o_data_rx_FDRE_Q_CE_LUT2_O (LUT,site=aluto)}                                   
   o_data_rx_FDRE_Q_CE         Net          40            (fanout=6)       1426                     -                                                                                             
   RBB_7/CE                    IOB           7  [TILE 0 0, RBB 0 19]          -     r            9753     {inst208: o_data_rx[4]_OUT (FDRE)} {(output_port) inst195: g_195_o_data_rx_4_obuf (IO)} 
   -------------------------------------------------------------------------------------------------------------------------------------------------------------------------------------------------
   RBB_7/CLK                   IOB           7  [TILE 0 0, RBB 0 19]        881     r           10634                                                                                             
   i_clk                       Clock net     2          (fanout=516)      -2162                     -                                                                                             
   i_clk                       CLOCK-PORT    -                     -    capture     r            8472                                                                                             
   -------------------------------------------------------------------------------------------------------------------------------------------------------------------------------------------------


Path 340:
   Slack (not met):                         -6603ps
     Path type:                               SETUP
     Group:                            <UDEF_i_clk>
     Launching clock:                         i_clk (rising edge)
     Capturing clock:                         i_clk (rising edge)

     Requested period:                       2000ps
   + Delay of the capturing clock:           2162ps
   - Clock uncertainty:                       150ps
   = Required time:                          4012ps
   - Propagation time:                       8456ps (45.4% logic, 54.6% route, logic stage 4)
   - Delay of the launching clock:           2159ps
   = Slack:                                 -6603ps

   Instance/Pin or Net Name    Type         ID    Location or Fanout   Delay(ps)  Edge  Arrival Time(ps)    Instance detail                                                                       
   -------------------------------------------------------------------------------------------------------------------------------------------------------------------------------------------------
   i_clk                       CLOCK-PORT    -                     -     launch     r               0                                                                                             
   i_clk                       Clock net     2          (fanout=516)       2159                     -                                                                                             
   RBB_15/CLK                  RBB_6L       15  [TILE 0 0, RBB 1 16]          -     r            2159                                                                                             
   -------------------------------------------------------------------------------------------------------------------------------------------------------------------------------------------------
   RBB_15/AQ                   RBB_6L       15  [TILE 0 0, RBB 1 16]        800     r            2959     {inst112: scl_sync_FDSE_Q (FDR,site=aff)}                                               
   scl_sync[2]                 Net          20            (fanout=5)       1533                     -                                                                                             
   RBB_35/D1                   RBB_6L       35  [TILE 0 0, RBB 1 12]          -     r            4492                                                                                             
   RBB_35/D                    RBB_6L       35  [TILE 0 0, RBB 1 12]        694     r            5186     {inst115: scl_sync_LUT2_I0 (LUT,site=dlut)}                                             
   read_request_LUT4_I0_I1[3]  Net          97            (fanout=6)        920                     -                                                                                             
   RBB_20/B5                   RBB_6L       20  [TILE 0 0, RBB 4 14]          -     r            6106                                                                                             
   RBB_20/B                    RBB_6L       20  [TILE 0 0, RBB 4 14]        745     r            6851     {inst105: rx_shift_FDRE_Q_CE_LUT5_O (LUT,site=blut)}                                    
   rx_shift_FDRE_Q_CE[1]       Net         176            (fanout=6)        758                     -                                                                                             
   RBB_20/A3                   RBB_6L       20  [TILE 0 0, RBB 4 14]          -     r            7609                                                                                             
   RBB_20/AMUX                 RBB_6L       20  [TILE 0 0, RBB 4 14]        718     r            8327     {inst57: o_data_rx_FDRE_Q_CE_LUT2_O (LUT,site=aluto)}                                   
   o_data_rx_FDRE_Q_CE         Net          40            (fanout=6)       1403                     -                                                                                             
   RBB_6/CE                    IOB           6  [TILE 0 0, RBB 0 18]          -     r            9730     {inst206: o_data_rx[2]_OUT (FDRE)} {(output_port) inst193: g_193_o_data_rx_2_obuf (IO)} 
   -------------------------------------------------------------------------------------------------------------------------------------------------------------------------------------------------
   RBB_6/CLK                   IOB           6  [TILE 0 0, RBB 0 18]        885     r           10615                                                                                             
   i_clk                       Clock net     2          (fanout=516)      -2162                     -                                                                                             
   i_clk                       CLOCK-PORT    -                     -    capture     r            8453                                                                                             
   -------------------------------------------------------------------------------------------------------------------------------------------------------------------------------------------------


Path 344:
   Slack (not met):                         -6603ps
     Path type:                               SETUP
     Group:                            <UDEF_i_clk>
     Launching clock:                         i_clk (rising edge)
     Capturing clock:                         i_clk (rising edge)

     Requested period:                       2000ps
   + Delay of the capturing clock:           2357ps
   - Clock uncertainty:                       150ps
   = Required time:                          4207ps
   - Propagation time:                       8651ps (45.2% logic, 54.8% route, logic stage 4)
   - Delay of the launching clock:           2159ps
   = Slack:                                 -6603ps

   Instance/Pin or Net Name    Type         ID     Location or Fanout   Delay(ps)  Edge  Arrival Time(ps)    Instance detail                                     
   ----------------------------------------------------------------------------------------------------------------------------------------------------------------
   i_clk                       CLOCK-PORT    -                      -     launch     r               0                                                           
   i_clk                       Clock net     2           (fanout=516)       2159                     -                                                           
   RBB_15/CLK                  RBB_6L       15   [TILE 0 0, RBB 1 16]          -     r            2159                                                           
   ----------------------------------------------------------------------------------------------------------------------------------------------------------------
   RBB_15/AQ                   RBB_6L       15   [TILE 0 0, RBB 1 16]        800     r            2959     {inst112: scl_sync_FDSE_Q (FDR,site=aff)}             
   scl_sync[2]                 Net          20             (fanout=5)       1533                     -                                                           
   RBB_35/D1                   RBB_6L       35   [TILE 0 0, RBB 1 12]          -     r            4492                                                           
   RBB_35/D                    RBB_6L       35   [TILE 0 0, RBB 1 12]        694     r            5186     {inst115: scl_sync_LUT2_I0 (LUT,site=dlut)}           
   read_request_LUT4_I0_I1[3]  Net          97             (fanout=6)        920                     -                                                           
   RBB_20/B5                   RBB_6L       20   [TILE 0 0, RBB 4 14]          -     r            6106                                                           
   RBB_20/B                    RBB_6L       20   [TILE 0 0, RBB 4 14]        745     r            6851     {inst105: rx_shift_FDRE_Q_CE_LUT5_O (LUT,site=blut)}  
   rx_shift_FDRE_Q_CE[1]       Net         176             (fanout=6)        758                     -                                                           
   RBB_20/A3                   RBB_6L       20   [TILE 0 0, RBB 4 14]          -     r            7609                                                           
   RBB_20/AMUX                 RBB_6L       20   [TILE 0 0, RBB 4 14]        718     r            8327     {inst57: o_data_rx_FDRE_Q_CE_LUT2_O (LUT,site=aluto)} 
   o_data_rx_FDRE_Q_CE         Net          40             (fanout=6)       1529                     -                                                           
   RBB_24/A6                   RBB_6L       24  [TILE 0 0, RBB 10 18]          -     r            9856     {<CE>inst54: o_data_rx_FDRE_Q_5 (FDRE,site=bff)}      
   ----------------------------------------------------------------------------------------------------------------------------------------------------------------
   RBB_24/CLK                  RBB_6L       24  [TILE 0 0, RBB 10 18]        954     r           10810                                                           
   i_clk                       Clock net     2           (fanout=516)      -2357                     -                                                           
   i_clk                       CLOCK-PORT    -                      -    capture     r            8453                                                           
   ----------------------------------------------------------------------------------------------------------------------------------------------------------------


Path 342:
   Slack (not met):                         -6603ps
     Path type:                               SETUP
     Group:                            <UDEF_i_clk>
     Launching clock:                         i_clk (rising edge)
     Capturing clock:                         i_clk (rising edge)

     Requested period:                       2000ps
   + Delay of the capturing clock:           2357ps
   - Clock uncertainty:                       150ps
   = Required time:                          4207ps
   - Propagation time:                       8651ps (45.2% logic, 54.8% route, logic stage 4)
   - Delay of the launching clock:           2159ps
   = Slack:                                 -6603ps

   Instance/Pin or Net Name    Type         ID     Location or Fanout   Delay(ps)  Edge  Arrival Time(ps)    Instance detail                                     
   ----------------------------------------------------------------------------------------------------------------------------------------------------------------
   i_clk                       CLOCK-PORT    -                      -     launch     r               0                                                           
   i_clk                       Clock net     2           (fanout=516)       2159                     -                                                           
   RBB_15/CLK                  RBB_6L       15   [TILE 0 0, RBB 1 16]          -     r            2159                                                           
   ----------------------------------------------------------------------------------------------------------------------------------------------------------------
   RBB_15/AQ                   RBB_6L       15   [TILE 0 0, RBB 1 16]        800     r            2959     {inst112: scl_sync_FDSE_Q (FDR,site=aff)}             
   scl_sync[2]                 Net          20             (fanout=5)       1533                     -                                                           
   RBB_35/D1                   RBB_6L       35   [TILE 0 0, RBB 1 12]          -     r            4492                                                           
   RBB_35/D                    RBB_6L       35   [TILE 0 0, RBB 1 12]        694     r            5186     {inst115: scl_sync_LUT2_I0 (LUT,site=dlut)}           
   read_request_LUT4_I0_I1[3]  Net          97             (fanout=6)        920                     -                                                           
   RBB_20/B5                   RBB_6L       20   [TILE 0 0, RBB 4 14]          -     r            6106                                                           
   RBB_20/B                    RBB_6L       20   [TILE 0 0, RBB 4 14]        745     r            6851     {inst105: rx_shift_FDRE_Q_CE_LUT5_O (LUT,site=blut)}  
   rx_shift_FDRE_Q_CE[1]       Net         176             (fanout=6)        758                     -                                                           
   RBB_20/A3                   RBB_6L       20   [TILE 0 0, RBB 4 14]          -     r            7609                                                           
   RBB_20/AMUX                 RBB_6L       20   [TILE 0 0, RBB 4 14]        718     r            8327     {inst57: o_data_rx_FDRE_Q_CE_LUT2_O (LUT,site=aluto)} 
   o_data_rx_FDRE_Q_CE         Net          40             (fanout=6)       1529                     -                                                           
   RBB_24/A6                   RBB_6L       24  [TILE 0 0, RBB 10 18]          -     r            9856     {<CE>inst56: o_data_rx_FDRE_Q_7 (FDRE,site=cff)}      
   ----------------------------------------------------------------------------------------------------------------------------------------------------------------
   RBB_24/CLK                  RBB_6L       24  [TILE 0 0, RBB 10 18]        954     r           10810                                                           
   i_clk                       Clock net     2           (fanout=516)      -2357                     -                                                           
   i_clk                       CLOCK-PORT    -                      -    capture     r            8453                                                           
   ----------------------------------------------------------------------------------------------------------------------------------------------------------------


Path 343:
   Slack (not met):                         -6603ps
     Path type:                               SETUP
     Group:                            <UDEF_i_clk>
     Launching clock:                         i_clk (rising edge)
     Capturing clock:                         i_clk (rising edge)

     Requested period:                       2000ps
   + Delay of the capturing clock:           2357ps
   - Clock uncertainty:                       150ps
   = Required time:                          4207ps
   - Propagation time:                       8651ps (45.2% logic, 54.8% route, logic stage 4)
   - Delay of the launching clock:           2159ps
   = Slack:                                 -6603ps

   Instance/Pin or Net Name    Type         ID     Location or Fanout   Delay(ps)  Edge  Arrival Time(ps)    Instance detail                                     
   ----------------------------------------------------------------------------------------------------------------------------------------------------------------
   i_clk                       CLOCK-PORT    -                      -     launch     r               0                                                           
   i_clk                       Clock net     2           (fanout=516)       2159                     -                                                           
   RBB_15/CLK                  RBB_6L       15   [TILE 0 0, RBB 1 16]          -     r            2159                                                           
   ----------------------------------------------------------------------------------------------------------------------------------------------------------------
   RBB_15/AQ                   RBB_6L       15   [TILE 0 0, RBB 1 16]        800     r            2959     {inst112: scl_sync_FDSE_Q (FDR,site=aff)}             
   scl_sync[2]                 Net          20             (fanout=5)       1533                     -                                                           
   RBB_35/D1                   RBB_6L       35   [TILE 0 0, RBB 1 12]          -     r            4492                                                           
   RBB_35/D                    RBB_6L       35   [TILE 0 0, RBB 1 12]        694     r            5186     {inst115: scl_sync_LUT2_I0 (LUT,site=dlut)}           
   read_request_LUT4_I0_I1[3]  Net          97             (fanout=6)        920                     -                                                           
   RBB_20/B5                   RBB_6L       20   [TILE 0 0, RBB 4 14]          -     r            6106                                                           
   RBB_20/B                    RBB_6L       20   [TILE 0 0, RBB 4 14]        745     r            6851     {inst105: rx_shift_FDRE_Q_CE_LUT5_O (LUT,site=blut)}  
   rx_shift_FDRE_Q_CE[1]       Net         176             (fanout=6)        758                     -                                                           
   RBB_20/A3                   RBB_6L       20   [TILE 0 0, RBB 4 14]          -     r            7609                                                           
   RBB_20/AMUX                 RBB_6L       20   [TILE 0 0, RBB 4 14]        718     r            8327     {inst57: o_data_rx_FDRE_Q_CE_LUT2_O (LUT,site=aluto)} 
   o_data_rx_FDRE_Q_CE         Net          40             (fanout=6)       1529                     -                                                           
   RBB_24/A6                   RBB_6L       24  [TILE 0 0, RBB 10 18]          -     r            9856     {<CE>inst55: o_data_rx_FDRE_Q_6 (FDRE,site=dff)}      
   ----------------------------------------------------------------------------------------------------------------------------------------------------------------
   RBB_24/CLK                  RBB_6L       24  [TILE 0 0, RBB 10 18]        954     r           10810                                                           
   i_clk                       Clock net     2           (fanout=516)      -2357                     -                                                           
   i_clk                       CLOCK-PORT    -                      -    capture     r            8453                                                           
   ----------------------------------------------------------------------------------------------------------------------------------------------------------------


Path 49:
   Slack (not met):                         -6557ps
     Path type:                               SETUP
     Group:                            <UDEF_i_clk>
     Launching clock:                         i_clk (rising edge)
     Capturing clock:                         i_clk (rising edge)

     Requested period:                       2000ps
   + Delay of the capturing clock:           2311ps
   - Clock uncertainty:                       150ps
   = Required time:                          4161ps
   - Propagation time:                       8543ps (57.1% logic, 42.9% route, logic stage 3)
   - Delay of the launching clock:           2175ps
   = Slack:                                 -6557ps

   Instance/Pin or Net Name                   Type         ID     Location or Fanout   Delay(ps)  Edge  Arrival Time(ps)    Instance detail                                                                                     
   -------------------------------------------------------------------------------------------------------------------------------------------------------------------------------------------------------------------------------
   i_clk                                      CLOCK-PORT    -                      -     launch     r               0                                                                                                           
   i_clk                                      Clock net     2           (fanout=516)       2175                     -                                                                                                           
   RBB_20/CLK                                 RBB_6L       20   [TILE 0 0, RBB 4 14]          -     r            2175                                                                                                           
   -------------------------------------------------------------------------------------------------------------------------------------------------------------------------------------------------------------------------------
   RBB_20/CMUX                                RBB_6L       20   [TILE 0 0, RBB 4 14]       1379     r            3554     {inst135: state_FDRE_Q_3 (FDRE,site=cffo)}                                                            
   i_en_LUT5_I0_I3[1]                         Net          55            (fanout=14)        805                     -                                                                                                           
   RBB_10/A1                                  RBB_6L       10   [TILE 0 0, RBB 7 14]          -     r            4359                                                                                                           
   RBB_10/BQ                                  RBB_6L       10   [TILE 0 0, RBB 7 14]       1295     r            5654     {inst34: i_en_LUT5_I0_O_LUT4_O_I0_CARRY4_CO (CARRY4)}                                                 
   i_en_LUT5_I0_O_LUT4_O_I0_CARRY4_CO_O_2[2]  Net         152            (fanout=17)       1366                     -                                                                                                           
   RBB_24/C4                                  RBB_6L       24  [TILE 0 0, RBB 10 18]          -     r            7020                                                                                                           
   RBB_24/C                                   RBB_6L       24  [TILE 0 0, RBB 10 18]        688     r            7708     {inst178: tx_shift_FDRE_Q_7_D_MUXF8_O_I1_MUXF7_O (LUT,site=clut)}                                     
   tx_shift_FDRE_Q_7_D_MUXF8_O_I1             Net          75             (fanout=1)       1491                     -                                                                                                           
   RBB_23/B4                                  RBB_6L       23   [TILE 0 0, RBB 4 24]          -     r            9199     {inst175: tx_shift_FDRE_Q_7_D_MUXF8_O (LUT,site=bluto)} {inst174: tx_shift_FDRE_Q_7 (FDRE,site=bffo)} 
   -------------------------------------------------------------------------------------------------------------------------------------------------------------------------------------------------------------------------------
   RBB_23/CLK                                 RBB_6L       23   [TILE 0 0, RBB 4 24]       1519     r           10718                                                                                                           
   i_clk                                      Clock net     2           (fanout=516)      -2311                     -                                                                                                           
   i_clk                                      CLOCK-PORT    -                      -    capture     r            8407                                                                                                           
   -------------------------------------------------------------------------------------------------------------------------------------------------------------------------------------------------------------------------------


Path 63:
   Slack (not met):                         -6476ps
     Path type:                               SETUP
     Group:                            <UDEF_i_clk>
     Launching clock:                         i_clk (rising edge)
     Capturing clock:                         i_clk (rising edge)

     Requested period:                       2000ps
   + Delay of the capturing clock:           2328ps
   - Clock uncertainty:                       150ps
   = Required time:                          4178ps
   - Propagation time:                       8335ps (38.0% logic, 62.0% route, logic stage 3)
   - Delay of the launching clock:           2319ps
   = Slack:                                 -6476ps

   Instance/Pin or Net Name     Type         ID     Location or Fanout   Delay(ps)  Edge  Arrival Time(ps)    Instance detail                                                            
   ----------------------------------------------------------------------------------------------------------------------------------------------------------------------------------------
   i_clk                        CLOCK-PORT    -                      -     launch     r               0                                                                                  
   i_clk                        Clock net     2           (fanout=516)       2319                     -                                                                                  
   RBB_34/CLK                   RBB_6L       34   [TILE 0 0, RBB 1 18]          -     r            2319                                                                                  
   ----------------------------------------------------------------------------------------------------------------------------------------------------------------------------------------
   RBB_34/CQ                    RBB_6L       34   [TILE 0 0, RBB 1 18]        800     r            3119     {inst98: rx_shift_FDRE_Q (FDRE,site=cff)}                                    
   rx_shift[7]                  Net          25             (fanout=4)       1888                     -                                                                                  
   RBB_24/B5                    RBB_6L       24  [TILE 0 0, RBB 10 18]          -     r            5007                                                                                  
   RBB_24/B                     RBB_6L       24  [TILE 0 0, RBB 10 18]        745     r            5752     {inst64: o_led_FDRE_Q_D_LUT5_O_I4_LUT4_O (LUT,site=blut)}                    
   o_led_FDRE_Q_D_LUT5_O_I4[4]  Net         111             (fanout=1)        856                     -                                                                                  
   RBB_18/B5                    RBB_6L       18   [TILE 0 0, RBB 7 18]          -     r            6608                                                                                  
   RBB_18/BMUX                  RBB_6L       18   [TILE 0 0, RBB 7 18]        822     r            7430     {inst63: o_led_FDRE_Q_D_LUT5_O (LUT,site=bluto)}                             
   o_led_FDRE_Q_D               Net          43             (fanout=1)       2420                     -                                                                                  
   RBB_4/O[0]                   IOB           4   [TILE 0 0, RBB 31 6]          -     r            9850     {inst60: o_led_FDRE_Q (FDRE)} {(output_port) inst200: g_200_o_led_obuf (IO)} 
   ----------------------------------------------------------------------------------------------------------------------------------------------------------------------------------------
   RBB_4/CLK                    IOB           4   [TILE 0 0, RBB 31 6]        804     r           10654                                                                                  
   i_clk                        Clock net     2           (fanout=516)      -2328                     -                                                                                  
   i_clk                        CLOCK-PORT    -                      -    capture     r            8326                                                                                  
   ----------------------------------------------------------------------------------------------------------------------------------------------------------------------------------------


Path 48:
   Slack (not met):                         -6379ps
     Path type:                               SETUP
     Group:                            <UDEF_i_clk>
     Launching clock:                         i_clk (rising edge)
     Capturing clock:                         i_clk (rising edge)

     Requested period:                       2000ps
   + Delay of the capturing clock:           2311ps
   - Clock uncertainty:                       150ps
   = Required time:                          4161ps
   - Propagation time:                       8365ps (55.8% logic, 44.2% route, logic stage 3)
   - Delay of the launching clock:           2175ps
   = Slack:                                 -6379ps

   Instance/Pin or Net Name                   Type         ID     Location or Fanout   Delay(ps)  Edge  Arrival Time(ps)    Instance detail                                                                               
   -------------------------------------------------------------------------------------------------------------------------------------------------------------------------------------------------------------------------
   i_clk                                      CLOCK-PORT    -                      -     launch     r               0                                                                                                     
   i_clk                                      Clock net     2           (fanout=516)       2175                     -                                                                                                     
   RBB_20/CLK                                 RBB_6L       20   [TILE 0 0, RBB 4 14]          -     r            2175                                                                                                     
   -------------------------------------------------------------------------------------------------------------------------------------------------------------------------------------------------------------------------
   RBB_20/CMUX                                RBB_6L       20   [TILE 0 0, RBB 4 14]       1379     r            3554     {inst135: state_FDRE_Q_3 (FDRE,site=cffo)}                                                      
   i_en_LUT5_I0_I3[1]                         Net          55            (fanout=14)        805                     -                                                                                                     
   RBB_10/A1                                  RBB_6L       10   [TILE 0 0, RBB 7 14]          -     r            4359                                                                                                     
   RBB_10/BQ                                  RBB_6L       10   [TILE 0 0, RBB 7 14]       1295     r            5654     {inst34: i_en_LUT5_I0_O_LUT4_O_I0_CARRY4_CO (CARRY4)}                                           
   i_en_LUT5_I0_O_LUT4_O_I0_CARRY4_CO_O_2[2]  Net         152            (fanout=17)       1366                     -                                                                                                     
   RBB_24/C4                                  RBB_6L       24  [TILE 0 0, RBB 10 18]          -     r            7020                                                                                                     
   RBB_24/CMUX                                RBB_6L       24  [TILE 0 0, RBB 10 18]        766     r            7786     {inst182: tx_shift_FDRE_Q_D_MUXF8_O_I1_MUXF7_O (LUT,site=cluto)}                                
   tx_shift_FDRE_Q_D_MUXF8_O_I1               Net         133             (fanout=1)       1528                     -                                                                                                     
   RBB_23/A2                                  RBB_6L       23   [TILE 0 0, RBB 4 24]          -     r            9314     {inst179: tx_shift_FDRE_Q_D_MUXF8_O (LUT,site=alut)} {inst143: tx_shift_FDRE_Q (FDRE,site=aff)} 
   -------------------------------------------------------------------------------------------------------------------------------------------------------------------------------------------------------------------------
   RBB_23/CLK                                 RBB_6L       23   [TILE 0 0, RBB 4 24]       1226     r           10540                                                                                                     
   i_clk                                      Clock net     2           (fanout=516)      -2311                     -                                                                                                     
   i_clk                                      CLOCK-PORT    -                      -    capture     r            8229                                                                                                     
   -------------------------------------------------------------------------------------------------------------------------------------------------------------------------------------------------------------------------


Path 47:
   Slack (not met):                         -6293ps
     Path type:                               SETUP
     Group:                            <UDEF_i_clk>
     Launching clock:                         i_clk (rising edge)
     Capturing clock:                         i_clk (rising edge)

     Requested period:                       2000ps
   + Delay of the capturing clock:           2311ps
   - Clock uncertainty:                       150ps
   = Required time:                          4161ps
   - Propagation time:                       8279ps (58.1% logic, 41.9% route, logic stage 3)
   - Delay of the launching clock:           2175ps
   = Slack:                                 -6293ps

   Instance/Pin or Net Name                   Type         ID    Location or Fanout   Delay(ps)  Edge  Arrival Time(ps)    Instance detail                                                                                     
   ------------------------------------------------------------------------------------------------------------------------------------------------------------------------------------------------------------------------------
   i_clk                                      CLOCK-PORT    -                     -     launch     r               0                                                                                                           
   i_clk                                      Clock net     2          (fanout=516)       2175                     -                                                                                                           
   RBB_20/CLK                                 RBB_6L       20  [TILE 0 0, RBB 4 14]          -     r            2175                                                                                                           
   ------------------------------------------------------------------------------------------------------------------------------------------------------------------------------------------------------------------------------
   RBB_20/CMUX                                RBB_6L       20  [TILE 0 0, RBB 4 14]       1379     r            3554     {inst135: state_FDRE_Q_3 (FDRE,site=cffo)}                                                            
   i_en_LUT5_I0_I3[1]                         Net          55           (fanout=14)        805                     -                                                                                                           
   RBB_10/A1                                  RBB_6L       10  [TILE 0 0, RBB 7 14]          -     r            4359                                                                                                           
   RBB_10/BQ                                  RBB_6L       10  [TILE 0 0, RBB 7 14]       1295     r            5654     {inst34: i_en_LUT5_I0_O_LUT4_O_I0_CARRY4_CO (CARRY4)}                                                 
   i_en_LUT5_I0_O_LUT4_O_I0_CARRY4_CO_O_2[2]  Net         152           (fanout=17)       1362                     -                                                                                                           
   RBB_22/B5                                  RBB_6L       22  [TILE 0 0, RBB 4 20]          -     r            7016                                                                                                           
   RBB_22/B                                   RBB_6L       22  [TILE 0 0, RBB 4 20]        745     r            7761     {inst168: tx_shift_FDRE_Q_5_D_MUXF8_O_I1_MUXF7_O (LUT,site=blut)}                                     
   tx_shift_FDRE_Q_5_D_MUXF8_O_I1             Net         115            (fanout=1)       1304                     -                                                                                                           
   RBB_23/C4                                  RBB_6L       23  [TILE 0 0, RBB 4 24]          -     r            9065     {inst165: tx_shift_FDRE_Q_5_D_MUXF8_O (LUT,site=cluto)} {inst164: tx_shift_FDRE_Q_5 (FDRE,site=cffo)} 
   ------------------------------------------------------------------------------------------------------------------------------------------------------------------------------------------------------------------------------
   RBB_23/CLK                                 RBB_6L       23  [TILE 0 0, RBB 4 24]       1389     r           10454                                                                                                           
   i_clk                                      Clock net     2          (fanout=516)      -2311                     -                                                                                                           
   i_clk                                      CLOCK-PORT    -                     -    capture     r            8143                                                                                                           
   ------------------------------------------------------------------------------------------------------------------------------------------------------------------------------------------------------------------------------


Path 45:
   Slack (not met):                         -6133ps
     Path type:                               SETUP
     Group:                            <UDEF_i_clk>
     Launching clock:                         i_clk (rising edge)
     Capturing clock:                         i_clk (rising edge)

     Requested period:                       2000ps
   + Delay of the capturing clock:           2311ps
   - Clock uncertainty:                       150ps
   = Required time:                          4161ps
   - Propagation time:                       8119ps (59.7% logic, 40.3% route, logic stage 3)
   - Delay of the launching clock:           2175ps
   = Slack:                                 -6133ps

   Instance/Pin or Net Name                   Type         ID    Location or Fanout   Delay(ps)  Edge  Arrival Time(ps)    Instance detail                                                                                     
   ------------------------------------------------------------------------------------------------------------------------------------------------------------------------------------------------------------------------------
   i_clk                                      CLOCK-PORT    -                     -     launch     r               0                                                                                                           
   i_clk                                      Clock net     2          (fanout=516)       2175                     -                                                                                                           
   RBB_20/CLK                                 RBB_6L       20  [TILE 0 0, RBB 4 14]          -     r            2175                                                                                                           
   ------------------------------------------------------------------------------------------------------------------------------------------------------------------------------------------------------------------------------
   RBB_20/CMUX                                RBB_6L       20  [TILE 0 0, RBB 4 14]       1379     r            3554     {inst135: state_FDRE_Q_3 (FDRE,site=cffo)}                                                            
   i_en_LUT5_I0_I3[1]                         Net          55           (fanout=14)        805                     -                                                                                                           
   RBB_10/A1                                  RBB_6L       10  [TILE 0 0, RBB 7 14]          -     r            4359                                                                                                           
   RBB_10/BQ                                  RBB_6L       10  [TILE 0 0, RBB 7 14]       1295     r            5654     {inst34: i_en_LUT5_I0_O_LUT4_O_I0_CARRY4_CO (CARRY4)}                                                 
   i_en_LUT5_I0_O_LUT4_O_I0_CARRY4_CO_O_2[2]  Net         152           (fanout=17)       1362                     -                                                                                                           
   RBB_22/A5                                  RBB_6L       22  [TILE 0 0, RBB 4 20]          -     r            7016                                                                                                           
   RBB_22/AMUX                                RBB_6L       22  [TILE 0 0, RBB 4 20]        833     r            7849     {inst148: tx_shift_FDRE_Q_1_D_MUXF8_O_I1_MUXF7_O (LUT,site=aluto)}                                    
   tx_shift_FDRE_Q_1_D_MUXF8_O_I1             Net         118            (fanout=1)       1108                     -                                                                                                           
   RBB_23/A4                                  RBB_6L       23  [TILE 0 0, RBB 4 24]          -     r            8957     {inst145: tx_shift_FDRE_Q_1_D_MUXF8_O (LUT,site=aluto)} {inst144: tx_shift_FDRE_Q_1 (FDRE,site=affo)} 
   ------------------------------------------------------------------------------------------------------------------------------------------------------------------------------------------------------------------------------
   RBB_23/CLK                                 RBB_6L       23  [TILE 0 0, RBB 4 24]       1337     r           10294                                                                                                           
   i_clk                                      Clock net     2          (fanout=516)      -2311                     -                                                                                                           
   i_clk                                      CLOCK-PORT    -                     -    capture     r            7983                                                                                                           
   ------------------------------------------------------------------------------------------------------------------------------------------------------------------------------------------------------------------------------


Path 46:
   Slack (not met):                         -6132ps
     Path type:                               SETUP
     Group:                            <UDEF_i_clk>
     Launching clock:                         i_clk (rising edge)
     Capturing clock:                         i_clk (rising edge)

     Requested period:                       2000ps
   + Delay of the capturing clock:           2311ps
   - Clock uncertainty:                       150ps
   = Required time:                          4161ps
   - Propagation time:                       8118ps (60.8% logic, 39.2% route, logic stage 3)
   - Delay of the launching clock:           2175ps
   = Slack:                                 -6132ps

   Instance/Pin or Net Name                   Type         ID    Location or Fanout   Delay(ps)  Edge  Arrival Time(ps)    Instance detail                                                                                     
   ------------------------------------------------------------------------------------------------------------------------------------------------------------------------------------------------------------------------------
   i_clk                                      CLOCK-PORT    -                     -     launch     r               0                                                                                                           
   i_clk                                      Clock net     2          (fanout=516)       2175                     -                                                                                                           
   RBB_20/CLK                                 RBB_6L       20  [TILE 0 0, RBB 4 14]          -     r            2175                                                                                                           
   ------------------------------------------------------------------------------------------------------------------------------------------------------------------------------------------------------------------------------
   RBB_20/CMUX                                RBB_6L       20  [TILE 0 0, RBB 4 14]       1379     r            3554     {inst135: state_FDRE_Q_3 (FDRE,site=cffo)}                                                            
   i_en_LUT5_I0_I3[1]                         Net          55           (fanout=14)        805                     -                                                                                                           
   RBB_10/A1                                  RBB_6L       10  [TILE 0 0, RBB 7 14]          -     r            4359                                                                                                           
   RBB_10/BQ                                  RBB_6L       10  [TILE 0 0, RBB 7 14]       1295     r            5654     {inst34: i_en_LUT5_I0_O_LUT4_O_I0_CARRY4_CO (CARRY4)}                                                 
   i_en_LUT5_I0_O_LUT4_O_I0_CARRY4_CO_O_2[2]  Net         152           (fanout=17)       1362                     -                                                                                                           
   RBB_22/D5                                  RBB_6L       22  [TILE 0 0, RBB 4 20]          -     r            7016                                                                                                           
   RBB_22/DMUX                                RBB_6L       22  [TILE 0 0, RBB 4 20]        803     r            7819     {inst158: tx_shift_FDRE_Q_3_D_MUXF8_O_I1_MUXF7_O (LUT,site=dluto)}                                    
   tx_shift_FDRE_Q_3_D_MUXF8_O_I1             Net         129            (fanout=1)       1017                     -                                                                                                           
   RBB_23/D4                                  RBB_6L       23  [TILE 0 0, RBB 4 24]          -     r            8836     {inst155: tx_shift_FDRE_Q_3_D_MUXF8_O (LUT,site=dluto)} {inst154: tx_shift_FDRE_Q_3 (FDRE,site=dffo)} 
   ------------------------------------------------------------------------------------------------------------------------------------------------------------------------------------------------------------------------------
   RBB_23/CLK                                 RBB_6L       23  [TILE 0 0, RBB 4 24]       1457     r           10293                                                                                                           
   i_clk                                      Clock net     2          (fanout=516)      -2311                     -                                                                                                           
   i_clk                                      CLOCK-PORT    -                     -    capture     r            7982                                                                                                           
   ------------------------------------------------------------------------------------------------------------------------------------------------------------------------------------------------------------------------------


Path 345:
   Slack (not met):                         -6110ps
     Path type:                               SETUP
     Group:                            <UDEF_i_clk>
     Launching clock:                         i_clk (rising edge)
     Capturing clock:                         i_clk (rising edge)

     Requested period:                       2000ps
   + Delay of the capturing clock:           2357ps
   - Clock uncertainty:                       150ps
   = Required time:                          4207ps
   - Propagation time:                       8158ps (41.9% logic, 58.1% route, logic stage 4)
   - Delay of the launching clock:           2159ps
   = Slack:                                 -6110ps

   Instance/Pin or Net Name    Type         ID     Location or Fanout   Delay(ps)  Edge  Arrival Time(ps)    Instance detail                                     
   ----------------------------------------------------------------------------------------------------------------------------------------------------------------
   i_clk                       CLOCK-PORT    -                      -     launch     r               0                                                           
   i_clk                       Clock net     2           (fanout=516)       2159                     -                                                           
   RBB_15/CLK                  RBB_6L       15   [TILE 0 0, RBB 1 16]          -     r            2159                                                           
   ----------------------------------------------------------------------------------------------------------------------------------------------------------------
   RBB_15/AQ                   RBB_6L       15   [TILE 0 0, RBB 1 16]        800     r            2959     {inst112: scl_sync_FDSE_Q (FDR,site=aff)}             
   scl_sync[2]                 Net          20             (fanout=5)       1533                     -                                                           
   RBB_35/D1                   RBB_6L       35   [TILE 0 0, RBB 1 12]          -     r            4492                                                           
   RBB_35/D                    RBB_6L       35   [TILE 0 0, RBB 1 12]        694     r            5186     {inst115: scl_sync_LUT2_I0 (LUT,site=dlut)}           
   read_request_LUT4_I0_I1[3]  Net          97             (fanout=6)        920                     -                                                           
   RBB_20/B5                   RBB_6L       20   [TILE 0 0, RBB 4 14]          -     r            6106                                                           
   RBB_20/B                    RBB_6L       20   [TILE 0 0, RBB 4 14]        745     r            6851     {inst105: rx_shift_FDRE_Q_CE_LUT5_O (LUT,site=blut)}  
   rx_shift_FDRE_Q_CE[1]       Net         176             (fanout=6)        758                     -                                                           
   RBB_20/A3                   RBB_6L       20   [TILE 0 0, RBB 4 14]          -     r            7609                                                           
   RBB_20/AMUX                 RBB_6L       20   [TILE 0 0, RBB 4 14]        718     r            8327     {inst57: o_data_rx_FDRE_Q_CE_LUT2_O (LUT,site=aluto)} 
   o_data_rx_FDRE_Q_CE         Net          40             (fanout=6)       1529                     -                                                           
   RBB_24/A6                   RBB_6L       24  [TILE 0 0, RBB 10 18]          -     r            9856     {<CE>inst49: o_data_rx_FDRE_Q (FDRE,site=dffo)}       
   ----------------------------------------------------------------------------------------------------------------------------------------------------------------
   RBB_24/CLK                  RBB_6L       24  [TILE 0 0, RBB 10 18]        461     r           10317                                                           
   i_clk                       Clock net     2           (fanout=516)      -2357                     -                                                           
   i_clk                       CLOCK-PORT    -                      -    capture     r            7960                                                           
   ----------------------------------------------------------------------------------------------------------------------------------------------------------------


Path 341:
   Slack (not met):                         -6072ps
     Path type:                               SETUP
     Group:                            <UDEF_i_clk>
     Launching clock:                         i_clk (rising edge)
     Capturing clock:                         i_clk (rising edge)

     Requested period:                       2000ps
   + Delay of the capturing clock:           2175ps
   - Clock uncertainty:                       150ps
   = Required time:                          4025ps
   - Propagation time:                       7922ps (49.2% logic, 50.8% route, logic stage 4)
   - Delay of the launching clock:           2175ps
   = Slack:                                 -6072ps

   Instance/Pin or Net Name                   Type         ID    Location or Fanout   Delay(ps)  Edge  Arrival Time(ps)    Instance detail                                        
   ---------------------------------------------------------------------------------------------------------------------------------------------------------------------------------
   i_clk                                      CLOCK-PORT    -                     -     launch     r               0                                                              
   i_clk                                      Clock net     2          (fanout=516)       2175                     -                                                              
   RBB_20/CLK                                 RBB_6L       20  [TILE 0 0, RBB 4 14]          -     r            2175                                                              
   ---------------------------------------------------------------------------------------------------------------------------------------------------------------------------------
   RBB_20/CQ                                  RBB_6L       20  [TILE 0 0, RBB 4 14]        800     r            2975     {inst122: state_FDRE_Q (FDRE,site=cff)}                  
   i_en_LUT5_I0_O_LUT4_O_I0_CARRY4_CO_O_2[0]  Net         151           (fanout=14)       1373                     -                                                              
   RBB_12/D5                                  RBB_6L       12  [TILE 0 0, RBB 4 16]          -     r            4348                                                              
   RBB_12/DMUX                                RBB_6L       12  [TILE 0 0, RBB 4 16]        814     r            5162     {inst31: i_en_LUT5_I0_I3_LUT2_O (LUT,site=dluto)}        
   i_en_LUT5_I0_I3[2]                         Net          56            (fanout=6)        539                     -                                                              
   RBB_12/D1                                  RBB_6L       12  [TILE 0 0, RBB 4 16]          -     r            5701                                                              
   RBB_12/D                                   RBB_6L       12  [TILE 0 0, RBB 4 16]        703     r            6404     {inst70: read_request_LUT2_I0_I1_LUT2_O (LUT,site=dlut)} 
   read_request_LUT2_I0_I1[3]                 Net         107            (fanout=4)       1226                     -                                                              
   RBB_13/D2                                  RBB_6L       13  [TILE 0 0, RBB 1 14]          -     r            7630                                                              
   RBB_13/BMUX                                RBB_6L       13  [TILE 0 0, RBB 1 14]       1052     r            8682     {inst129: state_FDRE_Q_2_D_MUXF8_O (MUXF,site=muxf8)}    
   state_FDRE_Q_2_D                           Net          41            (fanout=1)        890                     -                                                              
   RBB_20/D6                                  RBB_6L       20  [TILE 0 0, RBB 4 14]          -     r            9572     {inst128: state_FDRE_Q_2 (FDRE,site=dff)}                
   ---------------------------------------------------------------------------------------------------------------------------------------------------------------------------------
   RBB_20/CLK                                 RBB_6L       20  [TILE 0 0, RBB 4 14]        525     r           10097                                                              
   i_clk                                      Clock net     2          (fanout=516)      -2175                     -                                                              
   i_clk                                      CLOCK-PORT    -                     -    capture     r            7922                                                              
   ---------------------------------------------------------------------------------------------------------------------------------------------------------------------------------


Path 53:
   Slack (not met):                         -5894ps
     Path type:                               SETUP
     Group:                            <UDEF_i_clk>
     Launching clock:                         i_clk (rising edge)
     Capturing clock:                         i_clk (rising edge)

     Requested period:                       2000ps
   + Delay of the capturing clock:           2311ps
   - Clock uncertainty:                       150ps
   = Required time:                          4161ps
   - Propagation time:                       7880ps (57.7% logic, 42.3% route, logic stage 3)
   - Delay of the launching clock:           2175ps
   = Slack:                                 -5894ps

   Instance/Pin or Net Name                   Type         ID    Location or Fanout   Delay(ps)  Edge  Arrival Time(ps)    Instance detail                                                                                   
   ----------------------------------------------------------------------------------------------------------------------------------------------------------------------------------------------------------------------------
   i_clk                                      CLOCK-PORT    -                     -     launch     r               0                                                                                                         
   i_clk                                      Clock net     2          (fanout=516)       2175                     -                                                                                                         
   RBB_20/CLK                                 RBB_6L       20  [TILE 0 0, RBB 4 14]          -     r            2175                                                                                                         
   ----------------------------------------------------------------------------------------------------------------------------------------------------------------------------------------------------------------------------
   RBB_20/CMUX                                RBB_6L       20  [TILE 0 0, RBB 4 14]       1379     r            3554     {inst135: state_FDRE_Q_3 (FDRE,site=cffo)}                                                          
   i_en_LUT5_I0_I3[1]                         Net          55           (fanout=14)        805                     -                                                                                                         
   RBB_10/A1                                  RBB_6L       10  [TILE 0 0, RBB 7 14]          -     r            4359                                                                                                         
   RBB_10/BQ                                  RBB_6L       10  [TILE 0 0, RBB 7 14]       1295     r            5654     {inst34: i_en_LUT5_I0_O_LUT4_O_I0_CARRY4_CO (CARRY4)}                                               
   i_en_LUT5_I0_O_LUT4_O_I0_CARRY4_CO_O_2[2]  Net         152           (fanout=17)       1362                     -                                                                                                         
   RBB_22/C5                                  RBB_6L       22  [TILE 0 0, RBB 4 20]          -     r            7016                                                                                                         
   RBB_22/C                                   RBB_6L       22  [TILE 0 0, RBB 4 20]        736     r            7752     {inst163: tx_shift_FDRE_Q_4_D_MUXF8_O_I1_MUXF7_O (LUT,site=clut)}                                   
   tx_shift_FDRE_Q_4_D_MUXF8_O_I1             Net         125            (fanout=1)       1165                     -                                                                                                         
   RBB_23/C2                                  RBB_6L       23  [TILE 0 0, RBB 4 24]          -     r            8917     {inst160: tx_shift_FDRE_Q_4_D_MUXF8_O (LUT,site=clut)} {inst159: tx_shift_FDRE_Q_4 (FDRE,site=cff)} 
   ----------------------------------------------------------------------------------------------------------------------------------------------------------------------------------------------------------------------------
   RBB_23/CLK                                 RBB_6L       23  [TILE 0 0, RBB 4 24]       1138     r           10055                                                                                                         
   i_clk                                      Clock net     2          (fanout=516)      -2311                     -                                                                                                         
   i_clk                                      CLOCK-PORT    -                     -    capture     r            7744                                                                                                         
   ----------------------------------------------------------------------------------------------------------------------------------------------------------------------------------------------------------------------------


Path 51:
   Slack (not met):                         -5735ps
     Path type:                               SETUP
     Group:                            <UDEF_i_clk>
     Launching clock:                         i_clk (rising edge)
     Capturing clock:                         i_clk (rising edge)

     Requested period:                       2000ps
   + Delay of the capturing clock:           2335ps
   - Clock uncertainty:                       150ps
   = Required time:                          4185ps
   - Propagation time:                       7745ps (53.5% logic, 46.5% route, logic stage 3)
   - Delay of the launching clock:           2175ps
   = Slack:                                 -5735ps

   Instance/Pin or Net Name                   Type         ID    Location or Fanout   Delay(ps)  Edge  Arrival Time(ps)    Instance detail                                                                                                      
   -----------------------------------------------------------------------------------------------------------------------------------------------------------------------------------------------------------------------------------------------
   i_clk                                      CLOCK-PORT    -                     -     launch     r               0                                                                                                                            
   i_clk                                      Clock net     2          (fanout=516)       2175                     -                                                                                                                            
   RBB_20/CLK                                 RBB_6L       20  [TILE 0 0, RBB 4 14]          -     r            2175                                                                                                                            
   -----------------------------------------------------------------------------------------------------------------------------------------------------------------------------------------------------------------------------------------------
   RBB_20/CMUX                                RBB_6L       20  [TILE 0 0, RBB 4 14]       1379     r            3554     {inst135: state_FDRE_Q_3 (FDRE,site=cffo)}                                                                             
   i_en_LUT5_I0_I3[1]                         Net          55           (fanout=14)        805                     -                                                                                                                            
   RBB_10/A1                                  RBB_6L       10  [TILE 0 0, RBB 7 14]          -     r            4359                                                                                                                            
   RBB_10/CQ                                  RBB_6L       10  [TILE 0 0, RBB 7 14]       1291     r            5650     {inst34: i_en_LUT5_I0_O_LUT4_O_I0_CARRY4_CO (CARRY4)}                                                                  
   i_en_LUT5_I0_O_LUT4_O_I0_CARRY4_CO_O_1[2]  Net         148           (fanout=12)       1187                     -                                                                                                                            
   RBB_21/D1                                  RBB_6L       21  [TILE 0 0, RBB 4 12]          -     r            6837                                                                                                                            
   RBB_21/D                                   RBB_6L       21  [TILE 0 0, RBB 4 12]        608     r            7445     {inst75: read_request_LUT4_I0_1_I3_LUT4_I2_O_LUT4_O (LUT,site=dlut)}                                                   
   read_request_LUT4_I0_1_I3_LUT4_I2_O[0]     Net          57            (fanout=4)       1611                     -                                                                                                                            
   RBB_16/D3                                  RBB_6L       16  [TILE 0 0, RBB 7 16]          -     r            9056     {inst76: read_request_LUT4_I0_1_I3_LUT4_I2_O_LUT6_I4 (LUT,site=dlut,dluto)} {inst26: bit_count_FDSE_Q (FDRE,site=dff)} 
   -----------------------------------------------------------------------------------------------------------------------------------------------------------------------------------------------------------------------------------------------
   RBB_16/CLK                                 RBB_6L       16  [TILE 0 0, RBB 7 16]        864     r            9920                                                                                                                            
   i_clk                                      Clock net     2          (fanout=516)      -2335                     -                                                                                                                            
   i_clk                                      CLOCK-PORT    -                     -    capture     r            7585                                                                                                                            
   -----------------------------------------------------------------------------------------------------------------------------------------------------------------------------------------------------------------------------------------------


Path 55:
   Slack (not met):                         -5414ps
     Path type:                               SETUP
     Group:                            <UDEF_i_clk>
     Launching clock:                         i_clk (rising edge)
     Capturing clock:                         i_clk (rising edge)

     Requested period:                       2000ps
   + Delay of the capturing clock:           2311ps
   - Clock uncertainty:                       150ps
   = Required time:                          4161ps
   - Propagation time:                       7400ps (57.5% logic, 42.5% route, logic stage 3)
   - Delay of the launching clock:           2175ps
   = Slack:                                 -5414ps

   Instance/Pin or Net Name                   Type         ID    Location or Fanout   Delay(ps)  Edge  Arrival Time(ps)    Instance detail                                                                                   
   ----------------------------------------------------------------------------------------------------------------------------------------------------------------------------------------------------------------------------
   i_clk                                      CLOCK-PORT    -                     -     launch     r               0                                                                                                         
   i_clk                                      Clock net     2          (fanout=516)       2175                     -                                                                                                         
   RBB_20/CLK                                 RBB_6L       20  [TILE 0 0, RBB 4 14]          -     r            2175                                                                                                         
   ----------------------------------------------------------------------------------------------------------------------------------------------------------------------------------------------------------------------------
   RBB_20/CMUX                                RBB_6L       20  [TILE 0 0, RBB 4 14]       1379     r            3554     {inst135: state_FDRE_Q_3 (FDRE,site=cffo)}                                                          
   i_en_LUT5_I0_I3[1]                         Net          55           (fanout=14)        805                     -                                                                                                         
   RBB_10/A1                                  RBB_6L       10  [TILE 0 0, RBB 7 14]          -     r            4359                                                                                                         
   RBB_10/BQ                                  RBB_6L       10  [TILE 0 0, RBB 7 14]       1295     r            5654     {inst34: i_en_LUT5_I0_O_LUT4_O_I0_CARRY4_CO (CARRY4)}                                               
   i_en_LUT5_I0_O_LUT4_O_I0_CARRY4_CO_O_2[2]  Net         152           (fanout=17)       1362                     -                                                                                                         
   RBB_22/D5                                  RBB_6L       22  [TILE 0 0, RBB 4 20]          -     r            7016                                                                                                         
   RBB_22/D                                   RBB_6L       22  [TILE 0 0, RBB 4 20]        607     r            7623     {inst153: tx_shift_FDRE_Q_2_D_MUXF8_O_I1_MUXF7_O (LUT,site=dlut)}                                   
   tx_shift_FDRE_Q_2_D_MUXF8_O_I1             Net         122            (fanout=1)        976                     -                                                                                                         
   RBB_23/D2                                  RBB_6L       23  [TILE 0 0, RBB 4 24]          -     r            8599     {inst150: tx_shift_FDRE_Q_2_D_MUXF8_O (LUT,site=dlut)} {inst149: tx_shift_FDRE_Q_2 (FDRE,site=dff)} 
   ----------------------------------------------------------------------------------------------------------------------------------------------------------------------------------------------------------------------------
   RBB_23/CLK                                 RBB_6L       23  [TILE 0 0, RBB 4 24]        976     r            9575                                                                                                         
   i_clk                                      Clock net     2          (fanout=516)      -2311                     -                                                                                                         
   i_clk                                      CLOCK-PORT    -                     -    capture     r            7264                                                                                                         
   ----------------------------------------------------------------------------------------------------------------------------------------------------------------------------------------------------------------------------


Path 54:
   Slack (not met):                         -5331ps
     Path type:                               SETUP
     Group:                            <UDEF_i_clk>
     Launching clock:                         i_clk (rising edge)
     Capturing clock:                         i_clk (rising edge)

     Requested period:                       2000ps
   + Delay of the capturing clock:           2335ps
   - Clock uncertainty:                       150ps
   = Required time:                          4185ps
   - Propagation time:                       7341ps (56.0% logic, 44.0% route, logic stage 3)
   - Delay of the launching clock:           2175ps
   = Slack:                                 -5331ps

   Instance/Pin or Net Name                   Type         ID    Location or Fanout   Delay(ps)  Edge  Arrival Time(ps)    Instance detail                                                                                                          
   ---------------------------------------------------------------------------------------------------------------------------------------------------------------------------------------------------------------------------------------------------
   i_clk                                      CLOCK-PORT    -                     -     launch     r               0                                                                                                                                
   i_clk                                      Clock net     2          (fanout=516)       2175                     -                                                                                                                                
   RBB_20/CLK                                 RBB_6L       20  [TILE 0 0, RBB 4 14]          -     r            2175                                                                                                                                
   ---------------------------------------------------------------------------------------------------------------------------------------------------------------------------------------------------------------------------------------------------
   RBB_20/CMUX                                RBB_6L       20  [TILE 0 0, RBB 4 14]       1379     r            3554     {inst135: state_FDRE_Q_3 (FDRE,site=cffo)}                                                                                 
   i_en_LUT5_I0_I3[1]                         Net          55           (fanout=14)        805                     -                                                                                                                                
   RBB_10/A1                                  RBB_6L       10  [TILE 0 0, RBB 7 14]          -     r            4359                                                                                                                                
   RBB_10/CQ                                  RBB_6L       10  [TILE 0 0, RBB 7 14]       1291     r            5650     {inst34: i_en_LUT5_I0_O_LUT4_O_I0_CARRY4_CO (CARRY4)}                                                                      
   i_en_LUT5_I0_O_LUT4_O_I0_CARRY4_CO_O_1[2]  Net         148           (fanout=12)       1187                     -                                                                                                                                
   RBB_21/D1                                  RBB_6L       21  [TILE 0 0, RBB 4 12]          -     r            6837                                                                                                                                
   RBB_21/D                                   RBB_6L       21  [TILE 0 0, RBB 4 12]        608     r            7445     {inst75: read_request_LUT4_I0_1_I3_LUT4_I2_O_LUT4_O (LUT,site=dlut)}                                                       
   read_request_LUT4_I0_1_I3_LUT4_I2_O[0]     Net          57            (fanout=4)       1239                     -                                                                                                                                
   RBB_16/C3                                  RBB_6L       16  [TILE 0 0, RBB 7 16]          -     r            8684     {inst77: read_request_LUT4_I0_1_I3_LUT4_I2_O_LUT6_I4_1 (LUT,site=clut,cluto)} {inst27: bit_count_FDSE_Q_1 (FDRE,site=cff)} 
   ---------------------------------------------------------------------------------------------------------------------------------------------------------------------------------------------------------------------------------------------------
   RBB_16/CLK                                 RBB_6L       16  [TILE 0 0, RBB 7 16]        832     r            9516                                                                                                                                
   i_clk                                      Clock net     2          (fanout=516)      -2335                     -                                                                                                                                
   i_clk                                      CLOCK-PORT    -                     -    capture     r            7181                                                                                                                                
   ---------------------------------------------------------------------------------------------------------------------------------------------------------------------------------------------------------------------------------------------------


Path 52:
   Slack (not met):                         -5082ps
     Path type:                               SETUP
     Group:                            <UDEF_i_clk>
     Launching clock:                         i_clk (rising edge)
     Capturing clock:                         i_clk (rising edge)

     Requested period:                       2000ps
   + Delay of the capturing clock:           2347ps
   - Clock uncertainty:                       150ps
   = Required time:                          4197ps
   - Propagation time:                       7104ps (58.3% logic, 41.7% route, logic stage 3)
   - Delay of the launching clock:           2175ps
   = Slack:                                 -5082ps

   Instance/Pin or Net Name                   Type         ID     Location or Fanout   Delay(ps)  Edge  Arrival Time(ps)    Instance detail                                                                                                          
   ----------------------------------------------------------------------------------------------------------------------------------------------------------------------------------------------------------------------------------------------------
   i_clk                                      CLOCK-PORT    -                      -     launch     r               0                                                                                                                                
   i_clk                                      Clock net     2           (fanout=516)       2175                     -                                                                                                                                
   RBB_20/CLK                                 RBB_6L       20   [TILE 0 0, RBB 4 14]          -     r            2175                                                                                                                                
   ----------------------------------------------------------------------------------------------------------------------------------------------------------------------------------------------------------------------------------------------------
   RBB_20/CMUX                                RBB_6L       20   [TILE 0 0, RBB 4 14]       1379     r            3554     {inst135: state_FDRE_Q_3 (FDRE,site=cffo)}                                                                                 
   i_en_LUT5_I0_I3[1]                         Net          55            (fanout=14)        805                     -                                                                                                                                
   RBB_10/A1                                  RBB_6L       10   [TILE 0 0, RBB 7 14]          -     r            4359                                                                                                                                
   RBB_10/CQ                                  RBB_6L       10   [TILE 0 0, RBB 7 14]       1291     r            5650     {inst34: i_en_LUT5_I0_O_LUT4_O_I0_CARRY4_CO (CARRY4)}                                                                      
   i_en_LUT5_I0_O_LUT4_O_I0_CARRY4_CO_O_1[2]  Net         148            (fanout=12)       1187                     -                                                                                                                                
   RBB_21/D1                                  RBB_6L       21   [TILE 0 0, RBB 4 12]          -     r            6837                                                                                                                                
   RBB_21/D                                   RBB_6L       21   [TILE 0 0, RBB 4 12]        608     r            7445     {inst75: read_request_LUT4_I0_1_I3_LUT4_I2_O_LUT4_O (LUT,site=dlut)}                                                       
   read_request_LUT4_I0_1_I3_LUT4_I2_O[0]     Net          57             (fanout=4)        973                     -                                                                                                                                
   RBB_17/D3                                  RBB_6L       17  [TILE 0 0, RBB 10 14]          -     r            8418     {inst83: read_request_LUT4_I0_1_I3_LUT4_I2_O_LUT6_I4_2 (LUT,site=dlut,dluto)} {inst28: bit_count_FDSE_Q_2 (FDRE,site=dff)} 
   ----------------------------------------------------------------------------------------------------------------------------------------------------------------------------------------------------------------------------------------------------
   RBB_17/CLK                                 RBB_6L       17  [TILE 0 0, RBB 10 14]        861     r            9279                                                                                                                                
   i_clk                                      Clock net     2           (fanout=516)      -2347                     -                                                                                                                                
   i_clk                                      CLOCK-PORT    -                      -    capture     r            6932                                                                                                                                
   ----------------------------------------------------------------------------------------------------------------------------------------------------------------------------------------------------------------------------------------------------


Path 346:
   Slack (not met):                         -4863ps
     Path type:                               SETUP
     Group:                            <UDEF_i_clk>
     Launching clock:                         i_clk (rising edge)
     Capturing clock:                         i_clk (rising edge)

     Requested period:                       2000ps
   + Delay of the capturing clock:           2318ps
   - Clock uncertainty:                       150ps
   = Required time:                          4168ps
   - Propagation time:                       6872ps (43.3% logic, 56.7% route, logic stage 3)
   - Delay of the launching clock:           2159ps
   = Slack:                                 -4863ps

   Instance/Pin or Net Name    Type         ID    Location or Fanout   Delay(ps)  Edge  Arrival Time(ps)    Instance detail                                    
   --------------------------------------------------------------------------------------------------------------------------------------------------------------
   i_clk                       CLOCK-PORT    -                     -     launch     r               0                                                          
   i_clk                       Clock net     2          (fanout=516)       2159                     -                                                          
   RBB_15/CLK                  RBB_6L       15  [TILE 0 0, RBB 1 16]          -     r            2159                                                          
   --------------------------------------------------------------------------------------------------------------------------------------------------------------
   RBB_15/AQ                   RBB_6L       15  [TILE 0 0, RBB 1 16]        800     r            2959     {inst112: scl_sync_FDSE_Q (FDR,site=aff)}            
   scl_sync[2]                 Net          20            (fanout=5)       1533                     -                                                          
   RBB_35/D1                   RBB_6L       35  [TILE 0 0, RBB 1 12]          -     r            4492                                                          
   RBB_35/D                    RBB_6L       35  [TILE 0 0, RBB 1 12]        694     r            5186     {inst115: scl_sync_LUT2_I0 (LUT,site=dlut)}          
   read_request_LUT4_I0_I1[3]  Net          97            (fanout=6)        920                     -                                                          
   RBB_20/B5                   RBB_6L       20  [TILE 0 0, RBB 4 14]          -     r            6106                                                          
   RBB_20/B                    RBB_6L       20  [TILE 0 0, RBB 4 14]        745     r            6851     {inst105: rx_shift_FDRE_Q_CE_LUT5_O (LUT,site=blut)} 
   rx_shift_FDRE_Q_CE[1]       Net         176            (fanout=6)       1441                     -                                                          
   RBB_25/A6                   RBB_6L       25  [TILE 0 0, RBB 1 20]          -     r            8292     {<CE>inst104: rx_shift_FDRE_Q_6 (FDRE,site=cff)}     
   --------------------------------------------------------------------------------------------------------------------------------------------------------------
   RBB_25/CLK                  RBB_6L       25  [TILE 0 0, RBB 1 20]        739     r            9031                                                          
   i_clk                       Clock net     2          (fanout=516)      -2318                     -                                                          
   i_clk                       CLOCK-PORT    -                     -    capture     r            6713                                                          
   --------------------------------------------------------------------------------------------------------------------------------------------------------------


Path 349:
   Slack (not met):                         -4773ps
     Path type:                               SETUP
     Group:                            <UDEF_i_clk>
     Launching clock:                         i_clk (rising edge)
     Capturing clock:                         i_clk (rising edge)

     Requested period:                       2000ps
   + Delay of the capturing clock:           2319ps
   - Clock uncertainty:                       150ps
   = Required time:                          4169ps
   - Propagation time:                       6783ps (43.8% logic, 56.2% route, logic stage 3)
   - Delay of the launching clock:           2159ps
   = Slack:                                 -4773ps

   Instance/Pin or Net Name    Type         ID    Location or Fanout   Delay(ps)  Edge  Arrival Time(ps)    Instance detail                                    
   --------------------------------------------------------------------------------------------------------------------------------------------------------------
   i_clk                       CLOCK-PORT    -                     -     launch     r               0                                                          
   i_clk                       Clock net     2          (fanout=516)       2159                     -                                                          
   RBB_15/CLK                  RBB_6L       15  [TILE 0 0, RBB 1 16]          -     r            2159                                                          
   --------------------------------------------------------------------------------------------------------------------------------------------------------------
   RBB_15/AQ                   RBB_6L       15  [TILE 0 0, RBB 1 16]        800     r            2959     {inst112: scl_sync_FDSE_Q (FDR,site=aff)}            
   scl_sync[2]                 Net          20            (fanout=5)       1533                     -                                                          
   RBB_35/D1                   RBB_6L       35  [TILE 0 0, RBB 1 12]          -     r            4492                                                          
   RBB_35/D                    RBB_6L       35  [TILE 0 0, RBB 1 12]        694     r            5186     {inst115: scl_sync_LUT2_I0 (LUT,site=dlut)}          
   read_request_LUT4_I0_I1[3]  Net          97            (fanout=6)        920                     -                                                          
   RBB_20/B5                   RBB_6L       20  [TILE 0 0, RBB 4 14]          -     r            6106                                                          
   RBB_20/B                    RBB_6L       20  [TILE 0 0, RBB 4 14]        745     r            6851     {inst105: rx_shift_FDRE_Q_CE_LUT5_O (LUT,site=blut)} 
   rx_shift_FDRE_Q_CE[1]       Net         176            (fanout=6)       1357                     -                                                          
   RBB_34/A6                   RBB_6L       34  [TILE 0 0, RBB 1 18]          -     r            8208     {<CE>inst98: rx_shift_FDRE_Q (FDRE,site=cff)}        
   --------------------------------------------------------------------------------------------------------------------------------------------------------------
   RBB_34/CLK                  RBB_6L       34  [TILE 0 0, RBB 1 18]        734     r            8942                                                          
   i_clk                       Clock net     2          (fanout=516)      -2319                     -                                                          
   i_clk                       CLOCK-PORT    -                     -    capture     r            6623                                                          
   --------------------------------------------------------------------------------------------------------------------------------------------------------------


Path 350:
   Slack (not met):                         -4773ps
     Path type:                               SETUP
     Group:                            <UDEF_i_clk>
     Launching clock:                         i_clk (rising edge)
     Capturing clock:                         i_clk (rising edge)

     Requested period:                       2000ps
   + Delay of the capturing clock:           2319ps
   - Clock uncertainty:                       150ps
   = Required time:                          4169ps
   - Propagation time:                       6783ps (43.8% logic, 56.2% route, logic stage 3)
   - Delay of the launching clock:           2159ps
   = Slack:                                 -4773ps

   Instance/Pin or Net Name    Type         ID    Location or Fanout   Delay(ps)  Edge  Arrival Time(ps)    Instance detail                                    
   --------------------------------------------------------------------------------------------------------------------------------------------------------------
   i_clk                       CLOCK-PORT    -                     -     launch     r               0                                                          
   i_clk                       Clock net     2          (fanout=516)       2159                     -                                                          
   RBB_15/CLK                  RBB_6L       15  [TILE 0 0, RBB 1 16]          -     r            2159                                                          
   --------------------------------------------------------------------------------------------------------------------------------------------------------------
   RBB_15/AQ                   RBB_6L       15  [TILE 0 0, RBB 1 16]        800     r            2959     {inst112: scl_sync_FDSE_Q (FDR,site=aff)}            
   scl_sync[2]                 Net          20            (fanout=5)       1533                     -                                                          
   RBB_35/D1                   RBB_6L       35  [TILE 0 0, RBB 1 12]          -     r            4492                                                          
   RBB_35/D                    RBB_6L       35  [TILE 0 0, RBB 1 12]        694     r            5186     {inst115: scl_sync_LUT2_I0 (LUT,site=dlut)}          
   read_request_LUT4_I0_I1[3]  Net          97            (fanout=6)        920                     -                                                          
   RBB_20/B5                   RBB_6L       20  [TILE 0 0, RBB 4 14]          -     r            6106                                                          
   RBB_20/B                    RBB_6L       20  [TILE 0 0, RBB 4 14]        745     r            6851     {inst105: rx_shift_FDRE_Q_CE_LUT5_O (LUT,site=blut)} 
   rx_shift_FDRE_Q_CE[1]       Net         176            (fanout=6)       1357                     -                                                          
   RBB_34/A6                   RBB_6L       34  [TILE 0 0, RBB 1 18]          -     r            8208     {<CE>inst100: rx_shift_FDRE_Q_2 (FDRE,site=aff)}     
   --------------------------------------------------------------------------------------------------------------------------------------------------------------
   RBB_34/CLK                  RBB_6L       34  [TILE 0 0, RBB 1 18]        734     r            8942                                                          
   i_clk                       Clock net     2          (fanout=516)      -2319                     -                                                          
   i_clk                       CLOCK-PORT    -                     -    capture     r            6623                                                          
   --------------------------------------------------------------------------------------------------------------------------------------------------------------


Path 351:
   Slack (not met):                         -4773ps
     Path type:                               SETUP
     Group:                            <UDEF_i_clk>
     Launching clock:                         i_clk (rising edge)
     Capturing clock:                         i_clk (rising edge)

     Requested period:                       2000ps
   + Delay of the capturing clock:           2319ps
   - Clock uncertainty:                       150ps
   = Required time:                          4169ps
   - Propagation time:                       6783ps (43.8% logic, 56.2% route, logic stage 3)
   - Delay of the launching clock:           2159ps
   = Slack:                                 -4773ps

   Instance/Pin or Net Name    Type         ID    Location or Fanout   Delay(ps)  Edge  Arrival Time(ps)    Instance detail                                    
   --------------------------------------------------------------------------------------------------------------------------------------------------------------
   i_clk                       CLOCK-PORT    -                     -     launch     r               0                                                          
   i_clk                       Clock net     2          (fanout=516)       2159                     -                                                          
   RBB_15/CLK                  RBB_6L       15  [TILE 0 0, RBB 1 16]          -     r            2159                                                          
   --------------------------------------------------------------------------------------------------------------------------------------------------------------
   RBB_15/AQ                   RBB_6L       15  [TILE 0 0, RBB 1 16]        800     r            2959     {inst112: scl_sync_FDSE_Q (FDR,site=aff)}            
   scl_sync[2]                 Net          20            (fanout=5)       1533                     -                                                          
   RBB_35/D1                   RBB_6L       35  [TILE 0 0, RBB 1 12]          -     r            4492                                                          
   RBB_35/D                    RBB_6L       35  [TILE 0 0, RBB 1 12]        694     r            5186     {inst115: scl_sync_LUT2_I0 (LUT,site=dlut)}          
   read_request_LUT4_I0_I1[3]  Net          97            (fanout=6)        920                     -                                                          
   RBB_20/B5                   RBB_6L       20  [TILE 0 0, RBB 4 14]          -     r            6106                                                          
   RBB_20/B                    RBB_6L       20  [TILE 0 0, RBB 4 14]        745     r            6851     {inst105: rx_shift_FDRE_Q_CE_LUT5_O (LUT,site=blut)} 
   rx_shift_FDRE_Q_CE[1]       Net         176            (fanout=6)       1357                     -                                                          
   RBB_34/A6                   RBB_6L       34  [TILE 0 0, RBB 1 18]          -     r            8208     {<CE>inst99: rx_shift_FDRE_Q_1 (FDRE,site=bff)}      
   --------------------------------------------------------------------------------------------------------------------------------------------------------------
   RBB_34/CLK                  RBB_6L       34  [TILE 0 0, RBB 1 18]        734     r            8942                                                          
   i_clk                       Clock net     2          (fanout=516)      -2319                     -                                                          
   i_clk                       CLOCK-PORT    -                     -    capture     r            6623                                                          
   --------------------------------------------------------------------------------------------------------------------------------------------------------------


Path 347:
   Slack (not met):                         -4662ps
     Path type:                               SETUP
     Group:                            <UDEF_i_clk>
     Launching clock:                         i_clk (rising edge)
     Capturing clock:                         i_clk (rising edge)

     Requested period:                       2000ps
   + Delay of the capturing clock:           2347ps
   - Clock uncertainty:                       150ps
   = Required time:                          4197ps
   - Propagation time:                       6700ps (45.6% logic, 54.4% route, logic stage 3)
   - Delay of the launching clock:           2159ps
   = Slack:                                 -4662ps

   Instance/Pin or Net Name    Type         ID     Location or Fanout   Delay(ps)  Edge  Arrival Time(ps)    Instance detail                                    
   ---------------------------------------------------------------------------------------------------------------------------------------------------------------
   i_clk                       CLOCK-PORT    -                      -     launch     r               0                                                          
   i_clk                       Clock net     2           (fanout=516)       2159                     -                                                          
   RBB_15/CLK                  RBB_6L       15   [TILE 0 0, RBB 1 16]          -     r            2159                                                          
   ---------------------------------------------------------------------------------------------------------------------------------------------------------------
   RBB_15/AQ                   RBB_6L       15   [TILE 0 0, RBB 1 16]        800     r            2959     {inst112: scl_sync_FDSE_Q (FDR,site=aff)}            
   scl_sync[2]                 Net          20             (fanout=5)       1533                     -                                                          
   RBB_35/D1                   RBB_6L       35   [TILE 0 0, RBB 1 12]          -     r            4492                                                          
   RBB_35/D                    RBB_6L       35   [TILE 0 0, RBB 1 12]        694     r            5186     {inst115: scl_sync_LUT2_I0 (LUT,site=dlut)}          
   read_request_LUT4_I0_I1[3]  Net          97             (fanout=6)        920                     -                                                          
   RBB_20/B5                   RBB_6L       20   [TILE 0 0, RBB 4 14]          -     r            6106                                                          
   RBB_20/B                    RBB_6L       20   [TILE 0 0, RBB 4 14]        745     r            6851     {inst105: rx_shift_FDRE_Q_CE_LUT5_O (LUT,site=blut)} 
   rx_shift_FDRE_Q_CE[1]       Net         176             (fanout=6)       1191                     -                                                          
   RBB_11/A6                   RBB_6L       11  [TILE 0 0, RBB 10 12]          -     r            8042     {<CE>inst102: rx_shift_FDRE_Q_4 (FDRE,site=dff)}     
   ---------------------------------------------------------------------------------------------------------------------------------------------------------------
   RBB_11/CLK                  RBB_6L       11  [TILE 0 0, RBB 10 12]        817     r            8859                                                          
   i_clk                       Clock net     2           (fanout=516)      -2347                     -                                                          
   i_clk                       CLOCK-PORT    -                      -    capture     r            6512                                                          
   ---------------------------------------------------------------------------------------------------------------------------------------------------------------


Path 348:
   Slack (not met):                         -4662ps
     Path type:                               SETUP
     Group:                            <UDEF_i_clk>
     Launching clock:                         i_clk (rising edge)
     Capturing clock:                         i_clk (rising edge)

     Requested period:                       2000ps
   + Delay of the capturing clock:           2347ps
   - Clock uncertainty:                       150ps
   = Required time:                          4197ps
   - Propagation time:                       6700ps (45.6% logic, 54.4% route, logic stage 3)
   - Delay of the launching clock:           2159ps
   = Slack:                                 -4662ps

   Instance/Pin or Net Name    Type         ID     Location or Fanout   Delay(ps)  Edge  Arrival Time(ps)    Instance detail                                    
   ---------------------------------------------------------------------------------------------------------------------------------------------------------------
   i_clk                       CLOCK-PORT    -                      -     launch     r               0                                                          
   i_clk                       Clock net     2           (fanout=516)       2159                     -                                                          
   RBB_15/CLK                  RBB_6L       15   [TILE 0 0, RBB 1 16]          -     r            2159                                                          
   ---------------------------------------------------------------------------------------------------------------------------------------------------------------
   RBB_15/AQ                   RBB_6L       15   [TILE 0 0, RBB 1 16]        800     r            2959     {inst112: scl_sync_FDSE_Q (FDR,site=aff)}            
   scl_sync[2]                 Net          20             (fanout=5)       1533                     -                                                          
   RBB_35/D1                   RBB_6L       35   [TILE 0 0, RBB 1 12]          -     r            4492                                                          
   RBB_35/D                    RBB_6L       35   [TILE 0 0, RBB 1 12]        694     r            5186     {inst115: scl_sync_LUT2_I0 (LUT,site=dlut)}          
   read_request_LUT4_I0_I1[3]  Net          97             (fanout=6)        920                     -                                                          
   RBB_20/B5                   RBB_6L       20   [TILE 0 0, RBB 4 14]          -     r            6106                                                          
   RBB_20/B                    RBB_6L       20   [TILE 0 0, RBB 4 14]        745     r            6851     {inst105: rx_shift_FDRE_Q_CE_LUT5_O (LUT,site=blut)} 
   rx_shift_FDRE_Q_CE[1]       Net         176             (fanout=6)       1191                     -                                                          
   RBB_11/A6                   RBB_6L       11  [TILE 0 0, RBB 10 12]          -     r            8042     {<CE>inst103: rx_shift_FDRE_Q_5 (FDRE,site=aff)}     
   ---------------------------------------------------------------------------------------------------------------------------------------------------------------
   RBB_11/CLK                  RBB_6L       11  [TILE 0 0, RBB 10 12]        817     r            8859                                                          
   i_clk                       Clock net     2           (fanout=516)      -2347                     -                                                          
   i_clk                       CLOCK-PORT    -                      -    capture     r            6512                                                          
   ---------------------------------------------------------------------------------------------------------------------------------------------------------------


Path 352:
   Slack (not met):                         -4458ps
     Path type:                               SETUP
     Group:                            <UDEF_i_clk>
     Launching clock:                         i_clk (rising edge)
     Capturing clock:                         i_clk (rising edge)

     Requested period:                       2000ps
   + Delay of the capturing clock:           2334ps
   - Clock uncertainty:                       150ps
   = Required time:                          4184ps
   - Propagation time:                       6483ps (45.9% logic, 54.1% route, logic stage 3)
   - Delay of the launching clock:           2159ps
   = Slack:                                 -4458ps

   Instance/Pin or Net Name    Type         ID    Location or Fanout   Delay(ps)  Edge  Arrival Time(ps)    Instance detail                                    
   --------------------------------------------------------------------------------------------------------------------------------------------------------------
   i_clk                       CLOCK-PORT    -                     -     launch     r               0                                                          
   i_clk                       Clock net     2          (fanout=516)       2159                     -                                                          
   RBB_15/CLK                  RBB_6L       15  [TILE 0 0, RBB 1 16]          -     r            2159                                                          
   --------------------------------------------------------------------------------------------------------------------------------------------------------------
   RBB_15/AQ                   RBB_6L       15  [TILE 0 0, RBB 1 16]        800     r            2959     {inst112: scl_sync_FDSE_Q (FDR,site=aff)}            
   scl_sync[2]                 Net          20            (fanout=5)       1533                     -                                                          
   RBB_35/D1                   RBB_6L       35  [TILE 0 0, RBB 1 12]          -     r            4492                                                          
   RBB_35/D                    RBB_6L       35  [TILE 0 0, RBB 1 12]        694     r            5186     {inst115: scl_sync_LUT2_I0 (LUT,site=dlut)}          
   read_request_LUT4_I0_I1[3]  Net          97            (fanout=6)        920                     -                                                          
   RBB_20/B5                   RBB_6L       20  [TILE 0 0, RBB 4 14]          -     r            6106                                                          
   RBB_20/B                    RBB_6L       20  [TILE 0 0, RBB 4 14]        745     r            6851     {inst105: rx_shift_FDRE_Q_CE_LUT5_O (LUT,site=blut)} 
   rx_shift_FDRE_Q_CE[1]       Net         176            (fanout=6)       1057                     -                                                          
   RBB_18/A6                   RBB_6L       18  [TILE 0 0, RBB 7 18]          -     r            7908     {<CE>inst101: rx_shift_FDRE_Q_3 (FDRE,site=cff)}     
   --------------------------------------------------------------------------------------------------------------------------------------------------------------
   RBB_18/CLK                  RBB_6L       18  [TILE 0 0, RBB 7 18]        734     r            8642                                                          
   i_clk                       Clock net     2          (fanout=516)      -2334                     -                                                          
   i_clk                       CLOCK-PORT    -                     -    capture     r            6308                                                          
   --------------------------------------------------------------------------------------------------------------------------------------------------------------


Path 66:
   Slack (not met):                         -4147ps
     Path type:                               SETUP
     Group:                            <UDEF_i_clk>
     Launching clock:                         i_clk (rising edge)
     Capturing clock:                         i_clk (rising edge)

     Requested period:                       2000ps
   + Delay of the capturing clock:           2311ps
   - Clock uncertainty:                       150ps
   = Required time:                          4161ps
   - Propagation time:                       6133ps (58.5% logic, 41.5% route, logic stage 2)
   - Delay of the launching clock:           2175ps
   = Slack:                                 -4147ps

   Instance/Pin or Net Name     Type         ID     Location or Fanout   Delay(ps)  Edge  Arrival Time(ps)    Instance detail                                                                                     
   -----------------------------------------------------------------------------------------------------------------------------------------------------------------------------------------------------------------
   i_clk                        CLOCK-PORT    -                      -     launch     r               0                                                                                                           
   i_clk                        Clock net     2           (fanout=516)       2175                     -                                                                                                           
   RBB_20/CLK                   RBB_6L       20   [TILE 0 0, RBB 4 14]          -     r            2175                                                                                                           
   -----------------------------------------------------------------------------------------------------------------------------------------------------------------------------------------------------------------
   RBB_20/CMUX                  RBB_6L       20   [TILE 0 0, RBB 4 14]       1379     r            3554     {inst135: state_FDRE_Q_3 (FDRE,site=cffo)}                                                            
   i_en_LUT5_I0_I3[1]           Net          55            (fanout=14)        871                     -                                                                                                           
   RBB_17/C4                    RBB_6L       17  [TILE 0 0, RBB 10 14]          -     r            4425                                                                                                           
   RBB_17/CMUX                  RBB_6L       17  [TILE 0 0, RBB 10 14]        786     r            5211     {inst183: tx_shift_FDRE_Q_D_MUXF8_O_S_INV_O (LUT,site=cluto)}                                         
   tx_shift_FDRE_Q_D_MUXF8_O_S  Net         100             (fanout=6)       1676                     -                                                                                                           
   RBB_23/B5                    RBB_6L       23   [TILE 0 0, RBB 4 24]          -     r            6887     {inst175: tx_shift_FDRE_Q_7_D_MUXF8_O (LUT,site=bluto)} {inst174: tx_shift_FDRE_Q_7 (FDRE,site=bffo)} 
   -----------------------------------------------------------------------------------------------------------------------------------------------------------------------------------------------------------------
   RBB_23/CLK                   RBB_6L       23   [TILE 0 0, RBB 4 24]       1421     r            8308                                                                                                           
   i_clk                        Clock net     2           (fanout=516)      -2311                     -                                                                                                           
   i_clk                        CLOCK-PORT    -                      -    capture     r            5997                                                                                                           
   -----------------------------------------------------------------------------------------------------------------------------------------------------------------------------------------------------------------


Path 67:
   Slack (not met):                         -4141ps
     Path type:                               SETUP
     Group:                            <UDEF_i_clk>
     Launching clock:                         i_clk (rising edge)
     Capturing clock:                         i_clk (rising edge)

     Requested period:                       2000ps
   + Delay of the capturing clock:           2311ps
   - Clock uncertainty:                       150ps
   = Required time:                          4161ps
   - Propagation time:                       6127ps (58.4% logic, 41.6% route, logic stage 2)
   - Delay of the launching clock:           2175ps
   = Slack:                                 -4141ps

   Instance/Pin or Net Name     Type         ID     Location or Fanout   Delay(ps)  Edge  Arrival Time(ps)    Instance detail                                                                                     
   -----------------------------------------------------------------------------------------------------------------------------------------------------------------------------------------------------------------
   i_clk                        CLOCK-PORT    -                      -     launch     r               0                                                                                                           
   i_clk                        Clock net     2           (fanout=516)       2175                     -                                                                                                           
   RBB_20/CLK                   RBB_6L       20   [TILE 0 0, RBB 4 14]          -     r            2175                                                                                                           
   -----------------------------------------------------------------------------------------------------------------------------------------------------------------------------------------------------------------
   RBB_20/CMUX                  RBB_6L       20   [TILE 0 0, RBB 4 14]       1379     r            3554     {inst135: state_FDRE_Q_3 (FDRE,site=cffo)}                                                            
   i_en_LUT5_I0_I3[1]           Net          55            (fanout=14)        871                     -                                                                                                           
   RBB_17/C4                    RBB_6L       17  [TILE 0 0, RBB 10 14]          -     r            4425                                                                                                           
   RBB_17/CMUX                  RBB_6L       17  [TILE 0 0, RBB 10 14]        786     r            5211     {inst183: tx_shift_FDRE_Q_D_MUXF8_O_S_INV_O (LUT,site=cluto)}                                         
   tx_shift_FDRE_Q_D_MUXF8_O_S  Net         100             (fanout=6)       1676                     -                                                                                                           
   RBB_23/C5                    RBB_6L       23   [TILE 0 0, RBB 4 24]          -     r            6887     {inst165: tx_shift_FDRE_Q_5_D_MUXF8_O (LUT,site=cluto)} {inst164: tx_shift_FDRE_Q_5 (FDRE,site=cffo)} 
   -----------------------------------------------------------------------------------------------------------------------------------------------------------------------------------------------------------------
   RBB_23/CLK                   RBB_6L       23   [TILE 0 0, RBB 4 24]       1415     r            8302                                                                                                           
   i_clk                        Clock net     2           (fanout=516)      -2311                     -                                                                                                           
   i_clk                        CLOCK-PORT    -                      -    capture     r            5991                                                                                                           
   -----------------------------------------------------------------------------------------------------------------------------------------------------------------------------------------------------------------


Path 64:
   Slack (not met):                         -4086ps
     Path type:                               SETUP
     Group:                            <UDEF_i_clk>
     Launching clock:                         i_clk (rising edge)
     Capturing clock:                         i_clk (rising edge)

     Requested period:                       2000ps
   + Delay of the capturing clock:           2311ps
   - Clock uncertainty:                       150ps
   = Required time:                          4161ps
   - Propagation time:                       6072ps (58.1% logic, 41.9% route, logic stage 2)
   - Delay of the launching clock:           2175ps
   = Slack:                                 -4086ps

   Instance/Pin or Net Name     Type         ID     Location or Fanout   Delay(ps)  Edge  Arrival Time(ps)    Instance detail                                                                                     
   -----------------------------------------------------------------------------------------------------------------------------------------------------------------------------------------------------------------
   i_clk                        CLOCK-PORT    -                      -     launch     r               0                                                                                                           
   i_clk                        Clock net     2           (fanout=516)       2175                     -                                                                                                           
   RBB_20/CLK                   RBB_6L       20   [TILE 0 0, RBB 4 14]          -     r            2175                                                                                                           
   -----------------------------------------------------------------------------------------------------------------------------------------------------------------------------------------------------------------
   RBB_20/CMUX                  RBB_6L       20   [TILE 0 0, RBB 4 14]       1379     r            3554     {inst135: state_FDRE_Q_3 (FDRE,site=cffo)}                                                            
   i_en_LUT5_I0_I3[1]           Net          55            (fanout=14)        871                     -                                                                                                           
   RBB_17/C4                    RBB_6L       17  [TILE 0 0, RBB 10 14]          -     r            4425                                                                                                           
   RBB_17/CMUX                  RBB_6L       17  [TILE 0 0, RBB 10 14]        786     r            5211     {inst183: tx_shift_FDRE_Q_D_MUXF8_O_S_INV_O (LUT,site=cluto)}                                         
   tx_shift_FDRE_Q_D_MUXF8_O_S  Net         100             (fanout=6)       1676                     -                                                                                                           
   RBB_23/D5                    RBB_6L       23   [TILE 0 0, RBB 4 24]          -     r            6887     {inst155: tx_shift_FDRE_Q_3_D_MUXF8_O (LUT,site=dluto)} {inst154: tx_shift_FDRE_Q_3 (FDRE,site=dffo)} 
   -----------------------------------------------------------------------------------------------------------------------------------------------------------------------------------------------------------------
   RBB_23/CLK                   RBB_6L       23   [TILE 0 0, RBB 4 24]       1360     r            8247                                                                                                           
   i_clk                        Clock net     2           (fanout=516)      -2311                     -                                                                                                           
   i_clk                        CLOCK-PORT    -                      -    capture     r            5936                                                                                                           
   -----------------------------------------------------------------------------------------------------------------------------------------------------------------------------------------------------------------


Path 353:
   Slack (not met):                         -4027ps
     Path type:                               SETUP
     Group:                            <UDEF_i_clk>
     Launching clock:                         i_clk (rising edge)
     Capturing clock:                         i_clk (rising edge)

     Requested period:                       2000ps
   + Delay of the capturing clock:           2318ps
   - Clock uncertainty:                       150ps
   = Required time:                          4168ps
   - Propagation time:                       5860ps (46.0% logic, 54.0% route, logic stage 2)
   - Delay of the launching clock:           2335ps
   = Slack:                                 -4027ps

   Instance/Pin or Net Name                Type         ID     Location or Fanout   Delay(ps)  Edge  Arrival Time(ps)    Instance detail                                                                                  
   -------------------------------------------------------------------------------------------------------------------------------------------------------------------------------------------------------------------------
   i_clk                                   CLOCK-PORT    -                      -     launch     r               0                                                                                                        
   i_clk                                   Clock net     2           (fanout=516)       2335                     -                                                                                                        
   RBB_16/CLK                              RBB_6L       16   [TILE 0 0, RBB 7 16]          -     r            2335                                                                                                        
   -------------------------------------------------------------------------------------------------------------------------------------------------------------------------------------------------------------------------
   RBB_16/DQ                               RBB_6L       16   [TILE 0 0, RBB 7 16]        800     r            3135     {inst26: bit_count_FDSE_Q (FDRE,site=dff)}                                                         
   i_en_LUT5_I0_I4[0]                      Net          93             (fanout=3)       1473                     -                                                                                                        
   RBB_11/C1                               RBB_6L       11  [TILE 0 0, RBB 10 12]          -     r            4608                                                                                                        
   RBB_11/CMUX                             RBB_6L       11  [TILE 0 0, RBB 10 12]       1137     r            5745     {inst42: i_en_LUT5_I0_O_LUT5_O_I1_CARRY4_O (CARRY4)}                                               
   i_en_LUT5_I0_O_LUT5_O_I1_CARRY4_O_O[3]  Net          37             (fanout=8)       1691                     -                                                                                                        
   RBB_25/C4                               RBB_6L       25   [TILE 0 0, RBB 1 20]          -     r            7436     {inst111: rx_shift_FDRE_Q_D_LUT5_O_5 (LUT,site=clut)} {inst104: rx_shift_FDRE_Q_6 (FDRE,site=cff)} 
   -------------------------------------------------------------------------------------------------------------------------------------------------------------------------------------------------------------------------
   RBB_25/CLK                              RBB_6L       25   [TILE 0 0, RBB 1 20]        759     r            8195                                                                                                        
   i_clk                                   Clock net     2           (fanout=516)      -2318                     -                                                                                                        
   i_clk                                   CLOCK-PORT    -                      -    capture     r            5877                                                                                                        
   -------------------------------------------------------------------------------------------------------------------------------------------------------------------------------------------------------------------------


Path 177:
   Slack (not met):                         -4013ps
     Path type:                               SETUP
     Group:                            <UDEF_i_clk>
     Launching clock:                         i_clk (rising edge)
     Capturing clock:                         i_clk (rising edge)

     Requested period:                       2000ps
   + Delay of the capturing clock:           2334ps
   - Clock uncertainty:                       150ps
   = Required time:                          4184ps
   - Propagation time:                       5862ps (50.3% logic, 49.7% route, logic stage 2)
   - Delay of the launching clock:           2335ps
   = Slack:                                 -4013ps

   Instance/Pin or Net Name   Type         ID     Location or Fanout   Delay(ps)  Edge  Arrival Time(ps)    Instance detail                                                                                       
   -----------------------------------------------------------------------------------------------------------------------------------------------------------------------------------------------------------------
   i_clk                      CLOCK-PORT    -                      -     launch     r               0                                                                                                             
   i_clk                      Clock net     2           (fanout=516)       2335                     -                                                                                                             
   RBB_16/CLK                 RBB_6L       16   [TILE 0 0, RBB 7 16]          -     r            2335                                                                                                             
   -----------------------------------------------------------------------------------------------------------------------------------------------------------------------------------------------------------------
   RBB_16/DQ                  RBB_6L       16   [TILE 0 0, RBB 7 16]        800     r            3135     {inst26: bit_count_FDSE_Q (FDRE,site=dff)}                                                              
   i_en_LUT5_I0_I4[0]         Net          93             (fanout=3)       1473                     -                                                                                                             
   RBB_11/C1                  RBB_6L       11  [TILE 0 0, RBB 10 12]          -     r            4608                                                                                                             
   RBB_11/DMUX                RBB_6L       11  [TILE 0 0, RBB 10 12]       1256     r            5864     {inst42: i_en_LUT5_I0_O_LUT5_O_I1_CARRY4_O (CARRY4)}                                                    
   i_en_LUT5_I0_O_LUT5_O_I1   Net          89             (fanout=6)       1438                     -                                                                                                             
   RBB_18/C5                  RBB_6L       18   [TILE 0 0, RBB 7 18]          -     r            7302     {inst46: i_en_LUT5_I0_O_LUT5_O_I1_LUT5_I4 (LUT,site=clut)} {inst101: rx_shift_FDRE_Q_3 (FDRE,site=cff)} 
   -----------------------------------------------------------------------------------------------------------------------------------------------------------------------------------------------------------------
   RBB_18/CLK                 RBB_6L       18   [TILE 0 0, RBB 7 18]        895     r            8197                                                                                                             
   i_clk                      Clock net     2           (fanout=516)      -2334                     -                                                                                                             
   i_clk                      CLOCK-PORT    -                      -    capture     r            5863                                                                                                             
   -----------------------------------------------------------------------------------------------------------------------------------------------------------------------------------------------------------------


Path 65:
   Slack (not met):                         -3986ps
     Path type:                               SETUP
     Group:                            <UDEF_i_clk>
     Launching clock:                         i_clk (rising edge)
     Capturing clock:                         i_clk (rising edge)

     Requested period:                       2000ps
   + Delay of the capturing clock:           2311ps
   - Clock uncertainty:                       150ps
   = Required time:                          4161ps
   - Propagation time:                       5972ps (57.4% logic, 42.6% route, logic stage 2)
   - Delay of the launching clock:           2175ps
   = Slack:                                 -3986ps

   Instance/Pin or Net Name     Type         ID     Location or Fanout   Delay(ps)  Edge  Arrival Time(ps)    Instance detail                                                                                     
   -----------------------------------------------------------------------------------------------------------------------------------------------------------------------------------------------------------------
   i_clk                        CLOCK-PORT    -                      -     launch     r               0                                                                                                           
   i_clk                        Clock net     2           (fanout=516)       2175                     -                                                                                                           
   RBB_20/CLK                   RBB_6L       20   [TILE 0 0, RBB 4 14]          -     r            2175                                                                                                           
   -----------------------------------------------------------------------------------------------------------------------------------------------------------------------------------------------------------------
   RBB_20/CMUX                  RBB_6L       20   [TILE 0 0, RBB 4 14]       1379     r            3554     {inst135: state_FDRE_Q_3 (FDRE,site=cffo)}                                                            
   i_en_LUT5_I0_I3[1]           Net          55            (fanout=14)        871                     -                                                                                                           
   RBB_17/C4                    RBB_6L       17  [TILE 0 0, RBB 10 14]          -     r            4425                                                                                                           
   RBB_17/CMUX                  RBB_6L       17  [TILE 0 0, RBB 10 14]        786     r            5211     {inst183: tx_shift_FDRE_Q_D_MUXF8_O_S_INV_O (LUT,site=cluto)}                                         
   tx_shift_FDRE_Q_D_MUXF8_O_S  Net         100             (fanout=6)       1676                     -                                                                                                           
   RBB_23/A5                    RBB_6L       23   [TILE 0 0, RBB 4 24]          -     r            6887     {inst145: tx_shift_FDRE_Q_1_D_MUXF8_O (LUT,site=aluto)} {inst144: tx_shift_FDRE_Q_1 (FDRE,site=affo)} 
   -----------------------------------------------------------------------------------------------------------------------------------------------------------------------------------------------------------------
   RBB_23/CLK                   RBB_6L       23   [TILE 0 0, RBB 4 24]       1260     r            8147                                                                                                           
   i_clk                        Clock net     2           (fanout=516)      -2311                     -                                                                                                           
   i_clk                        CLOCK-PORT    -                      -    capture     r            5836                                                                                                           
   -----------------------------------------------------------------------------------------------------------------------------------------------------------------------------------------------------------------


Path 68:
   Slack (not met):                         -3946ps
     Path type:                               SETUP
     Group:                            <UDEF_i_clk>
     Launching clock:                         i_clk (rising edge)
     Capturing clock:                         i_clk (rising edge)

     Requested period:                       2000ps
   + Delay of the capturing clock:           2311ps
   - Clock uncertainty:                       150ps
   = Required time:                          4161ps
   - Propagation time:                       5932ps (57.1% logic, 42.9% route, logic stage 2)
   - Delay of the launching clock:           2175ps
   = Slack:                                 -3946ps

   Instance/Pin or Net Name     Type         ID     Location or Fanout   Delay(ps)  Edge  Arrival Time(ps)    Instance detail                                                                                   
   ---------------------------------------------------------------------------------------------------------------------------------------------------------------------------------------------------------------
   i_clk                        CLOCK-PORT    -                      -     launch     r               0                                                                                                         
   i_clk                        Clock net     2           (fanout=516)       2175                     -                                                                                                         
   RBB_20/CLK                   RBB_6L       20   [TILE 0 0, RBB 4 14]          -     r            2175                                                                                                         
   ---------------------------------------------------------------------------------------------------------------------------------------------------------------------------------------------------------------
   RBB_20/CMUX                  RBB_6L       20   [TILE 0 0, RBB 4 14]       1379     r            3554     {inst135: state_FDRE_Q_3 (FDRE,site=cffo)}                                                          
   i_en_LUT5_I0_I3[1]           Net          55            (fanout=14)        871                     -                                                                                                         
   RBB_17/C4                    RBB_6L       17  [TILE 0 0, RBB 10 14]          -     r            4425                                                                                                         
   RBB_17/CMUX                  RBB_6L       17  [TILE 0 0, RBB 10 14]        786     r            5211     {inst183: tx_shift_FDRE_Q_D_MUXF8_O_S_INV_O (LUT,site=cluto)}                                       
   tx_shift_FDRE_Q_D_MUXF8_O_S  Net         100             (fanout=6)       1676                     -                                                                                                         
   RBB_23/D5                    RBB_6L       23   [TILE 0 0, RBB 4 24]          -     r            6887     {inst150: tx_shift_FDRE_Q_2_D_MUXF8_O (LUT,site=dlut)} {inst149: tx_shift_FDRE_Q_2 (FDRE,site=dff)} 
   ---------------------------------------------------------------------------------------------------------------------------------------------------------------------------------------------------------------
   RBB_23/CLK                   RBB_6L       23   [TILE 0 0, RBB 4 24]       1220     r            8107                                                                                                         
   i_clk                        Clock net     2           (fanout=516)      -2311                     -                                                                                                         
   i_clk                        CLOCK-PORT    -                      -    capture     r            5796                                                                                                         
   ---------------------------------------------------------------------------------------------------------------------------------------------------------------------------------------------------------------


Path 72:
   Slack (not met):                         -3863ps
     Path type:                               SETUP
     Group:                            <UDEF_i_clk>
     Launching clock:                         i_clk (rising edge)
     Capturing clock:                         i_clk (rising edge)

     Requested period:                       2000ps
   + Delay of the capturing clock:           2311ps
   - Clock uncertainty:                       150ps
   = Required time:                          4161ps
   - Propagation time:                       5849ps (56.5% logic, 43.5% route, logic stage 2)
   - Delay of the launching clock:           2175ps
   = Slack:                                 -3863ps

   Instance/Pin or Net Name     Type         ID     Location or Fanout   Delay(ps)  Edge  Arrival Time(ps)    Instance detail                                                                               
   -----------------------------------------------------------------------------------------------------------------------------------------------------------------------------------------------------------
   i_clk                        CLOCK-PORT    -                      -     launch     r               0                                                                                                     
   i_clk                        Clock net     2           (fanout=516)       2175                     -                                                                                                     
   RBB_20/CLK                   RBB_6L       20   [TILE 0 0, RBB 4 14]          -     r            2175                                                                                                     
   -----------------------------------------------------------------------------------------------------------------------------------------------------------------------------------------------------------
   RBB_20/CMUX                  RBB_6L       20   [TILE 0 0, RBB 4 14]       1379     r            3554     {inst135: state_FDRE_Q_3 (FDRE,site=cffo)}                                                      
   i_en_LUT5_I0_I3[1]           Net          55            (fanout=14)        871                     -                                                                                                     
   RBB_17/C4                    RBB_6L       17  [TILE 0 0, RBB 10 14]          -     r            4425                                                                                                     
   RBB_17/CMUX                  RBB_6L       17  [TILE 0 0, RBB 10 14]        786     r            5211     {inst183: tx_shift_FDRE_Q_D_MUXF8_O_S_INV_O (LUT,site=cluto)}                                   
   tx_shift_FDRE_Q_D_MUXF8_O_S  Net         100             (fanout=6)       1676                     -                                                                                                     
   RBB_23/A5                    RBB_6L       23   [TILE 0 0, RBB 4 24]          -     r            6887     {inst179: tx_shift_FDRE_Q_D_MUXF8_O (LUT,site=alut)} {inst143: tx_shift_FDRE_Q (FDRE,site=aff)} 
   -----------------------------------------------------------------------------------------------------------------------------------------------------------------------------------------------------------
   RBB_23/CLK                   RBB_6L       23   [TILE 0 0, RBB 4 24]       1137     r            8024                                                                                                     
   i_clk                        Clock net     2           (fanout=516)      -2311                     -                                                                                                     
   i_clk                        CLOCK-PORT    -                      -    capture     r            5713                                                                                                     
   -----------------------------------------------------------------------------------------------------------------------------------------------------------------------------------------------------------


Path 73:
   Slack (not met):                         -3845ps
     Path type:                               SETUP
     Group:                            <UDEF_i_clk>
     Launching clock:                         i_clk (rising edge)
     Capturing clock:                         i_clk (rising edge)

     Requested period:                       2000ps
   + Delay of the capturing clock:           2311ps
   - Clock uncertainty:                       150ps
   = Required time:                          4161ps
   - Propagation time:                       5831ps (56.3% logic, 43.7% route, logic stage 2)
   - Delay of the launching clock:           2175ps
   = Slack:                                 -3845ps

   Instance/Pin or Net Name     Type         ID     Location or Fanout   Delay(ps)  Edge  Arrival Time(ps)    Instance detail                                                                                   
   ---------------------------------------------------------------------------------------------------------------------------------------------------------------------------------------------------------------
   i_clk                        CLOCK-PORT    -                      -     launch     r               0                                                                                                         
   i_clk                        Clock net     2           (fanout=516)       2175                     -                                                                                                         
   RBB_20/CLK                   RBB_6L       20   [TILE 0 0, RBB 4 14]          -     r            2175                                                                                                         
   ---------------------------------------------------------------------------------------------------------------------------------------------------------------------------------------------------------------
   RBB_20/CMUX                  RBB_6L       20   [TILE 0 0, RBB 4 14]       1379     r            3554     {inst135: state_FDRE_Q_3 (FDRE,site=cffo)}                                                          
   i_en_LUT5_I0_I3[1]           Net          55            (fanout=14)        871                     -                                                                                                         
   RBB_17/C4                    RBB_6L       17  [TILE 0 0, RBB 10 14]          -     r            4425                                                                                                         
   RBB_17/CMUX                  RBB_6L       17  [TILE 0 0, RBB 10 14]        786     r            5211     {inst183: tx_shift_FDRE_Q_D_MUXF8_O_S_INV_O (LUT,site=cluto)}                                       
   tx_shift_FDRE_Q_D_MUXF8_O_S  Net         100             (fanout=6)       1676                     -                                                                                                         
   RBB_23/B5                    RBB_6L       23   [TILE 0 0, RBB 4 24]          -     r            6887     {inst170: tx_shift_FDRE_Q_6_D_MUXF8_O (LUT,site=blut)} {inst169: tx_shift_FDRE_Q_6 (FDRE,site=bff)} 
   ---------------------------------------------------------------------------------------------------------------------------------------------------------------------------------------------------------------
   RBB_23/CLK                   RBB_6L       23   [TILE 0 0, RBB 4 24]       1119     r            8006                                                                                                         
   i_clk                        Clock net     2           (fanout=516)      -2311                     -                                                                                                         
   i_clk                        CLOCK-PORT    -                      -    capture     r            5695                                                                                                         
   ---------------------------------------------------------------------------------------------------------------------------------------------------------------------------------------------------------------


Path 69:
   Slack (not met):                         -3842ps
     Path type:                               SETUP
     Group:                            <UDEF_i_clk>
     Launching clock:                         i_clk (rising edge)
     Capturing clock:                         i_clk (rising edge)

     Requested period:                       2000ps
   + Delay of the capturing clock:           2311ps
   - Clock uncertainty:                       150ps
   = Required time:                          4161ps
   - Propagation time:                       5828ps (56.3% logic, 43.7% route, logic stage 2)
   - Delay of the launching clock:           2175ps
   = Slack:                                 -3842ps

   Instance/Pin or Net Name     Type         ID     Location or Fanout   Delay(ps)  Edge  Arrival Time(ps)    Instance detail                                                                                   
   ---------------------------------------------------------------------------------------------------------------------------------------------------------------------------------------------------------------
   i_clk                        CLOCK-PORT    -                      -     launch     r               0                                                                                                         
   i_clk                        Clock net     2           (fanout=516)       2175                     -                                                                                                         
   RBB_20/CLK                   RBB_6L       20   [TILE 0 0, RBB 4 14]          -     r            2175                                                                                                         
   ---------------------------------------------------------------------------------------------------------------------------------------------------------------------------------------------------------------
   RBB_20/CMUX                  RBB_6L       20   [TILE 0 0, RBB 4 14]       1379     r            3554     {inst135: state_FDRE_Q_3 (FDRE,site=cffo)}                                                          
   i_en_LUT5_I0_I3[1]           Net          55            (fanout=14)        871                     -                                                                                                         
   RBB_17/C4                    RBB_6L       17  [TILE 0 0, RBB 10 14]          -     r            4425                                                                                                         
   RBB_17/CMUX                  RBB_6L       17  [TILE 0 0, RBB 10 14]        786     r            5211     {inst183: tx_shift_FDRE_Q_D_MUXF8_O_S_INV_O (LUT,site=cluto)}                                       
   tx_shift_FDRE_Q_D_MUXF8_O_S  Net         100             (fanout=6)       1676                     -                                                                                                         
   RBB_23/C5                    RBB_6L       23   [TILE 0 0, RBB 4 24]          -     r            6887     {inst160: tx_shift_FDRE_Q_4_D_MUXF8_O (LUT,site=clut)} {inst159: tx_shift_FDRE_Q_4 (FDRE,site=cff)} 
   ---------------------------------------------------------------------------------------------------------------------------------------------------------------------------------------------------------------
   RBB_23/CLK                   RBB_6L       23   [TILE 0 0, RBB 4 24]       1116     r            8003                                                                                                         
   i_clk                        Clock net     2           (fanout=516)      -2311                     -                                                                                                         
   i_clk                        CLOCK-PORT    -                      -    capture     r            5692                                                                                                         
   ---------------------------------------------------------------------------------------------------------------------------------------------------------------------------------------------------------------


Path 354:
   Slack (not met):                         -3788ps
     Path type:                               SETUP
     Group:                            <UDEF_i_clk>
     Launching clock:                         i_clk (rising edge)
     Capturing clock:                         i_clk (rising edge)

     Requested period:                       2000ps
   + Delay of the capturing clock:           2319ps
   - Clock uncertainty:                       150ps
   = Required time:                          4169ps
   - Propagation time:                       5622ps (50.1% logic, 49.9% route, logic stage 2)
   - Delay of the launching clock:           2335ps
   = Slack:                                 -3788ps

   Instance/Pin or Net Name                Type         ID     Location or Fanout   Delay(ps)  Edge  Arrival Time(ps)    Instance detail                                                                             
   --------------------------------------------------------------------------------------------------------------------------------------------------------------------------------------------------------------------
   i_clk                                   CLOCK-PORT    -                      -     launch     r               0                                                                                                   
   i_clk                                   Clock net     2           (fanout=516)       2335                     -                                                                                                   
   RBB_16/CLK                              RBB_6L       16   [TILE 0 0, RBB 7 16]          -     r            2335                                                                                                   
   --------------------------------------------------------------------------------------------------------------------------------------------------------------------------------------------------------------------
   RBB_16/DQ                               RBB_6L       16   [TILE 0 0, RBB 7 16]        800     r            3135     {inst26: bit_count_FDSE_Q (FDRE,site=dff)}                                                    
   i_en_LUT5_I0_I4[0]                      Net          93             (fanout=3)       1473                     -                                                                                                   
   RBB_11/C1                               RBB_6L       11  [TILE 0 0, RBB 10 12]          -     r            4608                                                                                                   
   RBB_11/CMUX                             RBB_6L       11  [TILE 0 0, RBB 10 12]       1137     r            5745     {inst42: i_en_LUT5_I0_O_LUT5_O_I1_CARRY4_O (CARRY4)}                                          
   i_en_LUT5_I0_O_LUT5_O_I1_CARRY4_O_O[3]  Net          37             (fanout=8)       1331                     -                                                                                                   
   RBB_34/C2                               RBB_6L       34   [TILE 0 0, RBB 1 18]          -     r            7076     {inst106: rx_shift_FDRE_Q_D_LUT5_O (LUT,site=clut)} {inst98: rx_shift_FDRE_Q (FDRE,site=cff)} 
   --------------------------------------------------------------------------------------------------------------------------------------------------------------------------------------------------------------------
   RBB_34/CLK                              RBB_6L       34   [TILE 0 0, RBB 1 18]        881     r            7957                                                                                                   
   i_clk                                   Clock net     2           (fanout=516)      -2319                     -                                                                                                   
   i_clk                                   CLOCK-PORT    -                      -    capture     r            5638                                                                                                   
   --------------------------------------------------------------------------------------------------------------------------------------------------------------------------------------------------------------------


Path 78:
   Slack (not met):                         -3767ps
     Path type:                               SETUP
     Group:                            <UDEF_i_clk>
     Launching clock:                         i_clk (rising edge)
     Capturing clock:                         i_clk (rising edge)

     Requested period:                       2000ps
   + Delay of the capturing clock:           2318ps
   - Clock uncertainty:                       150ps
   = Required time:                          4168ps
   - Propagation time:                       5588ps (51.7% logic, 48.3% route, logic stage 2)
   - Delay of the launching clock:           2347ps
   = Slack:                                 -3767ps

   Instance/Pin or Net Name                Type         ID     Location or Fanout   Delay(ps)  Edge  Arrival Time(ps)    Instance detail                                                                                  
   -------------------------------------------------------------------------------------------------------------------------------------------------------------------------------------------------------------------------
   i_clk                                   CLOCK-PORT    -                      -     launch     r               0                                                                                                        
   i_clk                                   Clock net     2           (fanout=516)       2347                     -                                                                                                        
   RBB_17/CLK                              RBB_6L       17  [TILE 0 0, RBB 10 14]          -     r            2347                                                                                                        
   -------------------------------------------------------------------------------------------------------------------------------------------------------------------------------------------------------------------------
   RBB_17/DQ                               RBB_6L       17  [TILE 0 0, RBB 10 14]        800     r            3147     {inst28: bit_count_FDSE_Q_2 (FDRE,site=dff)}                                                       
   i_en_LUT5_I0_O_LUT5_O_I1_CARRY4_O_O[1]  Net          35            (fanout=10)       1165                     -                                                                                                        
   RBB_11/A5                               RBB_6L       11  [TILE 0 0, RBB 10 12]          -     r            4312                                                                                                        
   RBB_11/BMUX                             RBB_6L       11  [TILE 0 0, RBB 10 12]       1255     r            5567     {inst42: i_en_LUT5_I0_O_LUT5_O_I1_CARRY4_O (CARRY4)}                                               
   i_en_LUT5_I0_O_LUT5_O_I1_CARRY4_O_O[2]  Net          36             (fanout=9)       1536                     -                                                                                                        
   RBB_25/C3                               RBB_6L       25   [TILE 0 0, RBB 1 20]          -     r            7103     {inst111: rx_shift_FDRE_Q_D_LUT5_O_5 (LUT,site=clut)} {inst104: rx_shift_FDRE_Q_6 (FDRE,site=cff)} 
   -------------------------------------------------------------------------------------------------------------------------------------------------------------------------------------------------------------------------
   RBB_25/CLK                              RBB_6L       25   [TILE 0 0, RBB 1 20]        832     r            7935                                                                                                        
   i_clk                                   Clock net     2           (fanout=516)      -2318                     -                                                                                                        
   i_clk                                   CLOCK-PORT    -                      -    capture     r            5617                                                                                                        
   -------------------------------------------------------------------------------------------------------------------------------------------------------------------------------------------------------------------------


Path 355:
   Slack (not met):                         -3755ps
     Path type:                               SETUP
     Group:                            <UDEF_i_clk>
     Launching clock:                         i_clk (rising edge)
     Capturing clock:                         i_clk (rising edge)

     Requested period:                       2000ps
   + Delay of the capturing clock:           2319ps
   - Clock uncertainty:                       150ps
   = Required time:                          4169ps
   - Propagation time:                       5589ps (49.7% logic, 50.3% route, logic stage 2)
   - Delay of the launching clock:           2335ps
   = Slack:                                 -3755ps

   Instance/Pin or Net Name                Type         ID     Location or Fanout   Delay(ps)  Edge  Arrival Time(ps)    Instance detail                                                                                  
   -------------------------------------------------------------------------------------------------------------------------------------------------------------------------------------------------------------------------
   i_clk                                   CLOCK-PORT    -                      -     launch     r               0                                                                                                        
   i_clk                                   Clock net     2           (fanout=516)       2335                     -                                                                                                        
   RBB_16/CLK                              RBB_6L       16   [TILE 0 0, RBB 7 16]          -     r            2335                                                                                                        
   -------------------------------------------------------------------------------------------------------------------------------------------------------------------------------------------------------------------------
   RBB_16/DQ                               RBB_6L       16   [TILE 0 0, RBB 7 16]        800     r            3135     {inst26: bit_count_FDSE_Q (FDRE,site=dff)}                                                         
   i_en_LUT5_I0_I4[0]                      Net          93             (fanout=3)       1473                     -                                                                                                        
   RBB_11/C1                               RBB_6L       11  [TILE 0 0, RBB 10 12]          -     r            4608                                                                                                        
   RBB_11/CMUX                             RBB_6L       11  [TILE 0 0, RBB 10 12]       1137     r            5745     {inst42: i_en_LUT5_I0_O_LUT5_O_I1_CARRY4_O (CARRY4)}                                               
   i_en_LUT5_I0_O_LUT5_O_I1_CARRY4_O_O[3]  Net          37             (fanout=8)       1336                     -                                                                                                        
   RBB_34/A2                               RBB_6L       34   [TILE 0 0, RBB 1 18]          -     r            7081     {inst108: rx_shift_FDRE_Q_D_LUT5_O_2 (LUT,site=alut)} {inst100: rx_shift_FDRE_Q_2 (FDRE,site=aff)} 
   -------------------------------------------------------------------------------------------------------------------------------------------------------------------------------------------------------------------------
   RBB_34/CLK                              RBB_6L       34   [TILE 0 0, RBB 1 18]        843     r            7924                                                                                                        
   i_clk                                   Clock net     2           (fanout=516)      -2319                     -                                                                                                        
   i_clk                                   CLOCK-PORT    -                      -    capture     r            5605                                                                                                        
   -------------------------------------------------------------------------------------------------------------------------------------------------------------------------------------------------------------------------


Path 77:
   Slack (not met):                         -3729ps
     Path type:                               SETUP
     Group:                            <UDEF_i_clk>
     Launching clock:                         i_clk (rising edge)
     Capturing clock:                         i_clk (rising edge)

     Requested period:                       2000ps
   + Delay of the capturing clock:           2319ps
   - Clock uncertainty:                       150ps
   = Required time:                          4169ps
   - Propagation time:                       5551ps (54.0% logic, 46.0% route, logic stage 2)
   - Delay of the launching clock:           2347ps
   = Slack:                                 -3729ps

   Instance/Pin or Net Name                Type         ID     Location or Fanout   Delay(ps)  Edge  Arrival Time(ps)    Instance detail                                                                                  
   -------------------------------------------------------------------------------------------------------------------------------------------------------------------------------------------------------------------------
   i_clk                                   CLOCK-PORT    -                      -     launch     r               0                                                                                                        
   i_clk                                   Clock net     2           (fanout=516)       2347                     -                                                                                                        
   RBB_17/CLK                              RBB_6L       17  [TILE 0 0, RBB 10 14]          -     r            2347                                                                                                        
   -------------------------------------------------------------------------------------------------------------------------------------------------------------------------------------------------------------------------
   RBB_17/DQ                               RBB_6L       17  [TILE 0 0, RBB 10 14]        800     r            3147     {inst28: bit_count_FDSE_Q_2 (FDRE,site=dff)}                                                       
   i_en_LUT5_I0_O_LUT5_O_I1_CARRY4_O_O[1]  Net          35            (fanout=10)       1165                     -                                                                                                        
   RBB_11/A5                               RBB_6L       11  [TILE 0 0, RBB 10 12]          -     r            4312                                                                                                        
   RBB_11/BMUX                             RBB_6L       11  [TILE 0 0, RBB 10 12]       1255     r            5567     {inst42: i_en_LUT5_I0_O_LUT5_O_I1_CARRY4_O (CARRY4)}                                               
   i_en_LUT5_I0_O_LUT5_O_I1_CARRY4_O_O[2]  Net          36             (fanout=9)       1387                     -                                                                                                        
   RBB_34/A3                               RBB_6L       34   [TILE 0 0, RBB 1 18]          -     r            6954     {inst108: rx_shift_FDRE_Q_D_LUT5_O_2 (LUT,site=alut)} {inst100: rx_shift_FDRE_Q_2 (FDRE,site=aff)} 
   -------------------------------------------------------------------------------------------------------------------------------------------------------------------------------------------------------------------------
   RBB_34/CLK                              RBB_6L       34   [TILE 0 0, RBB 1 18]        944     r            7898                                                                                                        
   i_clk                                   Clock net     2           (fanout=516)      -2319                     -                                                                                                        
   i_clk                                   CLOCK-PORT    -                      -    capture     r            5579                                                                                                        
   -------------------------------------------------------------------------------------------------------------------------------------------------------------------------------------------------------------------------


Path 356:
   Slack (not met):                         -3729ps
     Path type:                               SETUP
     Group:                            <UDEF_i_clk>
     Launching clock:                         i_clk (rising edge)
     Capturing clock:                         i_clk (rising edge)

     Requested period:                       2000ps
   + Delay of the capturing clock:           2319ps
   - Clock uncertainty:                       150ps
   = Required time:                          4169ps
   - Propagation time:                       5563ps (49.2% logic, 50.8% route, logic stage 2)
   - Delay of the launching clock:           2335ps
   = Slack:                                 -3729ps

   Instance/Pin or Net Name                Type         ID     Location or Fanout   Delay(ps)  Edge  Arrival Time(ps)    Instance detail                                                                                 
   ------------------------------------------------------------------------------------------------------------------------------------------------------------------------------------------------------------------------
   i_clk                                   CLOCK-PORT    -                      -     launch     r               0                                                                                                       
   i_clk                                   Clock net     2           (fanout=516)       2335                     -                                                                                                       
   RBB_16/CLK                              RBB_6L       16   [TILE 0 0, RBB 7 16]          -     r            2335                                                                                                       
   ------------------------------------------------------------------------------------------------------------------------------------------------------------------------------------------------------------------------
   RBB_16/DQ                               RBB_6L       16   [TILE 0 0, RBB 7 16]        800     r            3135     {inst26: bit_count_FDSE_Q (FDRE,site=dff)}                                                        
   i_en_LUT5_I0_I4[0]                      Net          93             (fanout=3)       1473                     -                                                                                                       
   RBB_11/C1                               RBB_6L       11  [TILE 0 0, RBB 10 12]          -     r            4608                                                                                                       
   RBB_11/CMUX                             RBB_6L       11  [TILE 0 0, RBB 10 12]       1137     r            5745     {inst42: i_en_LUT5_I0_O_LUT5_O_I1_CARRY4_O (CARRY4)}                                              
   i_en_LUT5_I0_O_LUT5_O_I1_CARRY4_O_O[3]  Net          37             (fanout=8)       1351                     -                                                                                                       
   RBB_34/B2                               RBB_6L       34   [TILE 0 0, RBB 1 18]          -     r            7096     {inst107: rx_shift_FDRE_Q_D_LUT5_O_1 (LUT,site=blut)} {inst99: rx_shift_FDRE_Q_1 (FDRE,site=bff)} 
   ------------------------------------------------------------------------------------------------------------------------------------------------------------------------------------------------------------------------
   RBB_34/CLK                              RBB_6L       34   [TILE 0 0, RBB 1 18]        802     r            7898                                                                                                       
   i_clk                                   Clock net     2           (fanout=516)      -2319                     -                                                                                                       
   i_clk                                   CLOCK-PORT    -                      -    capture     r            5579                                                                                                       
   ------------------------------------------------------------------------------------------------------------------------------------------------------------------------------------------------------------------------


Path 82:
   Slack (not met):                         -3561ps
     Path type:                               SETUP
     Group:                            <UDEF_i_clk>
     Launching clock:                         i_clk (rising edge)
     Capturing clock:                         i_clk (rising edge)

     Requested period:                       2000ps
   + Delay of the capturing clock:           2319ps
   - Clock uncertainty:                       150ps
   = Required time:                          4169ps
   - Propagation time:                       5383ps (53.0% logic, 47.0% route, logic stage 2)
   - Delay of the launching clock:           2347ps
   = Slack:                                 -3561ps

   Instance/Pin or Net Name                Type         ID     Location or Fanout   Delay(ps)  Edge  Arrival Time(ps)    Instance detail                                                                                 
   ------------------------------------------------------------------------------------------------------------------------------------------------------------------------------------------------------------------------
   i_clk                                   CLOCK-PORT    -                      -     launch     r               0                                                                                                       
   i_clk                                   Clock net     2           (fanout=516)       2347                     -                                                                                                       
   RBB_17/CLK                              RBB_6L       17  [TILE 0 0, RBB 10 14]          -     r            2347                                                                                                       
   ------------------------------------------------------------------------------------------------------------------------------------------------------------------------------------------------------------------------
   RBB_17/DQ                               RBB_6L       17  [TILE 0 0, RBB 10 14]        800     r            3147     {inst28: bit_count_FDSE_Q_2 (FDRE,site=dff)}                                                      
   i_en_LUT5_I0_O_LUT5_O_I1_CARRY4_O_O[1]  Net          35            (fanout=10)       1165                     -                                                                                                       
   RBB_11/A5                               RBB_6L       11  [TILE 0 0, RBB 10 12]          -     r            4312                                                                                                       
   RBB_11/BMUX                             RBB_6L       11  [TILE 0 0, RBB 10 12]       1255     r            5567     {inst42: i_en_LUT5_I0_O_LUT5_O_I1_CARRY4_O (CARRY4)}                                              
   i_en_LUT5_I0_O_LUT5_O_I1_CARRY4_O_O[2]  Net          36             (fanout=9)       1365                     -                                                                                                       
   RBB_34/B3                               RBB_6L       34   [TILE 0 0, RBB 1 18]          -     r            6932     {inst107: rx_shift_FDRE_Q_D_LUT5_O_1 (LUT,site=blut)} {inst99: rx_shift_FDRE_Q_1 (FDRE,site=bff)} 
   ------------------------------------------------------------------------------------------------------------------------------------------------------------------------------------------------------------------------
   RBB_34/CLK                              RBB_6L       34   [TILE 0 0, RBB 1 18]        798     r            7730                                                                                                       
   i_clk                                   Clock net     2           (fanout=516)      -2319                     -                                                                                                       
   i_clk                                   CLOCK-PORT    -                      -    capture     r            5411                                                                                                       
   ------------------------------------------------------------------------------------------------------------------------------------------------------------------------------------------------------------------------


Path 80:
   Slack (not met):                         -3527ps
     Path type:                               SETUP
     Group:                            <UDEF_i_clk>
     Launching clock:                         i_clk (rising edge)
     Capturing clock:                         i_clk (rising edge)

     Requested period:                       2000ps
   + Delay of the capturing clock:           2319ps
   - Clock uncertainty:                       150ps
   = Required time:                          4169ps
   - Propagation time:                       5349ps (52.5% logic, 47.5% route, logic stage 2)
   - Delay of the launching clock:           2347ps
   = Slack:                                 -3527ps

   Instance/Pin or Net Name                Type         ID     Location or Fanout   Delay(ps)  Edge  Arrival Time(ps)    Instance detail                                                                             
   --------------------------------------------------------------------------------------------------------------------------------------------------------------------------------------------------------------------
   i_clk                                   CLOCK-PORT    -                      -     launch     r               0                                                                                                   
   i_clk                                   Clock net     2           (fanout=516)       2347                     -                                                                                                   
   RBB_17/CLK                              RBB_6L       17  [TILE 0 0, RBB 10 14]          -     r            2347                                                                                                   
   --------------------------------------------------------------------------------------------------------------------------------------------------------------------------------------------------------------------
   RBB_17/DQ                               RBB_6L       17  [TILE 0 0, RBB 10 14]        800     r            3147     {inst28: bit_count_FDSE_Q_2 (FDRE,site=dff)}                                                  
   i_en_LUT5_I0_O_LUT5_O_I1_CARRY4_O_O[1]  Net          35            (fanout=10)       1165                     -                                                                                                   
   RBB_11/A5                               RBB_6L       11  [TILE 0 0, RBB 10 12]          -     r            4312                                                                                                   
   RBB_11/BMUX                             RBB_6L       11  [TILE 0 0, RBB 10 12]       1255     r            5567     {inst42: i_en_LUT5_I0_O_LUT5_O_I1_CARRY4_O (CARRY4)}                                          
   i_en_LUT5_I0_O_LUT5_O_I1_CARRY4_O_O[2]  Net          36             (fanout=9)       1375                     -                                                                                                   
   RBB_34/C3                               RBB_6L       34   [TILE 0 0, RBB 1 18]          -     r            6942     {inst106: rx_shift_FDRE_Q_D_LUT5_O (LUT,site=clut)} {inst98: rx_shift_FDRE_Q (FDRE,site=cff)} 
   --------------------------------------------------------------------------------------------------------------------------------------------------------------------------------------------------------------------
   RBB_34/CLK                              RBB_6L       34   [TILE 0 0, RBB 1 18]        754     r            7696                                                                                                   
   i_clk                                   Clock net     2           (fanout=516)      -2319                     -                                                                                                   
   i_clk                                   CLOCK-PORT    -                      -    capture     r            5377                                                                                                   
   --------------------------------------------------------------------------------------------------------------------------------------------------------------------------------------------------------------------


Path 79:
   Slack (not met):                         -3431ps
     Path type:                               SETUP
     Group:                            <UDEF_i_clk>
     Launching clock:                         i_clk (rising edge)
     Capturing clock:                         i_clk (rising edge)

     Requested period:                       2000ps
   + Delay of the capturing clock:           2335ps
   - Clock uncertainty:                       150ps
   = Required time:                          4185ps
   - Propagation time:                       5269ps (55.7% logic, 44.3% route, logic stage 2)
   - Delay of the launching clock:           2347ps
   = Slack:                                 -3431ps

   Instance/Pin or Net Name                Type         ID     Location or Fanout   Delay(ps)  Edge  Arrival Time(ps)    Instance detail                                                                                                          
   -------------------------------------------------------------------------------------------------------------------------------------------------------------------------------------------------------------------------------------------------
   i_clk                                   CLOCK-PORT    -                      -     launch     r               0                                                                                                                                
   i_clk                                   Clock net     2           (fanout=516)       2347                     -                                                                                                                                
   RBB_17/CLK                              RBB_6L       17  [TILE 0 0, RBB 10 14]          -     r            2347                                                                                                                                
   -------------------------------------------------------------------------------------------------------------------------------------------------------------------------------------------------------------------------------------------------
   RBB_17/DQ                               RBB_6L       17  [TILE 0 0, RBB 10 14]        800     r            3147     {inst28: bit_count_FDSE_Q_2 (FDRE,site=dff)}                                                                               
   i_en_LUT5_I0_O_LUT5_O_I1_CARRY4_O_O[1]  Net          35            (fanout=10)       1165                     -                                                                                                                                
   RBB_11/A5                               RBB_6L       11  [TILE 0 0, RBB 10 12]          -     r            4312                                                                                                                                
   RBB_11/BMUX                             RBB_6L       11  [TILE 0 0, RBB 10 12]       1255     r            5567     {inst42: i_en_LUT5_I0_O_LUT5_O_I1_CARRY4_O (CARRY4)}                                                                       
   i_en_LUT5_I0_O_LUT5_O_I1_CARRY4_O_O[2]  Net          36             (fanout=9)       1168                     -                                                                                                                                
   RBB_16/C1                               RBB_6L       16   [TILE 0 0, RBB 7 16]          -     r            6735     {inst77: read_request_LUT4_I0_1_I3_LUT4_I2_O_LUT6_I4_1 (LUT,site=clut,cluto)} {inst27: bit_count_FDSE_Q_1 (FDRE,site=cff)} 
   -------------------------------------------------------------------------------------------------------------------------------------------------------------------------------------------------------------------------------------------------
   RBB_16/CLK                              RBB_6L       16   [TILE 0 0, RBB 7 16]        881     r            7616                                                                                                                                
   i_clk                                   Clock net     2           (fanout=516)      -2335                     -                                                                                                                                
   i_clk                                   CLOCK-PORT    -                      -    capture     r            5281                                                                                                                                
   -------------------------------------------------------------------------------------------------------------------------------------------------------------------------------------------------------------------------------------------------


Path 357:
   Slack (not met):                         -3379ps
     Path type:                               SETUP
     Group:                            <UDEF_i_clk>
     Launching clock:                         i_clk (rising edge)
     Capturing clock:                         i_clk (rising edge)

     Requested period:                       2000ps
   + Delay of the capturing clock:           2335ps
   - Clock uncertainty:                       150ps
   = Required time:                          4185ps
   - Propagation time:                       5229ps (54.7% logic, 45.3% route, logic stage 2)
   - Delay of the launching clock:           2335ps
   = Slack:                                 -3379ps

   Instance/Pin or Net Name                Type         ID     Location or Fanout   Delay(ps)  Edge  Arrival Time(ps)    Instance detail                                                                                                      
   ---------------------------------------------------------------------------------------------------------------------------------------------------------------------------------------------------------------------------------------------
   i_clk                                   CLOCK-PORT    -                      -     launch     r               0                                                                                                                            
   i_clk                                   Clock net     2           (fanout=516)       2335                     -                                                                                                                            
   RBB_16/CLK                              RBB_6L       16   [TILE 0 0, RBB 7 16]          -     r            2335                                                                                                                            
   ---------------------------------------------------------------------------------------------------------------------------------------------------------------------------------------------------------------------------------------------
   RBB_16/DQ                               RBB_6L       16   [TILE 0 0, RBB 7 16]        800     r            3135     {inst26: bit_count_FDSE_Q (FDRE,site=dff)}                                                                             
   i_en_LUT5_I0_I4[0]                      Net          93             (fanout=3)       1473                     -                                                                                                                            
   RBB_11/C1                               RBB_6L       11  [TILE 0 0, RBB 10 12]          -     r            4608                                                                                                                            
   RBB_11/CMUX                             RBB_6L       11  [TILE 0 0, RBB 10 12]       1137     r            5745     {inst42: i_en_LUT5_I0_O_LUT5_O_I1_CARRY4_O (CARRY4)}                                                                   
   i_en_LUT5_I0_O_LUT5_O_I1_CARRY4_O_O[3]  Net          37             (fanout=8)        894                     -                                                                                                                            
   RBB_16/D1                               RBB_6L       16   [TILE 0 0, RBB 7 16]          -     r            6639     {inst76: read_request_LUT4_I0_1_I3_LUT4_I2_O_LUT6_I4 (LUT,site=dlut,dluto)} {inst26: bit_count_FDSE_Q (FDRE,site=dff)} 
   ---------------------------------------------------------------------------------------------------------------------------------------------------------------------------------------------------------------------------------------------
   RBB_16/CLK                              RBB_6L       16   [TILE 0 0, RBB 7 16]        925     r            7564                                                                                                                            
   i_clk                                   Clock net     2           (fanout=516)      -2335                     -                                                                                                                            
   i_clk                                   CLOCK-PORT    -                      -    capture     r            5229                                                                                                                            
   ---------------------------------------------------------------------------------------------------------------------------------------------------------------------------------------------------------------------------------------------


Path 83:
   Slack (not met):                         -3216ps
     Path type:                               SETUP
     Group:                            <UDEF_i_clk>
     Launching clock:                         i_clk (rising edge)
     Capturing clock:                         i_clk (rising edge)

     Requested period:                       2000ps
   + Delay of the capturing clock:           2334ps
   - Clock uncertainty:                       150ps
   = Required time:                          4184ps
   - Propagation time:                       5053ps (53.9% logic, 46.1% route, logic stage 2)
   - Delay of the launching clock:           2347ps
   = Slack:                                 -3216ps

   Instance/Pin or Net Name                Type         ID     Location or Fanout   Delay(ps)  Edge  Arrival Time(ps)    Instance detail                                                                                       
   ------------------------------------------------------------------------------------------------------------------------------------------------------------------------------------------------------------------------------
   i_clk                                   CLOCK-PORT    -                      -     launch     r               0                                                                                                             
   i_clk                                   Clock net     2           (fanout=516)       2347                     -                                                                                                             
   RBB_17/CLK                              RBB_6L       17  [TILE 0 0, RBB 10 14]          -     r            2347                                                                                                             
   ------------------------------------------------------------------------------------------------------------------------------------------------------------------------------------------------------------------------------
   RBB_17/DQ                               RBB_6L       17  [TILE 0 0, RBB 10 14]        800     r            3147     {inst28: bit_count_FDSE_Q_2 (FDRE,site=dff)}                                                            
   i_en_LUT5_I0_O_LUT5_O_I1_CARRY4_O_O[1]  Net          35            (fanout=10)       1165                     -                                                                                                             
   RBB_11/A5                               RBB_6L       11  [TILE 0 0, RBB 10 12]          -     r            4312                                                                                                             
   RBB_11/BMUX                             RBB_6L       11  [TILE 0 0, RBB 10 12]       1255     r            5567     {inst42: i_en_LUT5_I0_O_LUT5_O_I1_CARRY4_O (CARRY4)}                                                    
   i_en_LUT5_I0_O_LUT5_O_I1_CARRY4_O_O[2]  Net          36             (fanout=9)       1166                     -                                                                                                             
   RBB_18/C6                               RBB_6L       18   [TILE 0 0, RBB 7 18]          -     r            6733     {inst46: i_en_LUT5_I0_O_LUT5_O_I1_LUT5_I4 (LUT,site=clut)} {inst101: rx_shift_FDRE_Q_3 (FDRE,site=cff)} 
   ------------------------------------------------------------------------------------------------------------------------------------------------------------------------------------------------------------------------------
   RBB_18/CLK                              RBB_6L       18   [TILE 0 0, RBB 7 18]        667     r            7400                                                                                                             
   i_clk                                   Clock net     2           (fanout=516)      -2334                     -                                                                                                             
   i_clk                                   CLOCK-PORT    -                      -    capture     r            5066                                                                                                             
   ------------------------------------------------------------------------------------------------------------------------------------------------------------------------------------------------------------------------------


Path 85:
   Slack (not met):                         -3072ps
     Path type:                               SETUP
     Group:                            <UDEF_i_clk>
     Launching clock:                         i_clk (rising edge)
     Capturing clock:                         i_clk (rising edge)

     Requested period:                       2000ps
   + Delay of the capturing clock:           2347ps
   - Clock uncertainty:                       150ps
   = Required time:                          4197ps
   - Propagation time:                       5110ps (59.2% logic, 40.8% route, logic stage 2)
   - Delay of the launching clock:           2159ps
   = Slack:                                 -3072ps

   Instance/Pin or Net Name   Type         ID     Location or Fanout   Delay(ps)  Edge  Arrival Time(ps)    Instance detail                                                                                                          
   ------------------------------------------------------------------------------------------------------------------------------------------------------------------------------------------------------------------------------------
   i_clk                      CLOCK-PORT    -                      -     launch     r               0                                                                                                                                
   i_clk                      Clock net     2           (fanout=516)       2159                     -                                                                                                                                
   RBB_15/CLK                 RBB_6L       15   [TILE 0 0, RBB 1 16]          -     r            2159                                                                                                                                
   ------------------------------------------------------------------------------------------------------------------------------------------------------------------------------------------------------------------------------------
   RBB_15/DMUX                RBB_6L       15   [TILE 0 0, RBB 1 16]       1466     r            3625     {inst120: sda_sync_FDSE_Q_1 (FDR,site=dffo)}                                                                               
   sda_sync[1]                Net          22             (fanout=5)        582                     -                                                                                                                                
   RBB_15/A3                  RBB_6L       15   [TILE 0 0, RBB 1 16]          -     r            4207                                                                                                                                
   RBB_15/A                   RBB_6L       15   [TILE 0 0, RBB 1 16]        759     r            4966     {inst118: scl_sync_LUT3_I1_1 (LUT,site=alut)}                                                                              
   i_en_LUT5_I0_I4[2]         Net          95            (fanout=12)       1502                     -                                                                                                                                
   RBB_17/D4                  RBB_6L       17  [TILE 0 0, RBB 10 14]          -     r            6468     {inst83: read_request_LUT4_I0_1_I3_LUT4_I2_O_LUT6_I4_2 (LUT,site=dlut,dluto)} {inst28: bit_count_FDSE_Q_2 (FDRE,site=dff)} 
   ------------------------------------------------------------------------------------------------------------------------------------------------------------------------------------------------------------------------------------
   RBB_17/CLK                 RBB_6L       17  [TILE 0 0, RBB 10 14]        801     r            7269                                                                                                                                
   i_clk                      Clock net     2           (fanout=516)      -2347                     -                                                                                                                                
   i_clk                      CLOCK-PORT    -                      -    capture     r            4922                                                                                                                                
   ------------------------------------------------------------------------------------------------------------------------------------------------------------------------------------------------------------------------------------


Path 361:
   Slack (not met):                         -3007ps
     Path type:                               SETUP
     Group:                            <UDEF_i_clk>
     Launching clock:                         i_clk (rising edge)
     Capturing clock:                         i_clk (rising edge)

     Requested period:                       2000ps
   + Delay of the capturing clock:           2347ps
   - Clock uncertainty:                       150ps
   = Required time:                          4197ps
   - Propagation time:                       4869ps (54.0% logic, 46.0% route, logic stage 2)
   - Delay of the launching clock:           2335ps
   = Slack:                                 -3007ps

   Instance/Pin or Net Name                Type         ID     Location or Fanout   Delay(ps)  Edge  Arrival Time(ps)    Instance detail                                                                                   
   --------------------------------------------------------------------------------------------------------------------------------------------------------------------------------------------------------------------------
   i_clk                                   CLOCK-PORT    -                      -     launch     r               0                                                                                                         
   i_clk                                   Clock net     2           (fanout=516)       2335                     -                                                                                                         
   RBB_16/CLK                              RBB_6L       16   [TILE 0 0, RBB 7 16]          -     r            2335                                                                                                         
   --------------------------------------------------------------------------------------------------------------------------------------------------------------------------------------------------------------------------
   RBB_16/DQ                               RBB_6L       16   [TILE 0 0, RBB 7 16]        800     r            3135     {inst26: bit_count_FDSE_Q (FDRE,site=dff)}                                                          
   i_en_LUT5_I0_I4[0]                      Net          93             (fanout=3)       1473                     -                                                                                                         
   RBB_11/C1                               RBB_6L       11  [TILE 0 0, RBB 10 12]          -     r            4608                                                                                                         
   RBB_11/CMUX                             RBB_6L       11  [TILE 0 0, RBB 10 12]       1137     r            5745     {inst42: i_en_LUT5_I0_O_LUT5_O_I1_CARRY4_O (CARRY4)}                                                
   i_en_LUT5_I0_O_LUT5_O_I1_CARRY4_O_O[3]  Net          37             (fanout=8)        767                     -                                                                                                         
   RBB_11/D2                               RBB_6L       11  [TILE 0 0, RBB 10 12]          -     r            6512     {inst109: rx_shift_FDRE_Q_D_LUT5_O_3 (LUT,site=dluto)} {inst102: rx_shift_FDRE_Q_4 (FDRE,site=dff)} 
   --------------------------------------------------------------------------------------------------------------------------------------------------------------------------------------------------------------------------
   RBB_11/CLK                              RBB_6L       11  [TILE 0 0, RBB 10 12]        692     r            7204                                                                                                         
   i_clk                                   Clock net     2           (fanout=516)      -2347                     -                                                                                                         
   i_clk                                   CLOCK-PORT    -                      -    capture     r            4857                                                                                                         
   --------------------------------------------------------------------------------------------------------------------------------------------------------------------------------------------------------------------------


Path 411:
   Slack (not met):                         -2902ps
     Path type:                               SETUP
     Group:                            <UDEF_i_clk>
     Launching clock:                         i_clk (rising edge)
     Capturing clock:                         i_clk (rising edge)

     Requested period:                       2000ps
   + Delay of the capturing clock:           2335ps
   - Clock uncertainty:                       150ps
   = Required time:                          4185ps
   - Propagation time:                       4912ps (49.7% logic, 50.3% route, logic stage 2)
   - Delay of the launching clock:           2175ps
   = Slack:                                 -2902ps

   Instance/Pin or Net Name                   Type         ID    Location or Fanout   Delay(ps)  Edge  Arrival Time(ps)    Instance detail                                                                                                      
   -----------------------------------------------------------------------------------------------------------------------------------------------------------------------------------------------------------------------------------------------
   i_clk                                      CLOCK-PORT    -                     -     launch     r               0                                                                                                                            
   i_clk                                      Clock net     2          (fanout=516)       2175                     -                                                                                                                            
   RBB_20/CLK                                 RBB_6L       20  [TILE 0 0, RBB 4 14]          -     r            2175                                                                                                                            
   -----------------------------------------------------------------------------------------------------------------------------------------------------------------------------------------------------------------------------------------------
   RBB_20/CQ                                  RBB_6L       20  [TILE 0 0, RBB 4 14]        800     r            2975     {inst122: state_FDRE_Q (FDRE,site=cff)}                                                                                
   i_en_LUT5_I0_O_LUT4_O_I0_CARRY4_CO_O_2[0]  Net         151           (fanout=14)       1185                     -                                                                                                                            
   RBB_20/C5                                  RBB_6L       20  [TILE 0 0, RBB 4 14]          -     r            4160                                                                                                                            
   RBB_20/C                                   RBB_6L       20  [TILE 0 0, RBB 4 14]        742     r            4902     {inst38: i_en_LUT5_I0_O_LUT4_O_I0_LUT2_I0_O_LUT4_O (LUT,site=clut)}                                                    
   i_en_LUT5_I0_O_LUT4_O_I0_LUT2_I0_O[3]      Net          71            (fanout=5)       1286                     -                                                                                                                            
   RBB_16/D4                                  RBB_6L       16  [TILE 0 0, RBB 7 16]          -     r            6188     {inst76: read_request_LUT4_I0_1_I3_LUT4_I2_O_LUT6_I4 (LUT,site=dlut,dluto)} {inst26: bit_count_FDSE_Q (FDRE,site=dff)} 
   -----------------------------------------------------------------------------------------------------------------------------------------------------------------------------------------------------------------------------------------------
   RBB_16/CLK                                 RBB_6L       16  [TILE 0 0, RBB 7 16]        899     r            7087                                                                                                                            
   i_clk                                      Clock net     2          (fanout=516)      -2335                     -                                                                                                                            
   i_clk                                      CLOCK-PORT    -                     -    capture     r            4752                                                                                                                            
   -----------------------------------------------------------------------------------------------------------------------------------------------------------------------------------------------------------------------------------------------


Path 358:
   Slack (not met):                         -2885ps
     Path type:                               SETUP
     Group:                            <UDEF_i_clk>
     Launching clock:                         i_clk (rising edge)
     Capturing clock:                         i_clk (rising edge)

     Requested period:                       2000ps
   + Delay of the capturing clock:           2347ps
   - Clock uncertainty:                       150ps
   = Required time:                          4197ps
   - Propagation time:                       4923ps (48.0% logic, 52.0% route, logic stage 2)
   - Delay of the launching clock:           2159ps
   = Slack:                                 -2885ps

   Instance/Pin or Net Name                Type         ID     Location or Fanout   Delay(ps)  Edge  Arrival Time(ps)    Instance detail                                                                                                          
   -------------------------------------------------------------------------------------------------------------------------------------------------------------------------------------------------------------------------------------------------
   i_clk                                   CLOCK-PORT    -                      -     launch     r               0                                                                                                                                
   i_clk                                   Clock net     2           (fanout=516)       2159                     -                                                                                                                                
   RBB_15/CLK                              RBB_6L       15   [TILE 0 0, RBB 1 16]          -     r            2159                                                                                                                                
   -------------------------------------------------------------------------------------------------------------------------------------------------------------------------------------------------------------------------------------------------
   RBB_15/DQ                               RBB_6L       15   [TILE 0 0, RBB 1 16]        800     r            2959     {inst119: sda_sync_FDSE_Q (FDR,site=dff)}                                                                                  
   i_en_LUT5_I0_O_LUT5_O_I1_CARRY4_O_O[4]  Net          38            (fanout=16)       1175                     -                                                                                                                                
   RBB_15/B5                               RBB_6L       15   [TILE 0 0, RBB 1 16]          -     r            4134                                                                                                                                
   RBB_15/B                                RBB_6L       15   [TILE 0 0, RBB 1 16]        729     r            4863     {inst73: read_request_LUT4_I0_1_I2_LUT3_O (LUT,site=blut)}                                                                 
   read_request_LUT4_I0_1_I2[1]            Net          99             (fanout=8)       1385                     -                                                                                                                                
   RBB_17/D1                               RBB_6L       17  [TILE 0 0, RBB 10 14]          -     r            6248     {inst83: read_request_LUT4_I0_1_I3_LUT4_I2_O_LUT6_I4_2 (LUT,site=dlut,dluto)} {inst28: bit_count_FDSE_Q_2 (FDRE,site=dff)} 
   -------------------------------------------------------------------------------------------------------------------------------------------------------------------------------------------------------------------------------------------------
   RBB_17/CLK                              RBB_6L       17  [TILE 0 0, RBB 10 14]        834     r            7082                                                                                                                                
   i_clk                                   Clock net     2           (fanout=516)      -2347                     -                                                                                                                                
   i_clk                                   CLOCK-PORT    -                      -    capture     r            4735                                                                                                                                
   -------------------------------------------------------------------------------------------------------------------------------------------------------------------------------------------------------------------------------------------------


Path 412:
   Slack (not met):                         -2784ps
     Path type:                               SETUP
     Group:                            <UDEF_i_clk>
     Launching clock:                         i_clk (rising edge)
     Capturing clock:                         i_clk (rising edge)

     Requested period:                       2000ps
   + Delay of the capturing clock:           2335ps
   - Clock uncertainty:                       150ps
   = Required time:                          4185ps
   - Propagation time:                       4794ps (47.9% logic, 52.1% route, logic stage 2)
   - Delay of the launching clock:           2175ps
   = Slack:                                 -2784ps

   Instance/Pin or Net Name                   Type         ID    Location or Fanout   Delay(ps)  Edge  Arrival Time(ps)    Instance detail                                                                                                          
   ---------------------------------------------------------------------------------------------------------------------------------------------------------------------------------------------------------------------------------------------------
   i_clk                                      CLOCK-PORT    -                     -     launch     r               0                                                                                                                                
   i_clk                                      Clock net     2          (fanout=516)       2175                     -                                                                                                                                
   RBB_20/CLK                                 RBB_6L       20  [TILE 0 0, RBB 4 14]          -     r            2175                                                                                                                                
   ---------------------------------------------------------------------------------------------------------------------------------------------------------------------------------------------------------------------------------------------------
   RBB_20/CQ                                  RBB_6L       20  [TILE 0 0, RBB 4 14]        800     r            2975     {inst122: state_FDRE_Q (FDRE,site=cff)}                                                                                    
   i_en_LUT5_I0_O_LUT4_O_I0_CARRY4_CO_O_2[0]  Net         151           (fanout=14)       1185                     -                                                                                                                                
   RBB_20/C5                                  RBB_6L       20  [TILE 0 0, RBB 4 14]          -     r            4160                                                                                                                                
   RBB_20/C                                   RBB_6L       20  [TILE 0 0, RBB 4 14]        742     r            4902     {inst38: i_en_LUT5_I0_O_LUT4_O_I0_LUT2_I0_O_LUT4_O (LUT,site=clut)}                                                        
   i_en_LUT5_I0_O_LUT4_O_I0_LUT2_I0_O[3]      Net          71            (fanout=5)       1313                     -                                                                                                                                
   RBB_16/C4                                  RBB_6L       16  [TILE 0 0, RBB 7 16]          -     r            6215     {inst77: read_request_LUT4_I0_1_I3_LUT4_I2_O_LUT6_I4_1 (LUT,site=clut,cluto)} {inst27: bit_count_FDSE_Q_1 (FDRE,site=cff)} 
   ---------------------------------------------------------------------------------------------------------------------------------------------------------------------------------------------------------------------------------------------------
   RBB_16/CLK                                 RBB_6L       16  [TILE 0 0, RBB 7 16]        754     r            6969                                                                                                                                
   i_clk                                      Clock net     2          (fanout=516)      -2335                     -                                                                                                                                
   i_clk                                      CLOCK-PORT    -                     -    capture     r            4634                                                                                                                                
   ---------------------------------------------------------------------------------------------------------------------------------------------------------------------------------------------------------------------------------------------------


Path 360:
   Slack (not met):                         -2728ps
     Path type:                               SETUP
     Group:                            <UDEF_i_clk>
     Launching clock:                         i_clk (rising edge)
     Capturing clock:                         i_clk (rising edge)

     Requested period:                       2000ps
   + Delay of the capturing clock:           2347ps
   - Clock uncertainty:                       150ps
   = Required time:                          4197ps
   - Propagation time:                       4590ps (56.0% logic, 44.0% route, logic stage 2)
   - Delay of the launching clock:           2335ps
   = Slack:                                 -2728ps

   Instance/Pin or Net Name                Type         ID     Location or Fanout   Delay(ps)  Edge  Arrival Time(ps)    Instance detail                                                                                   
   --------------------------------------------------------------------------------------------------------------------------------------------------------------------------------------------------------------------------
   i_clk                                   CLOCK-PORT    -                      -     launch     r               0                                                                                                         
   i_clk                                   Clock net     2           (fanout=516)       2335                     -                                                                                                         
   RBB_16/CLK                              RBB_6L       16   [TILE 0 0, RBB 7 16]          -     r            2335                                                                                                         
   --------------------------------------------------------------------------------------------------------------------------------------------------------------------------------------------------------------------------
   RBB_16/DQ                               RBB_6L       16   [TILE 0 0, RBB 7 16]        800     r            3135     {inst26: bit_count_FDSE_Q (FDRE,site=dff)}                                                          
   i_en_LUT5_I0_I4[0]                      Net          93             (fanout=3)       1473                     -                                                                                                         
   RBB_11/C1                               RBB_6L       11  [TILE 0 0, RBB 10 12]          -     r            4608                                                                                                         
   RBB_11/CMUX                             RBB_6L       11  [TILE 0 0, RBB 10 12]       1137     r            5745     {inst42: i_en_LUT5_I0_O_LUT5_O_I1_CARRY4_O (CARRY4)}                                                
   i_en_LUT5_I0_O_LUT5_O_I1_CARRY4_O_O[3]  Net          37             (fanout=8)        548                     -                                                                                                         
   RBB_11/A2                               RBB_6L       11  [TILE 0 0, RBB 10 12]          -     r            6293     {inst110: rx_shift_FDRE_Q_D_LUT5_O_4 (LUT,site=aluto)} {inst103: rx_shift_FDRE_Q_5 (FDRE,site=aff)} 
   --------------------------------------------------------------------------------------------------------------------------------------------------------------------------------------------------------------------------
   RBB_11/CLK                              RBB_6L       11  [TILE 0 0, RBB 10 12]        632     r            6925                                                                                                         
   i_clk                                   Clock net     2           (fanout=516)      -2347                     -                                                                                                         
   i_clk                                   CLOCK-PORT    -                      -    capture     r            4578                                                                                                         
   --------------------------------------------------------------------------------------------------------------------------------------------------------------------------------------------------------------------------


Path 96:
   Slack (not met):                         -2664ps
     Path type:                               SETUP
     Group:                            <UDEF_i_clk>
     Launching clock:                         i_clk (rising edge)
     Capturing clock:                         i_clk (rising edge)

     Requested period:                       2000ps
   + Delay of the capturing clock:           2347ps
   - Clock uncertainty:                       150ps
   = Required time:                          4197ps
   - Propagation time:                       4514ps (62.0% logic, 38.0% route, logic stage 2)
   - Delay of the launching clock:           2347ps
   = Slack:                                 -2664ps

   Instance/Pin or Net Name                Type         ID     Location or Fanout   Delay(ps)  Edge  Arrival Time(ps)    Instance detail                                                                                   
   --------------------------------------------------------------------------------------------------------------------------------------------------------------------------------------------------------------------------
   i_clk                                   CLOCK-PORT    -                      -     launch     r               0                                                                                                         
   i_clk                                   Clock net     2           (fanout=516)       2347                     -                                                                                                         
   RBB_17/CLK                              RBB_6L       17  [TILE 0 0, RBB 10 14]          -     r            2347                                                                                                         
   --------------------------------------------------------------------------------------------------------------------------------------------------------------------------------------------------------------------------
   RBB_17/DQ                               RBB_6L       17  [TILE 0 0, RBB 10 14]        800     r            3147     {inst28: bit_count_FDSE_Q_2 (FDRE,site=dff)}                                                        
   i_en_LUT5_I0_O_LUT5_O_I1_CARRY4_O_O[1]  Net          35            (fanout=10)       1165                     -                                                                                                         
   RBB_11/A5                               RBB_6L       11  [TILE 0 0, RBB 10 12]          -     r            4312                                                                                                         
   RBB_11/BMUX                             RBB_6L       11  [TILE 0 0, RBB 10 12]       1255     r            5567     {inst42: i_en_LUT5_I0_O_LUT5_O_I1_CARRY4_O (CARRY4)}                                                
   i_en_LUT5_I0_O_LUT5_O_I1_CARRY4_O_O[2]  Net          36             (fanout=9)        552                     -                                                                                                         
   RBB_11/D3                               RBB_6L       11  [TILE 0 0, RBB 10 12]          -     r            6119     {inst109: rx_shift_FDRE_Q_D_LUT5_O_3 (LUT,site=dluto)} {inst102: rx_shift_FDRE_Q_4 (FDRE,site=dff)} 
   --------------------------------------------------------------------------------------------------------------------------------------------------------------------------------------------------------------------------
   RBB_11/CLK                              RBB_6L       11  [TILE 0 0, RBB 10 12]        742     r            6861                                                                                                         
   i_clk                                   Clock net     2           (fanout=516)      -2347                     -                                                                                                         
   i_clk                                   CLOCK-PORT    -                      -    capture     r            4514                                                                                                         
   --------------------------------------------------------------------------------------------------------------------------------------------------------------------------------------------------------------------------


Path 94:
   Slack (not met):                         -2655ps
     Path type:                               SETUP
     Group:                            <UDEF_i_clk>
     Launching clock:                         i_clk (rising edge)
     Capturing clock:                         i_clk (rising edge)

     Requested period:                       2000ps
   + Delay of the capturing clock:           2347ps
   - Clock uncertainty:                       150ps
   = Required time:                          4197ps
   - Propagation time:                       4505ps (61.6% logic, 38.4% route, logic stage 2)
   - Delay of the launching clock:           2347ps
   = Slack:                                 -2655ps

   Instance/Pin or Net Name                Type         ID     Location or Fanout   Delay(ps)  Edge  Arrival Time(ps)    Instance detail                                                                                   
   --------------------------------------------------------------------------------------------------------------------------------------------------------------------------------------------------------------------------
   i_clk                                   CLOCK-PORT    -                      -     launch     r               0                                                                                                         
   i_clk                                   Clock net     2           (fanout=516)       2347                     -                                                                                                         
   RBB_17/CLK                              RBB_6L       17  [TILE 0 0, RBB 10 14]          -     r            2347                                                                                                         
   --------------------------------------------------------------------------------------------------------------------------------------------------------------------------------------------------------------------------
   RBB_17/DQ                               RBB_6L       17  [TILE 0 0, RBB 10 14]        800     r            3147     {inst28: bit_count_FDSE_Q_2 (FDRE,site=dff)}                                                        
   i_en_LUT5_I0_O_LUT5_O_I1_CARRY4_O_O[1]  Net          35            (fanout=10)       1165                     -                                                                                                         
   RBB_11/A5                               RBB_6L       11  [TILE 0 0, RBB 10 12]          -     r            4312                                                                                                         
   RBB_11/BMUX                             RBB_6L       11  [TILE 0 0, RBB 10 12]       1255     r            5567     {inst42: i_en_LUT5_I0_O_LUT5_O_I1_CARRY4_O (CARRY4)}                                                
   i_en_LUT5_I0_O_LUT5_O_I1_CARRY4_O_O[2]  Net          36             (fanout=9)        567                     -                                                                                                         
   RBB_11/A3                               RBB_6L       11  [TILE 0 0, RBB 10 12]          -     r            6134     {inst110: rx_shift_FDRE_Q_D_LUT5_O_4 (LUT,site=aluto)} {inst103: rx_shift_FDRE_Q_5 (FDRE,site=aff)} 
   --------------------------------------------------------------------------------------------------------------------------------------------------------------------------------------------------------------------------
   RBB_11/CLK                              RBB_6L       11  [TILE 0 0, RBB 10 12]        718     r            6852                                                                                                         
   i_clk                                   Clock net     2           (fanout=516)      -2347                     -                                                                                                         
   i_clk                                   CLOCK-PORT    -                      -    capture     r            4505                                                                                                         
   --------------------------------------------------------------------------------------------------------------------------------------------------------------------------------------------------------------------------


Path 84:
   Slack (not met):                         -2650ps
     Path type:                               SETUP
     Group:                            <UDEF_i_clk>
     Launching clock:                         i_clk (rising edge)
     Capturing clock:                         i_clk (rising edge)

     Requested period:                       2000ps
   + Delay of the capturing clock:           2335ps
   - Clock uncertainty:                       150ps
   = Required time:                          4185ps
   - Propagation time:                       4676ps (67.5% logic, 32.5% route, logic stage 2)
   - Delay of the launching clock:           2159ps
   = Slack:                                 -2650ps

   Instance/Pin or Net Name   Type         ID    Location or Fanout   Delay(ps)  Edge  Arrival Time(ps)    Instance detail                                                                                                      
   -------------------------------------------------------------------------------------------------------------------------------------------------------------------------------------------------------------------------------
   i_clk                      CLOCK-PORT    -                     -     launch     r               0                                                                                                                            
   i_clk                      Clock net     2          (fanout=516)       2159                     -                                                                                                                            
   RBB_15/CLK                 RBB_6L       15  [TILE 0 0, RBB 1 16]          -     r            2159                                                                                                                            
   -------------------------------------------------------------------------------------------------------------------------------------------------------------------------------------------------------------------------------
   RBB_15/DMUX                RBB_6L       15  [TILE 0 0, RBB 1 16]       1466     r            3625     {inst120: sda_sync_FDSE_Q_1 (FDR,site=dffo)}                                                                           
   sda_sync[1]                Net          22            (fanout=5)        582                     -                                                                                                                            
   RBB_15/A3                  RBB_6L       15  [TILE 0 0, RBB 1 16]          -     r            4207                                                                                                                            
   RBB_15/A                   RBB_6L       15  [TILE 0 0, RBB 1 16]        759     r            4966     {inst118: scl_sync_LUT3_I1_1 (LUT,site=alut)}                                                                          
   i_en_LUT5_I0_I4[2]         Net          95           (fanout=12)        940                     -                                                                                                                            
   RBB_16/D5                  RBB_6L       16  [TILE 0 0, RBB 7 16]          -     r            5906     {inst76: read_request_LUT4_I0_1_I3_LUT4_I2_O_LUT6_I4 (LUT,site=dlut,dluto)} {inst26: bit_count_FDSE_Q (FDRE,site=dff)} 
   -------------------------------------------------------------------------------------------------------------------------------------------------------------------------------------------------------------------------------
   RBB_16/CLK                 RBB_6L       16  [TILE 0 0, RBB 7 16]        929     r            6835                                                                                                                            
   i_clk                      Clock net     2          (fanout=516)      -2335                     -                                                                                                                            
   i_clk                      CLOCK-PORT    -                     -    capture     r            4500                                                                                                                            
   -------------------------------------------------------------------------------------------------------------------------------------------------------------------------------------------------------------------------------


Path 410:
   Slack (not met):                         -2624ps
     Path type:                               SETUP
     Group:                            <UDEF_i_clk>
     Launching clock:                         i_clk (rising edge)
     Capturing clock:                         i_clk (rising edge)

     Requested period:                       2000ps
   + Delay of the capturing clock:           2347ps
   - Clock uncertainty:                       150ps
   = Required time:                          4197ps
   - Propagation time:                       4646ps (50.7% logic, 49.3% route, logic stage 2)
   - Delay of the launching clock:           2175ps
   = Slack:                                 -2624ps

   Instance/Pin or Net Name                   Type         ID     Location or Fanout   Delay(ps)  Edge  Arrival Time(ps)    Instance detail                                                                                                          
   ----------------------------------------------------------------------------------------------------------------------------------------------------------------------------------------------------------------------------------------------------
   i_clk                                      CLOCK-PORT    -                      -     launch     r               0                                                                                                                                
   i_clk                                      Clock net     2           (fanout=516)       2175                     -                                                                                                                                
   RBB_20/CLK                                 RBB_6L       20   [TILE 0 0, RBB 4 14]          -     r            2175                                                                                                                                
   ----------------------------------------------------------------------------------------------------------------------------------------------------------------------------------------------------------------------------------------------------
   RBB_20/CQ                                  RBB_6L       20   [TILE 0 0, RBB 4 14]        800     r            2975     {inst122: state_FDRE_Q (FDRE,site=cff)}                                                                                    
   i_en_LUT5_I0_O_LUT4_O_I0_CARRY4_CO_O_2[0]  Net         151            (fanout=14)       1185                     -                                                                                                                                
   RBB_20/C5                                  RBB_6L       20   [TILE 0 0, RBB 4 14]          -     r            4160                                                                                                                                
   RBB_20/C                                   RBB_6L       20   [TILE 0 0, RBB 4 14]        742     r            4902     {inst38: i_en_LUT5_I0_O_LUT4_O_I0_LUT2_I0_O_LUT4_O (LUT,site=clut)}                                                        
   i_en_LUT5_I0_O_LUT4_O_I0_LUT2_I0_O[3]      Net          71             (fanout=5)       1106                     -                                                                                                                                
   RBB_17/D2                                  RBB_6L       17  [TILE 0 0, RBB 10 14]          -     r            6008     {inst83: read_request_LUT4_I0_1_I3_LUT4_I2_O_LUT6_I4_2 (LUT,site=dlut,dluto)} {inst28: bit_count_FDSE_Q_2 (FDRE,site=dff)} 
   ----------------------------------------------------------------------------------------------------------------------------------------------------------------------------------------------------------------------------------------------------
   RBB_17/CLK                                 RBB_6L       17  [TILE 0 0, RBB 10 14]        813     r            6821                                                                                                                                
   i_clk                                      Clock net     2           (fanout=516)      -2347                     -                                                                                                                                
   i_clk                                      CLOCK-PORT    -                      -    capture     r            4474                                                                                                                                
   ----------------------------------------------------------------------------------------------------------------------------------------------------------------------------------------------------------------------------------------------------


Path 86:
   Slack (not met):                         -2624ps
     Path type:                               SETUP
     Group:                            <UDEF_i_clk>
     Launching clock:                         i_clk (rising edge)
     Capturing clock:                         i_clk (rising edge)

     Requested period:                       2000ps
   + Delay of the capturing clock:           2335ps
   - Clock uncertainty:                       150ps
   = Required time:                          4185ps
   - Propagation time:                       4650ps (67.3% logic, 32.7% route, logic stage 2)
   - Delay of the launching clock:           2159ps
   = Slack:                                 -2624ps

   Instance/Pin or Net Name   Type         ID    Location or Fanout   Delay(ps)  Edge  Arrival Time(ps)    Instance detail                                                                                                          
   -----------------------------------------------------------------------------------------------------------------------------------------------------------------------------------------------------------------------------------
   i_clk                      CLOCK-PORT    -                     -     launch     r               0                                                                                                                                
   i_clk                      Clock net     2          (fanout=516)       2159                     -                                                                                                                                
   RBB_15/CLK                 RBB_6L       15  [TILE 0 0, RBB 1 16]          -     r            2159                                                                                                                                
   -----------------------------------------------------------------------------------------------------------------------------------------------------------------------------------------------------------------------------------
   RBB_15/DMUX                RBB_6L       15  [TILE 0 0, RBB 1 16]       1466     r            3625     {inst120: sda_sync_FDSE_Q_1 (FDR,site=dffo)}                                                                               
   sda_sync[1]                Net          22            (fanout=5)        582                     -                                                                                                                                
   RBB_15/A3                  RBB_6L       15  [TILE 0 0, RBB 1 16]          -     r            4207                                                                                                                                
   RBB_15/A                   RBB_6L       15  [TILE 0 0, RBB 1 16]        759     r            4966     {inst118: scl_sync_LUT3_I1_1 (LUT,site=alut)}                                                                              
   i_en_LUT5_I0_I4[2]         Net          95           (fanout=12)        940                     -                                                                                                                                
   RBB_16/C5                  RBB_6L       16  [TILE 0 0, RBB 7 16]          -     r            5906     {inst77: read_request_LUT4_I0_1_I3_LUT4_I2_O_LUT6_I4_1 (LUT,site=clut,cluto)} {inst27: bit_count_FDSE_Q_1 (FDRE,site=cff)} 
   -----------------------------------------------------------------------------------------------------------------------------------------------------------------------------------------------------------------------------------
   RBB_16/CLK                 RBB_6L       16  [TILE 0 0, RBB 7 16]        903     r            6809                                                                                                                                
   i_clk                      Clock net     2          (fanout=516)      -2335                     -                                                                                                                                
   i_clk                      CLOCK-PORT    -                     -    capture     r            4474                                                                                                                                
   -----------------------------------------------------------------------------------------------------------------------------------------------------------------------------------------------------------------------------------


Path 127:
   Slack (not met):                         -2564ps
     Path type:                               SETUP
     Group:                            <UDEF_i_clk>
     Launching clock:                         i_clk (rising edge)
     Capturing clock:                         i_clk (rising edge)

     Requested period:                       2000ps
   + Delay of the capturing clock:           2310ps
   - Clock uncertainty:                       150ps
   = Required time:                          4160ps
   - Propagation time:                       4405ps (29.9% logic, 70.1% route, logic stage 1)
   - Delay of the launching clock:           2319ps
   = Slack:                                 -2564ps

   Instance/Pin or Net Name   Type         ID    Location or Fanout   Delay(ps)  Edge  Arrival Time(ps)    Instance detail                            
   -----------------------------------------------------------------------------------------------------------------------------------------------------
   i_clk                      CLOCK-PORT    -                     -     launch     r               0                                                  
   i_clk                      Clock net     2          (fanout=516)       2319                     -                                                  
   RBB_34/CLK                 RBB_6L       34  [TILE 0 0, RBB 1 18]          -     r            2319                                                  
   -----------------------------------------------------------------------------------------------------------------------------------------------------
   RBB_34/AQ                  RBB_6L       34  [TILE 0 0, RBB 1 18]        800     r            3119     {inst100: rx_shift_FDRE_Q_2 (FDRE,site=aff)} 
   rx_shift[5]                Net          24            (fanout=4)       3089                     -                                                  
   RBB_22/C6                  RBB_6L       22  [TILE 0 0, RBB 4 20]          -     r            6208     {inst51: o_data_rx_FDRE_Q_2 (FDRE,site=cff)} 
   -----------------------------------------------------------------------------------------------------------------------------------------------------
   RBB_22/CLK                 RBB_6L       22  [TILE 0 0, RBB 4 20]        516     r            6724                                                  
   i_clk                      Clock net     2          (fanout=516)      -2310                     -                                                  
   i_clk                      CLOCK-PORT    -                     -    capture     r            4414                                                  
   -----------------------------------------------------------------------------------------------------------------------------------------------------


Path 363:
   Slack (not met):                         -2452ps
     Path type:                               SETUP
     Group:                            <UDEF_i_clk>
     Launching clock:                         i_clk (rising edge)
     Capturing clock:                         i_clk (rising edge)

     Requested period:                       2000ps
   + Delay of the capturing clock:           2335ps
   - Clock uncertainty:                       150ps
   = Required time:                          4185ps
   - Propagation time:                       4478ps (51.9% logic, 48.1% route, logic stage 2)
   - Delay of the launching clock:           2159ps
   = Slack:                                 -2452ps

   Instance/Pin or Net Name                Type         ID    Location or Fanout   Delay(ps)  Edge  Arrival Time(ps)    Instance detail                                                                                                      
   --------------------------------------------------------------------------------------------------------------------------------------------------------------------------------------------------------------------------------------------
   i_clk                                   CLOCK-PORT    -                     -     launch     r               0                                                                                                                            
   i_clk                                   Clock net     2          (fanout=516)       2159                     -                                                                                                                            
   RBB_15/CLK                              RBB_6L       15  [TILE 0 0, RBB 1 16]          -     r            2159                                                                                                                            
   --------------------------------------------------------------------------------------------------------------------------------------------------------------------------------------------------------------------------------------------
   RBB_15/DQ                               RBB_6L       15  [TILE 0 0, RBB 1 16]        800     r            2959     {inst119: sda_sync_FDSE_Q (FDR,site=dff)}                                                                              
   i_en_LUT5_I0_O_LUT5_O_I1_CARRY4_O_O[4]  Net          38           (fanout=16)       1175                     -                                                                                                                            
   RBB_15/B5                               RBB_6L       15  [TILE 0 0, RBB 1 16]          -     r            4134                                                                                                                            
   RBB_15/B                                RBB_6L       15  [TILE 0 0, RBB 1 16]        729     r            4863     {inst73: read_request_LUT4_I0_1_I2_LUT3_O (LUT,site=blut)}                                                             
   read_request_LUT4_I0_1_I2[1]            Net          99            (fanout=8)        979                     -                                                                                                                            
   RBB_16/D6                               RBB_6L       16  [TILE 0 0, RBB 7 16]          -     r            5842     {inst76: read_request_LUT4_I0_1_I3_LUT4_I2_O_LUT6_I4 (LUT,site=dlut,dluto)} {inst26: bit_count_FDSE_Q (FDRE,site=dff)} 
   --------------------------------------------------------------------------------------------------------------------------------------------------------------------------------------------------------------------------------------------
   RBB_16/CLK                              RBB_6L       16  [TILE 0 0, RBB 7 16]        795     r            6637                                                                                                                            
   i_clk                                   Clock net     2          (fanout=516)      -2335                     -                                                                                                                            
   i_clk                                   CLOCK-PORT    -                     -    capture     r            4302                                                                                                                            
   --------------------------------------------------------------------------------------------------------------------------------------------------------------------------------------------------------------------------------------------


Path 365:
   Slack (not met):                         -2334ps
     Path type:                               SETUP
     Group:                            <UDEF_i_clk>
     Launching clock:                         i_clk (rising edge)
     Capturing clock:                         i_clk (rising edge)

     Requested period:                       2000ps
   + Delay of the capturing clock:           2335ps
   - Clock uncertainty:                       150ps
   = Required time:                          4185ps
   - Propagation time:                       4360ps (50.6% logic, 49.4% route, logic stage 2)
   - Delay of the launching clock:           2159ps
   = Slack:                                 -2334ps

   Instance/Pin or Net Name                Type         ID    Location or Fanout   Delay(ps)  Edge  Arrival Time(ps)    Instance detail                                                                                                          
   ------------------------------------------------------------------------------------------------------------------------------------------------------------------------------------------------------------------------------------------------
   i_clk                                   CLOCK-PORT    -                     -     launch     r               0                                                                                                                                
   i_clk                                   Clock net     2          (fanout=516)       2159                     -                                                                                                                                
   RBB_15/CLK                              RBB_6L       15  [TILE 0 0, RBB 1 16]          -     r            2159                                                                                                                                
   ------------------------------------------------------------------------------------------------------------------------------------------------------------------------------------------------------------------------------------------------
   RBB_15/DQ                               RBB_6L       15  [TILE 0 0, RBB 1 16]        800     r            2959     {inst119: sda_sync_FDSE_Q (FDR,site=dff)}                                                                                  
   i_en_LUT5_I0_O_LUT5_O_I1_CARRY4_O_O[4]  Net          38           (fanout=16)       1175                     -                                                                                                                                
   RBB_15/B5                               RBB_6L       15  [TILE 0 0, RBB 1 16]          -     r            4134                                                                                                                                
   RBB_15/B                                RBB_6L       15  [TILE 0 0, RBB 1 16]        729     r            4863     {inst73: read_request_LUT4_I0_1_I2_LUT3_O (LUT,site=blut)}                                                                 
   read_request_LUT4_I0_1_I2[1]            Net          99            (fanout=8)        979                     -                                                                                                                                
   RBB_16/C6                               RBB_6L       16  [TILE 0 0, RBB 7 16]          -     r            5842     {inst77: read_request_LUT4_I0_1_I3_LUT4_I2_O_LUT6_I4_1 (LUT,site=clut,cluto)} {inst27: bit_count_FDSE_Q_1 (FDRE,site=cff)} 
   ------------------------------------------------------------------------------------------------------------------------------------------------------------------------------------------------------------------------------------------------
   RBB_16/CLK                              RBB_6L       16  [TILE 0 0, RBB 7 16]        677     r            6519                                                                                                                                
   i_clk                                   Clock net     2          (fanout=516)      -2335                     -                                                                                                                                
   i_clk                                   CLOCK-PORT    -                     -    capture     r            4184                                                                                                                                
   ------------------------------------------------------------------------------------------------------------------------------------------------------------------------------------------------------------------------------------------------


Path 103:
   Slack (not met):                         -2109ps
     Path type:                               SETUP
     Group:                            <UDEF_i_clk>
     Launching clock:                         i_clk (rising edge)
     Capturing clock:                         i_clk (rising edge)

     Requested period:                       2000ps
   + Delay of the capturing clock:           2318ps
   - Clock uncertainty:                       150ps
   = Required time:                          4168ps
   - Propagation time:                       3930ps (39.5% logic, 60.5% route, logic stage 1)
   - Delay of the launching clock:           2347ps
   = Slack:                                 -2109ps

   Instance/Pin or Net Name                Type         ID     Location or Fanout   Delay(ps)  Edge  Arrival Time(ps)    Instance detail                                                                                  
   -------------------------------------------------------------------------------------------------------------------------------------------------------------------------------------------------------------------------
   i_clk                                   CLOCK-PORT    -                      -     launch     r               0                                                                                                        
   i_clk                                   Clock net     2           (fanout=516)       2347                     -                                                                                                        
   RBB_17/CLK                              RBB_6L       17  [TILE 0 0, RBB 10 14]          -     r            2347                                                                                                        
   -------------------------------------------------------------------------------------------------------------------------------------------------------------------------------------------------------------------------
   RBB_17/DQ                               RBB_6L       17  [TILE 0 0, RBB 10 14]        800     r            3147     {inst28: bit_count_FDSE_Q_2 (FDRE,site=dff)}                                                       
   i_en_LUT5_I0_O_LUT5_O_I1_CARRY4_O_O[1]  Net          35            (fanout=10)       2376                     -                                                                                                        
   RBB_25/C2                               RBB_6L       25   [TILE 0 0, RBB 1 20]          -     r            5523     {inst111: rx_shift_FDRE_Q_D_LUT5_O_5 (LUT,site=clut)} {inst104: rx_shift_FDRE_Q_6 (FDRE,site=cff)} 
   -------------------------------------------------------------------------------------------------------------------------------------------------------------------------------------------------------------------------
   RBB_25/CLK                              RBB_6L       25   [TILE 0 0, RBB 1 20]        754     r            6277                                                                                                        
   i_clk                                   Clock net     2           (fanout=516)      -2318                     -                                                                                                        
   i_clk                                   CLOCK-PORT    -                      -    capture     r            3959                                                                                                        
   -------------------------------------------------------------------------------------------------------------------------------------------------------------------------------------------------------------------------


Path 116:
   Slack (not met):                         -2045ps
     Path type:                               SETUP
     Group:                            <UDEF_i_clk>
     Launching clock:                         i_clk (rising edge)
     Capturing clock:                         i_clk (rising edge)

     Requested period:                       2000ps
   + Delay of the capturing clock:           2162ps
   - Clock uncertainty:                       150ps
   = Required time:                          4012ps
   - Propagation time:                       3710ps (38.5% logic, 61.5% route, logic stage 1)
   - Delay of the launching clock:           2347ps
   = Slack:                                 -2045ps

   Instance/Pin or Net Name   Type         ID     Location or Fanout   Delay(ps)  Edge  Arrival Time(ps)    Instance detail                                                                       
   -------------------------------------------------------------------------------------------------------------------------------------------------------------------------------------------------
   i_clk                      CLOCK-PORT    -                      -     launch     r               0                                                                                             
   i_clk                      Clock net     2           (fanout=516)       2347                     -                                                                                             
   RBB_11/CLK                 RBB_6L       11  [TILE 0 0, RBB 10 12]          -     r            2347                                                                                             
   -------------------------------------------------------------------------------------------------------------------------------------------------------------------------------------------------
   RBB_11/DQ                  RBB_6L       11  [TILE 0 0, RBB 10 12]        800     r            3147     {inst102: rx_shift_FDRE_Q_4 (FDRE,site=dff)}                                            
   rx_shift[3]                Net          23             (fanout=4)       2283                     -                                                                                             
   RBB_6/O[1]                 IOB           6   [TILE 0 0, RBB 0 18]          -     r            5430     {inst207: o_data_rx[3]_OUT (FDRE)} {(output_port) inst194: g_194_o_data_rx_3_obuf (IO)} 
   -------------------------------------------------------------------------------------------------------------------------------------------------------------------------------------------------
   RBB_6/CLK                  IOB           6   [TILE 0 0, RBB 0 18]        627     r            6057                                                                                             
   i_clk                      Clock net     2           (fanout=516)      -2162                     -                                                                                             
   i_clk                      CLOCK-PORT    -                      -    capture     r            3895                                                                                             
   -------------------------------------------------------------------------------------------------------------------------------------------------------------------------------------------------


Path 99:
   Slack (not met):                         -1934ps
     Path type:                               SETUP
     Group:                            <UDEF_i_clk>
     Launching clock:                         i_clk (rising edge)
     Capturing clock:                         i_clk (rising edge)

     Requested period:                       2000ps
   + Delay of the capturing clock:           2319ps
   - Clock uncertainty:                       150ps
   = Required time:                          4169ps
   - Propagation time:                       3756ps (43.2% logic, 56.8% route, logic stage 1)
   - Delay of the launching clock:           2347ps
   = Slack:                                 -1934ps

   Instance/Pin or Net Name                Type         ID     Location or Fanout   Delay(ps)  Edge  Arrival Time(ps)    Instance detail                                                                                  
   -------------------------------------------------------------------------------------------------------------------------------------------------------------------------------------------------------------------------
   i_clk                                   CLOCK-PORT    -                      -     launch     r               0                                                                                                        
   i_clk                                   Clock net     2           (fanout=516)       2347                     -                                                                                                        
   RBB_17/CLK                              RBB_6L       17  [TILE 0 0, RBB 10 14]          -     r            2347                                                                                                        
   -------------------------------------------------------------------------------------------------------------------------------------------------------------------------------------------------------------------------
   RBB_17/DQ                               RBB_6L       17  [TILE 0 0, RBB 10 14]        800     r            3147     {inst28: bit_count_FDSE_Q_2 (FDRE,site=dff)}                                                       
   i_en_LUT5_I0_O_LUT5_O_I1_CARRY4_O_O[1]  Net          35            (fanout=10)       2132                     -                                                                                                        
   RBB_34/A4                               RBB_6L       34   [TILE 0 0, RBB 1 18]          -     r            5279     {inst108: rx_shift_FDRE_Q_D_LUT5_O_2 (LUT,site=alut)} {inst100: rx_shift_FDRE_Q_2 (FDRE,site=aff)} 
   -------------------------------------------------------------------------------------------------------------------------------------------------------------------------------------------------------------------------
   RBB_34/CLK                              RBB_6L       34   [TILE 0 0, RBB 1 18]        824     r            6103                                                                                                        
   i_clk                                   Clock net     2           (fanout=516)      -2319                     -                                                                                                        
   i_clk                                   CLOCK-PORT    -                      -    capture     r            3784                                                                                                        
   -------------------------------------------------------------------------------------------------------------------------------------------------------------------------------------------------------------------------


Path 109:
   Slack (not met):                         -1928ps
     Path type:                               SETUP
     Group:                            <UDEF_i_clk>
     Launching clock:                         i_clk (rising edge)
     Capturing clock:                         i_clk (rising edge)

     Requested period:                       2000ps
   + Delay of the capturing clock:           2319ps
   - Clock uncertainty:                       150ps
   = Required time:                          4169ps
   - Propagation time:                       3750ps (43.5% logic, 56.5% route, logic stage 1)
   - Delay of the launching clock:           2347ps
   = Slack:                                 -1928ps

   Instance/Pin or Net Name                Type         ID     Location or Fanout   Delay(ps)  Edge  Arrival Time(ps)    Instance detail                                                                                 
   ------------------------------------------------------------------------------------------------------------------------------------------------------------------------------------------------------------------------
   i_clk                                   CLOCK-PORT    -                      -     launch     r               0                                                                                                       
   i_clk                                   Clock net     2           (fanout=516)       2347                     -                                                                                                       
   RBB_17/CLK                              RBB_6L       17  [TILE 0 0, RBB 10 14]          -     r            2347                                                                                                       
   ------------------------------------------------------------------------------------------------------------------------------------------------------------------------------------------------------------------------
   RBB_17/DQ                               RBB_6L       17  [TILE 0 0, RBB 10 14]        800     r            3147     {inst28: bit_count_FDSE_Q_2 (FDRE,site=dff)}                                                      
   i_en_LUT5_I0_O_LUT5_O_I1_CARRY4_O_O[1]  Net          35            (fanout=10)       2118                     -                                                                                                       
   RBB_34/B4                               RBB_6L       34   [TILE 0 0, RBB 1 18]          -     r            5265     {inst107: rx_shift_FDRE_Q_D_LUT5_O_1 (LUT,site=blut)} {inst99: rx_shift_FDRE_Q_1 (FDRE,site=bff)} 
   ------------------------------------------------------------------------------------------------------------------------------------------------------------------------------------------------------------------------
   RBB_34/CLK                              RBB_6L       34   [TILE 0 0, RBB 1 18]        832     r            6097                                                                                                       
   i_clk                                   Clock net     2           (fanout=516)      -2319                     -                                                                                                       
   i_clk                                   CLOCK-PORT    -                      -    capture     r            3778                                                                                                       
   ------------------------------------------------------------------------------------------------------------------------------------------------------------------------------------------------------------------------


Path 97:
   Slack (not met):                         -1924ps
     Path type:                               SETUP
     Group:                            <UDEF_i_clk>
     Launching clock:                         i_clk (rising edge)
     Capturing clock:                         i_clk (rising edge)

     Requested period:                       2000ps
   + Delay of the capturing clock:           2357ps
   - Clock uncertainty:                       150ps
   = Required time:                          4207ps
   - Propagation time:                       3812ps (50.5% logic, 49.5% route, logic stage 1)
   - Delay of the launching clock:           2319ps
   = Slack:                                 -1924ps

   Instance/Pin or Net Name   Type         ID     Location or Fanout   Delay(ps)  Edge  Arrival Time(ps)    Instance detail                                                                                 
   -----------------------------------------------------------------------------------------------------------------------------------------------------------------------------------------------------------
   i_clk                      CLOCK-PORT    -                      -     launch     r               0                                                                                                       
   i_clk                      Clock net     2           (fanout=516)       2319                     -                                                                                                       
   RBB_34/CLK                 RBB_6L       34   [TILE 0 0, RBB 1 18]          -     r            2319                                                                                                       
   -----------------------------------------------------------------------------------------------------------------------------------------------------------------------------------------------------------
   RBB_34/CQ                  RBB_6L       34   [TILE 0 0, RBB 1 18]        800     r            3119     {inst98: rx_shift_FDRE_Q (FDRE,site=cff)}                                                         
   rx_shift[7]                Net          25             (fanout=4)       1888                     -                                                                                                       
   RBB_24/D5                  RBB_6L       24  [TILE 0 0, RBB 10 18]          -     r            5007     {inst222: o_data_rx_FDRE_Q_buf222_i (LUT,site=dluto)} {inst49: o_data_rx_FDRE_Q (FDRE,site=dffo)} 
   -----------------------------------------------------------------------------------------------------------------------------------------------------------------------------------------------------------
   RBB_24/CLK                 RBB_6L       24  [TILE 0 0, RBB 10 18]       1124     r            6131                                                                                                       
   i_clk                      Clock net     2           (fanout=516)      -2357                     -                                                                                                       
   i_clk                      CLOCK-PORT    -                      -    capture     r            3774                                                                                                       
   -----------------------------------------------------------------------------------------------------------------------------------------------------------------------------------------------------------


Path 104:
   Slack (not met):                         -1922ps
     Path type:                               SETUP
     Group:                            <UDEF_i_clk>
     Launching clock:                         i_clk (rising edge)
     Capturing clock:                         i_clk (rising edge)

     Requested period:                       2000ps
   + Delay of the capturing clock:           2319ps
   - Clock uncertainty:                       150ps
   = Required time:                          4169ps
   - Propagation time:                       3744ps (43.6% logic, 56.4% route, logic stage 1)
   - Delay of the launching clock:           2347ps
   = Slack:                                 -1922ps

   Instance/Pin or Net Name                Type         ID     Location or Fanout   Delay(ps)  Edge  Arrival Time(ps)    Instance detail                                                                             
   --------------------------------------------------------------------------------------------------------------------------------------------------------------------------------------------------------------------
   i_clk                                   CLOCK-PORT    -                      -     launch     r               0                                                                                                   
   i_clk                                   Clock net     2           (fanout=516)       2347                     -                                                                                                   
   RBB_17/CLK                              RBB_6L       17  [TILE 0 0, RBB 10 14]          -     r            2347                                                                                                   
   --------------------------------------------------------------------------------------------------------------------------------------------------------------------------------------------------------------------
   RBB_17/DQ                               RBB_6L       17  [TILE 0 0, RBB 10 14]        800     r            3147     {inst28: bit_count_FDSE_Q_2 (FDRE,site=dff)}                                                  
   i_en_LUT5_I0_O_LUT5_O_I1_CARRY4_O_O[1]  Net          35            (fanout=10)       2112                     -                                                                                                   
   RBB_34/C4                               RBB_6L       34   [TILE 0 0, RBB 1 18]          -     r            5259     {inst106: rx_shift_FDRE_Q_D_LUT5_O (LUT,site=clut)} {inst98: rx_shift_FDRE_Q (FDRE,site=cff)} 
   --------------------------------------------------------------------------------------------------------------------------------------------------------------------------------------------------------------------
   RBB_34/CLK                              RBB_6L       34   [TILE 0 0, RBB 1 18]        832     r            6091                                                                                                   
   i_clk                                   Clock net     2           (fanout=516)      -2319                     -                                                                                                   
   i_clk                                   CLOCK-PORT    -                      -    capture     r            3772                                                                                                   
   --------------------------------------------------------------------------------------------------------------------------------------------------------------------------------------------------------------------


Path 112:
   Slack (not met):                         -1772ps
     Path type:                               SETUP
     Group:                            <UDEF_i_clk>
     Launching clock:                         i_clk (rising edge)
     Capturing clock:                         i_clk (rising edge)

     Requested period:                       2000ps
   + Delay of the capturing clock:           2162ps
   - Clock uncertainty:                       150ps
   = Required time:                          4012ps
   - Propagation time:                       3437ps (44.7% logic, 55.3% route, logic stage 1)
   - Delay of the launching clock:           2347ps
   = Slack:                                 -1772ps

   Instance/Pin or Net Name     Type         ID     Location or Fanout   Delay(ps)  Edge  Arrival Time(ps)    Instance detail                                                                       
   ---------------------------------------------------------------------------------------------------------------------------------------------------------------------------------------------------
   i_clk                        CLOCK-PORT    -                      -     launch     r               0                                                                                             
   i_clk                        Clock net     2           (fanout=516)       2347                     -                                                                                             
   RBB_11/CLK                   RBB_6L       11  [TILE 0 0, RBB 10 12]          -     r            2347                                                                                             
   ---------------------------------------------------------------------------------------------------------------------------------------------------------------------------------------------------
   RBB_11/AQ                    RBB_6L       11  [TILE 0 0, RBB 10 12]        800     r            3147     {inst103: rx_shift_FDRE_Q_5 (FDRE,site=aff)}                                            
   o_led_FDRE_Q_D_LUT5_O_I4[2]  Net         110             (fanout=4)       1900                     -                                                                                             
   RBB_6/O[0]                   IOB           6   [TILE 0 0, RBB 0 18]          -     r            5047     {inst206: o_data_rx[2]_OUT (FDRE)} {(output_port) inst193: g_193_o_data_rx_2_obuf (IO)} 
   ---------------------------------------------------------------------------------------------------------------------------------------------------------------------------------------------------
   RBB_6/CLK                    IOB           6   [TILE 0 0, RBB 0 18]        737     r            5784                                                                                             
   i_clk                        Clock net     2           (fanout=516)      -2162                     -                                                                                             
   i_clk                        CLOCK-PORT    -                      -    capture     r            3622                                                                                             
   ---------------------------------------------------------------------------------------------------------------------------------------------------------------------------------------------------


Path 123:
   Slack (not met):                         -1723ps
     Path type:                               SETUP
     Group:                            <UDEF_i_clk>
     Launching clock:                         i_clk (rising edge)
     Capturing clock:                         i_clk (rising edge)

     Requested period:                       2000ps
   + Delay of the capturing clock:           2310ps
   - Clock uncertainty:                       150ps
   = Required time:                          4160ps
   - Propagation time:                       3536ps (41.5% logic, 58.5% route, logic stage 1)
   - Delay of the launching clock:           2347ps
   = Slack:                                 -1723ps

   Instance/Pin or Net Name   Type         ID     Location or Fanout   Delay(ps)  Edge  Arrival Time(ps)    Instance detail                                                                                    
   --------------------------------------------------------------------------------------------------------------------------------------------------------------------------------------------------------------
   i_clk                      CLOCK-PORT    -                      -     launch     r               0                                                                                                          
   i_clk                      Clock net     2           (fanout=516)       2347                     -                                                                                                          
   RBB_11/CLK                 RBB_6L       11  [TILE 0 0, RBB 10 12]          -     r            2347                                                                                                          
   --------------------------------------------------------------------------------------------------------------------------------------------------------------------------------------------------------------
   RBB_11/DQ                  RBB_6L       11  [TILE 0 0, RBB 10 12]        800     r            3147     {inst102: rx_shift_FDRE_Q_4 (FDRE,site=dff)}                                                         
   rx_shift[3]                Net          23             (fanout=4)       2069                     -                                                                                                          
   RBB_22/B1                  RBB_6L       22   [TILE 0 0, RBB 4 20]          -     r            5216     {inst221: o_data_rx_FDRE_Q_4_buf221_i (LUT,site=bluto)} {inst53: o_data_rx_FDRE_Q_4 (FDRE,site=bff)} 
   --------------------------------------------------------------------------------------------------------------------------------------------------------------------------------------------------------------
   RBB_22/CLK                 RBB_6L       22   [TILE 0 0, RBB 4 20]        667     r            5883                                                                                                          
   i_clk                      Clock net     2           (fanout=516)      -2310                     -                                                                                                          
   i_clk                      CLOCK-PORT    -                      -    capture     r            3573                                                                                                          
   --------------------------------------------------------------------------------------------------------------------------------------------------------------------------------------------------------------


Path 121:
   Slack (not met):                         -1677ps
     Path type:                               SETUP
     Group:                            <UDEF_i_clk>
     Launching clock:                         i_clk (rising edge)
     Capturing clock:                         i_clk (rising edge)

     Requested period:                       2000ps
   + Delay of the capturing clock:           2357ps
   - Clock uncertainty:                       150ps
   = Required time:                          4207ps
   - Propagation time:                       3566ps (39.9% logic, 60.1% route, logic stage 1)
   - Delay of the launching clock:           2318ps
   = Slack:                                 -1677ps

   Instance/Pin or Net Name                Type         ID     Location or Fanout   Delay(ps)  Edge  Arrival Time(ps)    Instance detail                            
   -------------------------------------------------------------------------------------------------------------------------------------------------------------------
   i_clk                                   CLOCK-PORT    -                      -     launch     r               0                                                  
   i_clk                                   Clock net     2           (fanout=516)       2318                     -                                                  
   RBB_25/CLK                              RBB_6L       25   [TILE 0 0, RBB 1 20]          -     r            2318                                                  
   -------------------------------------------------------------------------------------------------------------------------------------------------------------------
   RBB_25/CQ                               RBB_6L       25   [TILE 0 0, RBB 1 20]        800     r            3118     {inst104: rx_shift_FDRE_Q_6 (FDRE,site=cff)} 
   i_en_LUT5_I0_O_LUT5_O_I1_CARRY4_O_O[0]  Net          34             (fanout=4)       2142                     -                                                  
   RBB_24/D6                               RBB_6L       24  [TILE 0 0, RBB 10 18]          -     r            5260     {inst55: o_data_rx_FDRE_Q_6 (FDRE,site=dff)} 
   -------------------------------------------------------------------------------------------------------------------------------------------------------------------
   RBB_24/CLK                              RBB_6L       24  [TILE 0 0, RBB 10 18]        624     r            5884                                                  
   i_clk                                   Clock net     2           (fanout=516)      -2357                     -                                                  
   i_clk                                   CLOCK-PORT    -                      -    capture     r            3527                                                  
   -------------------------------------------------------------------------------------------------------------------------------------------------------------------


Path 98:
   Slack (not met):                         -1655ps
     Path type:                               SETUP
     Group:                            <UDEF_i_clk>
     Launching clock:                         i_clk (rising edge)
     Capturing clock:                         i_clk (rising edge)

     Requested period:                       2000ps
   + Delay of the capturing clock:           2310ps
   - Clock uncertainty:                       150ps
   = Required time:                          4160ps
   - Propagation time:                       3481ps (52.6% logic, 47.4% route, logic stage 1)
   - Delay of the launching clock:           2334ps
   = Slack:                                 -1655ps

   Instance/Pin or Net Name     Type         ID    Location or Fanout   Delay(ps)  Edge  Arrival Time(ps)    Instance detail                                                                                     
   ----------------------------------------------------------------------------------------------------------------------------------------------------------------------------------------------------------------
   i_clk                        CLOCK-PORT    -                     -     launch     r               0                                                                                                           
   i_clk                        Clock net     2          (fanout=516)       2334                     -                                                                                                           
   RBB_18/CLK                   RBB_6L       18  [TILE 0 0, RBB 7 18]          -     r            2334                                                                                                           
   ----------------------------------------------------------------------------------------------------------------------------------------------------------------------------------------------------------------
   RBB_18/CQ                    RBB_6L       18  [TILE 0 0, RBB 7 18]        800     r            3134     {inst101: rx_shift_FDRE_Q_3 (FDRE,site=cff)}                                                          
   o_led_FDRE_Q_D_LUT5_O_I4[1]  Net         109            (fanout=4)       1650                     -                                                                                                           
   RBB_22/C1                    RBB_6L       22  [TILE 0 0, RBB 4 20]          -     r            4784     {inst220: o_data_rx_FDRE_Q_3_buf220_i (LUT,site=cluto)} {inst52: o_data_rx_FDRE_Q_3 (FDRE,site=cffo)} 
   ----------------------------------------------------------------------------------------------------------------------------------------------------------------------------------------------------------------
   RBB_22/CLK                   RBB_6L       22  [TILE 0 0, RBB 4 20]       1031     r            5815                                                                                                           
   i_clk                        Clock net     2          (fanout=516)      -2310                     -                                                                                                           
   i_clk                        CLOCK-PORT    -                     -    capture     r            3505                                                                                                           
   ----------------------------------------------------------------------------------------------------------------------------------------------------------------------------------------------------------------


Path 113:
   Slack (not met):                         -1409ps
     Path type:                               SETUP
     Group:                            <UDEF_i_clk>
     Launching clock:                         i_clk (rising edge)
     Capturing clock:                         i_clk (rising edge)

     Requested period:                       2000ps
   + Delay of the capturing clock:           2162ps
   - Clock uncertainty:                       150ps
   = Required time:                          4012ps
   - Propagation time:                       3087ps (49.9% logic, 50.1% route, logic stage 1)
   - Delay of the launching clock:           2334ps
   = Slack:                                 -1409ps

   Instance/Pin or Net Name     Type         ID    Location or Fanout   Delay(ps)  Edge  Arrival Time(ps)    Instance detail                                                                       
   --------------------------------------------------------------------------------------------------------------------------------------------------------------------------------------------------
   i_clk                        CLOCK-PORT    -                     -     launch     r               0                                                                                             
   i_clk                        Clock net     2          (fanout=516)       2334                     -                                                                                             
   RBB_18/CLK                   RBB_6L       18  [TILE 0 0, RBB 7 18]          -     r            2334                                                                                             
   --------------------------------------------------------------------------------------------------------------------------------------------------------------------------------------------------
   RBB_18/CQ                    RBB_6L       18  [TILE 0 0, RBB 7 18]        800     r            3134     {inst101: rx_shift_FDRE_Q_3 (FDRE,site=cff)}                                            
   o_led_FDRE_Q_D_LUT5_O_I4[1]  Net         109            (fanout=4)       1546                     -                                                                                             
   RBB_7/O[0]                   IOB           7  [TILE 0 0, RBB 0 19]          -     r            4680     {inst208: o_data_rx[4]_OUT (FDRE)} {(output_port) inst195: g_195_o_data_rx_4_obuf (IO)} 
   --------------------------------------------------------------------------------------------------------------------------------------------------------------------------------------------------
   RBB_7/CLK                    IOB           7  [TILE 0 0, RBB 0 19]        741     r            5421                                                                                             
   i_clk                        Clock net     2          (fanout=516)      -2162                     -                                                                                             
   i_clk                        CLOCK-PORT    -                     -    capture     r            3259                                                                                             
   --------------------------------------------------------------------------------------------------------------------------------------------------------------------------------------------------


Path 102:
   Slack (not met):                         -1330ps
     Path type:                               SETUP
     Group:                            <UDEF_i_clk>
     Launching clock:                         i_clk (rising edge)
     Capturing clock:                         i_clk (rising edge)

     Requested period:                       2000ps
   + Delay of the capturing clock:           2334ps
   - Clock uncertainty:                       150ps
   = Required time:                          4184ps
   - Propagation time:                       3355ps (48.6% logic, 51.4% route, logic stage 1)
   - Delay of the launching clock:           2159ps
   = Slack:                                 -1330ps

   Instance/Pin or Net Name                Type         ID    Location or Fanout   Delay(ps)  Edge  Arrival Time(ps)    Instance detail                                                                                       
   -----------------------------------------------------------------------------------------------------------------------------------------------------------------------------------------------------------------------------
   i_clk                                   CLOCK-PORT    -                     -     launch     r               0                                                                                                             
   i_clk                                   Clock net     2          (fanout=516)       2159                     -                                                                                                             
   RBB_15/CLK                              RBB_6L       15  [TILE 0 0, RBB 1 16]          -     r            2159                                                                                                             
   -----------------------------------------------------------------------------------------------------------------------------------------------------------------------------------------------------------------------------
   RBB_15/DQ                               RBB_6L       15  [TILE 0 0, RBB 1 16]        800     r            2959     {inst119: sda_sync_FDSE_Q (FDR,site=dff)}                                                               
   i_en_LUT5_I0_O_LUT5_O_I1_CARRY4_O_O[4]  Net          38           (fanout=16)       1723                     -                                                                                                             
   RBB_18/C3                               RBB_6L       18  [TILE 0 0, RBB 7 18]          -     r            4682     {inst46: i_en_LUT5_I0_O_LUT5_O_I1_LUT5_I4 (LUT,site=clut)} {inst101: rx_shift_FDRE_Q_3 (FDRE,site=cff)} 
   -----------------------------------------------------------------------------------------------------------------------------------------------------------------------------------------------------------------------------
   RBB_18/CLK                              RBB_6L       18  [TILE 0 0, RBB 7 18]        832     r            5514                                                                                                             
   i_clk                                   Clock net     2          (fanout=516)      -2334                     -                                                                                                             
   i_clk                                   CLOCK-PORT    -                     -    capture     r            3180                                                                                                             
   -----------------------------------------------------------------------------------------------------------------------------------------------------------------------------------------------------------------------------


Path 105:
   Slack (not met):                         -1327ps
     Path type:                               SETUP
     Group:                            <UDEF_i_clk>
     Launching clock:                         i_clk (rising edge)
     Capturing clock:                         i_clk (rising edge)

     Requested period:                       2000ps
   + Delay of the capturing clock:           2334ps
   - Clock uncertainty:                       150ps
   = Required time:                          4184ps
   - Propagation time:                       3164ps (49.1% logic, 50.9% route, logic stage 1)
   - Delay of the launching clock:           2347ps
   = Slack:                                 -1327ps

   Instance/Pin or Net Name                Type         ID     Location or Fanout   Delay(ps)  Edge  Arrival Time(ps)    Instance detail                                                                                       
   ------------------------------------------------------------------------------------------------------------------------------------------------------------------------------------------------------------------------------
   i_clk                                   CLOCK-PORT    -                      -     launch     r               0                                                                                                             
   i_clk                                   Clock net     2           (fanout=516)       2347                     -                                                                                                             
   RBB_17/CLK                              RBB_6L       17  [TILE 0 0, RBB 10 14]          -     r            2347                                                                                                             
   ------------------------------------------------------------------------------------------------------------------------------------------------------------------------------------------------------------------------------
   RBB_17/DQ                               RBB_6L       17  [TILE 0 0, RBB 10 14]        800     r            3147     {inst28: bit_count_FDSE_Q_2 (FDRE,site=dff)}                                                            
   i_en_LUT5_I0_O_LUT5_O_I1_CARRY4_O_O[1]  Net          35            (fanout=10)       1610                     -                                                                                                             
   RBB_18/C1                               RBB_6L       18   [TILE 0 0, RBB 7 18]          -     r            4757     {inst46: i_en_LUT5_I0_O_LUT5_O_I1_LUT5_I4 (LUT,site=clut)} {inst101: rx_shift_FDRE_Q_3 (FDRE,site=cff)} 
   ------------------------------------------------------------------------------------------------------------------------------------------------------------------------------------------------------------------------------
   RBB_18/CLK                              RBB_6L       18   [TILE 0 0, RBB 7 18]        754     r            5511                                                                                                             
   i_clk                                   Clock net     2           (fanout=516)      -2334                     -                                                                                                             
   i_clk                                   CLOCK-PORT    -                      -    capture     r            3177                                                                                                             
   ------------------------------------------------------------------------------------------------------------------------------------------------------------------------------------------------------------------------------


Path 111:
   Slack (not met):                         -1281ps
     Path type:                               SETUP
     Group:                            <UDEF_i_clk>
     Launching clock:                         i_clk (rising edge)
     Capturing clock:                         i_clk (rising edge)

     Requested period:                       2000ps
   + Delay of the capturing clock:           2163ps
   - Clock uncertainty:                       150ps
   = Required time:                          4013ps
   - Propagation time:                       2975ps (51.7% logic, 48.3% route, logic stage 1)
   - Delay of the launching clock:           2319ps
   = Slack:                                 -1281ps

   Instance/Pin or Net Name     Type         ID    Location or Fanout   Delay(ps)  Edge  Arrival Time(ps)    Instance detail                                                                       
   --------------------------------------------------------------------------------------------------------------------------------------------------------------------------------------------------
   i_clk                        CLOCK-PORT    -                     -     launch     r               0                                                                                             
   i_clk                        Clock net     2          (fanout=516)       2319                     -                                                                                             
   RBB_34/CLK                   RBB_6L       34  [TILE 0 0, RBB 1 18]          -     r            2319                                                                                             
   --------------------------------------------------------------------------------------------------------------------------------------------------------------------------------------------------
   RBB_34/BQ                    RBB_6L       34  [TILE 0 0, RBB 1 18]        800     r            3119     {inst99: rx_shift_FDRE_Q_1 (FDRE,site=bff)}                                             
   o_led_FDRE_Q_D_LUT5_O_I4[0]  Net         108            (fanout=4)       1438                     -                                                                                             
   RBB_8/O[0]                   IOB           8  [TILE 0 0, RBB 0 20]          -     r            4557     {inst210: o_data_rx[6]_OUT (FDRE)} {(output_port) inst197: g_197_o_data_rx_6_obuf (IO)} 
   --------------------------------------------------------------------------------------------------------------------------------------------------------------------------------------------------
   RBB_8/CLK                    IOB           8  [TILE 0 0, RBB 0 20]        737     r            5294                                                                                             
   i_clk                        Clock net     2          (fanout=516)      -2163                     -                                                                                             
   i_clk                        CLOCK-PORT    -                     -    capture     r            3131                                                                                             
   --------------------------------------------------------------------------------------------------------------------------------------------------------------------------------------------------


Path 125:
   Slack (not met):                         -1272ps
     Path type:                               SETUP
     Group:                            <UDEF_i_clk>
     Launching clock:                         i_clk (rising edge)
     Capturing clock:                         i_clk (rising edge)

     Requested period:                       2000ps
   + Delay of the capturing clock:           2357ps
   - Clock uncertainty:                       150ps
   = Required time:                          4207ps
   - Propagation time:                       3320ps (39.7% logic, 60.3% route, logic stage 1)
   - Delay of the launching clock:           2159ps
   = Slack:                                 -1272ps

   Instance/Pin or Net Name                Type         ID     Location or Fanout   Delay(ps)  Edge  Arrival Time(ps)    Instance detail                            
   -------------------------------------------------------------------------------------------------------------------------------------------------------------------
   i_clk                                   CLOCK-PORT    -                      -     launch     r               0                                                  
   i_clk                                   Clock net     2           (fanout=516)       2159                     -                                                  
   RBB_15/CLK                              RBB_6L       15   [TILE 0 0, RBB 1 16]          -     r            2159                                                  
   -------------------------------------------------------------------------------------------------------------------------------------------------------------------
   RBB_15/DQ                               RBB_6L       15   [TILE 0 0, RBB 1 16]        800     r            2959     {inst119: sda_sync_FDSE_Q (FDR,site=dff)}    
   i_en_LUT5_I0_O_LUT5_O_I1_CARRY4_O_O[4]  Net          38            (fanout=16)       2002                     -                                                  
   RBB_24/C6                               RBB_6L       24  [TILE 0 0, RBB 10 18]          -     r            4961     {inst56: o_data_rx_FDRE_Q_7 (FDRE,site=cff)} 
   -------------------------------------------------------------------------------------------------------------------------------------------------------------------
   RBB_24/CLK                              RBB_6L       24  [TILE 0 0, RBB 10 18]        518     r            5479                                                  
   i_clk                                   Clock net     2           (fanout=516)      -2357                     -                                                  
   i_clk                                   CLOCK-PORT    -                      -    capture     r            3122                                                  
   -------------------------------------------------------------------------------------------------------------------------------------------------------------------


Path 126:
   Slack (not met):                         -1241ps
     Path type:                               SETUP
     Group:                            <UDEF_i_clk>
     Launching clock:                         i_clk (rising edge)
     Capturing clock:                         i_clk (rising edge)

     Requested period:                       2000ps
   + Delay of the capturing clock:           2305ps
   - Clock uncertainty:                       150ps
   = Required time:                          4155ps
   - Propagation time:                       3237ps (38.8% logic, 61.2% route, logic stage 1)
   - Delay of the launching clock:           2159ps
   = Slack:                                 -1241ps

   Instance/Pin or Net Name                Type         ID    Location or Fanout   Delay(ps)  Edge  Arrival Time(ps)    Instance detail                             
   -------------------------------------------------------------------------------------------------------------------------------------------------------------------
   i_clk                                   CLOCK-PORT    -                     -     launch     r               0                                                   
   i_clk                                   Clock net     2          (fanout=516)       2159                     -                                                   
   RBB_15/CLK                              RBB_6L       15  [TILE 0 0, RBB 1 16]          -     r            2159                                                   
   -------------------------------------------------------------------------------------------------------------------------------------------------------------------
   RBB_15/DQ                               RBB_6L       15  [TILE 0 0, RBB 1 16]        800     r            2959     {inst119: sda_sync_FDSE_Q (FDR,site=dff)}     
   i_en_LUT5_I0_O_LUT5_O_I1_CARRY4_O_O[4]  Net          38           (fanout=16)       1982                     -                                                   
   RBB_33/C6                               RBB_6L       33   [TILE 0 0, RBB 4 8]          -     r            4941     {inst66: read_request_FDRE_Q (FDRE,site=cff)} 
   -------------------------------------------------------------------------------------------------------------------------------------------------------------------
   RBB_33/CLK                              RBB_6L       33   [TILE 0 0, RBB 4 8]        455     r            5396                                                   
   i_clk                                   Clock net     2          (fanout=516)      -2305                     -                                                   
   i_clk                                   CLOCK-PORT    -                     -    capture     r            3091                                                   
   -------------------------------------------------------------------------------------------------------------------------------------------------------------------


Path 120:
   Slack (not met):                         -1237ps
     Path type:                               SETUP
     Group:                            <UDEF_i_clk>
     Launching clock:                         i_clk (rising edge)
     Capturing clock:                         i_clk (rising edge)

     Requested period:                       2000ps
   + Delay of the capturing clock:           2310ps
   - Clock uncertainty:                       150ps
   = Required time:                          4160ps
   - Propagation time:                       3078ps (43.0% logic, 57.0% route, logic stage 1)
   - Delay of the launching clock:           2319ps
   = Slack:                                 -1237ps

   Instance/Pin or Net Name     Type         ID    Location or Fanout   Delay(ps)  Edge  Arrival Time(ps)    Instance detail                            
   -------------------------------------------------------------------------------------------------------------------------------------------------------
   i_clk                        CLOCK-PORT    -                     -     launch     r               0                                                  
   i_clk                        Clock net     2          (fanout=516)       2319                     -                                                  
   RBB_34/CLK                   RBB_6L       34  [TILE 0 0, RBB 1 18]          -     r            2319                                                  
   -------------------------------------------------------------------------------------------------------------------------------------------------------
   RBB_34/BQ                    RBB_6L       34  [TILE 0 0, RBB 1 18]        800     r            3119     {inst99: rx_shift_FDRE_Q_1 (FDRE,site=bff)}  
   o_led_FDRE_Q_D_LUT5_O_I4[0]  Net         108            (fanout=4)       1753                     -                                                  
   RBB_22/D6                    RBB_6L       22  [TILE 0 0, RBB 4 20]          -     r            4872     {inst50: o_data_rx_FDRE_Q_1 (FDRE,site=dff)} 
   -------------------------------------------------------------------------------------------------------------------------------------------------------
   RBB_22/CLK                   RBB_6L       22  [TILE 0 0, RBB 4 20]        525     r            5397                                                  
   i_clk                        Clock net     2          (fanout=516)      -2310                     -                                                  
   i_clk                        CLOCK-PORT    -                     -    capture     r            3087                                                  
   -------------------------------------------------------------------------------------------------------------------------------------------------------


Path 117:
   Slack (not met):                         -1222ps
     Path type:                               SETUP
     Group:                            <UDEF_i_clk>
     Launching clock:                         i_clk (rising edge)
     Capturing clock:                         i_clk (rising edge)

     Requested period:                       2000ps
   + Delay of the capturing clock:           2163ps
   - Clock uncertainty:                       150ps
   = Required time:                          4013ps
   - Propagation time:                       2916ps (48.9% logic, 51.1% route, logic stage 1)
   - Delay of the launching clock:           2319ps
   = Slack:                                 -1222ps

   Instance/Pin or Net Name   Type         ID    Location or Fanout   Delay(ps)  Edge  Arrival Time(ps)    Instance detail                                                                       
   ------------------------------------------------------------------------------------------------------------------------------------------------------------------------------------------------
   i_clk                      CLOCK-PORT    -                     -     launch     r               0                                                                                             
   i_clk                      Clock net     2          (fanout=516)       2319                     -                                                                                             
   RBB_34/CLK                 RBB_6L       34  [TILE 0 0, RBB 1 18]          -     r            2319                                                                                             
   ------------------------------------------------------------------------------------------------------------------------------------------------------------------------------------------------
   RBB_34/CQ                  RBB_6L       34  [TILE 0 0, RBB 1 18]        800     r            3119     {inst98: rx_shift_FDRE_Q (FDRE,site=cff)}                                               
   rx_shift[7]                Net          25            (fanout=4)       1489                     -                                                                                             
   RBB_8/O[1]                 IOB           8  [TILE 0 0, RBB 0 20]          -     r            4608     {inst211: o_data_rx[7]_OUT (FDRE)} {(output_port) inst198: g_198_o_data_rx_7_obuf (IO)} 
   ------------------------------------------------------------------------------------------------------------------------------------------------------------------------------------------------
   RBB_8/CLK                  IOB           8  [TILE 0 0, RBB 0 20]        627     r            5235                                                                                             
   i_clk                      Clock net     2          (fanout=516)      -2163                     -                                                                                             
   i_clk                      CLOCK-PORT    -                     -    capture     r            3072                                                                                             
   ------------------------------------------------------------------------------------------------------------------------------------------------------------------------------------------------


Path 114:
   Slack (not met):                         -1192ps
     Path type:                               SETUP
     Group:                            <UDEF_i_clk>
     Launching clock:                         i_clk (rising edge)
     Capturing clock:                         i_clk (rising edge)

     Requested period:                       2000ps
   + Delay of the capturing clock:           2347ps
   - Clock uncertainty:                       150ps
   = Required time:                          4197ps
   - Propagation time:                       3230ps (43.8% logic, 56.2% route, logic stage 1)
   - Delay of the launching clock:           2159ps
   = Slack:                                 -1192ps

   Instance/Pin or Net Name                Type         ID     Location or Fanout   Delay(ps)  Edge  Arrival Time(ps)    Instance detail                                                                                   
   --------------------------------------------------------------------------------------------------------------------------------------------------------------------------------------------------------------------------
   i_clk                                   CLOCK-PORT    -                      -     launch     r               0                                                                                                         
   i_clk                                   Clock net     2           (fanout=516)       2159                     -                                                                                                         
   RBB_15/CLK                              RBB_6L       15   [TILE 0 0, RBB 1 16]          -     r            2159                                                                                                         
   --------------------------------------------------------------------------------------------------------------------------------------------------------------------------------------------------------------------------
   RBB_15/DQ                               RBB_6L       15   [TILE 0 0, RBB 1 16]        800     r            2959     {inst119: sda_sync_FDSE_Q (FDR,site=dff)}                                                           
   i_en_LUT5_I0_O_LUT5_O_I1_CARRY4_O_O[4]  Net          38            (fanout=16)       1816                     -                                                                                                         
   RBB_11/A4                               RBB_6L       11  [TILE 0 0, RBB 10 12]          -     r            4775     {inst110: rx_shift_FDRE_Q_D_LUT5_O_4 (LUT,site=aluto)} {inst103: rx_shift_FDRE_Q_5 (FDRE,site=aff)} 
   --------------------------------------------------------------------------------------------------------------------------------------------------------------------------------------------------------------------------
   RBB_11/CLK                              RBB_6L       11  [TILE 0 0, RBB 10 12]        614     r            5389                                                                                                         
   i_clk                                   Clock net     2           (fanout=516)      -2347                     -                                                                                                         
   i_clk                                   CLOCK-PORT    -                      -    capture     r            3042                                                                                                         
   --------------------------------------------------------------------------------------------------------------------------------------------------------------------------------------------------------------------------


Path 122:
   Slack (not met):                         -1118ps
     Path type:                               SETUP
     Group:                            <UDEF_i_clk>
     Launching clock:                         i_clk (rising edge)
     Capturing clock:                         i_clk (rising edge)

     Requested period:                       2000ps
   + Delay of the capturing clock:           2357ps
   - Clock uncertainty:                       150ps
   = Required time:                          4207ps
   - Propagation time:                       2978ps (48.8% logic, 51.2% route, logic stage 1)
   - Delay of the launching clock:           2347ps
   = Slack:                                 -1118ps

   Instance/Pin or Net Name     Type         ID     Location or Fanout   Delay(ps)  Edge  Arrival Time(ps)    Instance detail                                                                                    
   ----------------------------------------------------------------------------------------------------------------------------------------------------------------------------------------------------------------
   i_clk                        CLOCK-PORT    -                      -     launch     r               0                                                                                                          
   i_clk                        Clock net     2           (fanout=516)       2347                     -                                                                                                          
   RBB_11/CLK                   RBB_6L       11  [TILE 0 0, RBB 10 12]          -     r            2347                                                                                                          
   ----------------------------------------------------------------------------------------------------------------------------------------------------------------------------------------------------------------
   RBB_11/AQ                    RBB_6L       11  [TILE 0 0, RBB 10 12]        800     r            3147     {inst103: rx_shift_FDRE_Q_5 (FDRE,site=aff)}                                                         
   o_led_FDRE_Q_D_LUT5_O_I4[2]  Net         110             (fanout=4)       1525                     -                                                                                                          
   RBB_24/B1                    RBB_6L       24  [TILE 0 0, RBB 10 18]          -     r            4672     {inst223: o_data_rx_FDRE_Q_5_buf223_i (LUT,site=bluto)} {inst54: o_data_rx_FDRE_Q_5 (FDRE,site=bff)} 
   ----------------------------------------------------------------------------------------------------------------------------------------------------------------------------------------------------------------
   RBB_24/CLK                   RBB_6L       24  [TILE 0 0, RBB 10 18]        653     r            5325                                                                                                          
   i_clk                        Clock net     2           (fanout=516)      -2357                     -                                                                                                          
   i_clk                        CLOCK-PORT    -                      -    capture     r            2968                                                                                                          
   ----------------------------------------------------------------------------------------------------------------------------------------------------------------------------------------------------------------


Path 108:
   Slack (not met):                         -1106ps
     Path type:                               SETUP
     Group:                            <UDEF_i_clk>
     Launching clock:                         i_clk (rising edge)
     Capturing clock:                         i_clk (rising edge)

     Requested period:                       2000ps
   + Delay of the capturing clock:           2163ps
   - Clock uncertainty:                       150ps
   = Required time:                          4013ps
   - Propagation time:                       2960ps (51.8% logic, 48.2% route, logic stage 1)
   - Delay of the launching clock:           2159ps
   = Slack:                                 -1106ps

   Instance/Pin or Net Name                Type         ID    Location or Fanout   Delay(ps)  Edge  Arrival Time(ps)    Instance detail                                                                       
   -------------------------------------------------------------------------------------------------------------------------------------------------------------------------------------------------------------
   i_clk                                   CLOCK-PORT    -                     -     launch     r               0                                                                                             
   i_clk                                   Clock net     2          (fanout=516)       2159                     -                                                                                             
   RBB_15/CLK                              RBB_6L       15  [TILE 0 0, RBB 1 16]          -     r            2159                                                                                             
   -------------------------------------------------------------------------------------------------------------------------------------------------------------------------------------------------------------
   RBB_15/DQ                               RBB_6L       15  [TILE 0 0, RBB 1 16]        800     r            2959     {inst119: sda_sync_FDSE_Q (FDR,site=dff)}                                               
   i_en_LUT5_I0_O_LUT5_O_I1_CARRY4_O_O[4]  Net          38           (fanout=16)       1426                     -                                                                                             
   RBB_5/O[0]                              IOB           5  [TILE 0 0, RBB 0 21]          -     r            4385     {inst204: o_data_rx[0]_OUT (FDRE)} {(output_port) inst191: g_191_o_data_rx_0_obuf (IO)} 
   -------------------------------------------------------------------------------------------------------------------------------------------------------------------------------------------------------------
   RBB_5/CLK                               IOB           5  [TILE 0 0, RBB 0 21]        734     r            5119                                                                                             
   i_clk                                   Clock net     2          (fanout=516)      -2163                     -                                                                                             
   i_clk                                   CLOCK-PORT    -                     -    capture     r            2956                                                                                             
   -------------------------------------------------------------------------------------------------------------------------------------------------------------------------------------------------------------


Path 124:
   Slack (not met):                         -1106ps
     Path type:                               SETUP
     Group:                            <UDEF_i_clk>
     Launching clock:                         i_clk (rising edge)
     Capturing clock:                         i_clk (rising edge)

     Requested period:                       2000ps
   + Delay of the capturing clock:           2347ps
   - Clock uncertainty:                       150ps
   = Required time:                          4197ps
   - Propagation time:                       3144ps (42.2% logic, 57.8% route, logic stage 1)
   - Delay of the launching clock:           2159ps
   = Slack:                                 -1106ps

   Instance/Pin or Net Name                Type         ID     Location or Fanout   Delay(ps)  Edge  Arrival Time(ps)    Instance detail                                                                                   
   --------------------------------------------------------------------------------------------------------------------------------------------------------------------------------------------------------------------------
   i_clk                                   CLOCK-PORT    -                      -     launch     r               0                                                                                                         
   i_clk                                   Clock net     2           (fanout=516)       2159                     -                                                                                                         
   RBB_15/CLK                              RBB_6L       15   [TILE 0 0, RBB 1 16]          -     r            2159                                                                                                         
   --------------------------------------------------------------------------------------------------------------------------------------------------------------------------------------------------------------------------
   RBB_15/DQ                               RBB_6L       15   [TILE 0 0, RBB 1 16]        800     r            2959     {inst119: sda_sync_FDSE_Q (FDR,site=dff)}                                                           
   i_en_LUT5_I0_O_LUT5_O_I1_CARRY4_O_O[4]  Net          38            (fanout=16)       1817                     -                                                                                                         
   RBB_11/D4                               RBB_6L       11  [TILE 0 0, RBB 10 12]          -     r            4776     {inst109: rx_shift_FDRE_Q_D_LUT5_O_3 (LUT,site=dluto)} {inst102: rx_shift_FDRE_Q_4 (FDRE,site=dff)} 
   --------------------------------------------------------------------------------------------------------------------------------------------------------------------------------------------------------------------------
   RBB_11/CLK                              RBB_6L       11  [TILE 0 0, RBB 10 12]        527     r            5303                                                                                                         
   i_clk                                   Clock net     2           (fanout=516)      -2347                     -                                                                                                         
   i_clk                                   CLOCK-PORT    -                      -    capture     r            2956                                                                                                         
   --------------------------------------------------------------------------------------------------------------------------------------------------------------------------------------------------------------------------


Path 100:
   Slack (not met):                         -1096ps
     Path type:                               SETUP
     Group:                            <UDEF_i_clk>
     Launching clock:                         i_clk (rising edge)
     Capturing clock:                         i_clk (rising edge)

     Requested period:                       2000ps
   + Delay of the capturing clock:           2318ps
   - Clock uncertainty:                       150ps
   = Required time:                          4168ps
   - Propagation time:                       3105ps (54.8% logic, 45.2% route, logic stage 1)
   - Delay of the launching clock:           2159ps
   = Slack:                                 -1096ps

   Instance/Pin or Net Name                Type         ID    Location or Fanout   Delay(ps)  Edge  Arrival Time(ps)    Instance detail                                                                                  
   ------------------------------------------------------------------------------------------------------------------------------------------------------------------------------------------------------------------------
   i_clk                                   CLOCK-PORT    -                     -     launch     r               0                                                                                                        
   i_clk                                   Clock net     2          (fanout=516)       2159                     -                                                                                                        
   RBB_15/CLK                              RBB_6L       15  [TILE 0 0, RBB 1 16]          -     r            2159                                                                                                        
   ------------------------------------------------------------------------------------------------------------------------------------------------------------------------------------------------------------------------
   RBB_15/DQ                               RBB_6L       15  [TILE 0 0, RBB 1 16]        800     r            2959     {inst119: sda_sync_FDSE_Q (FDR,site=dff)}                                                          
   i_en_LUT5_I0_O_LUT5_O_I1_CARRY4_O_O[4]  Net          38           (fanout=16)       1404                     -                                                                                                        
   RBB_25/C5                               RBB_6L       25  [TILE 0 0, RBB 1 20]          -     r            4363     {inst111: rx_shift_FDRE_Q_D_LUT5_O_5 (LUT,site=clut)} {inst104: rx_shift_FDRE_Q_6 (FDRE,site=cff)} 
   ------------------------------------------------------------------------------------------------------------------------------------------------------------------------------------------------------------------------
   RBB_25/CLK                              RBB_6L       25  [TILE 0 0, RBB 1 20]        901     r            5264                                                                                                        
   i_clk                                   Clock net     2          (fanout=516)      -2318                     -                                                                                                        
   i_clk                                   CLOCK-PORT    -                     -    capture     r            2946                                                                                                        
   ------------------------------------------------------------------------------------------------------------------------------------------------------------------------------------------------------------------------


Path 118:
   Slack (not met):                         -1095ps
     Path type:                               SETUP
     Group:                            <UDEF_i_clk>
     Launching clock:                         i_clk (rising edge)
     Capturing clock:                         i_clk (rising edge)

     Requested period:                       2000ps
   + Delay of the capturing clock:           2162ps
   - Clock uncertainty:                       150ps
   = Required time:                          4012ps
   - Propagation time:                       2788ps (51.3% logic, 48.7% route, logic stage 1)
   - Delay of the launching clock:           2319ps
   = Slack:                                 -1095ps

   Instance/Pin or Net Name   Type         ID    Location or Fanout   Delay(ps)  Edge  Arrival Time(ps)    Instance detail                                                                                                    
   -----------------------------------------------------------------------------------------------------------------------------------------------------------------------------------------------------------------------------
   i_clk                      CLOCK-PORT    -                     -     launch     r               0                                                                                                                          
   i_clk                      Clock net     2          (fanout=516)       2319                     -                                                                                                                          
   RBB_34/CLK                 RBB_6L       34  [TILE 0 0, RBB 1 18]          -     r            2319                                                                                                                          
   -----------------------------------------------------------------------------------------------------------------------------------------------------------------------------------------------------------------------------
   RBB_34/AQ                  RBB_6L       34  [TILE 0 0, RBB 1 18]        800     r            3119     {inst100: rx_shift_FDRE_Q_2 (FDRE,site=aff)}                                                                         
   rx_shift[5]                Net          24            (fanout=4)       1358                     -                                                                                                                          
   RBB_7/O[1]                 IOB           7  [TILE 0 0, RBB 0 19]          -     r            4477     {inst209: i_en_LUT5_I0_O_LUT4_O_I0_CARRY4_CO_O_1[0]_OUT (FDRE)} {(output_port) inst196: g_196_o_data_rx_5_obuf (IO)} 
   -----------------------------------------------------------------------------------------------------------------------------------------------------------------------------------------------------------------------------
   RBB_7/CLK                  IOB           7  [TILE 0 0, RBB 0 19]        630     r            5107                                                                                                                          
   i_clk                      Clock net     2          (fanout=516)      -2162                     -                                                                                                                          
   i_clk                      CLOCK-PORT    -                     -    capture     r            2945                                                                                                                          
   -----------------------------------------------------------------------------------------------------------------------------------------------------------------------------------------------------------------------------


Path 129:
   Slack (not met):                         -1068ps
     Path type:                               SETUP
     Group:                            <UDEF_i_clk>
     Launching clock:                         i_clk (rising edge)
     Capturing clock:                         i_clk (rising edge)

     Requested period:                       2000ps
   + Delay of the capturing clock:           2319ps
   - Clock uncertainty:                       150ps
   = Required time:                          4169ps
   - Propagation time:                       2918ps (59.6% logic, 40.4% route, logic stage 1)
   - Delay of the launching clock:           2319ps
   = Slack:                                 -1068ps

   Instance/Pin or Net Name   Type         ID    Location or Fanout   Delay(ps)  Edge  Arrival Time(ps)    Instance detail                                                                                  
   -----------------------------------------------------------------------------------------------------------------------------------------------------------------------------------------------------------
   i_clk                      CLOCK-PORT    -                     -     launch     r               0                                                                                                        
   i_clk                      Clock net     2          (fanout=516)       2319                     -                                                                                                        
   RBB_34/CLK                 RBB_6L       34  [TILE 0 0, RBB 1 18]          -     r            2319                                                                                                        
   -----------------------------------------------------------------------------------------------------------------------------------------------------------------------------------------------------------
   RBB_34/AQ                  RBB_6L       34  [TILE 0 0, RBB 1 18]        800     r            3119     {inst100: rx_shift_FDRE_Q_2 (FDRE,site=aff)}                                                       
   rx_shift[5]                Net          24            (fanout=4)       1178                     -                                                                                                        
   RBB_34/A1                  RBB_6L       34  [TILE 0 0, RBB 1 18]          -     r            4297     {inst108: rx_shift_FDRE_Q_D_LUT5_O_2 (LUT,site=alut)} {inst100: rx_shift_FDRE_Q_2 (FDRE,site=aff)} 
   -----------------------------------------------------------------------------------------------------------------------------------------------------------------------------------------------------------
   RBB_34/CLK                 RBB_6L       34  [TILE 0 0, RBB 1 18]        940     r            5237                                                                                                        
   i_clk                      Clock net     2          (fanout=516)      -2319                     -                                                                                                        
   i_clk                      CLOCK-PORT    -                     -    capture     r            2918                                                                                                        
   -----------------------------------------------------------------------------------------------------------------------------------------------------------------------------------------------------------


Path 130:
   Slack (not met):                          -948ps
     Path type:                               SETUP
     Group:                            <UDEF_i_clk>
     Launching clock:                         i_clk (rising edge)
     Capturing clock:                         i_clk (rising edge)

     Requested period:                       2000ps
   + Delay of the capturing clock:           2347ps
   - Clock uncertainty:                       150ps
   = Required time:                          4197ps
   - Propagation time:                       2798ps (61.4% logic, 38.6% route, logic stage 1)
   - Delay of the launching clock:           2347ps
   = Slack:                                  -948ps

   Instance/Pin or Net Name                Type         ID     Location or Fanout   Delay(ps)  Edge  Arrival Time(ps)    Instance detail                                                                                                          
   -------------------------------------------------------------------------------------------------------------------------------------------------------------------------------------------------------------------------------------------------
   i_clk                                   CLOCK-PORT    -                      -     launch     r               0                                                                                                                                
   i_clk                                   Clock net     2           (fanout=516)       2347                     -                                                                                                                                
   RBB_17/CLK                              RBB_6L       17  [TILE 0 0, RBB 10 14]          -     r            2347                                                                                                                                
   -------------------------------------------------------------------------------------------------------------------------------------------------------------------------------------------------------------------------------------------------
   RBB_17/DQ                               RBB_6L       17  [TILE 0 0, RBB 10 14]        800     r            3147     {inst28: bit_count_FDSE_Q_2 (FDRE,site=dff)}                                                                               
   i_en_LUT5_I0_O_LUT5_O_I1_CARRY4_O_O[1]  Net          35            (fanout=10)       1080                     -                                                                                                                                
   RBB_17/D5                               RBB_6L       17  [TILE 0 0, RBB 10 14]          -     r            4227     {inst83: read_request_LUT4_I0_1_I3_LUT4_I2_O_LUT6_I4_2 (LUT,site=dlut,dluto)} {inst28: bit_count_FDSE_Q_2 (FDRE,site=dff)} 
   -------------------------------------------------------------------------------------------------------------------------------------------------------------------------------------------------------------------------------------------------
   RBB_17/CLK                              RBB_6L       17  [TILE 0 0, RBB 10 14]        918     r            5145                                                                                                                                
   i_clk                                   Clock net     2           (fanout=516)      -2347                     -                                                                                                                                
   i_clk                                   CLOCK-PORT    -                      -    capture     r            2798                                                                                                                                
   -------------------------------------------------------------------------------------------------------------------------------------------------------------------------------------------------------------------------------------------------


Path 101:
   Slack (not met):                          -923ps
     Path type:                               SETUP
     Group:                            <UDEF_i_clk>
     Launching clock:                         i_clk (rising edge)
     Capturing clock:                         i_clk (rising edge)

     Requested period:                       2000ps
   + Delay of the capturing clock:           2319ps
   - Clock uncertainty:                       150ps
   = Required time:                          4169ps
   - Propagation time:                       2933ps (58.0% logic, 42.0% route, logic stage 1)
   - Delay of the launching clock:           2159ps
   = Slack:                                  -923ps

   Instance/Pin or Net Name                Type         ID    Location or Fanout   Delay(ps)  Edge  Arrival Time(ps)    Instance detail                                                                             
   -------------------------------------------------------------------------------------------------------------------------------------------------------------------------------------------------------------------
   i_clk                                   CLOCK-PORT    -                     -     launch     r               0                                                                                                   
   i_clk                                   Clock net     2          (fanout=516)       2159                     -                                                                                                   
   RBB_15/CLK                              RBB_6L       15  [TILE 0 0, RBB 1 16]          -     r            2159                                                                                                   
   -------------------------------------------------------------------------------------------------------------------------------------------------------------------------------------------------------------------
   RBB_15/DQ                               RBB_6L       15  [TILE 0 0, RBB 1 16]        800     r            2959     {inst119: sda_sync_FDSE_Q (FDR,site=dff)}                                                     
   i_en_LUT5_I0_O_LUT5_O_I1_CARRY4_O_O[4]  Net          38           (fanout=16)       1232                     -                                                                                                   
   RBB_34/C5                               RBB_6L       34  [TILE 0 0, RBB 1 18]          -     r            4191     {inst106: rx_shift_FDRE_Q_D_LUT5_O (LUT,site=clut)} {inst98: rx_shift_FDRE_Q (FDRE,site=cff)} 
   -------------------------------------------------------------------------------------------------------------------------------------------------------------------------------------------------------------------
   RBB_34/CLK                              RBB_6L       34  [TILE 0 0, RBB 1 18]        901     r            5092                                                                                                   
   i_clk                                   Clock net     2          (fanout=516)      -2319                     -                                                                                                   
   i_clk                                   CLOCK-PORT    -                     -    capture     r            2773                                                                                                   
   -------------------------------------------------------------------------------------------------------------------------------------------------------------------------------------------------------------------


Path 134:
   Slack (not met):                          -918ps
     Path type:                               SETUP
     Group:                            <UDEF_i_clk>
     Launching clock:                         i_clk (rising edge)
     Capturing clock:                         i_clk (rising edge)

     Requested period:                       2000ps
   + Delay of the capturing clock:           2319ps
   - Clock uncertainty:                       150ps
   = Required time:                          4169ps
   - Propagation time:                       2768ps (57.6% logic, 42.4% route, logic stage 1)
   - Delay of the launching clock:           2319ps
   = Slack:                                  -918ps

   Instance/Pin or Net Name     Type         ID    Location or Fanout   Delay(ps)  Edge  Arrival Time(ps)    Instance detail                                                                                 
   ------------------------------------------------------------------------------------------------------------------------------------------------------------------------------------------------------------
   i_clk                        CLOCK-PORT    -                     -     launch     r               0                                                                                                       
   i_clk                        Clock net     2          (fanout=516)       2319                     -                                                                                                       
   RBB_34/CLK                   RBB_6L       34  [TILE 0 0, RBB 1 18]          -     r            2319                                                                                                       
   ------------------------------------------------------------------------------------------------------------------------------------------------------------------------------------------------------------
   RBB_34/BQ                    RBB_6L       34  [TILE 0 0, RBB 1 18]        800     r            3119     {inst99: rx_shift_FDRE_Q_1 (FDRE,site=bff)}                                                       
   o_led_FDRE_Q_D_LUT5_O_I4[0]  Net         108            (fanout=4)       1173                     -                                                                                                       
   RBB_34/B1                    RBB_6L       34  [TILE 0 0, RBB 1 18]          -     r            4292     {inst107: rx_shift_FDRE_Q_D_LUT5_O_1 (LUT,site=blut)} {inst99: rx_shift_FDRE_Q_1 (FDRE,site=bff)} 
   ------------------------------------------------------------------------------------------------------------------------------------------------------------------------------------------------------------
   RBB_34/CLK                   RBB_6L       34  [TILE 0 0, RBB 1 18]        795     r            5087                                                                                                       
   i_clk                        Clock net     2          (fanout=516)      -2319                     -                                                                                                       
   i_clk                        CLOCK-PORT    -                     -    capture     r            2768                                                                                                       
   ------------------------------------------------------------------------------------------------------------------------------------------------------------------------------------------------------------


Path 115:
   Slack (not met):                          -913ps
     Path type:                               SETUP
     Group:                            <UDEF_i_clk>
     Launching clock:                         i_clk (rising edge)
     Capturing clock:                         i_clk (rising edge)

     Requested period:                       2000ps
   + Delay of the capturing clock:           2163ps
   - Clock uncertainty:                       150ps
   = Required time:                          4013ps
   - Propagation time:                       2608ps (55.1% logic, 44.9% route, logic stage 1)
   - Delay of the launching clock:           2318ps
   = Slack:                                  -913ps

   Instance/Pin or Net Name                Type         ID    Location or Fanout   Delay(ps)  Edge  Arrival Time(ps)    Instance detail                                                                       
   -------------------------------------------------------------------------------------------------------------------------------------------------------------------------------------------------------------
   i_clk                                   CLOCK-PORT    -                     -     launch     r               0                                                                                             
   i_clk                                   Clock net     2          (fanout=516)       2318                     -                                                                                             
   RBB_25/CLK                              RBB_6L       25  [TILE 0 0, RBB 1 20]          -     r            2318                                                                                             
   -------------------------------------------------------------------------------------------------------------------------------------------------------------------------------------------------------------
   RBB_25/CQ                               RBB_6L       25  [TILE 0 0, RBB 1 20]        800     r            3118     {inst104: rx_shift_FDRE_Q_6 (FDRE,site=cff)}                                            
   i_en_LUT5_I0_O_LUT5_O_I1_CARRY4_O_O[0]  Net          34            (fanout=4)       1172                     -                                                                                             
   RBB_5/O[1]                              IOB           5  [TILE 0 0, RBB 0 21]          -     r            4290     {inst205: o_data_rx[1]_OUT (FDRE)} {(output_port) inst192: g_192_o_data_rx_1_obuf (IO)} 
   -------------------------------------------------------------------------------------------------------------------------------------------------------------------------------------------------------------
   RBB_5/CLK                               IOB           5  [TILE 0 0, RBB 0 21]        636     r            4926                                                                                             
   i_clk                                   Clock net     2          (fanout=516)      -2163                     -                                                                                             
   i_clk                                   CLOCK-PORT    -                     -    capture     r            2763                                                                                             
   -------------------------------------------------------------------------------------------------------------------------------------------------------------------------------------------------------------


Path 131:
   Slack (not met):                          -897ps
     Path type:                               SETUP
     Group:                            <UDEF_i_clk>
     Launching clock:                         i_clk (rising edge)
     Capturing clock:                         i_clk (rising edge)

     Requested period:                       2000ps
   + Delay of the capturing clock:           2318ps
   - Clock uncertainty:                       150ps
   = Required time:                          4168ps
   - Propagation time:                       2747ps (61.2% logic, 38.8% route, logic stage 1)
   - Delay of the launching clock:           2318ps
   = Slack:                                  -897ps

   Instance/Pin or Net Name                Type         ID    Location or Fanout   Delay(ps)  Edge  Arrival Time(ps)    Instance detail                                                                                  
   ------------------------------------------------------------------------------------------------------------------------------------------------------------------------------------------------------------------------
   i_clk                                   CLOCK-PORT    -                     -     launch     r               0                                                                                                        
   i_clk                                   Clock net     2          (fanout=516)       2318                     -                                                                                                        
   RBB_25/CLK                              RBB_6L       25  [TILE 0 0, RBB 1 20]          -     r            2318                                                                                                        
   ------------------------------------------------------------------------------------------------------------------------------------------------------------------------------------------------------------------------
   RBB_25/CQ                               RBB_6L       25  [TILE 0 0, RBB 1 20]        800     r            3118     {inst104: rx_shift_FDRE_Q_6 (FDRE,site=cff)}                                                       
   i_en_LUT5_I0_O_LUT5_O_I1_CARRY4_O_O[0]  Net          34            (fanout=4)       1066                     -                                                                                                        
   RBB_25/C1                               RBB_6L       25  [TILE 0 0, RBB 1 20]          -     r            4184     {inst111: rx_shift_FDRE_Q_D_LUT5_O_5 (LUT,site=clut)} {inst104: rx_shift_FDRE_Q_6 (FDRE,site=cff)} 
   ------------------------------------------------------------------------------------------------------------------------------------------------------------------------------------------------------------------------
   RBB_25/CLK                              RBB_6L       25  [TILE 0 0, RBB 1 20]        881     r            5065                                                                                                        
   i_clk                                   Clock net     2          (fanout=516)      -2318                     -                                                                                                        
   i_clk                                   CLOCK-PORT    -                     -    capture     r            2747                                                                                                        
   ------------------------------------------------------------------------------------------------------------------------------------------------------------------------------------------------------------------------


Path 137:
   Slack (not met):                          -895ps
     Path type:                               SETUP
     Group:                            <UDEF_i_clk>
     Launching clock:                         i_clk (rising edge)
     Capturing clock:                         i_clk (rising edge)

     Requested period:                       2000ps
   + Delay of the capturing clock:           2347ps
   - Clock uncertainty:                       150ps
   = Required time:                          4197ps
   - Propagation time:                       2745ps (49.0% logic, 51.0% route, logic stage 1)
   - Delay of the launching clock:           2347ps
   = Slack:                                  -895ps

   Instance/Pin or Net Name   Type         ID     Location or Fanout   Delay(ps)  Edge  Arrival Time(ps)    Instance detail                                                                                   
   -------------------------------------------------------------------------------------------------------------------------------------------------------------------------------------------------------------
   i_clk                      CLOCK-PORT    -                      -     launch     r               0                                                                                                         
   i_clk                      Clock net     2           (fanout=516)       2347                     -                                                                                                         
   RBB_11/CLK                 RBB_6L       11  [TILE 0 0, RBB 10 12]          -     r            2347                                                                                                         
   -------------------------------------------------------------------------------------------------------------------------------------------------------------------------------------------------------------
   RBB_11/DQ                  RBB_6L       11  [TILE 0 0, RBB 10 12]        800     r            3147     {inst102: rx_shift_FDRE_Q_4 (FDRE,site=dff)}                                                        
   rx_shift[3]                Net          23             (fanout=4)       1400                     -                                                                                                         
   RBB_11/D1                  RBB_6L       11  [TILE 0 0, RBB 10 12]          -     r            4547     {inst109: rx_shift_FDRE_Q_D_LUT5_O_3 (LUT,site=dluto)} {inst102: rx_shift_FDRE_Q_4 (FDRE,site=dff)} 
   -------------------------------------------------------------------------------------------------------------------------------------------------------------------------------------------------------------
   RBB_11/CLK                 RBB_6L       11  [TILE 0 0, RBB 10 12]        545     r            5092                                                                                                         
   i_clk                      Clock net     2           (fanout=516)      -2347                     -                                                                                                         
   i_clk                      CLOCK-PORT    -                      -    capture     r            2745                                                                                                         
   -------------------------------------------------------------------------------------------------------------------------------------------------------------------------------------------------------------


Path 106:
   Slack (not met):                          -882ps
     Path type:                               SETUP
     Group:                            <UDEF_i_clk>
     Launching clock:                         i_clk (rising edge)
     Capturing clock:                         i_clk (rising edge)

     Requested period:                       2000ps
   + Delay of the capturing clock:           2319ps
   - Clock uncertainty:                       150ps
   = Required time:                          4169ps
   - Propagation time:                       2892ps (57.4% logic, 42.6% route, logic stage 1)
   - Delay of the launching clock:           2159ps
   = Slack:                                  -882ps

   Instance/Pin or Net Name                Type         ID    Location or Fanout   Delay(ps)  Edge  Arrival Time(ps)    Instance detail                                                                                  
   ------------------------------------------------------------------------------------------------------------------------------------------------------------------------------------------------------------------------
   i_clk                                   CLOCK-PORT    -                     -     launch     r               0                                                                                                        
   i_clk                                   Clock net     2          (fanout=516)       2159                     -                                                                                                        
   RBB_15/CLK                              RBB_6L       15  [TILE 0 0, RBB 1 16]          -     r            2159                                                                                                        
   ------------------------------------------------------------------------------------------------------------------------------------------------------------------------------------------------------------------------
   RBB_15/DQ                               RBB_6L       15  [TILE 0 0, RBB 1 16]        800     r            2959     {inst119: sda_sync_FDSE_Q (FDR,site=dff)}                                                          
   i_en_LUT5_I0_O_LUT5_O_I1_CARRY4_O_O[4]  Net          38           (fanout=16)       1232                     -                                                                                                        
   RBB_34/A5                               RBB_6L       34  [TILE 0 0, RBB 1 18]          -     r            4191     {inst108: rx_shift_FDRE_Q_D_LUT5_O_2 (LUT,site=alut)} {inst100: rx_shift_FDRE_Q_2 (FDRE,site=aff)} 
   ------------------------------------------------------------------------------------------------------------------------------------------------------------------------------------------------------------------------
   RBB_34/CLK                              RBB_6L       34  [TILE 0 0, RBB 1 18]        860     r            5051                                                                                                        
   i_clk                                   Clock net     2          (fanout=516)      -2319                     -                                                                                                        
   i_clk                                   CLOCK-PORT    -                     -    capture     r            2732                                                                                                        
   ------------------------------------------------------------------------------------------------------------------------------------------------------------------------------------------------------------------------


Path 107:
   Slack (not met):                          -875ps
     Path type:                               SETUP
     Group:                            <UDEF_i_clk>
     Launching clock:                         i_clk (rising edge)
     Capturing clock:                         i_clk (rising edge)

     Requested period:                       2000ps
   + Delay of the capturing clock:           2319ps
   - Clock uncertainty:                       150ps
   = Required time:                          4169ps
   - Propagation time:                       2885ps (57.3% logic, 42.7% route, logic stage 1)
   - Delay of the launching clock:           2159ps
   = Slack:                                  -875ps

   Instance/Pin or Net Name                Type         ID    Location or Fanout   Delay(ps)  Edge  Arrival Time(ps)    Instance detail                                                                                 
   -----------------------------------------------------------------------------------------------------------------------------------------------------------------------------------------------------------------------
   i_clk                                   CLOCK-PORT    -                     -     launch     r               0                                                                                                       
   i_clk                                   Clock net     2          (fanout=516)       2159                     -                                                                                                       
   RBB_15/CLK                              RBB_6L       15  [TILE 0 0, RBB 1 16]          -     r            2159                                                                                                       
   -----------------------------------------------------------------------------------------------------------------------------------------------------------------------------------------------------------------------
   RBB_15/DQ                               RBB_6L       15  [TILE 0 0, RBB 1 16]        800     r            2959     {inst119: sda_sync_FDSE_Q (FDR,site=dff)}                                                         
   i_en_LUT5_I0_O_LUT5_O_I1_CARRY4_O_O[4]  Net          38           (fanout=16)       1232                     -                                                                                                       
   RBB_34/B5                               RBB_6L       34  [TILE 0 0, RBB 1 18]          -     r            4191     {inst107: rx_shift_FDRE_Q_D_LUT5_O_1 (LUT,site=blut)} {inst99: rx_shift_FDRE_Q_1 (FDRE,site=bff)} 
   -----------------------------------------------------------------------------------------------------------------------------------------------------------------------------------------------------------------------
   RBB_34/CLK                              RBB_6L       34  [TILE 0 0, RBB 1 18]        853     r            5044                                                                                                       
   i_clk                                   Clock net     2          (fanout=516)      -2319                     -                                                                                                       
   i_clk                                   CLOCK-PORT    -                     -    capture     r            2725                                                                                                       
   -----------------------------------------------------------------------------------------------------------------------------------------------------------------------------------------------------------------------


Path 119:
   Slack (not met):                          -863ps
     Path type:                               SETUP
     Group:                            <UDEF_i_clk>
     Launching clock:                         i_clk (rising edge)
     Capturing clock:                         i_clk (rising edge)

     Requested period:                       2000ps
   + Delay of the capturing clock:           2347ps
   - Clock uncertainty:                       150ps
   = Required time:                          4197ps
   - Propagation time:                       2713ps (57.1% logic, 42.9% route, logic stage 1)
   - Delay of the launching clock:           2347ps
   = Slack:                                  -863ps

   Instance/Pin or Net Name                Type         ID     Location or Fanout   Delay(ps)  Edge  Arrival Time(ps)    Instance detail                                                                                   
   --------------------------------------------------------------------------------------------------------------------------------------------------------------------------------------------------------------------------
   i_clk                                   CLOCK-PORT    -                      -     launch     r               0                                                                                                         
   i_clk                                   Clock net     2           (fanout=516)       2347                     -                                                                                                         
   RBB_17/CLK                              RBB_6L       17  [TILE 0 0, RBB 10 14]          -     r            2347                                                                                                         
   --------------------------------------------------------------------------------------------------------------------------------------------------------------------------------------------------------------------------
   RBB_17/DQ                               RBB_6L       17  [TILE 0 0, RBB 10 14]        800     r            3147     {inst28: bit_count_FDSE_Q_2 (FDRE,site=dff)}                                                        
   i_en_LUT5_I0_O_LUT5_O_I1_CARRY4_O_O[1]  Net          35            (fanout=10)       1165                     -                                                                                                         
   RBB_11/A5                               RBB_6L       11  [TILE 0 0, RBB 10 12]          -     r            4312     {inst110: rx_shift_FDRE_Q_D_LUT5_O_4 (LUT,site=aluto)} {inst103: rx_shift_FDRE_Q_5 (FDRE,site=aff)} 
   --------------------------------------------------------------------------------------------------------------------------------------------------------------------------------------------------------------------------
   RBB_11/CLK                              RBB_6L       11  [TILE 0 0, RBB 10 12]        748     r            5060                                                                                                         
   i_clk                                   Clock net     2           (fanout=516)      -2347                     -                                                                                                         
   i_clk                                   CLOCK-PORT    -                      -    capture     r            2713                                                                                                         
   --------------------------------------------------------------------------------------------------------------------------------------------------------------------------------------------------------------------------


Path 133:
   Slack (not met):                          -820ps
     Path type:                               SETUP
     Group:                            <UDEF_i_clk>
     Launching clock:                         i_clk (rising edge)
     Capturing clock:                         i_clk (rising edge)

     Requested period:                       2000ps
   + Delay of the capturing clock:           2334ps
   - Clock uncertainty:                       150ps
   = Required time:                          4184ps
   - Propagation time:                       2670ps (58.4% logic, 41.6% route, logic stage 1)
   - Delay of the launching clock:           2334ps
   = Slack:                                  -820ps

   Instance/Pin or Net Name     Type         ID    Location or Fanout   Delay(ps)  Edge  Arrival Time(ps)    Instance detail                                                                                       
   ------------------------------------------------------------------------------------------------------------------------------------------------------------------------------------------------------------------
   i_clk                        CLOCK-PORT    -                     -     launch     r               0                                                                                                             
   i_clk                        Clock net     2          (fanout=516)       2334                     -                                                                                                             
   RBB_18/CLK                   RBB_6L       18  [TILE 0 0, RBB 7 18]          -     r            2334                                                                                                             
   ------------------------------------------------------------------------------------------------------------------------------------------------------------------------------------------------------------------
   RBB_18/CQ                    RBB_6L       18  [TILE 0 0, RBB 7 18]        800     r            3134     {inst101: rx_shift_FDRE_Q_3 (FDRE,site=cff)}                                                            
   o_led_FDRE_Q_D_LUT5_O_I4[1]  Net         109            (fanout=4)       1111                     -                                                                                                             
   RBB_18/C4                    RBB_6L       18  [TILE 0 0, RBB 7 18]          -     r            4245     {inst46: i_en_LUT5_I0_O_LUT5_O_I1_LUT5_I4 (LUT,site=clut)} {inst101: rx_shift_FDRE_Q_3 (FDRE,site=cff)} 
   ------------------------------------------------------------------------------------------------------------------------------------------------------------------------------------------------------------------
   RBB_18/CLK                   RBB_6L       18  [TILE 0 0, RBB 7 18]        759     r            5004                                                                                                             
   i_clk                        Clock net     2          (fanout=516)      -2334                     -                                                                                                             
   i_clk                        CLOCK-PORT    -                     -    capture     r            2670                                                                                                             
   ------------------------------------------------------------------------------------------------------------------------------------------------------------------------------------------------------------------


Path 132:
   Slack (not met):                          -818ps
     Path type:                               SETUP
     Group:                            <UDEF_i_clk>
     Launching clock:                         i_clk (rising edge)
     Capturing clock:                         i_clk (rising edge)

     Requested period:                       2000ps
   + Delay of the capturing clock:           2319ps
   - Clock uncertainty:                       150ps
   = Required time:                          4169ps
   - Propagation time:                       2668ps (58.4% logic, 41.6% route, logic stage 1)
   - Delay of the launching clock:           2319ps
   = Slack:                                  -818ps

   Instance/Pin or Net Name   Type         ID    Location or Fanout   Delay(ps)  Edge  Arrival Time(ps)    Instance detail                                                                             
   ------------------------------------------------------------------------------------------------------------------------------------------------------------------------------------------------------
   i_clk                      CLOCK-PORT    -                     -     launch     r               0                                                                                                   
   i_clk                      Clock net     2          (fanout=516)       2319                     -                                                                                                   
   RBB_34/CLK                 RBB_6L       34  [TILE 0 0, RBB 1 18]          -     r            2319                                                                                                   
   ------------------------------------------------------------------------------------------------------------------------------------------------------------------------------------------------------
   RBB_34/CQ                  RBB_6L       34  [TILE 0 0, RBB 1 18]        800     r            3119     {inst98: rx_shift_FDRE_Q (FDRE,site=cff)}                                                     
   rx_shift[7]                Net          25            (fanout=4)       1109                     -                                                                                                   
   RBB_34/C1                  RBB_6L       34  [TILE 0 0, RBB 1 18]          -     r            4228     {inst106: rx_shift_FDRE_Q_D_LUT5_O (LUT,site=clut)} {inst98: rx_shift_FDRE_Q (FDRE,site=cff)} 
   ------------------------------------------------------------------------------------------------------------------------------------------------------------------------------------------------------
   RBB_34/CLK                 RBB_6L       34  [TILE 0 0, RBB 1 18]        759     r            4987                                                                                                   
   i_clk                      Clock net     2          (fanout=516)      -2319                     -                                                                                                   
   i_clk                      CLOCK-PORT    -                     -    capture     r            2668                                                                                                   
   ------------------------------------------------------------------------------------------------------------------------------------------------------------------------------------------------------


Path 110:
   Slack (not met):                          -789ps
     Path type:                               SETUP
     Group:                            <UDEF_i_clk>
     Launching clock:                         i_clk (rising edge)
     Capturing clock:                         i_clk (rising edge)

     Requested period:                       2000ps
   + Delay of the capturing clock:           2347ps
   - Clock uncertainty:                       150ps
   = Required time:                          4197ps
   - Propagation time:                       2639ps (55.9% logic, 44.1% route, logic stage 1)
   - Delay of the launching clock:           2347ps
   = Slack:                                  -789ps

   Instance/Pin or Net Name                Type         ID     Location or Fanout   Delay(ps)  Edge  Arrival Time(ps)    Instance detail                                                                                   
   --------------------------------------------------------------------------------------------------------------------------------------------------------------------------------------------------------------------------
   i_clk                                   CLOCK-PORT    -                      -     launch     r               0                                                                                                         
   i_clk                                   Clock net     2           (fanout=516)       2347                     -                                                                                                         
   RBB_17/CLK                              RBB_6L       17  [TILE 0 0, RBB 10 14]          -     r            2347                                                                                                         
   --------------------------------------------------------------------------------------------------------------------------------------------------------------------------------------------------------------------------
   RBB_17/DQ                               RBB_6L       17  [TILE 0 0, RBB 10 14]        800     r            3147     {inst28: bit_count_FDSE_Q_2 (FDRE,site=dff)}                                                        
   i_en_LUT5_I0_O_LUT5_O_I1_CARRY4_O_O[1]  Net          35            (fanout=10)       1165                     -                                                                                                         
   RBB_11/D5                               RBB_6L       11  [TILE 0 0, RBB 10 12]          -     r            4312     {inst109: rx_shift_FDRE_Q_D_LUT5_O_3 (LUT,site=dluto)} {inst102: rx_shift_FDRE_Q_4 (FDRE,site=dff)} 
   --------------------------------------------------------------------------------------------------------------------------------------------------------------------------------------------------------------------------
   RBB_11/CLK                              RBB_6L       11  [TILE 0 0, RBB 10 12]        674     r            4986                                                                                                         
   i_clk                                   Clock net     2           (fanout=516)      -2347                     -                                                                                                         
   i_clk                                   CLOCK-PORT    -                      -    capture     r            2639                                                                                                         
   --------------------------------------------------------------------------------------------------------------------------------------------------------------------------------------------------------------------------


Path 128:
   Slack (not met):                          -741ps
     Path type:                               SETUP
     Group:                            <UDEF_i_clk>
     Launching clock:                         i_clk (rising edge)
     Capturing clock:                         i_clk (rising edge)

     Requested period:                       2000ps
   + Delay of the capturing clock:           2159ps
   - Clock uncertainty:                       150ps
   = Required time:                          4009ps
   - Propagation time:                       2591ps (74.8% logic, 25.2% route, logic stage 1)
   - Delay of the launching clock:           2159ps
   = Slack:                                  -741ps

   Instance/Pin or Net Name   Type         ID    Location or Fanout   Delay(ps)  Edge  Arrival Time(ps)    Instance detail                            
   -----------------------------------------------------------------------------------------------------------------------------------------------------
   i_clk                      CLOCK-PORT    -                     -     launch     r               0                                                  
   i_clk                      Clock net     2          (fanout=516)       2159                     -                                                  
   RBB_15/CLK                 RBB_6L       15  [TILE 0 0, RBB 1 16]          -     r            2159                                                  
   -----------------------------------------------------------------------------------------------------------------------------------------------------
   RBB_15/DMUX                RBB_6L       15  [TILE 0 0, RBB 1 16]       1466     r            3625     {inst120: sda_sync_FDSE_Q_1 (FDR,site=dffo)} 
   sda_sync[1]                Net          22            (fanout=5)        652                     -                                                  
   RBB_15/D6                  RBB_6L       15  [TILE 0 0, RBB 1 16]          -     r            4277     {inst119: sda_sync_FDSE_Q (FDR,site=dff)}    
   -----------------------------------------------------------------------------------------------------------------------------------------------------
   RBB_15/CLK                 RBB_6L       15  [TILE 0 0, RBB 1 16]        473     r            4750                                                  
   i_clk                      Clock net     2          (fanout=516)      -2159                     -                                                  
   i_clk                      CLOCK-PORT    -                     -    capture     r            2591                                                  
   -----------------------------------------------------------------------------------------------------------------------------------------------------


Path 136:
   Slack (not met):                          -669ps
     Path type:                               SETUP
     Group:                            <UDEF_i_clk>
     Launching clock:                         i_clk (rising edge)
     Capturing clock:                         i_clk (rising edge)

     Requested period:                       2000ps
   + Delay of the capturing clock:           2347ps
   - Clock uncertainty:                       150ps
   = Required time:                          4197ps
   - Propagation time:                       2519ps (58.7% logic, 41.3% route, logic stage 1)
   - Delay of the launching clock:           2347ps
   = Slack:                                  -669ps

   Instance/Pin or Net Name     Type         ID     Location or Fanout   Delay(ps)  Edge  Arrival Time(ps)    Instance detail                                                                                   
   ---------------------------------------------------------------------------------------------------------------------------------------------------------------------------------------------------------------
   i_clk                        CLOCK-PORT    -                      -     launch     r               0                                                                                                         
   i_clk                        Clock net     2           (fanout=516)       2347                     -                                                                                                         
   RBB_11/CLK                   RBB_6L       11  [TILE 0 0, RBB 10 12]          -     r            2347                                                                                                         
   ---------------------------------------------------------------------------------------------------------------------------------------------------------------------------------------------------------------
   RBB_11/AQ                    RBB_6L       11  [TILE 0 0, RBB 10 12]        800     r            3147     {inst103: rx_shift_FDRE_Q_5 (FDRE,site=aff)}                                                        
   o_led_FDRE_Q_D_LUT5_O_I4[2]  Net         110             (fanout=4)       1040                     -                                                                                                         
   RBB_11/A1                    RBB_6L       11  [TILE 0 0, RBB 10 12]          -     r            4187     {inst110: rx_shift_FDRE_Q_D_LUT5_O_4 (LUT,site=aluto)} {inst103: rx_shift_FDRE_Q_5 (FDRE,site=aff)} 
   ---------------------------------------------------------------------------------------------------------------------------------------------------------------------------------------------------------------
   RBB_11/CLK                   RBB_6L       11  [TILE 0 0, RBB 10 12]        679     r            4866                                                                                                         
   i_clk                        Clock net     2           (fanout=516)      -2347                     -                                                                                                         
   i_clk                        CLOCK-PORT    -                      -    capture     r            2519                                                                                                         
   ---------------------------------------------------------------------------------------------------------------------------------------------------------------------------------------------------------------


Path 135:
   Slack (not met):                          -551ps
     Path type:                               SETUP
     Group:                            <UDEF_i_clk>
     Launching clock:                         i_clk (rising edge)
     Capturing clock:                         i_clk (rising edge)

     Requested period:                       2000ps
   + Delay of the capturing clock:           2159ps
   - Clock uncertainty:                       150ps
   = Required time:                          4009ps
   - Propagation time:                       2401ps (55.4% logic, 44.6% route, logic stage 1)
   - Delay of the launching clock:           2159ps
   = Slack:                                  -551ps

   Instance/Pin or Net Name   Type         ID    Location or Fanout   Delay(ps)  Edge  Arrival Time(ps)    Instance detail                                                                              
   -------------------------------------------------------------------------------------------------------------------------------------------------------------------------------------------------------
   i_clk                      CLOCK-PORT    -                     -     launch     r               0                                                                                                    
   i_clk                      Clock net     2          (fanout=516)       2159                     -                                                                                                    
   RBB_15/CLK                 RBB_6L       15  [TILE 0 0, RBB 1 16]          -     r            2159                                                                                                    
   -------------------------------------------------------------------------------------------------------------------------------------------------------------------------------------------------------
   RBB_15/CQ                  RBB_6L       15  [TILE 0 0, RBB 1 16]        800     r            2959     {inst113: scl_sync_FDSE_Q_1 (FDR,site=cff)}                                                    
   scl_sync[1]                Net          19            (fanout=7)       1072                     -                                                                                                    
   RBB_15/A4                  RBB_6L       15  [TILE 0 0, RBB 1 16]          -     r            4031     {inst219: scl_sync_FDSE_Q_buf219_i (LUT,site=aluto)} {inst112: scl_sync_FDSE_Q (FDR,site=aff)} 
   -------------------------------------------------------------------------------------------------------------------------------------------------------------------------------------------------------
   RBB_15/CLK                 RBB_6L       15  [TILE 0 0, RBB 1 16]        529     r            4560                                                                                                    
   i_clk                      Clock net     2          (fanout=516)      -2159                     -                                                                                                    
   i_clk                      CLOCK-PORT    -                     -    capture     r            2401                                                                                                    
   -------------------------------------------------------------------------------------------------------------------------------------------------------------------------------------------------------


Path 366:
   Slack (not met):                          -453ps
     Path type:                               SETUP
     Group:                            <UDEF_i_clk>
     Launching clock:                         i_clk (rising edge)
     Capturing clock:                         i_clk (rising edge)

     Requested period:                       2000ps
   + Delay of the capturing clock:           2159ps
   - Clock uncertainty:                       150ps
   = Required time:                          4009ps
   - Propagation time:                       2138ps (56.1% logic, 43.9% route, logic stage 1)
   - Delay of the launching clock:           2324ps
   = Slack:                                  -453ps

   Instance/Pin or Net Name   Type         ID    Location or Fanout   Delay(ps)  Edge  Arrival Time(ps)    Instance detail                                                                                   
   ------------------------------------------------------------------------------------------------------------------------------------------------------------------------------------------------------------
   i_clk                      CLOCK-PORT    -                     -     launch     r               0                                                                                                         
   i_clk                      Clock net     2          (fanout=516)       2324                     -                                                                                                         
   RBB_2/CLK                  IOB           2  [TILE 0 0, RBB 0 23]          -     r            2324                                                                                                         
   ------------------------------------------------------------------------------------------------------------------------------------------------------------------------------------------------------------
   RBB_2/I[0]                 IOB           2  [TILE 0 0, RBB 0 23]          0     r            2324     {(input_port) inst188: g_188_i_sda_ibuf (IO)} {inst121: sda_sync_FDSE_Q_2 (FDR)}                    
   sda_sync[0]                Net          21            (fanout=1)        938                     -                                                                                                         
   RBB_15/D1                  RBB_6L       15  [TILE 0 0, RBB 1 16]          -     r            3262     {inst218: sda_sync_FDSE_Q_1_buf218_i (LUT,site=dluto)} {inst120: sda_sync_FDSE_Q_1 (FDR,site=dffo)} 
   ------------------------------------------------------------------------------------------------------------------------------------------------------------------------------------------------------------
   RBB_15/CLK                 RBB_6L       15  [TILE 0 0, RBB 1 16]       1200     r            4462                                                                                                         
   i_clk                      Clock net     2          (fanout=516)      -2159                     -                                                                                                         
   i_clk                      CLOCK-PORT    -                     -    capture     r            2303                                                                                                         
   ------------------------------------------------------------------------------------------------------------------------------------------------------------------------------------------------------------


Path 367:
   Slack (met):                                95ps
     Path type:                               SETUP
     Group:                            <UDEF_i_clk>
     Launching clock:                         i_clk (rising edge)
     Capturing clock:                         i_clk (rising edge)

     Requested period:                       2000ps
   + Delay of the capturing clock:           2159ps
   - Clock uncertainty:                       150ps
   = Required time:                          4009ps
   - Propagation time:                       1611ps (28.1% logic, 71.9% route, logic stage 1)
   - Delay of the launching clock:           2303ps
   = Slack:                                    95ps

   Instance/Pin or Net Name   Type         ID    Location or Fanout   Delay(ps)  Edge  Arrival Time(ps)    Instance detail                                                                
   -----------------------------------------------------------------------------------------------------------------------------------------------------------------------------------------
   i_clk                      CLOCK-PORT    -                     -     launch     r               0                                                                                      
   i_clk                      Clock net     2          (fanout=516)       2303                     -                                                                                      
   RBB_0/CLK                  IOB           0  [TILE 0 0, RBB 0 10]          -     r            2303                                                                                      
   -----------------------------------------------------------------------------------------------------------------------------------------------------------------------------------------
   RBB_0/I[0]                 IOB           0  [TILE 0 0, RBB 0 10]          0     r            2303     {(input_port) inst187: g_187_i_scl_ibuf (IO)} {inst114: scl_sync_FDSE_Q_2 (FDR)} 
   scl_sync[0]                Net          18            (fanout=1)       1158                     -                                                                                      
   RBB_15/C6                  RBB_6L       15  [TILE 0 0, RBB 1 16]          -     r            3461     {inst113: scl_sync_FDSE_Q_1 (FDR,site=cff)}                                      
   -----------------------------------------------------------------------------------------------------------------------------------------------------------------------------------------
   RBB_15/CLK                 RBB_6L       15  [TILE 0 0, RBB 1 16]        453     r            3914                                                                                      
   i_clk                      Clock net     2          (fanout=516)      -2159                     -                                                                                      
   i_clk                      CLOCK-PORT    -                     -    capture     r            1755                                                                                      
   -----------------------------------------------------------------------------------------------------------------------------------------------------------------------------------------













