Timing Summary
==============

   POST-ROUTE

          Group  No. Clocks  No. Clock Pairs  WNS(ps)  TNS(ps)  TNS Endpoints      
    -----------  ----------  ---------------  -------  -------  -------------      
   <UDEF_i_clk>           1                1    -8490  -581053            139      




Clocks
======

            Clock    Clock net         Group  Constrained Period(ps)      Waveform(ps)   Achievable Period(ps)  Achievable Frequency(MHz)
   --------------  -----------   -----------  ----------------------  -----------------  ---------------------  -------------------------
            i_clk        i_clk  <UDEF_i_clk>           (auto) 2000            (0,1000)                  10489                     95.338 




Clock Relationships
===================

       From Clock        To Clock               Group    Endpoints     WNS(ps)    TNS(ps)  TNS Endpoints
   --------------  --------------  ------------------  -----------  ----------  ---------  -------------
            i_clk           i_clk        <UDEF_i_clk>          140       -8490    -581053            139




Timing Details for Clock Pair i_clk and i_clk
=============================================

       From Clock        To Clock               Group    Endpoints     WNS(ps)    TNS(ps)  TNS Endpoints
   --------------  --------------  ------------------  -----------  ----------  ---------  -------------
            i_clk           i_clk        <UDEF_i_clk>          140       -8490    -581053            139

Path 23:
   Slack (not met):                         -8490ps
     Path type:                               SETUP
     Group:                            <UDEF_i_clk>
     Launching clock:                         i_clk (rising edge)
     Capturing clock:                         i_clk (rising edge)

     Requested period:                       2000ps
   + Delay of the capturing clock:           2311ps
   - Clock uncertainty:                       150ps
   = Required time:                          4161ps
   - Propagation time:                      10476ps (59.5% logic, 40.5% route, logic stage 4)
   - Delay of the launching clock:           2175ps
   = Slack:                                 -8490ps

   Instance/Pin or Net Name                   Type         ID    Location or Fanout   Delay(ps)  Edge  Arrival Time(ps)    Instance detail                                                                                     
   ------------------------------------------------------------------------------------------------------------------------------------------------------------------------------------------------------------------------------
   i_clk                                      CLOCK-PORT    -                     -     launch     r               0                                                                                                           
   i_clk                                      Clock net     2          (fanout=516)       2175                     -                                                                                                           
   RBB_20/CLK                                 RBB_6L       20  [TILE 0 0, RBB 4 14]          -     r            2175                                                                                                           
   ------------------------------------------------------------------------------------------------------------------------------------------------------------------------------------------------------------------------------
   RBB_20/CMUX                                RBB_6L       20  [TILE 0 0, RBB 4 14]       1379     r            3554     {inst135: state_FDRE_Q_3 (FDRE,site=cffo)}                                                            
   i_en_LUT5_I0_I3[1]                         Net          55           (fanout=14)        811                     -                                                                                                           
   RBB_10/A1                                  RBB_6L       10  [TILE 0 0, RBB 7 14]          -     r            4365                                                                                                           
   RBB_10/CQ                                  RBB_6L       10  [TILE 0 0, RBB 7 14]       1291     r            5656     {inst34: i_en_LUT5_I0_O_LUT4_O_I0_CARRY4_CO (CARRY4)}                                                 
   i_en_LUT5_I0_O_LUT4_O_I0_CARRY4_CO_O_1[2]  Net         148           (fanout=12)       1884                     -                                                                                                           
   RBB_28/D3                                  RBB_6L       28  [TILE 0 0, RBB 1 24]          -     r            7540                                                                                                           
   RBB_28/D                                   RBB_6L       28  [TILE 0 0, RBB 1 24]       1062     r            8602     {inst167: tx_shift_FDRE_Q_5_D_MUXF8_O_I0_MUXF7_O_I0_LUT3_O (LUT,site=dlut)}                           
   tx_shift_FDRE_Q_5_D_MUXF8_O_I0_MUXF7_O_I0  Net         156            (fanout=1)        584                     -                                                                                                           
   RBB_28/A1                                  RBB_6L       28  [TILE 0 0, RBB 1 24]          -     r            9186                                                                                                           
   RBB_28/A                                   RBB_6L       28  [TILE 0 0, RBB 1 24]        944     r           10130     {inst166: tx_shift_FDRE_Q_5_D_MUXF8_O_I0_MUXF7_O (LUT,site=alut)}                                     
   tx_shift_FDRE_Q_5_D_MUXF8_O_I0             Net         130            (fanout=1)        962                     -                                                                                                           
   RBB_23/C3                                  RBB_6L       23  [TILE 0 0, RBB 4 24]          -     r           11092     {inst165: tx_shift_FDRE_Q_5_D_MUXF8_O (LUT,site=cluto)} {inst164: tx_shift_FDRE_Q_5 (FDRE,site=cffo)} 
   ------------------------------------------------------------------------------------------------------------------------------------------------------------------------------------------------------------------------------
   RBB_23/CLK                                 RBB_6L       23  [TILE 0 0, RBB 4 24]       1559     r           12651                                                                                                           
   i_clk                                      Clock net     2          (fanout=516)      -2311                     -                                                                                                           
   i_clk                                      CLOCK-PORT    -                     -    capture     r           10340                                                                                                           
   ------------------------------------------------------------------------------------------------------------------------------------------------------------------------------------------------------------------------------


Path 24:
   Slack (not met):                         -8471ps
     Path type:                               SETUP
     Group:                            <UDEF_i_clk>
     Launching clock:                         i_clk (rising edge)
     Capturing clock:                         i_clk (rising edge)

     Requested period:                       2000ps
   + Delay of the capturing clock:           2311ps
   - Clock uncertainty:                       150ps
   = Required time:                          4161ps
   - Propagation time:                      10457ps (59.3% logic, 40.7% route, logic stage 4)
   - Delay of the launching clock:           2175ps
   = Slack:                                 -8471ps

   Instance/Pin or Net Name                   Type         ID     Location or Fanout   Delay(ps)  Edge  Arrival Time(ps)    Instance detail                                                                                     
   -------------------------------------------------------------------------------------------------------------------------------------------------------------------------------------------------------------------------------
   i_clk                                      CLOCK-PORT    -                      -     launch     r               0                                                                                                           
   i_clk                                      Clock net     2           (fanout=516)       2175                     -                                                                                                           
   RBB_20/CLK                                 RBB_6L       20   [TILE 0 0, RBB 4 14]          -     r            2175                                                                                                           
   -------------------------------------------------------------------------------------------------------------------------------------------------------------------------------------------------------------------------------
   RBB_20/CMUX                                RBB_6L       20   [TILE 0 0, RBB 4 14]       1379     r            3554     {inst135: state_FDRE_Q_3 (FDRE,site=cffo)}                                                            
   i_en_LUT5_I0_I3[1]                         Net          55            (fanout=14)        811                     -                                                                                                           
   RBB_10/A1                                  RBB_6L       10   [TILE 0 0, RBB 7 14]          -     r            4365                                                                                                           
   RBB_10/CQ                                  RBB_6L       10   [TILE 0 0, RBB 7 14]       1291     r            5656     {inst34: i_en_LUT5_I0_O_LUT4_O_I0_CARRY4_CO (CARRY4)}                                                 
   i_en_LUT5_I0_O_LUT4_O_I0_CARRY4_CO_O_1[2]  Net         148            (fanout=12)       1605                     -                                                                                                           
   RBB_30/A5                                  RBB_6L       30  [TILE 0 0, RBB 10 22]          -     r            7261                                                                                                           
   RBB_30/AMUX                                RBB_6L       30  [TILE 0 0, RBB 10 22]        998     r            8259     {inst177: tx_shift_FDRE_Q_7_D_MUXF8_O_I0_MUXF7_O_I0_LUT2_O (LUT,site=aluto)}                          
   tx_shift_FDRE_Q_7_D_MUXF8_O_I0_MUXF7_O_I0  Net         172             (fanout=1)        561                     -                                                                                                           
   RBB_30/A1                                  RBB_6L       30  [TILE 0 0, RBB 10 22]          -     r            8820                                                                                                           
   RBB_30/A                                   RBB_6L       30  [TILE 0 0, RBB 10 22]       1013     r            9833     {inst176: tx_shift_FDRE_Q_7_D_MUXF8_O_I0_MUXF7_O (LUT,site=alut)}                                     
   tx_shift_FDRE_Q_7_D_MUXF8_O_I0             Net         119             (fanout=1)       1280                     -                                                                                                           
   RBB_23/B3                                  RBB_6L       23   [TILE 0 0, RBB 4 24]          -     r           11113     {inst175: tx_shift_FDRE_Q_7_D_MUXF8_O (LUT,site=bluto)} {inst174: tx_shift_FDRE_Q_7 (FDRE,site=bffo)} 
   -------------------------------------------------------------------------------------------------------------------------------------------------------------------------------------------------------------------------------
   RBB_23/CLK                                 RBB_6L       23   [TILE 0 0, RBB 4 24]       1519     r           12632                                                                                                           
   i_clk                                      Clock net     2           (fanout=516)      -2311                     -                                                                                                           
   i_clk                                      CLOCK-PORT    -                      -    capture     r           10321                                                                                                           
   -------------------------------------------------------------------------------------------------------------------------------------------------------------------------------------------------------------------------------


Path 29:
   Slack (not met):                         -8300ps
     Path type:                               SETUP
     Group:                            <UDEF_i_clk>
     Launching clock:                         i_clk (rising edge)
     Capturing clock:                         i_clk (rising edge)

     Requested period:                       2000ps
   + Delay of the capturing clock:           2311ps
   - Clock uncertainty:                       150ps
   = Required time:                          4161ps
   - Propagation time:                      10286ps (56.2% logic, 43.8% route, logic stage 4)
   - Delay of the launching clock:           2175ps
   = Slack:                                 -8300ps

   Instance/Pin or Net Name                   Type         ID    Location or Fanout   Delay(ps)  Edge  Arrival Time(ps)    Instance detail                                                                                   
   ----------------------------------------------------------------------------------------------------------------------------------------------------------------------------------------------------------------------------
   i_clk                                      CLOCK-PORT    -                     -     launch     r               0                                                                                                         
   i_clk                                      Clock net     2          (fanout=516)       2175                     -                                                                                                         
   RBB_20/CLK                                 RBB_6L       20  [TILE 0 0, RBB 4 14]          -     r            2175                                                                                                         
   ----------------------------------------------------------------------------------------------------------------------------------------------------------------------------------------------------------------------------
   RBB_20/CMUX                                RBB_6L       20  [TILE 0 0, RBB 4 14]       1379     r            3554     {inst135: state_FDRE_Q_3 (FDRE,site=cffo)}                                                          
   i_en_LUT5_I0_I3[1]                         Net          55           (fanout=14)        811                     -                                                                                                         
   RBB_10/A1                                  RBB_6L       10  [TILE 0 0, RBB 7 14]          -     r            4365                                                                                                         
   RBB_10/CQ                                  RBB_6L       10  [TILE 0 0, RBB 7 14]       1291     r            5656     {inst34: i_en_LUT5_I0_O_LUT4_O_I0_CARRY4_CO (CARRY4)}                                               
   i_en_LUT5_I0_O_LUT4_O_I0_CARRY4_CO_O_1[2]  Net         148           (fanout=12)       1835                     -                                                                                                         
   RBB_29/D3                                  RBB_6L       29  [TILE 0 0, RBB 1 22]          -     r            7491                                                                                                         
   RBB_29/D                                   RBB_6L       29  [TILE 0 0, RBB 1 22]       1008     r            8499     {inst172: tx_shift_FDRE_Q_6_D_MUXF8_O_I0_MUXF7_O_I0_LUT3_O (LUT,site=dlut)}                         
   tx_shift_FDRE_Q_6_D_MUXF8_O_I0_MUXF7_O_I0  Net         167            (fanout=1)        587                     -                                                                                                         
   RBB_29/A1                                  RBB_6L       29  [TILE 0 0, RBB 1 22]          -     r            9086                                                                                                         
   RBB_29/A                                   RBB_6L       29  [TILE 0 0, RBB 1 22]        944     r           10030     {inst171: tx_shift_FDRE_Q_6_D_MUXF8_O_I0_MUXF7_O (LUT,site=alut)}                                   
   tx_shift_FDRE_Q_6_D_MUXF8_O_I0             Net         134            (fanout=1)       1277                     -                                                                                                         
   RBB_23/B1                                  RBB_6L       23  [TILE 0 0, RBB 4 24]          -     r           11307     {inst170: tx_shift_FDRE_Q_6_D_MUXF8_O (LUT,site=blut)} {inst169: tx_shift_FDRE_Q_6 (FDRE,site=bff)} 
   ----------------------------------------------------------------------------------------------------------------------------------------------------------------------------------------------------------------------------
   RBB_23/CLK                                 RBB_6L       23  [TILE 0 0, RBB 4 24]       1154     r           12461                                                                                                         
   i_clk                                      Clock net     2          (fanout=516)      -2311                     -                                                                                                         
   i_clk                                      CLOCK-PORT    -                     -    capture     r           10150                                                                                                         
   ----------------------------------------------------------------------------------------------------------------------------------------------------------------------------------------------------------------------------


Path 27:
   Slack (not met):                         -7857ps
     Path type:                               SETUP
     Group:                            <UDEF_i_clk>
     Launching clock:                         i_clk (rising edge)
     Capturing clock:                         i_clk (rising edge)

     Requested period:                       2000ps
   + Delay of the capturing clock:           2311ps
   - Clock uncertainty:                       150ps
   = Required time:                          4161ps
   - Propagation time:                       9843ps (53.6% logic, 46.4% route, logic stage 4)
   - Delay of the launching clock:           2175ps
   = Slack:                                 -7857ps

   Instance/Pin or Net Name                   Type         ID    Location or Fanout   Delay(ps)  Edge  Arrival Time(ps)    Instance detail                                                                                   
   ----------------------------------------------------------------------------------------------------------------------------------------------------------------------------------------------------------------------------
   i_clk                                      CLOCK-PORT    -                     -     launch     r               0                                                                                                         
   i_clk                                      Clock net     2          (fanout=516)       2175                     -                                                                                                         
   RBB_20/CLK                                 RBB_6L       20  [TILE 0 0, RBB 4 14]          -     r            2175                                                                                                         
   ----------------------------------------------------------------------------------------------------------------------------------------------------------------------------------------------------------------------------
   RBB_20/CMUX                                RBB_6L       20  [TILE 0 0, RBB 4 14]       1379     r            3554     {inst135: state_FDRE_Q_3 (FDRE,site=cffo)}                                                          
   i_en_LUT5_I0_I3[1]                         Net          55           (fanout=14)        811                     -                                                                                                         
   RBB_10/A1                                  RBB_6L       10  [TILE 0 0, RBB 7 14]          -     r            4365                                                                                                         
   RBB_10/CQ                                  RBB_6L       10  [TILE 0 0, RBB 7 14]       1291     r            5656     {inst34: i_en_LUT5_I0_O_LUT4_O_I0_CARRY4_CO (CARRY4)}                                               
   i_en_LUT5_I0_O_LUT4_O_I0_CARRY4_CO_O_1[2]  Net         148           (fanout=12)       1907                     -                                                                                                         
   RBB_25/D3                                  RBB_6L       25  [TILE 0 0, RBB 1 20]          -     r            7563                                                                                                         
   RBB_25/D                                   RBB_6L       25  [TILE 0 0, RBB 1 20]        694     r            8257     {inst152: tx_shift_FDRE_Q_2_D_MUXF8_O_I0_MUXF7_O_I0_LUT3_O (LUT,site=dlut)}                         
   tx_shift_FDRE_Q_2_D_MUXF8_O_I0_MUXF7_O_I0  Net         161            (fanout=1)        596                     -                                                                                                         
   RBB_25/A1                                  RBB_6L       25  [TILE 0 0, RBB 1 20]          -     r            8853                                                                                                         
   RBB_25/A                                   RBB_6L       25  [TILE 0 0, RBB 1 20]        665     r            9518     {inst151: tx_shift_FDRE_Q_2_D_MUXF8_O_I0_MUXF7_O (LUT,site=alut)}                                   
   tx_shift_FDRE_Q_2_D_MUXF8_O_I0             Net         128            (fanout=1)       1249                     -                                                                                                         
   RBB_23/D1                                  RBB_6L       23  [TILE 0 0, RBB 4 24]          -     r           10767     {inst150: tx_shift_FDRE_Q_2_D_MUXF8_O (LUT,site=dlut)} {inst149: tx_shift_FDRE_Q_2 (FDRE,site=dff)} 
   ----------------------------------------------------------------------------------------------------------------------------------------------------------------------------------------------------------------------------
   RBB_23/CLK                                 RBB_6L       23  [TILE 0 0, RBB 4 24]       1251     r           12018                                                                                                         
   i_clk                                      Clock net     2          (fanout=516)      -2311                     -                                                                                                         
   i_clk                                      CLOCK-PORT    -                     -    capture     r            9707                                                                                                         
   ----------------------------------------------------------------------------------------------------------------------------------------------------------------------------------------------------------------------------


Path 7:
   Slack (not met):                         -7852ps
     Path type:                               SETUP
     Group:                            <UDEF_i_clk>
     Launching clock:                         i_clk (rising edge)
     Capturing clock:                         i_clk (rising edge)

     Requested period:                       2000ps
   + Delay of the capturing clock:           2347ps
   - Clock uncertainty:                       150ps
   = Required time:                          4197ps
   - Propagation time:                       9874ps (55.6% logic, 44.4% route, logic stage 5)
   - Delay of the launching clock:           2175ps
   = Slack:                                 -7852ps

   Instance/Pin or Net Name                Type         ID     Location or Fanout   Delay(ps)  Edge  Arrival Time(ps)    Instance detail                                           
   ----------------------------------------------------------------------------------------------------------------------------------------------------------------------------------
   i_clk                                   CLOCK-PORT    -                      -     launch     r               0                                                                 
   i_clk                                   Clock net     2           (fanout=516)       2175                     -                                                                 
   RBB_20/CLK                              RBB_6L       20   [TILE 0 0, RBB 4 14]          -     r            2175                                                                 
   ----------------------------------------------------------------------------------------------------------------------------------------------------------------------------------
   RBB_20/CMUX                             RBB_6L       20   [TILE 0 0, RBB 4 14]       1379     r            3554     {inst135: state_FDRE_Q_3 (FDRE,site=cffo)}                  
   i_en_LUT5_I0_I3[1]                      Net          55            (fanout=14)        811                     -                                                                 
   RBB_10/A1                               RBB_6L       10   [TILE 0 0, RBB 7 14]          -     r            4365                                                                 
   RBB_10/BMUX                             RBB_6L       10   [TILE 0 0, RBB 7 14]       1257     r            5622     {inst34: i_en_LUT5_I0_O_LUT4_O_I0_CARRY4_CO (CARRY4)}       
   i_en_LUT5_I0_O_LUT4_O_I0[0]             Net         112             (fanout=2)       1112                     -                                                                 
   RBB_32/B1                               RBB_6L       32   [TILE 0 0, RBB 4 10]          -     r            6734                                                                 
   RBB_32/B                                RBB_6L       32   [TILE 0 0, RBB 4 10]        569     r            7303     {inst37: i_en_LUT5_I0_O_LUT4_O_I0_LUT2_I0 (LUT,site=blut)}  
   i_en_LUT5_I0_O_LUT4_O_I0_LUT2_I0_O[4]   Net          72             (fanout=3)        591                     -                                                                 
   RBB_32/C3                               RBB_6L       32   [TILE 0 0, RBB 4 10]          -     r            7894                                                                 
   RBB_32/C                                RBB_6L       32   [TILE 0 0, RBB 4 10]        704     r            8598     {inst74: read_request_LUT4_I0_1_I3_LUT4_I2 (LUT,site=clut)} 
   read_request_LUT4_I0_1_I3_LUT4_I2_O[4]  Net          58             (fanout=1)        558                     -                                                                 
   RBB_32/D5                               RBB_6L       32   [TILE 0 0, RBB 4 10]          -     r            9156                                                                 
   RBB_32/D                                RBB_6L       32   [TILE 0 0, RBB 4 10]        625     r            9781     {inst29: bit_count_FDSE_Q_CE_LUT5_O (LUT,site=dlut)}        
   bit_count_FDSE_Q_CE                     Net         135             (fanout=2)       1314                     -                                                                 
   RBB_17/A6                               RBB_6L       17  [TILE 0 0, RBB 10 14]          -     r           11095     {<CE>inst28: bit_count_FDSE_Q_2 (FDRE,site=dff)}            
   ----------------------------------------------------------------------------------------------------------------------------------------------------------------------------------
   RBB_17/CLK                              RBB_6L       17  [TILE 0 0, RBB 10 14]        954     r           12049                                                                 
   i_clk                                   Clock net     2           (fanout=516)      -2347                     -                                                                 
   i_clk                                   CLOCK-PORT    -                      -    capture     r            9702                                                                 
   ----------------------------------------------------------------------------------------------------------------------------------------------------------------------------------


Path 5:
   Slack (not met):                         -7819ps
     Path type:                               SETUP
     Group:                            <UDEF_i_clk>
     Launching clock:                         i_clk (rising edge)
     Capturing clock:                         i_clk (rising edge)

     Requested period:                       2000ps
   + Delay of the capturing clock:           2335ps
   - Clock uncertainty:                       150ps
   = Required time:                          4185ps
   - Propagation time:                       9829ps (55.3% logic, 44.7% route, logic stage 5)
   - Delay of the launching clock:           2175ps
   = Slack:                                 -7819ps

   Instance/Pin or Net Name                                                Type         ID    Location or Fanout   Delay(ps)  Edge  Arrival Time(ps)    Instance detail                                                                                                          
   --------------------------------------------------------------------------------------------------------------------------------------------------------------------------------------------------------------------------------------------------------------------------------
   i_clk                                                                   CLOCK-PORT    -                     -     launch     r               0                                                                                                                                
   i_clk                                                                   Clock net     2          (fanout=516)       2175                     -                                                                                                                                
   RBB_20/CLK                                                              RBB_6L       20  [TILE 0 0, RBB 4 14]          -     r            2175                                                                                                                                
   --------------------------------------------------------------------------------------------------------------------------------------------------------------------------------------------------------------------------------------------------------------------------------
   RBB_20/CMUX                                                             RBB_6L       20  [TILE 0 0, RBB 4 14]       1379     r            3554     {inst135: state_FDRE_Q_3 (FDRE,site=cffo)}                                                                                 
   i_en_LUT5_I0_I3[1]                                                      Net          55           (fanout=14)        811                     -                                                                                                                                
   RBB_10/A1                                                               RBB_6L       10  [TILE 0 0, RBB 7 14]          -     r            4365                                                                                                                                
   RBB_10/CQ                                                               RBB_6L       10  [TILE 0 0, RBB 7 14]       1291     r            5656     {inst34: i_en_LUT5_I0_O_LUT4_O_I0_CARRY4_CO (CARRY4)}                                                                      
   i_en_LUT5_I0_O_LUT4_O_I0_CARRY4_CO_O_1[2]                               Net         148           (fanout=12)       1082                     -                                                                                                                                
   RBB_18/D3                                                               RBB_6L       18  [TILE 0 0, RBB 7 18]          -     r            6738                                                                                                                                
   RBB_18/D                                                                RBB_6L       18  [TILE 0 0, RBB 7 18]        694     r            7432     {inst80: read_request_LUT4_I0_1_I3_LUT4_I2_O_LUT6_I4_1_I5_MUXF8_O_I0_MUXF7_O_I0_LUT5_O (LUT,site=dlut)}                    
   read_request_LUT4_I0_1_I3_LUT4_I2_O_LUT6_I4_1_I5_MUXF8_O_I0_MUXF7_O_I0  Net         154            (fanout=1)        666                     -                                                                                                                                
   RBB_16/A1                                                               RBB_6L       16  [TILE 0 0, RBB 7 16]          -     r            8098                                                                                                                                
   RBB_16/A                                                                RBB_6L       16  [TILE 0 0, RBB 7 16]        665     r            8763     {inst79: read_request_LUT4_I0_1_I3_LUT4_I2_O_LUT6_I4_1_I5_MUXF8_O_I0_MUXF7_O (LUT,site=alut)}                              
   read_request_LUT4_I0_1_I3_LUT4_I2_O_LUT6_I4_1_I5_MUXF8_O_I0             Net         182            (fanout=1)        920                     -                                                                                                                                
   RBB_16/B1                                                               RBB_6L       16  [TILE 0 0, RBB 7 16]          -     r            9683                                                                                                                                
   RBB_16/B                                                                RBB_6L       16  [TILE 0 0, RBB 7 16]        651     r           10334     {inst78: read_request_LUT4_I0_1_I3_LUT4_I2_O_LUT6_I4_1_I5_MUXF8_O (LUT,site=blut)}                                         
   read_request_LUT4_I0_1_I3_LUT4_I2_O_LUT6_I4_1_I5[5]                     Net          67            (fanout=1)        916                     -                                                                                                                                
   RBB_16/C2                                                               RBB_6L       16  [TILE 0 0, RBB 7 16]          -     r           11250     {inst77: read_request_LUT4_I0_1_I3_LUT4_I2_O_LUT6_I4_1 (LUT,site=clut,cluto)} {inst27: bit_count_FDSE_Q_1 (FDRE,site=cff)} 
   --------------------------------------------------------------------------------------------------------------------------------------------------------------------------------------------------------------------------------------------------------------------------------
   RBB_16/CLK                                                              RBB_6L       16  [TILE 0 0, RBB 7 16]        754     r           12004                                                                                                                                
   i_clk                                                                   Clock net     2          (fanout=516)      -2335                     -                                                                                                                                
   i_clk                                                                   CLOCK-PORT    -                     -    capture     r            9669                                                                                                                                
   --------------------------------------------------------------------------------------------------------------------------------------------------------------------------------------------------------------------------------------------------------------------------------


Path 327:
   Slack (not met):                         -7794ps
     Path type:                               SETUP
     Group:                            <UDEF_i_clk>
     Launching clock:                         i_clk (rising edge)
     Capturing clock:                         i_clk (rising edge)

     Requested period:                       2000ps
   + Delay of the capturing clock:           2328ps
   - Clock uncertainty:                       150ps
   = Required time:                          4178ps
   - Propagation time:                       9653ps (39.2% logic, 60.8% route, logic stage 4)
   - Delay of the launching clock:           2319ps
   = Slack:                                 -7794ps

   Instance/Pin or Net Name      Type         ID     Location or Fanout   Delay(ps)  Edge  Arrival Time(ps)    Instance detail                                                            
   -----------------------------------------------------------------------------------------------------------------------------------------------------------------------------------------
   i_clk                         CLOCK-PORT    -                      -     launch     r               0                                                                                  
   i_clk                         Clock net     2           (fanout=516)       2319                     -                                                                                  
   RBB_34/CLK                    RBB_6L       34   [TILE 0 0, RBB 1 18]          -     r            2319                                                                                  
   -----------------------------------------------------------------------------------------------------------------------------------------------------------------------------------------
   RBB_34/CQ                     RBB_6L       34   [TILE 0 0, RBB 1 18]        800     r            3119     {inst98: rx_shift_FDRE_Q (FDRE,site=cff)}                                    
   rx_shift[7]                   Net          25             (fanout=4)       1888                     -                                                                                  
   RBB_24/B5                     RBB_6L       24  [TILE 0 0, RBB 10 18]          -     r            5007                                                                                  
   RBB_24/B                      RBB_6L       24  [TILE 0 0, RBB 10 18]        745     r            5752     {inst64: o_led_FDRE_Q_D_LUT5_O_I4_LUT4_O (LUT,site=blut)}                    
   o_led_FDRE_Q_D_LUT5_O_I4[4]   Net         111             (fanout=1)        840                     -                                                                                  
   RBB_18/B5                     RBB_6L       18   [TILE 0 0, RBB 7 18]          -     r            6592                                                                                  
   RBB_18/B                      RBB_6L       18   [TILE 0 0, RBB 7 18]        731     r            7323     {inst62: o_led_FDRE_Q_CE_LUT3_O_I1_LUT5_O (LUT,site=blut)}                   
   o_led_FDRE_Q_CE_LUT3_O_I1[1]  Net          91             (fanout=1)        909                     -                                                                                  
   RBB_18/A1                     RBB_6L       18   [TILE 0 0, RBB 7 18]          -     r            8232                                                                                  
   RBB_18/A                      RBB_6L       18   [TILE 0 0, RBB 7 18]        668     r            8900     {inst61: o_led_FDRE_Q_CE_LUT3_O (LUT,site=alut)}                             
   o_led_FDRE_Q_CE               Net         101             (fanout=1)       2235                     -                                                                                  
   RBB_4/CE                      IOB           4   [TILE 0 0, RBB 31 6]          -     r           11135     {inst60: o_led_FDRE_Q (FDRE)} {(output_port) inst200: g_200_o_led_obuf (IO)} 
   -----------------------------------------------------------------------------------------------------------------------------------------------------------------------------------------
   RBB_4/CLK                     IOB           4   [TILE 0 0, RBB 31 6]        837     r           11972                                                                                  
   i_clk                         Clock net     2           (fanout=516)      -2328                     -                                                                                  
   i_clk                         CLOCK-PORT    -                      -    capture     r            9644                                                                                  
   -----------------------------------------------------------------------------------------------------------------------------------------------------------------------------------------


Path 11:
   Slack (not met):                         -7747ps
     Path type:                               SETUP
     Group:                            <UDEF_i_clk>
     Launching clock:                         i_clk (rising edge)
     Capturing clock:                         i_clk (rising edge)

     Requested period:                       2000ps
   + Delay of the capturing clock:           2311ps
   - Clock uncertainty:                       150ps
   = Required time:                          4161ps
   - Propagation time:                       9733ps (49.8% logic, 50.2% route, logic stage 4)
   - Delay of the launching clock:           2175ps
   = Slack:                                 -7747ps

   Instance/Pin or Net Name               Type         ID    Location or Fanout   Delay(ps)  Edge  Arrival Time(ps)    Instance detail                                          
   -------------------------------------------------------------------------------------------------------------------------------------------------------------------------------
   i_clk                                  CLOCK-PORT    -                     -     launch     r               0                                                                
   i_clk                                  Clock net     2          (fanout=516)       2175                     -                                                                
   RBB_20/CLK                             RBB_6L       20  [TILE 0 0, RBB 4 14]          -     r            2175                                                                
   -------------------------------------------------------------------------------------------------------------------------------------------------------------------------------
   RBB_20/CMUX                            RBB_6L       20  [TILE 0 0, RBB 4 14]       1379     r            3554     {inst135: state_FDRE_Q_3 (FDRE,site=cffo)}                 
   i_en_LUT5_I0_I3[1]                     Net          55           (fanout=14)        811                     -                                                                
   RBB_10/A1                              RBB_6L       10  [TILE 0 0, RBB 7 14]          -     r            4365                                                                
   RBB_10/BMUX                            RBB_6L       10  [TILE 0 0, RBB 7 14]       1257     r            5622     {inst34: i_en_LUT5_I0_O_LUT4_O_I0_CARRY4_CO (CARRY4)}      
   i_en_LUT5_I0_O_LUT4_O_I0[0]            Net         112            (fanout=2)       1112                     -                                                                
   RBB_32/B1                              RBB_6L       32  [TILE 0 0, RBB 4 10]          -     r            6734                                                                
   RBB_32/B                               RBB_6L       32  [TILE 0 0, RBB 4 10]        569     r            7303     {inst37: i_en_LUT5_I0_O_LUT4_O_I0_LUT2_I0 (LUT,site=blut)} 
   i_en_LUT5_I0_O_LUT4_O_I0_LUT2_I0_O[4]  Net          72            (fanout=3)       1223                     -                                                                
   RBB_35/A3                              RBB_6L       35  [TILE 0 0, RBB 1 12]          -     r            8526                                                                
   RBB_35/A                               RBB_6L       35  [TILE 0 0, RBB 1 12]        763     r            9289     {inst95: read_request_LUT4_I0_1_O_LUT4_I1 (LUT,site=alut)} 
   read_request_LUT4_I0_1_O_LUT4_I1_O     Net          83            (fanout=1)       1741                     -                                                                
   RBB_23/A6                              RBB_6L       23  [TILE 0 0, RBB 4 24]          -     r           11030     {<CE>inst144: tx_shift_FDRE_Q_1 (FDRE,site=affo)}          
   -------------------------------------------------------------------------------------------------------------------------------------------------------------------------------
   RBB_23/CLK                             RBB_6L       23  [TILE 0 0, RBB 4 24]        878     r           11908                                                                
   i_clk                                  Clock net     2          (fanout=516)      -2311                     -                                                                
   i_clk                                  CLOCK-PORT    -                     -    capture     r            9597                                                                
   -------------------------------------------------------------------------------------------------------------------------------------------------------------------------------


Path 14:
   Slack (not met):                         -7747ps
     Path type:                               SETUP
     Group:                            <UDEF_i_clk>
     Launching clock:                         i_clk (rising edge)
     Capturing clock:                         i_clk (rising edge)

     Requested period:                       2000ps
   + Delay of the capturing clock:           2311ps
   - Clock uncertainty:                       150ps
   = Required time:                          4161ps
   - Propagation time:                       9733ps (49.8% logic, 50.2% route, logic stage 4)
   - Delay of the launching clock:           2175ps
   = Slack:                                 -7747ps

   Instance/Pin or Net Name               Type         ID    Location or Fanout   Delay(ps)  Edge  Arrival Time(ps)    Instance detail                                          
   -------------------------------------------------------------------------------------------------------------------------------------------------------------------------------
   i_clk                                  CLOCK-PORT    -                     -     launch     r               0                                                                
   i_clk                                  Clock net     2          (fanout=516)       2175                     -                                                                
   RBB_20/CLK                             RBB_6L       20  [TILE 0 0, RBB 4 14]          -     r            2175                                                                
   -------------------------------------------------------------------------------------------------------------------------------------------------------------------------------
   RBB_20/CMUX                            RBB_6L       20  [TILE 0 0, RBB 4 14]       1379     r            3554     {inst135: state_FDRE_Q_3 (FDRE,site=cffo)}                 
   i_en_LUT5_I0_I3[1]                     Net          55           (fanout=14)        811                     -                                                                
   RBB_10/A1                              RBB_6L       10  [TILE 0 0, RBB 7 14]          -     r            4365                                                                
   RBB_10/BMUX                            RBB_6L       10  [TILE 0 0, RBB 7 14]       1257     r            5622     {inst34: i_en_LUT5_I0_O_LUT4_O_I0_CARRY4_CO (CARRY4)}      
   i_en_LUT5_I0_O_LUT4_O_I0[0]            Net         112            (fanout=2)       1112                     -                                                                
   RBB_32/B1                              RBB_6L       32  [TILE 0 0, RBB 4 10]          -     r            6734                                                                
   RBB_32/B                               RBB_6L       32  [TILE 0 0, RBB 4 10]        569     r            7303     {inst37: i_en_LUT5_I0_O_LUT4_O_I0_LUT2_I0 (LUT,site=blut)} 
   i_en_LUT5_I0_O_LUT4_O_I0_LUT2_I0_O[4]  Net          72            (fanout=3)       1223                     -                                                                
   RBB_35/A3                              RBB_6L       35  [TILE 0 0, RBB 1 12]          -     r            8526                                                                
   RBB_35/A                               RBB_6L       35  [TILE 0 0, RBB 1 12]        763     r            9289     {inst95: read_request_LUT4_I0_1_O_LUT4_I1 (LUT,site=alut)} 
   read_request_LUT4_I0_1_O_LUT4_I1_O     Net          83            (fanout=1)       1741                     -                                                                
   RBB_23/A6                              RBB_6L       23  [TILE 0 0, RBB 4 24]          -     r           11030     {<CE>inst149: tx_shift_FDRE_Q_2 (FDRE,site=dff)}           
   -------------------------------------------------------------------------------------------------------------------------------------------------------------------------------
   RBB_23/CLK                             RBB_6L       23  [TILE 0 0, RBB 4 24]        878     r           11908                                                                
   i_clk                                  Clock net     2          (fanout=516)      -2311                     -                                                                
   i_clk                                  CLOCK-PORT    -                     -    capture     r            9597                                                                
   -------------------------------------------------------------------------------------------------------------------------------------------------------------------------------


Path 10:
   Slack (not met):                         -7747ps
     Path type:                               SETUP
     Group:                            <UDEF_i_clk>
     Launching clock:                         i_clk (rising edge)
     Capturing clock:                         i_clk (rising edge)

     Requested period:                       2000ps
   + Delay of the capturing clock:           2311ps
   - Clock uncertainty:                       150ps
   = Required time:                          4161ps
   - Propagation time:                       9733ps (49.8% logic, 50.2% route, logic stage 4)
   - Delay of the launching clock:           2175ps
   = Slack:                                 -7747ps

   Instance/Pin or Net Name               Type         ID    Location or Fanout   Delay(ps)  Edge  Arrival Time(ps)    Instance detail                                          
   -------------------------------------------------------------------------------------------------------------------------------------------------------------------------------
   i_clk                                  CLOCK-PORT    -                     -     launch     r               0                                                                
   i_clk                                  Clock net     2          (fanout=516)       2175                     -                                                                
   RBB_20/CLK                             RBB_6L       20  [TILE 0 0, RBB 4 14]          -     r            2175                                                                
   -------------------------------------------------------------------------------------------------------------------------------------------------------------------------------
   RBB_20/CMUX                            RBB_6L       20  [TILE 0 0, RBB 4 14]       1379     r            3554     {inst135: state_FDRE_Q_3 (FDRE,site=cffo)}                 
   i_en_LUT5_I0_I3[1]                     Net          55           (fanout=14)        811                     -                                                                
   RBB_10/A1                              RBB_6L       10  [TILE 0 0, RBB 7 14]          -     r            4365                                                                
   RBB_10/BMUX                            RBB_6L       10  [TILE 0 0, RBB 7 14]       1257     r            5622     {inst34: i_en_LUT5_I0_O_LUT4_O_I0_CARRY4_CO (CARRY4)}      
   i_en_LUT5_I0_O_LUT4_O_I0[0]            Net         112            (fanout=2)       1112                     -                                                                
   RBB_32/B1                              RBB_6L       32  [TILE 0 0, RBB 4 10]          -     r            6734                                                                
   RBB_32/B                               RBB_6L       32  [TILE 0 0, RBB 4 10]        569     r            7303     {inst37: i_en_LUT5_I0_O_LUT4_O_I0_LUT2_I0 (LUT,site=blut)} 
   i_en_LUT5_I0_O_LUT4_O_I0_LUT2_I0_O[4]  Net          72            (fanout=3)       1223                     -                                                                
   RBB_35/A3                              RBB_6L       35  [TILE 0 0, RBB 1 12]          -     r            8526                                                                
   RBB_35/A                               RBB_6L       35  [TILE 0 0, RBB 1 12]        763     r            9289     {inst95: read_request_LUT4_I0_1_O_LUT4_I1 (LUT,site=alut)} 
   read_request_LUT4_I0_1_O_LUT4_I1_O     Net          83            (fanout=1)       1741                     -                                                                
   RBB_23/A6                              RBB_6L       23  [TILE 0 0, RBB 4 24]          -     r           11030     {<CE>inst174: tx_shift_FDRE_Q_7 (FDRE,site=bffo)}          
   -------------------------------------------------------------------------------------------------------------------------------------------------------------------------------
   RBB_23/CLK                             RBB_6L       23  [TILE 0 0, RBB 4 24]        878     r           11908                                                                
   i_clk                                  Clock net     2          (fanout=516)      -2311                     -                                                                
   i_clk                                  CLOCK-PORT    -                     -    capture     r            9597                                                                
   -------------------------------------------------------------------------------------------------------------------------------------------------------------------------------


Path 15:
   Slack (not met):                         -7747ps
     Path type:                               SETUP
     Group:                            <UDEF_i_clk>
     Launching clock:                         i_clk (rising edge)
     Capturing clock:                         i_clk (rising edge)

     Requested period:                       2000ps
   + Delay of the capturing clock:           2311ps
   - Clock uncertainty:                       150ps
   = Required time:                          4161ps
   - Propagation time:                       9733ps (49.8% logic, 50.2% route, logic stage 4)
   - Delay of the launching clock:           2175ps
   = Slack:                                 -7747ps

   Instance/Pin or Net Name               Type         ID    Location or Fanout   Delay(ps)  Edge  Arrival Time(ps)    Instance detail                                          
   -------------------------------------------------------------------------------------------------------------------------------------------------------------------------------
   i_clk                                  CLOCK-PORT    -                     -     launch     r               0                                                                
   i_clk                                  Clock net     2          (fanout=516)       2175                     -                                                                
   RBB_20/CLK                             RBB_6L       20  [TILE 0 0, RBB 4 14]          -     r            2175                                                                
   -------------------------------------------------------------------------------------------------------------------------------------------------------------------------------
   RBB_20/CMUX                            RBB_6L       20  [TILE 0 0, RBB 4 14]       1379     r            3554     {inst135: state_FDRE_Q_3 (FDRE,site=cffo)}                 
   i_en_LUT5_I0_I3[1]                     Net          55           (fanout=14)        811                     -                                                                
   RBB_10/A1                              RBB_6L       10  [TILE 0 0, RBB 7 14]          -     r            4365                                                                
   RBB_10/BMUX                            RBB_6L       10  [TILE 0 0, RBB 7 14]       1257     r            5622     {inst34: i_en_LUT5_I0_O_LUT4_O_I0_CARRY4_CO (CARRY4)}      
   i_en_LUT5_I0_O_LUT4_O_I0[0]            Net         112            (fanout=2)       1112                     -                                                                
   RBB_32/B1                              RBB_6L       32  [TILE 0 0, RBB 4 10]          -     r            6734                                                                
   RBB_32/B                               RBB_6L       32  [TILE 0 0, RBB 4 10]        569     r            7303     {inst37: i_en_LUT5_I0_O_LUT4_O_I0_LUT2_I0 (LUT,site=blut)} 
   i_en_LUT5_I0_O_LUT4_O_I0_LUT2_I0_O[4]  Net          72            (fanout=3)       1223                     -                                                                
   RBB_35/A3                              RBB_6L       35  [TILE 0 0, RBB 1 12]          -     r            8526                                                                
   RBB_35/A                               RBB_6L       35  [TILE 0 0, RBB 1 12]        763     r            9289     {inst95: read_request_LUT4_I0_1_O_LUT4_I1 (LUT,site=alut)} 
   read_request_LUT4_I0_1_O_LUT4_I1_O     Net          83            (fanout=1)       1741                     -                                                                
   RBB_23/A6                              RBB_6L       23  [TILE 0 0, RBB 4 24]          -     r           11030     {<CE>inst169: tx_shift_FDRE_Q_6 (FDRE,site=bff)}           
   -------------------------------------------------------------------------------------------------------------------------------------------------------------------------------
   RBB_23/CLK                             RBB_6L       23  [TILE 0 0, RBB 4 24]        878     r           11908                                                                
   i_clk                                  Clock net     2          (fanout=516)      -2311                     -                                                                
   i_clk                                  CLOCK-PORT    -                     -    capture     r            9597                                                                
   -------------------------------------------------------------------------------------------------------------------------------------------------------------------------------


Path 12:
   Slack (not met):                         -7747ps
     Path type:                               SETUP
     Group:                            <UDEF_i_clk>
     Launching clock:                         i_clk (rising edge)
     Capturing clock:                         i_clk (rising edge)

     Requested period:                       2000ps
   + Delay of the capturing clock:           2311ps
   - Clock uncertainty:                       150ps
   = Required time:                          4161ps
   - Propagation time:                       9733ps (49.8% logic, 50.2% route, logic stage 4)
   - Delay of the launching clock:           2175ps
   = Slack:                                 -7747ps

   Instance/Pin or Net Name               Type         ID    Location or Fanout   Delay(ps)  Edge  Arrival Time(ps)    Instance detail                                          
   -------------------------------------------------------------------------------------------------------------------------------------------------------------------------------
   i_clk                                  CLOCK-PORT    -                     -     launch     r               0                                                                
   i_clk                                  Clock net     2          (fanout=516)       2175                     -                                                                
   RBB_20/CLK                             RBB_6L       20  [TILE 0 0, RBB 4 14]          -     r            2175                                                                
   -------------------------------------------------------------------------------------------------------------------------------------------------------------------------------
   RBB_20/CMUX                            RBB_6L       20  [TILE 0 0, RBB 4 14]       1379     r            3554     {inst135: state_FDRE_Q_3 (FDRE,site=cffo)}                 
   i_en_LUT5_I0_I3[1]                     Net          55           (fanout=14)        811                     -                                                                
   RBB_10/A1                              RBB_6L       10  [TILE 0 0, RBB 7 14]          -     r            4365                                                                
   RBB_10/BMUX                            RBB_6L       10  [TILE 0 0, RBB 7 14]       1257     r            5622     {inst34: i_en_LUT5_I0_O_LUT4_O_I0_CARRY4_CO (CARRY4)}      
   i_en_LUT5_I0_O_LUT4_O_I0[0]            Net         112            (fanout=2)       1112                     -                                                                
   RBB_32/B1                              RBB_6L       32  [TILE 0 0, RBB 4 10]          -     r            6734                                                                
   RBB_32/B                               RBB_6L       32  [TILE 0 0, RBB 4 10]        569     r            7303     {inst37: i_en_LUT5_I0_O_LUT4_O_I0_LUT2_I0 (LUT,site=blut)} 
   i_en_LUT5_I0_O_LUT4_O_I0_LUT2_I0_O[4]  Net          72            (fanout=3)       1223                     -                                                                
   RBB_35/A3                              RBB_6L       35  [TILE 0 0, RBB 1 12]          -     r            8526                                                                
   RBB_35/A                               RBB_6L       35  [TILE 0 0, RBB 1 12]        763     r            9289     {inst95: read_request_LUT4_I0_1_O_LUT4_I1 (LUT,site=alut)} 
   read_request_LUT4_I0_1_O_LUT4_I1_O     Net          83            (fanout=1)       1741                     -                                                                
   RBB_23/A6                              RBB_6L       23  [TILE 0 0, RBB 4 24]          -     r           11030     {<CE>inst164: tx_shift_FDRE_Q_5 (FDRE,site=cffo)}          
   -------------------------------------------------------------------------------------------------------------------------------------------------------------------------------
   RBB_23/CLK                             RBB_6L       23  [TILE 0 0, RBB 4 24]        878     r           11908                                                                
   i_clk                                  Clock net     2          (fanout=516)      -2311                     -                                                                
   i_clk                                  CLOCK-PORT    -                     -    capture     r            9597                                                                
   -------------------------------------------------------------------------------------------------------------------------------------------------------------------------------


Path 13:
   Slack (not met):                         -7747ps
     Path type:                               SETUP
     Group:                            <UDEF_i_clk>
     Launching clock:                         i_clk (rising edge)
     Capturing clock:                         i_clk (rising edge)

     Requested period:                       2000ps
   + Delay of the capturing clock:           2311ps
   - Clock uncertainty:                       150ps
   = Required time:                          4161ps
   - Propagation time:                       9733ps (49.8% logic, 50.2% route, logic stage 4)
   - Delay of the launching clock:           2175ps
   = Slack:                                 -7747ps

   Instance/Pin or Net Name               Type         ID    Location or Fanout   Delay(ps)  Edge  Arrival Time(ps)    Instance detail                                          
   -------------------------------------------------------------------------------------------------------------------------------------------------------------------------------
   i_clk                                  CLOCK-PORT    -                     -     launch     r               0                                                                
   i_clk                                  Clock net     2          (fanout=516)       2175                     -                                                                
   RBB_20/CLK                             RBB_6L       20  [TILE 0 0, RBB 4 14]          -     r            2175                                                                
   -------------------------------------------------------------------------------------------------------------------------------------------------------------------------------
   RBB_20/CMUX                            RBB_6L       20  [TILE 0 0, RBB 4 14]       1379     r            3554     {inst135: state_FDRE_Q_3 (FDRE,site=cffo)}                 
   i_en_LUT5_I0_I3[1]                     Net          55           (fanout=14)        811                     -                                                                
   RBB_10/A1                              RBB_6L       10  [TILE 0 0, RBB 7 14]          -     r            4365                                                                
   RBB_10/BMUX                            RBB_6L       10  [TILE 0 0, RBB 7 14]       1257     r            5622     {inst34: i_en_LUT5_I0_O_LUT4_O_I0_CARRY4_CO (CARRY4)}      
   i_en_LUT5_I0_O_LUT4_O_I0[0]            Net         112            (fanout=2)       1112                     -                                                                
   RBB_32/B1                              RBB_6L       32  [TILE 0 0, RBB 4 10]          -     r            6734                                                                
   RBB_32/B                               RBB_6L       32  [TILE 0 0, RBB 4 10]        569     r            7303     {inst37: i_en_LUT5_I0_O_LUT4_O_I0_LUT2_I0 (LUT,site=blut)} 
   i_en_LUT5_I0_O_LUT4_O_I0_LUT2_I0_O[4]  Net          72            (fanout=3)       1223                     -                                                                
   RBB_35/A3                              RBB_6L       35  [TILE 0 0, RBB 1 12]          -     r            8526                                                                
   RBB_35/A                               RBB_6L       35  [TILE 0 0, RBB 1 12]        763     r            9289     {inst95: read_request_LUT4_I0_1_O_LUT4_I1 (LUT,site=alut)} 
   read_request_LUT4_I0_1_O_LUT4_I1_O     Net          83            (fanout=1)       1741                     -                                                                
   RBB_23/A6                              RBB_6L       23  [TILE 0 0, RBB 4 24]          -     r           11030     {<CE>inst159: tx_shift_FDRE_Q_4 (FDRE,site=cff)}           
   -------------------------------------------------------------------------------------------------------------------------------------------------------------------------------
   RBB_23/CLK                             RBB_6L       23  [TILE 0 0, RBB 4 24]        878     r           11908                                                                
   i_clk                                  Clock net     2          (fanout=516)      -2311                     -                                                                
   i_clk                                  CLOCK-PORT    -                     -    capture     r            9597                                                                
   -------------------------------------------------------------------------------------------------------------------------------------------------------------------------------


Path 16:
   Slack (not met):                         -7747ps
     Path type:                               SETUP
     Group:                            <UDEF_i_clk>
     Launching clock:                         i_clk (rising edge)
     Capturing clock:                         i_clk (rising edge)

     Requested period:                       2000ps
   + Delay of the capturing clock:           2311ps
   - Clock uncertainty:                       150ps
   = Required time:                          4161ps
   - Propagation time:                       9733ps (49.8% logic, 50.2% route, logic stage 4)
   - Delay of the launching clock:           2175ps
   = Slack:                                 -7747ps

   Instance/Pin or Net Name               Type         ID    Location or Fanout   Delay(ps)  Edge  Arrival Time(ps)    Instance detail                                          
   -------------------------------------------------------------------------------------------------------------------------------------------------------------------------------
   i_clk                                  CLOCK-PORT    -                     -     launch     r               0                                                                
   i_clk                                  Clock net     2          (fanout=516)       2175                     -                                                                
   RBB_20/CLK                             RBB_6L       20  [TILE 0 0, RBB 4 14]          -     r            2175                                                                
   -------------------------------------------------------------------------------------------------------------------------------------------------------------------------------
   RBB_20/CMUX                            RBB_6L       20  [TILE 0 0, RBB 4 14]       1379     r            3554     {inst135: state_FDRE_Q_3 (FDRE,site=cffo)}                 
   i_en_LUT5_I0_I3[1]                     Net          55           (fanout=14)        811                     -                                                                
   RBB_10/A1                              RBB_6L       10  [TILE 0 0, RBB 7 14]          -     r            4365                                                                
   RBB_10/BMUX                            RBB_6L       10  [TILE 0 0, RBB 7 14]       1257     r            5622     {inst34: i_en_LUT5_I0_O_LUT4_O_I0_CARRY4_CO (CARRY4)}      
   i_en_LUT5_I0_O_LUT4_O_I0[0]            Net         112            (fanout=2)       1112                     -                                                                
   RBB_32/B1                              RBB_6L       32  [TILE 0 0, RBB 4 10]          -     r            6734                                                                
   RBB_32/B                               RBB_6L       32  [TILE 0 0, RBB 4 10]        569     r            7303     {inst37: i_en_LUT5_I0_O_LUT4_O_I0_LUT2_I0 (LUT,site=blut)} 
   i_en_LUT5_I0_O_LUT4_O_I0_LUT2_I0_O[4]  Net          72            (fanout=3)       1223                     -                                                                
   RBB_35/A3                              RBB_6L       35  [TILE 0 0, RBB 1 12]          -     r            8526                                                                
   RBB_35/A                               RBB_6L       35  [TILE 0 0, RBB 1 12]        763     r            9289     {inst95: read_request_LUT4_I0_1_O_LUT4_I1 (LUT,site=alut)} 
   read_request_LUT4_I0_1_O_LUT4_I1_O     Net          83            (fanout=1)       1741                     -                                                                
   RBB_23/A6                              RBB_6L       23  [TILE 0 0, RBB 4 24]          -     r           11030     {<CE>inst143: tx_shift_FDRE_Q (FDRE,site=aff)}             
   -------------------------------------------------------------------------------------------------------------------------------------------------------------------------------
   RBB_23/CLK                             RBB_6L       23  [TILE 0 0, RBB 4 24]        878     r           11908                                                                
   i_clk                                  Clock net     2          (fanout=516)      -2311                     -                                                                
   i_clk                                  CLOCK-PORT    -                     -    capture     r            9597                                                                
   -------------------------------------------------------------------------------------------------------------------------------------------------------------------------------


Path 22:
   Slack (not met):                         -7727ps
     Path type:                               SETUP
     Group:                            <UDEF_i_clk>
     Launching clock:                         i_clk (rising edge)
     Capturing clock:                         i_clk (rising edge)

     Requested period:                       2000ps
   + Delay of the capturing clock:           2311ps
   - Clock uncertainty:                       150ps
   = Required time:                          4161ps
   - Propagation time:                       9713ps (55.7% logic, 44.3% route, logic stage 4)
   - Delay of the launching clock:           2175ps
   = Slack:                                 -7727ps

   Instance/Pin or Net Name                   Type         ID     Location or Fanout   Delay(ps)  Edge  Arrival Time(ps)    Instance detail                                                                                     
   -------------------------------------------------------------------------------------------------------------------------------------------------------------------------------------------------------------------------------
   i_clk                                      CLOCK-PORT    -                      -     launch     r               0                                                                                                           
   i_clk                                      Clock net     2           (fanout=516)       2175                     -                                                                                                           
   RBB_20/CLK                                 RBB_6L       20   [TILE 0 0, RBB 4 14]          -     r            2175                                                                                                           
   -------------------------------------------------------------------------------------------------------------------------------------------------------------------------------------------------------------------------------
   RBB_20/CMUX                                RBB_6L       20   [TILE 0 0, RBB 4 14]       1379     r            3554     {inst135: state_FDRE_Q_3 (FDRE,site=cffo)}                                                            
   i_en_LUT5_I0_I3[1]                         Net          55            (fanout=14)        811                     -                                                                                                           
   RBB_10/A1                                  RBB_6L       10   [TILE 0 0, RBB 7 14]          -     r            4365                                                                                                           
   RBB_10/CQ                                  RBB_6L       10   [TILE 0 0, RBB 7 14]       1291     r            5656     {inst34: i_en_LUT5_I0_O_LUT4_O_I0_CARRY4_CO (CARRY4)}                                                 
   i_en_LUT5_I0_O_LUT4_O_I0_CARRY4_CO_O_1[2]  Net         148            (fanout=12)       1129                     -                                                                                                           
   RBB_24/D3                                  RBB_6L       24  [TILE 0 0, RBB 10 18]          -     r            6785                                                                                                           
   RBB_24/D                                   RBB_6L       24  [TILE 0 0, RBB 10 18]        659     r            7444     {inst147: tx_shift_FDRE_Q_1_D_MUXF8_O_I0_MUXF7_O_I0_LUT3_O (LUT,site=dlut)}                           
   tx_shift_FDRE_Q_1_D_MUXF8_O_I0_MUXF7_O_I0  Net         158             (fanout=1)        896                     -                                                                                                           
   RBB_24/A1                                  RBB_6L       24  [TILE 0 0, RBB 10 18]          -     r            8340                                                                                                           
   RBB_24/A                                   RBB_6L       24  [TILE 0 0, RBB 10 18]        666     r            9006     {inst146: tx_shift_FDRE_Q_1_D_MUXF8_O_I0_MUXF7_O (LUT,site=alut)}                                     
   tx_shift_FDRE_Q_1_D_MUXF8_O_I0             Net         121             (fanout=1)       1463                     -                                                                                                           
   RBB_23/A3                                  RBB_6L       23   [TILE 0 0, RBB 4 24]          -     r           10469     {inst145: tx_shift_FDRE_Q_1_D_MUXF8_O (LUT,site=aluto)} {inst144: tx_shift_FDRE_Q_1 (FDRE,site=affo)} 
   -------------------------------------------------------------------------------------------------------------------------------------------------------------------------------------------------------------------------------
   RBB_23/CLK                                 RBB_6L       23   [TILE 0 0, RBB 4 24]       1419     r           11888                                                                                                           
   i_clk                                      Clock net     2           (fanout=516)      -2311                     -                                                                                                           
   i_clk                                      CLOCK-PORT    -                      -    capture     r            9577                                                                                                           
   -------------------------------------------------------------------------------------------------------------------------------------------------------------------------------------------------------------------------------


Path 1:
   Slack (not met):                         -7670ps
     Path type:                               SETUP
     Group:                            <UDEF_i_clk>
     Launching clock:                         i_clk (rising edge)
     Capturing clock:                         i_clk (rising edge)

     Requested period:                       2000ps
   + Delay of the capturing clock:           2175ps
   - Clock uncertainty:                       150ps
   = Required time:                          4025ps
   - Propagation time:                       9520ps (57.3% logic, 42.7% route, logic stage 5)
   - Delay of the launching clock:           2175ps
   = Slack:                                 -7670ps

   Instance/Pin or Net Name               Type         ID    Location or Fanout   Delay(ps)  Edge  Arrival Time(ps)    Instance detail                                          
   -------------------------------------------------------------------------------------------------------------------------------------------------------------------------------
   i_clk                                  CLOCK-PORT    -                     -     launch     r               0                                                                
   i_clk                                  Clock net     2          (fanout=516)       2175                     -                                                                
   RBB_20/CLK                             RBB_6L       20  [TILE 0 0, RBB 4 14]          -     r            2175                                                                
   -------------------------------------------------------------------------------------------------------------------------------------------------------------------------------
   RBB_20/CMUX                            RBB_6L       20  [TILE 0 0, RBB 4 14]       1379     r            3554     {inst135: state_FDRE_Q_3 (FDRE,site=cffo)}                 
   i_en_LUT5_I0_I3[1]                     Net          55           (fanout=14)        811                     -                                                                
   RBB_10/A1                              RBB_6L       10  [TILE 0 0, RBB 7 14]          -     r            4365                                                                
   RBB_10/BMUX                            RBB_6L       10  [TILE 0 0, RBB 7 14]       1257     r            5622     {inst34: i_en_LUT5_I0_O_LUT4_O_I0_CARRY4_CO (CARRY4)}      
   i_en_LUT5_I0_O_LUT4_O_I0[0]            Net         112            (fanout=2)       1112                     -                                                                
   RBB_32/B1                              RBB_6L       32  [TILE 0 0, RBB 4 10]          -     r            6734                                                                
   RBB_32/B                               RBB_6L       32  [TILE 0 0, RBB 4 10]        569     r            7303     {inst37: i_en_LUT5_I0_O_LUT4_O_I0_LUT2_I0 (LUT,site=blut)} 
   i_en_LUT5_I0_O_LUT4_O_I0_LUT2_I0_O[4]  Net          72            (fanout=3)        572                     -                                                                
   RBB_32/A3                              RBB_6L       32  [TILE 0 0, RBB 4 10]          -     r            7875                                                                
   RBB_32/A                               RBB_6L       32  [TILE 0 0, RBB 4 10]        666     r            8541     {inst41: i_en_LUT5_I0_O_LUT5_O (LUT,site=alut)}            
   i_en_LUT5_I0_O[5]                      Net          88            (fanout=1)        684                     -                                                                
   RBB_33/D6                              RBB_6L       33   [TILE 0 0, RBB 4 8]          -     r            9225                                                                
   RBB_33/D                               RBB_6L       33   [TILE 0 0, RBB 4 8]        631     r            9856     {inst142: state_FDRE_Q_CE_LUT6_O (LUT,site=dlut,dluto)}    
   state_FDRE_Q_CE                        Net         105            (fanout=1)        885                     -                                                                
   RBB_20/A6                              RBB_6L       20  [TILE 0 0, RBB 4 14]          -     r           10741     {<CE>inst122: state_FDRE_Q (FDRE,site=cff)}                
   -------------------------------------------------------------------------------------------------------------------------------------------------------------------------------
   RBB_20/CLK                             RBB_6L       20  [TILE 0 0, RBB 4 14]        954     r           11695                                                                
   i_clk                                  Clock net     2          (fanout=516)      -2175                     -                                                                
   i_clk                                  CLOCK-PORT    -                     -    capture     r            9520                                                                
   -------------------------------------------------------------------------------------------------------------------------------------------------------------------------------


Path 0:
   Slack (not met):                         -7670ps
     Path type:                               SETUP
     Group:                            <UDEF_i_clk>
     Launching clock:                         i_clk (rising edge)
     Capturing clock:                         i_clk (rising edge)

     Requested period:                       2000ps
   + Delay of the capturing clock:           2175ps
   - Clock uncertainty:                       150ps
   = Required time:                          4025ps
   - Propagation time:                       9520ps (57.3% logic, 42.7% route, logic stage 5)
   - Delay of the launching clock:           2175ps
   = Slack:                                 -7670ps

   Instance/Pin or Net Name               Type         ID    Location or Fanout   Delay(ps)  Edge  Arrival Time(ps)    Instance detail                                          
   -------------------------------------------------------------------------------------------------------------------------------------------------------------------------------
   i_clk                                  CLOCK-PORT    -                     -     launch     r               0                                                                
   i_clk                                  Clock net     2          (fanout=516)       2175                     -                                                                
   RBB_20/CLK                             RBB_6L       20  [TILE 0 0, RBB 4 14]          -     r            2175                                                                
   -------------------------------------------------------------------------------------------------------------------------------------------------------------------------------
   RBB_20/CMUX                            RBB_6L       20  [TILE 0 0, RBB 4 14]       1379     r            3554     {inst135: state_FDRE_Q_3 (FDRE,site=cffo)}                 
   i_en_LUT5_I0_I3[1]                     Net          55           (fanout=14)        811                     -                                                                
   RBB_10/A1                              RBB_6L       10  [TILE 0 0, RBB 7 14]          -     r            4365                                                                
   RBB_10/BMUX                            RBB_6L       10  [TILE 0 0, RBB 7 14]       1257     r            5622     {inst34: i_en_LUT5_I0_O_LUT4_O_I0_CARRY4_CO (CARRY4)}      
   i_en_LUT5_I0_O_LUT4_O_I0[0]            Net         112            (fanout=2)       1112                     -                                                                
   RBB_32/B1                              RBB_6L       32  [TILE 0 0, RBB 4 10]          -     r            6734                                                                
   RBB_32/B                               RBB_6L       32  [TILE 0 0, RBB 4 10]        569     r            7303     {inst37: i_en_LUT5_I0_O_LUT4_O_I0_LUT2_I0 (LUT,site=blut)} 
   i_en_LUT5_I0_O_LUT4_O_I0_LUT2_I0_O[4]  Net          72            (fanout=3)        572                     -                                                                
   RBB_32/A3                              RBB_6L       32  [TILE 0 0, RBB 4 10]          -     r            7875                                                                
   RBB_32/A                               RBB_6L       32  [TILE 0 0, RBB 4 10]        666     r            8541     {inst41: i_en_LUT5_I0_O_LUT5_O (LUT,site=alut)}            
   i_en_LUT5_I0_O[5]                      Net          88            (fanout=1)        684                     -                                                                
   RBB_33/D6                              RBB_6L       33   [TILE 0 0, RBB 4 8]          -     r            9225                                                                
   RBB_33/D                               RBB_6L       33   [TILE 0 0, RBB 4 8]        631     r            9856     {inst142: state_FDRE_Q_CE_LUT6_O (LUT,site=dlut,dluto)}    
   state_FDRE_Q_CE                        Net         105            (fanout=1)        885                     -                                                                
   RBB_20/A6                              RBB_6L       20  [TILE 0 0, RBB 4 14]          -     r           10741     {<CE>inst128: state_FDRE_Q_2 (FDRE,site=dff)}              
   -------------------------------------------------------------------------------------------------------------------------------------------------------------------------------
   RBB_20/CLK                             RBB_6L       20  [TILE 0 0, RBB 4 14]        954     r           11695                                                                
   i_clk                                  Clock net     2          (fanout=516)      -2175                     -                                                                
   i_clk                                  CLOCK-PORT    -                     -    capture     r            9520                                                                
   -------------------------------------------------------------------------------------------------------------------------------------------------------------------------------


Path 2:
   Slack (not met):                         -7670ps
     Path type:                               SETUP
     Group:                            <UDEF_i_clk>
     Launching clock:                         i_clk (rising edge)
     Capturing clock:                         i_clk (rising edge)

     Requested period:                       2000ps
   + Delay of the capturing clock:           2175ps
   - Clock uncertainty:                       150ps
   = Required time:                          4025ps
   - Propagation time:                       9520ps (57.3% logic, 42.7% route, logic stage 5)
   - Delay of the launching clock:           2175ps
   = Slack:                                 -7670ps

   Instance/Pin or Net Name               Type         ID    Location or Fanout   Delay(ps)  Edge  Arrival Time(ps)    Instance detail                                          
   -------------------------------------------------------------------------------------------------------------------------------------------------------------------------------
   i_clk                                  CLOCK-PORT    -                     -     launch     r               0                                                                
   i_clk                                  Clock net     2          (fanout=516)       2175                     -                                                                
   RBB_20/CLK                             RBB_6L       20  [TILE 0 0, RBB 4 14]          -     r            2175                                                                
   -------------------------------------------------------------------------------------------------------------------------------------------------------------------------------
   RBB_20/CMUX                            RBB_6L       20  [TILE 0 0, RBB 4 14]       1379     r            3554     {inst135: state_FDRE_Q_3 (FDRE,site=cffo)}                 
   i_en_LUT5_I0_I3[1]                     Net          55           (fanout=14)        811                     -                                                                
   RBB_10/A1                              RBB_6L       10  [TILE 0 0, RBB 7 14]          -     r            4365                                                                
   RBB_10/BMUX                            RBB_6L       10  [TILE 0 0, RBB 7 14]       1257     r            5622     {inst34: i_en_LUT5_I0_O_LUT4_O_I0_CARRY4_CO (CARRY4)}      
   i_en_LUT5_I0_O_LUT4_O_I0[0]            Net         112            (fanout=2)       1112                     -                                                                
   RBB_32/B1                              RBB_6L       32  [TILE 0 0, RBB 4 10]          -     r            6734                                                                
   RBB_32/B                               RBB_6L       32  [TILE 0 0, RBB 4 10]        569     r            7303     {inst37: i_en_LUT5_I0_O_LUT4_O_I0_LUT2_I0 (LUT,site=blut)} 
   i_en_LUT5_I0_O_LUT4_O_I0_LUT2_I0_O[4]  Net          72            (fanout=3)        572                     -                                                                
   RBB_32/A3                              RBB_6L       32  [TILE 0 0, RBB 4 10]          -     r            7875                                                                
   RBB_32/A                               RBB_6L       32  [TILE 0 0, RBB 4 10]        666     r            8541     {inst41: i_en_LUT5_I0_O_LUT5_O (LUT,site=alut)}            
   i_en_LUT5_I0_O[5]                      Net          88            (fanout=1)        684                     -                                                                
   RBB_33/D6                              RBB_6L       33   [TILE 0 0, RBB 4 8]          -     r            9225                                                                
   RBB_33/D                               RBB_6L       33   [TILE 0 0, RBB 4 8]        631     r            9856     {inst142: state_FDRE_Q_CE_LUT6_O (LUT,site=dlut,dluto)}    
   state_FDRE_Q_CE                        Net         105            (fanout=1)        885                     -                                                                
   RBB_20/A6                              RBB_6L       20  [TILE 0 0, RBB 4 14]          -     r           10741     {<CE>inst135: state_FDRE_Q_3 (FDRE,site=cffo)}             
   -------------------------------------------------------------------------------------------------------------------------------------------------------------------------------
   RBB_20/CLK                             RBB_6L       20  [TILE 0 0, RBB 4 14]        954     r           11695                                                                
   i_clk                                  Clock net     2          (fanout=516)      -2175                     -                                                                
   i_clk                                  CLOCK-PORT    -                     -    capture     r            9520                                                                
   -------------------------------------------------------------------------------------------------------------------------------------------------------------------------------


Path 6:
   Slack (not met):                         -7525ps
     Path type:                               SETUP
     Group:                            <UDEF_i_clk>
     Launching clock:                         i_clk (rising edge)
     Capturing clock:                         i_clk (rising edge)

     Requested period:                       2000ps
   + Delay of the capturing clock:           2335ps
   - Clock uncertainty:                       150ps
   = Required time:                          4185ps
   - Propagation time:                       9535ps (55.3% logic, 44.7% route, logic stage 5)
   - Delay of the launching clock:           2175ps
   = Slack:                                 -7525ps

   Instance/Pin or Net Name                Type         ID    Location or Fanout   Delay(ps)  Edge  Arrival Time(ps)    Instance detail                                           
   ---------------------------------------------------------------------------------------------------------------------------------------------------------------------------------
   i_clk                                   CLOCK-PORT    -                     -     launch     r               0                                                                 
   i_clk                                   Clock net     2          (fanout=516)       2175                     -                                                                 
   RBB_20/CLK                              RBB_6L       20  [TILE 0 0, RBB 4 14]          -     r            2175                                                                 
   ---------------------------------------------------------------------------------------------------------------------------------------------------------------------------------
   RBB_20/CMUX                             RBB_6L       20  [TILE 0 0, RBB 4 14]       1379     r            3554     {inst135: state_FDRE_Q_3 (FDRE,site=cffo)}                  
   i_en_LUT5_I0_I3[1]                      Net          55           (fanout=14)        811                     -                                                                 
   RBB_10/A1                               RBB_6L       10  [TILE 0 0, RBB 7 14]          -     r            4365                                                                 
   RBB_10/BMUX                             RBB_6L       10  [TILE 0 0, RBB 7 14]       1257     r            5622     {inst34: i_en_LUT5_I0_O_LUT4_O_I0_CARRY4_CO (CARRY4)}       
   i_en_LUT5_I0_O_LUT4_O_I0[0]             Net         112            (fanout=2)       1112                     -                                                                 
   RBB_32/B1                               RBB_6L       32  [TILE 0 0, RBB 4 10]          -     r            6734                                                                 
   RBB_32/B                                RBB_6L       32  [TILE 0 0, RBB 4 10]        569     r            7303     {inst37: i_en_LUT5_I0_O_LUT4_O_I0_LUT2_I0 (LUT,site=blut)}  
   i_en_LUT5_I0_O_LUT4_O_I0_LUT2_I0_O[4]   Net          72            (fanout=3)        591                     -                                                                 
   RBB_32/C3                               RBB_6L       32  [TILE 0 0, RBB 4 10]          -     r            7894                                                                 
   RBB_32/C                                RBB_6L       32  [TILE 0 0, RBB 4 10]        704     r            8598     {inst74: read_request_LUT4_I0_1_I3_LUT4_I2 (LUT,site=clut)} 
   read_request_LUT4_I0_1_I3_LUT4_I2_O[4]  Net          58            (fanout=1)        558                     -                                                                 
   RBB_32/D5                               RBB_6L       32  [TILE 0 0, RBB 4 10]          -     r            9156                                                                 
   RBB_32/D                                RBB_6L       32  [TILE 0 0, RBB 4 10]        625     r            9781     {inst29: bit_count_FDSE_Q_CE_LUT5_O (LUT,site=dlut)}        
   bit_count_FDSE_Q_CE                     Net         135            (fanout=2)       1190                     -                                                                 
   RBB_16/A6                               RBB_6L       16  [TILE 0 0, RBB 7 16]          -     r           10971     {<CE>inst26: bit_count_FDSE_Q (FDRE,site=dff)}              
   ---------------------------------------------------------------------------------------------------------------------------------------------------------------------------------
   RBB_16/CLK                              RBB_6L       16  [TILE 0 0, RBB 7 16]        739     r           11710                                                                 
   i_clk                                   Clock net     2          (fanout=516)      -2335                     -                                                                 
   i_clk                                   CLOCK-PORT    -                     -    capture     r            9375                                                                 
   ---------------------------------------------------------------------------------------------------------------------------------------------------------------------------------


Path 8:
   Slack (not met):                         -7525ps
     Path type:                               SETUP
     Group:                            <UDEF_i_clk>
     Launching clock:                         i_clk (rising edge)
     Capturing clock:                         i_clk (rising edge)

     Requested period:                       2000ps
   + Delay of the capturing clock:           2335ps
   - Clock uncertainty:                       150ps
   = Required time:                          4185ps
   - Propagation time:                       9535ps (55.3% logic, 44.7% route, logic stage 5)
   - Delay of the launching clock:           2175ps
   = Slack:                                 -7525ps

   Instance/Pin or Net Name                Type         ID    Location or Fanout   Delay(ps)  Edge  Arrival Time(ps)    Instance detail                                           
   ---------------------------------------------------------------------------------------------------------------------------------------------------------------------------------
   i_clk                                   CLOCK-PORT    -                     -     launch     r               0                                                                 
   i_clk                                   Clock net     2          (fanout=516)       2175                     -                                                                 
   RBB_20/CLK                              RBB_6L       20  [TILE 0 0, RBB 4 14]          -     r            2175                                                                 
   ---------------------------------------------------------------------------------------------------------------------------------------------------------------------------------
   RBB_20/CMUX                             RBB_6L       20  [TILE 0 0, RBB 4 14]       1379     r            3554     {inst135: state_FDRE_Q_3 (FDRE,site=cffo)}                  
   i_en_LUT5_I0_I3[1]                      Net          55           (fanout=14)        811                     -                                                                 
   RBB_10/A1                               RBB_6L       10  [TILE 0 0, RBB 7 14]          -     r            4365                                                                 
   RBB_10/BMUX                             RBB_6L       10  [TILE 0 0, RBB 7 14]       1257     r            5622     {inst34: i_en_LUT5_I0_O_LUT4_O_I0_CARRY4_CO (CARRY4)}       
   i_en_LUT5_I0_O_LUT4_O_I0[0]             Net         112            (fanout=2)       1112                     -                                                                 
   RBB_32/B1                               RBB_6L       32  [TILE 0 0, RBB 4 10]          -     r            6734                                                                 
   RBB_32/B                                RBB_6L       32  [TILE 0 0, RBB 4 10]        569     r            7303     {inst37: i_en_LUT5_I0_O_LUT4_O_I0_LUT2_I0 (LUT,site=blut)}  
   i_en_LUT5_I0_O_LUT4_O_I0_LUT2_I0_O[4]   Net          72            (fanout=3)        591                     -                                                                 
   RBB_32/C3                               RBB_6L       32  [TILE 0 0, RBB 4 10]          -     r            7894                                                                 
   RBB_32/C                                RBB_6L       32  [TILE 0 0, RBB 4 10]        704     r            8598     {inst74: read_request_LUT4_I0_1_I3_LUT4_I2 (LUT,site=clut)} 
   read_request_LUT4_I0_1_I3_LUT4_I2_O[4]  Net          58            (fanout=1)        558                     -                                                                 
   RBB_32/D5                               RBB_6L       32  [TILE 0 0, RBB 4 10]          -     r            9156                                                                 
   RBB_32/D                                RBB_6L       32  [TILE 0 0, RBB 4 10]        625     r            9781     {inst29: bit_count_FDSE_Q_CE_LUT5_O (LUT,site=dlut)}        
   bit_count_FDSE_Q_CE                     Net         135            (fanout=2)       1190                     -                                                                 
   RBB_16/A6                               RBB_6L       16  [TILE 0 0, RBB 7 16]          -     r           10971     {<CE>inst27: bit_count_FDSE_Q_1 (FDRE,site=cff)}            
   ---------------------------------------------------------------------------------------------------------------------------------------------------------------------------------
   RBB_16/CLK                              RBB_6L       16  [TILE 0 0, RBB 7 16]        739     r           11710                                                                 
   i_clk                                   Clock net     2          (fanout=516)      -2335                     -                                                                 
   i_clk                                   CLOCK-PORT    -                     -    capture     r            9375                                                                 
   ---------------------------------------------------------------------------------------------------------------------------------------------------------------------------------


Path 17:
   Slack (not met):                         -7410ps
     Path type:                               SETUP
     Group:                            <UDEF_i_clk>
     Launching clock:                         i_clk (rising edge)
     Capturing clock:                         i_clk (rising edge)

     Requested period:                       2000ps
   + Delay of the capturing clock:           2311ps
   - Clock uncertainty:                       150ps
   = Required time:                          4161ps
   - Propagation time:                       9396ps (48.0% logic, 52.0% route, logic stage 4)
   - Delay of the launching clock:           2175ps
   = Slack:                                 -7410ps

   Instance/Pin or Net Name               Type         ID    Location or Fanout   Delay(ps)  Edge  Arrival Time(ps)    Instance detail                                          
   -------------------------------------------------------------------------------------------------------------------------------------------------------------------------------
   i_clk                                  CLOCK-PORT    -                     -     launch     r               0                                                                
   i_clk                                  Clock net     2          (fanout=516)       2175                     -                                                                
   RBB_20/CLK                             RBB_6L       20  [TILE 0 0, RBB 4 14]          -     r            2175                                                                
   -------------------------------------------------------------------------------------------------------------------------------------------------------------------------------
   RBB_20/CMUX                            RBB_6L       20  [TILE 0 0, RBB 4 14]       1379     r            3554     {inst135: state_FDRE_Q_3 (FDRE,site=cffo)}                 
   i_en_LUT5_I0_I3[1]                     Net          55           (fanout=14)        811                     -                                                                
   RBB_10/A1                              RBB_6L       10  [TILE 0 0, RBB 7 14]          -     r            4365                                                                
   RBB_10/BMUX                            RBB_6L       10  [TILE 0 0, RBB 7 14]       1257     r            5622     {inst34: i_en_LUT5_I0_O_LUT4_O_I0_CARRY4_CO (CARRY4)}      
   i_en_LUT5_I0_O_LUT4_O_I0[0]            Net         112            (fanout=2)       1112                     -                                                                
   RBB_32/B1                              RBB_6L       32  [TILE 0 0, RBB 4 10]          -     r            6734                                                                
   RBB_32/B                               RBB_6L       32  [TILE 0 0, RBB 4 10]        569     r            7303     {inst37: i_en_LUT5_I0_O_LUT4_O_I0_LUT2_I0 (LUT,site=blut)} 
   i_en_LUT5_I0_O_LUT4_O_I0_LUT2_I0_O[4]  Net          72            (fanout=3)       1223                     -                                                                
   RBB_35/A3                              RBB_6L       35  [TILE 0 0, RBB 1 12]          -     r            8526                                                                
   RBB_35/A                               RBB_6L       35  [TILE 0 0, RBB 1 12]        763     r            9289     {inst95: read_request_LUT4_I0_1_O_LUT4_I1 (LUT,site=alut)} 
   read_request_LUT4_I0_1_O_LUT4_I1_O     Net          83            (fanout=1)       1741                     -                                                                
   RBB_23/A6                              RBB_6L       23  [TILE 0 0, RBB 4 24]          -     r           11030     {<CE>inst154: tx_shift_FDRE_Q_3 (FDRE,site=dffo)}          
   -------------------------------------------------------------------------------------------------------------------------------------------------------------------------------
   RBB_23/CLK                             RBB_6L       23  [TILE 0 0, RBB 4 24]        541     r           11571                                                                
   i_clk                                  Clock net     2          (fanout=516)      -2311                     -                                                                
   i_clk                                  CLOCK-PORT    -                     -    capture     r            9260                                                                
   -------------------------------------------------------------------------------------------------------------------------------------------------------------------------------


Path 28:
   Slack (not met):                         -7274ps
     Path type:                               SETUP
     Group:                            <UDEF_i_clk>
     Launching clock:                         i_clk (rising edge)
     Capturing clock:                         i_clk (rising edge)

     Requested period:                       2000ps
   + Delay of the capturing clock:           2311ps
   - Clock uncertainty:                       150ps
   = Required time:                          4161ps
   - Propagation time:                       9260ps (54.8% logic, 45.2% route, logic stage 4)
   - Delay of the launching clock:           2175ps
   = Slack:                                 -7274ps

   Instance/Pin or Net Name                   Type         ID    Location or Fanout   Delay(ps)  Edge  Arrival Time(ps)    Instance detail                                                                                   
   ----------------------------------------------------------------------------------------------------------------------------------------------------------------------------------------------------------------------------
   i_clk                                      CLOCK-PORT    -                     -     launch     r               0                                                                                                         
   i_clk                                      Clock net     2          (fanout=516)       2175                     -                                                                                                         
   RBB_20/CLK                                 RBB_6L       20  [TILE 0 0, RBB 4 14]          -     r            2175                                                                                                         
   ----------------------------------------------------------------------------------------------------------------------------------------------------------------------------------------------------------------------------
   RBB_20/CMUX                                RBB_6L       20  [TILE 0 0, RBB 4 14]       1379     r            3554     {inst135: state_FDRE_Q_3 (FDRE,site=cffo)}                                                          
   i_en_LUT5_I0_I3[1]                         Net          55           (fanout=14)        811                     -                                                                                                         
   RBB_10/A1                                  RBB_6L       10  [TILE 0 0, RBB 7 14]          -     r            4365                                                                                                         
   RBB_10/CQ                                  RBB_6L       10  [TILE 0 0, RBB 7 14]       1291     r            5656     {inst34: i_en_LUT5_I0_O_LUT4_O_I0_CARRY4_CO (CARRY4)}                                               
   i_en_LUT5_I0_O_LUT4_O_I0_CARRY4_CO_O_1[2]  Net         148           (fanout=12)       1830                     -                                                                                                         
   RBB_27/D3                                  RBB_6L       27  [TILE 0 0, RBB 1 26]          -     r            7486                                                                                                         
   RBB_27/D                                   RBB_6L       27  [TILE 0 0, RBB 1 26]        599     r            8085     {inst162: tx_shift_FDRE_Q_4_D_MUXF8_O_I0_MUXF7_O_I0_LUT3_O (LUT,site=dlut)}                         
   tx_shift_FDRE_Q_4_D_MUXF8_O_I0_MUXF7_O_I0  Net         162            (fanout=1)        592                     -                                                                                                         
   RBB_27/A1                                  RBB_6L       27  [TILE 0 0, RBB 1 26]          -     r            8677                                                                                                         
   RBB_27/A                                   RBB_6L       27  [TILE 0 0, RBB 1 26]        665     r            9342     {inst161: tx_shift_FDRE_Q_4_D_MUXF8_O_I0_MUXF7_O (LUT,site=alut)}                                   
   tx_shift_FDRE_Q_4_D_MUXF8_O_I0             Net         114            (fanout=1)        955                     -                                                                                                         
   RBB_23/C1                                  RBB_6L       23  [TILE 0 0, RBB 4 24]          -     r           10297     {inst160: tx_shift_FDRE_Q_4_D_MUXF8_O (LUT,site=clut)} {inst159: tx_shift_FDRE_Q_4 (FDRE,site=cff)} 
   ----------------------------------------------------------------------------------------------------------------------------------------------------------------------------------------------------------------------------
   RBB_23/CLK                                 RBB_6L       23  [TILE 0 0, RBB 4 24]       1138     r           11435                                                                                                         
   i_clk                                      Clock net     2          (fanout=516)      -2311                     -                                                                                                         
   i_clk                                      CLOCK-PORT    -                     -    capture     r            9124                                                                                                         
   ----------------------------------------------------------------------------------------------------------------------------------------------------------------------------------------------------------------------------


Path 328:
   Slack (not met):                         -7217ps
     Path type:                               SETUP
     Group:                            <UDEF_i_clk>
     Launching clock:                         i_clk (rising edge)
     Capturing clock:                         i_clk (rising edge)

     Requested period:                       2000ps
   + Delay of the capturing clock:           2335ps
   - Clock uncertainty:                       150ps
   = Required time:                          4185ps
   - Propagation time:                       9243ps (59.1% logic, 40.9% route, logic stage 5)
   - Delay of the launching clock:           2159ps
   = Slack:                                 -7217ps

   Instance/Pin or Net Name                                              Type         ID    Location or Fanout   Delay(ps)  Edge  Arrival Time(ps)    Instance detail                                                                                                      
   --------------------------------------------------------------------------------------------------------------------------------------------------------------------------------------------------------------------------------------------------------------------------
   i_clk                                                                 CLOCK-PORT    -                     -     launch     r               0                                                                                                                            
   i_clk                                                                 Clock net     2          (fanout=516)       2159                     -                                                                                                                            
   RBB_15/CLK                                                            RBB_6L       15  [TILE 0 0, RBB 1 16]          -     r            2159                                                                                                                            
   --------------------------------------------------------------------------------------------------------------------------------------------------------------------------------------------------------------------------------------------------------------------------
   RBB_15/DMUX                                                           RBB_6L       15  [TILE 0 0, RBB 1 16]       1466     r            3625     {inst120: sda_sync_FDSE_Q_1 (FDR,site=dffo)}                                                                           
   sda_sync[1]                                                           Net          22            (fanout=5)        564                     -                                                                                                                            
   RBB_15/A3                                                             RBB_6L       15  [TILE 0 0, RBB 1 16]          -     r            4189                                                                                                                            
   RBB_15/A                                                              RBB_6L       15  [TILE 0 0, RBB 1 16]        763     r            4952     {inst118: scl_sync_LUT3_I1_1 (LUT,site=alut)}                                                                          
   i_en_LUT5_I0_I4[2]                                                    Net          95           (fanout=12)        634                     -                                                                                                                            
   RBB_15/C4                                                             RBB_6L       15  [TILE 0 0, RBB 1 16]          -     r            5586                                                                                                                            
   RBB_15/CMUX                                                           RBB_6L       15  [TILE 0 0, RBB 1 16]        835     r            6421     {inst93: read_request_LUT4_I0_1_I3_LUT4_I2_O_LUT6_I4_I5_MUXF8_O_I1_MUXF7_O_I1_LUT3_O (LUT,site=cluto)}                 
   read_request_LUT4_I0_1_I3_LUT4_I2_O_LUT6_I4_I5_MUXF8_O_I1_MUXF7_O_I1  Net          53            (fanout=1)       1133                     -                                                                                                                            
   RBB_22/A2                                                             RBB_6L       22  [TILE 0 0, RBB 4 20]          -     r            7554                                                                                                                            
   RBB_22/A                                                              RBB_6L       22  [TILE 0 0, RBB 4 20]        666     r            8220     {inst92: read_request_LUT4_I0_1_I3_LUT4_I2_O_LUT6_I4_I5_MUXF8_O_I1_MUXF7_O (LUT,site=alut)}                            
   read_request_LUT4_I0_1_I3_LUT4_I2_O_LUT6_I4_I5_MUXF8_O_I1             Net          52            (fanout=1)        896                     -                                                                                                                            
   RBB_16/B5                                                             RBB_6L       16  [TILE 0 0, RBB 7 16]          -     r            9116                                                                                                                            
   RBB_16/BMUX                                                           RBB_6L       16  [TILE 0 0, RBB 7 16]        830     r            9946     {inst89: read_request_LUT4_I0_1_I3_LUT4_I2_O_LUT6_I4_I5_MUXF8_O (LUT,site=bluto)}                                      
   read_request_LUT4_I0_1_I3_LUT4_I2_O_LUT6_I4_I5[5]                     Net         142            (fanout=1)        557                     -                                                                                                                            
   RBB_16/D2                                                             RBB_6L       16  [TILE 0 0, RBB 7 16]          -     r           10503     {inst76: read_request_LUT4_I0_1_I3_LUT4_I2_O_LUT6_I4 (LUT,site=dlut,dluto)} {inst26: bit_count_FDSE_Q (FDRE,site=dff)} 
   --------------------------------------------------------------------------------------------------------------------------------------------------------------------------------------------------------------------------------------------------------------------------
   RBB_16/CLK                                                            RBB_6L       16  [TILE 0 0, RBB 7 16]        899     r           11402                                                                                                                            
   i_clk                                                                 Clock net     2          (fanout=516)      -2335                     -                                                                                                                            
   i_clk                                                                 CLOCK-PORT    -                     -    capture     r            9067                                                                                                                            
   --------------------------------------------------------------------------------------------------------------------------------------------------------------------------------------------------------------------------------------------------------------------------


Path 3:
   Slack (not met):                         -7177ps
     Path type:                               SETUP
     Group:                            <UDEF_i_clk>
     Launching clock:                         i_clk (rising edge)
     Capturing clock:                         i_clk (rising edge)

     Requested period:                       2000ps
   + Delay of the capturing clock:           2175ps
   - Clock uncertainty:                       150ps
   = Required time:                          4025ps
   - Propagation time:                       9027ps (55.0% logic, 45.0% route, logic stage 5)
   - Delay of the launching clock:           2175ps
   = Slack:                                 -7177ps

   Instance/Pin or Net Name               Type         ID    Location or Fanout   Delay(ps)  Edge  Arrival Time(ps)    Instance detail                                          
   -------------------------------------------------------------------------------------------------------------------------------------------------------------------------------
   i_clk                                  CLOCK-PORT    -                     -     launch     r               0                                                                
   i_clk                                  Clock net     2          (fanout=516)       2175                     -                                                                
   RBB_20/CLK                             RBB_6L       20  [TILE 0 0, RBB 4 14]          -     r            2175                                                                
   -------------------------------------------------------------------------------------------------------------------------------------------------------------------------------
   RBB_20/CMUX                            RBB_6L       20  [TILE 0 0, RBB 4 14]       1379     r            3554     {inst135: state_FDRE_Q_3 (FDRE,site=cffo)}                 
   i_en_LUT5_I0_I3[1]                     Net          55           (fanout=14)        811                     -                                                                
   RBB_10/A1                              RBB_6L       10  [TILE 0 0, RBB 7 14]          -     r            4365                                                                
   RBB_10/BMUX                            RBB_6L       10  [TILE 0 0, RBB 7 14]       1257     r            5622     {inst34: i_en_LUT5_I0_O_LUT4_O_I0_CARRY4_CO (CARRY4)}      
   i_en_LUT5_I0_O_LUT4_O_I0[0]            Net         112            (fanout=2)       1112                     -                                                                
   RBB_32/B1                              RBB_6L       32  [TILE 0 0, RBB 4 10]          -     r            6734                                                                
   RBB_32/B                               RBB_6L       32  [TILE 0 0, RBB 4 10]        569     r            7303     {inst37: i_en_LUT5_I0_O_LUT4_O_I0_LUT2_I0 (LUT,site=blut)} 
   i_en_LUT5_I0_O_LUT4_O_I0_LUT2_I0_O[4]  Net          72            (fanout=3)        572                     -                                                                
   RBB_32/A3                              RBB_6L       32  [TILE 0 0, RBB 4 10]          -     r            7875                                                                
   RBB_32/A                               RBB_6L       32  [TILE 0 0, RBB 4 10]        666     r            8541     {inst41: i_en_LUT5_I0_O_LUT5_O (LUT,site=alut)}            
   i_en_LUT5_I0_O[5]                      Net          88            (fanout=1)        684                     -                                                                
   RBB_33/D6                              RBB_6L       33   [TILE 0 0, RBB 4 8]          -     r            9225                                                                
   RBB_33/D                               RBB_6L       33   [TILE 0 0, RBB 4 8]        631     r            9856     {inst142: state_FDRE_Q_CE_LUT6_O (LUT,site=dlut,dluto)}    
   state_FDRE_Q_CE                        Net         105            (fanout=1)        885                     -                                                                
   RBB_20/A6                              RBB_6L       20  [TILE 0 0, RBB 4 14]          -     r           10741     {<CE>inst123: state_FDRE_Q_1 (FDRE,site=dffo)}             
   -------------------------------------------------------------------------------------------------------------------------------------------------------------------------------
   RBB_20/CLK                             RBB_6L       20  [TILE 0 0, RBB 4 14]        461     r           11202                                                                
   i_clk                                  Clock net     2          (fanout=516)      -2175                     -                                                                
   i_clk                                  CLOCK-PORT    -                     -    capture     r            9027                                                                
   -------------------------------------------------------------------------------------------------------------------------------------------------------------------------------


Path 26:
   Slack (not met):                         -7110ps
     Path type:                               SETUP
     Group:                            <UDEF_i_clk>
     Launching clock:                         i_clk (rising edge)
     Capturing clock:                         i_clk (rising edge)

     Requested period:                       2000ps
   + Delay of the capturing clock:           2311ps
   - Clock uncertainty:                       150ps
   = Required time:                          4161ps
   - Propagation time:                       9096ps (60.0% logic, 40.0% route, logic stage 4)
   - Delay of the launching clock:           2175ps
   = Slack:                                 -7110ps

   Instance/Pin or Net Name                   Type         ID    Location or Fanout   Delay(ps)  Edge  Arrival Time(ps)    Instance detail                                                                                     
   ------------------------------------------------------------------------------------------------------------------------------------------------------------------------------------------------------------------------------
   i_clk                                      CLOCK-PORT    -                     -     launch     r               0                                                                                                           
   i_clk                                      Clock net     2          (fanout=516)       2175                     -                                                                                                           
   RBB_20/CLK                                 RBB_6L       20  [TILE 0 0, RBB 4 14]          -     r            2175                                                                                                           
   ------------------------------------------------------------------------------------------------------------------------------------------------------------------------------------------------------------------------------
   RBB_20/CMUX                                RBB_6L       20  [TILE 0 0, RBB 4 14]       1379     r            3554     {inst135: state_FDRE_Q_3 (FDRE,site=cffo)}                                                            
   i_en_LUT5_I0_I3[1]                         Net          55           (fanout=14)        811                     -                                                                                                           
   RBB_10/A1                                  RBB_6L       10  [TILE 0 0, RBB 7 14]          -     r            4365                                                                                                           
   RBB_10/CQ                                  RBB_6L       10  [TILE 0 0, RBB 7 14]       1291     r            5656     {inst34: i_en_LUT5_I0_O_LUT4_O_I0_CARRY4_CO (CARRY4)}                                                 
   i_en_LUT5_I0_O_LUT4_O_I0_CARRY4_CO_O_1[2]  Net         148           (fanout=12)       1564                     -                                                                                                           
   RBB_26/D3                                  RBB_6L       26  [TILE 0 0, RBB 7 26]          -     r            7220                                                                                                           
   RBB_26/D                                   RBB_6L       26  [TILE 0 0, RBB 7 26]        599     r            7819     {inst157: tx_shift_FDRE_Q_3_D_MUXF8_O_I0_MUXF7_O_I0_LUT3_O (LUT,site=dlut)}                           
   tx_shift_FDRE_Q_3_D_MUXF8_O_I0_MUXF7_O_I0  Net         166            (fanout=1)        594                     -                                                                                                           
   RBB_26/A1                                  RBB_6L       26  [TILE 0 0, RBB 7 26]          -     r            8413                                                                                                           
   RBB_26/A                                   RBB_6L       26  [TILE 0 0, RBB 7 26]        665     r            9078     {inst156: tx_shift_FDRE_Q_3_D_MUXF8_O_I0_MUXF7_O (LUT,site=alut)}                                     
   tx_shift_FDRE_Q_3_D_MUXF8_O_I0             Net         124            (fanout=1)        673                     -                                                                                                           
   RBB_23/D3                                  RBB_6L       23  [TILE 0 0, RBB 4 24]          -     r            9751     {inst155: tx_shift_FDRE_Q_3_D_MUXF8_O (LUT,site=dluto)} {inst154: tx_shift_FDRE_Q_3 (FDRE,site=dffo)} 
   ------------------------------------------------------------------------------------------------------------------------------------------------------------------------------------------------------------------------------
   RBB_23/CLK                                 RBB_6L       23  [TILE 0 0, RBB 4 24]       1520     r           11271                                                                                                           
   i_clk                                      Clock net     2          (fanout=516)      -2311                     -                                                                                                           
   i_clk                                      CLOCK-PORT    -                     -    capture     r            8960                                                                                                           
   ------------------------------------------------------------------------------------------------------------------------------------------------------------------------------------------------------------------------------


Path 25:
   Slack (not met):                         -7099ps
     Path type:                               SETUP
     Group:                            <UDEF_i_clk>
     Launching clock:                         i_clk (rising edge)
     Capturing clock:                         i_clk (rising edge)

     Requested period:                       2000ps
   + Delay of the capturing clock:           2311ps
   - Clock uncertainty:                       150ps
   = Required time:                          4161ps
   - Propagation time:                       9085ps (56.7% logic, 43.3% route, logic stage 4)
   - Delay of the launching clock:           2175ps
   = Slack:                                 -7099ps

   Instance/Pin or Net Name                   Type         ID    Location or Fanout   Delay(ps)  Edge  Arrival Time(ps)    Instance detail                                                                               
   ------------------------------------------------------------------------------------------------------------------------------------------------------------------------------------------------------------------------
   i_clk                                      CLOCK-PORT    -                     -     launch     r               0                                                                                                     
   i_clk                                      Clock net     2          (fanout=516)       2175                     -                                                                                                     
   RBB_20/CLK                                 RBB_6L       20  [TILE 0 0, RBB 4 14]          -     r            2175                                                                                                     
   ------------------------------------------------------------------------------------------------------------------------------------------------------------------------------------------------------------------------
   RBB_20/CMUX                                RBB_6L       20  [TILE 0 0, RBB 4 14]       1379     r            3554     {inst135: state_FDRE_Q_3 (FDRE,site=cffo)}                                                      
   i_en_LUT5_I0_I3[1]                         Net          55           (fanout=14)        811                     -                                                                                                     
   RBB_10/A1                                  RBB_6L       10  [TILE 0 0, RBB 7 14]          -     r            4365                                                                                                     
   RBB_10/CQ                                  RBB_6L       10  [TILE 0 0, RBB 7 14]       1291     r            5656     {inst34: i_en_LUT5_I0_O_LUT4_O_I0_CARRY4_CO (CARRY4)}                                           
   i_en_LUT5_I0_O_LUT4_O_I0_CARRY4_CO_O_1[2]  Net         148           (fanout=12)       1848                     -                                                                                                     
   RBB_31/D3                                  RBB_6L       31  [TILE 0 0, RBB 4 26]          -     r            7504                                                                                                     
   RBB_31/D                                   RBB_6L       31  [TILE 0 0, RBB 4 26]        703     r            8207     {inst181: tx_shift_FDRE_Q_D_MUXF8_O_I0_MUXF7_O_I0_LUT3_O (LUT,site=dlut)}                       
   tx_shift_FDRE_Q_D_MUXF8_O_I0_MUXF7_O_I0    Net         171            (fanout=1)        637                     -                                                                                                     
   RBB_31/A1                                  RBB_6L       31  [TILE 0 0, RBB 4 26]          -     r            8844                                                                                                     
   RBB_31/A                                   RBB_6L       31  [TILE 0 0, RBB 4 26]        666     r            9510     {inst180: tx_shift_FDRE_Q_D_MUXF8_O_I0_MUXF7_O (LUT,site=alut)}                                 
   tx_shift_FDRE_Q_D_MUXF8_O_I0               Net         117            (fanout=1)        642                     -                                                                                                     
   RBB_23/A1                                  RBB_6L       23  [TILE 0 0, RBB 4 24]          -     r           10152     {inst179: tx_shift_FDRE_Q_D_MUXF8_O (LUT,site=alut)} {inst143: tx_shift_FDRE_Q (FDRE,site=aff)} 
   ------------------------------------------------------------------------------------------------------------------------------------------------------------------------------------------------------------------------
   RBB_23/CLK                                 RBB_6L       23  [TILE 0 0, RBB 4 24]       1108     r           11260                                                                                                     
   i_clk                                      Clock net     2          (fanout=516)      -2311                     -                                                                                                     
   i_clk                                      CLOCK-PORT    -                     -    capture     r            8949                                                                                                     
   ------------------------------------------------------------------------------------------------------------------------------------------------------------------------------------------------------------------------


Path 329:
   Slack (not met):                         -7084ps
     Path type:                               SETUP
     Group:                            <UDEF_i_clk>
     Launching clock:                         i_clk (rising edge)
     Capturing clock:                         i_clk (rising edge)

     Requested period:                       2000ps
   + Delay of the capturing clock:           2175ps
   - Clock uncertainty:                       150ps
   = Required time:                          4025ps
   - Propagation time:                       8950ps (48.4% logic, 51.6% route, logic stage 4)
   - Delay of the launching clock:           2159ps
   = Slack:                                 -7084ps

   Instance/Pin or Net Name                             Type         ID    Location or Fanout   Delay(ps)  Edge  Arrival Time(ps)    Instance detail                                                                              
   ---------------------------------------------------------------------------------------------------------------------------------------------------------------------------------------------------------------------------------
   i_clk                                                CLOCK-PORT    -                     -     launch     r               0                                                                                                    
   i_clk                                                Clock net     2          (fanout=516)       2159                     -                                                                                                    
   RBB_15/CLK                                           RBB_6L       15  [TILE 0 0, RBB 1 16]          -     r            2159                                                                                                    
   ---------------------------------------------------------------------------------------------------------------------------------------------------------------------------------------------------------------------------------
   RBB_15/AQ                                            RBB_6L       15  [TILE 0 0, RBB 1 16]        800     r            2959     {inst112: scl_sync_FDSE_Q (FDR,site=aff)}                                                      
   scl_sync[2]                                          Net          20            (fanout=5)       1414                     -                                                                                                    
   RBB_35/D1                                            RBB_6L       35  [TILE 0 0, RBB 1 12]          -     r            4373                                                                                                    
   RBB_35/D                                             RBB_6L       35  [TILE 0 0, RBB 1 12]        694     r            5067     {inst115: scl_sync_LUT2_I0 (LUT,site=dlut)}                                                    
   read_request_LUT4_I0_I1[3]                           Net          97            (fanout=6)        880                     -                                                                                                    
   RBB_15/A6                                            RBB_6L       15  [TILE 0 0, RBB 1 16]          -     r            5947                                                                                                    
   RBB_15/AMUX                                          RBB_6L       15  [TILE 0 0, RBB 1 16]        875     r            6822     {inst139: state_FDRE_Q_3_D_MUXF8_O_I0_MUXF7_O_I0_LUT4_O_I3_MUXF7_O (MUXF,site=muxf7a)}         
   state_FDRE_Q_3_D_MUXF8_O_I0_MUXF7_O_I0_LUT4_O_I3[3]  Net          59            (fanout=1)       1164                     -                                                                                                    
   RBB_14/A4                                            RBB_6L       14  [TILE 0 0, RBB 1 10]          -     r            7986                                                                                                    
   RBB_14/BMUX                                          RBB_6L       14  [TILE 0 0, RBB 1 10]        995     r            8981     {inst136: state_FDRE_Q_3_D_MUXF8_O (MUXF,site=muxf8)}                                          
   state_FDRE_Q_3_D                                     Net          42            (fanout=1)       1158                     -                                                                                                    
   RBB_20/C1                                            RBB_6L       20  [TILE 0 0, RBB 4 14]          -     r           10139     {inst217: state_FDRE_Q_3_buf217_i (LUT,site=cluto)} {inst135: state_FDRE_Q_3 (FDRE,site=cffo)} 
   ---------------------------------------------------------------------------------------------------------------------------------------------------------------------------------------------------------------------------------
   RBB_20/CLK                                           RBB_6L       20  [TILE 0 0, RBB 4 14]        970     r           11109                                                                                                    
   i_clk                                                Clock net     2          (fanout=516)      -2175                     -                                                                                                    
   i_clk                                                CLOCK-PORT    -                     -    capture     r            8934                                                                                                    
   ---------------------------------------------------------------------------------------------------------------------------------------------------------------------------------------------------------------------------------


Path 330:
   Slack (not met):                         -7043ps
     Path type:                               SETUP
     Group:                            <UDEF_i_clk>
     Launching clock:                         i_clk (rising edge)
     Capturing clock:                         i_clk (rising edge)

     Requested period:                       2000ps
   + Delay of the capturing clock:           2347ps
   - Clock uncertainty:                       150ps
   = Required time:                          4197ps
   - Propagation time:                       9081ps (56.9% logic, 43.1% route, logic stage 5)
   - Delay of the launching clock:           2159ps
   = Slack:                                 -7043ps

   Instance/Pin or Net Name                                                Type         ID     Location or Fanout   Delay(ps)  Edge  Arrival Time(ps)    Instance detail                                                                                                          
   ---------------------------------------------------------------------------------------------------------------------------------------------------------------------------------------------------------------------------------------------------------------------------------
   i_clk                                                                   CLOCK-PORT    -                      -     launch     r               0                                                                                                                                
   i_clk                                                                   Clock net     2           (fanout=516)       2159                     -                                                                                                                                
   RBB_15/CLK                                                              RBB_6L       15   [TILE 0 0, RBB 1 16]          -     r            2159                                                                                                                                
   ---------------------------------------------------------------------------------------------------------------------------------------------------------------------------------------------------------------------------------------------------------------------------------
   RBB_15/DMUX                                                             RBB_6L       15   [TILE 0 0, RBB 1 16]       1466     r            3625     {inst120: sda_sync_FDSE_Q_1 (FDR,site=dffo)}                                                                               
   sda_sync[1]                                                             Net          22             (fanout=5)        564                     -                                                                                                                                
   RBB_15/A3                                                               RBB_6L       15   [TILE 0 0, RBB 1 16]          -     r            4189                                                                                                                                
   RBB_15/A                                                                RBB_6L       15   [TILE 0 0, RBB 1 16]        763     r            4952     {inst118: scl_sync_LUT3_I1_1 (LUT,site=alut)}                                                                              
   i_en_LUT5_I0_I4[2]                                                      Net          95            (fanout=12)        634                     -                                                                                                                                
   RBB_15/C4                                                               RBB_6L       15   [TILE 0 0, RBB 1 16]          -     r            5586                                                                                                                                
   RBB_15/C                                                                RBB_6L       15   [TILE 0 0, RBB 1 16]        711     r            6297     {inst88: read_request_LUT4_I0_1_I3_LUT4_I2_O_LUT6_I4_2_I5_MUXF8_O_I1_MUXF7_O_I1_LUT3_O (LUT,site=clut)}                    
   read_request_LUT4_I0_1_I3_LUT4_I2_O_LUT6_I4_2_I5_MUXF8_O_I1_MUXF7_O_I1  Net         155             (fanout=1)       1580                     -                                                                                                                                
   RBB_17/B5                                                               RBB_6L       17  [TILE 0 0, RBB 10 14]          -     r            7877                                                                                                                                
   RBB_17/BMUX                                                             RBB_6L       17  [TILE 0 0, RBB 10 14]        807     r            8684     {inst87: read_request_LUT4_I0_1_I3_LUT4_I2_O_LUT6_I4_2_I5_MUXF8_O_I1_MUXF7_O (LUT,site=bluto)}                             
   read_request_LUT4_I0_1_I3_LUT4_I2_O_LUT6_I4_2_I5_MUXF8_O_I1             Net         139             (fanout=1)        564                     -                                                                                                                                
   RBB_17/C2                                                               RBB_6L       17  [TILE 0 0, RBB 10 14]          -     r            9248                                                                                                                                
   RBB_17/C                                                                RBB_6L       17  [TILE 0 0, RBB 10 14]        688     r            9936     {inst84: read_request_LUT4_I0_1_I3_LUT4_I2_O_LUT6_I4_2_I5_MUXF8_O (LUT,site=clut)}                                         
   read_request_LUT4_I0_1_I3_LUT4_I2_O_LUT6_I4_2_I5[5]                     Net          68             (fanout=1)        572                     -                                                                                                                                
   RBB_17/D6                                                               RBB_6L       17  [TILE 0 0, RBB 10 14]          -     r           10508     {inst83: read_request_LUT4_I0_1_I3_LUT4_I2_O_LUT6_I4_2 (LUT,site=dlut,dluto)} {inst28: bit_count_FDSE_Q_2 (FDRE,site=dff)} 
   ---------------------------------------------------------------------------------------------------------------------------------------------------------------------------------------------------------------------------------------------------------------------------------
   RBB_17/CLK                                                              RBB_6L       17  [TILE 0 0, RBB 10 14]        732     r           11240                                                                                                                                
   i_clk                                                                   Clock net     2           (fanout=516)      -2347                     -                                                                                                                                
   i_clk                                                                   CLOCK-PORT    -                      -    capture     r            8893                                                                                                                                
   ---------------------------------------------------------------------------------------------------------------------------------------------------------------------------------------------------------------------------------------------------------------------------------


Path 331:
   Slack (not met):                         -7025ps
     Path type:                               SETUP
     Group:                            <UDEF_i_clk>
     Launching clock:                         i_clk (rising edge)
     Capturing clock:                         i_clk (rising edge)

     Requested period:                       2000ps
   + Delay of the capturing clock:           2175ps
   - Clock uncertainty:                       150ps
   = Required time:                          4025ps
   - Propagation time:                       8891ps (53.0% logic, 47.0% route, logic stage 4)
   - Delay of the launching clock:           2159ps
   = Slack:                                 -7025ps

   Instance/Pin or Net Name                             Type         ID    Location or Fanout   Delay(ps)  Edge  Arrival Time(ps)    Instance detail                                                                              
   ---------------------------------------------------------------------------------------------------------------------------------------------------------------------------------------------------------------------------------
   i_clk                                                CLOCK-PORT    -                     -     launch     r               0                                                                                                    
   i_clk                                                Clock net     2          (fanout=516)       2159                     -                                                                                                    
   RBB_15/CLK                                           RBB_6L       15  [TILE 0 0, RBB 1 16]          -     r            2159                                                                                                    
   ---------------------------------------------------------------------------------------------------------------------------------------------------------------------------------------------------------------------------------
   RBB_15/AQ                                            RBB_6L       15  [TILE 0 0, RBB 1 16]        800     r            2959     {inst112: scl_sync_FDSE_Q (FDR,site=aff)}                                                      
   scl_sync[2]                                          Net          20            (fanout=5)       1414                     -                                                                                                    
   RBB_35/D1                                            RBB_6L       35  [TILE 0 0, RBB 1 12]          -     r            4373                                                                                                    
   RBB_35/D                                             RBB_6L       35  [TILE 0 0, RBB 1 12]        694     r            5067     {inst115: scl_sync_LUT2_I0 (LUT,site=dlut)}                                                    
   read_request_LUT4_I0_I1[3]                           Net          97            (fanout=6)        681                     -                                                                                                    
   RBB_13/D5                                            RBB_6L       13  [TILE 0 0, RBB 1 14]          -     r            5748                                                                                                    
   RBB_13/DMUX                                          RBB_6L       13  [TILE 0 0, RBB 1 14]        880     r            6628     {inst132: state_FDRE_Q_2_D_MUXF8_O_I0_MUXF7_O_I0_LUT3_O_I2_MUXF7_O (LUT,site=dluto)}           
   state_FDRE_Q_2_D_MUXF8_O_I0_MUXF7_O_I0_LUT3_O_I2[2]  Net          81            (fanout=2)       1201                     -                                                                                                    
   RBB_12/A1                                            RBB_6L       12  [TILE 0 0, RBB 4 16]          -     r            7829                                                                                                    
   RBB_12/BMUX                                          RBB_6L       12  [TILE 0 0, RBB 4 16]       1138     r            8967     {inst124: state_FDRE_Q_1_D_MUXF8_O (MUXF,site=muxf8)}                                          
   state_FDRE_Q_1_D                                     Net          47            (fanout=1)        880                     -                                                                                                    
   RBB_20/D1                                            RBB_6L       20  [TILE 0 0, RBB 4 14]          -     r            9847     {inst216: state_FDRE_Q_1_buf216_i (LUT,site=dluto)} {inst123: state_FDRE_Q_1 (FDRE,site=dffo)} 
   ---------------------------------------------------------------------------------------------------------------------------------------------------------------------------------------------------------------------------------
   RBB_20/CLK                                           RBB_6L       20  [TILE 0 0, RBB 4 14]       1203     r           11050                                                                                                    
   i_clk                                                Clock net     2          (fanout=516)      -2175                     -                                                                                                    
   i_clk                                                CLOCK-PORT    -                     -    capture     r            8875                                                                                                    
   ---------------------------------------------------------------------------------------------------------------------------------------------------------------------------------------------------------------------------------


Path 164:
   Slack (not met):                         -7023ps
     Path type:                               SETUP
     Group:                            <UDEF_i_clk>
     Launching clock:                         i_clk (rising edge)
     Capturing clock:                         i_clk (rising edge)

     Requested period:                       2000ps
   + Delay of the capturing clock:           2315ps
   - Clock uncertainty:                       150ps
   = Required time:                          4165ps
   - Propagation time:                       8853ps (50.9% logic, 49.1% route, logic stage 4)
   - Delay of the launching clock:           2335ps
   = Slack:                                 -7023ps

   Instance/Pin or Net Name             Type         ID     Location or Fanout   Delay(ps)  Edge  Arrival Time(ps)    Instance detail                                                  
   --------------------------------------------------------------------------------------------------------------------------------------------------------------------------------------
   i_clk                                CLOCK-PORT    -                      -     launch     r               0                                                                        
   i_clk                                Clock net     2           (fanout=516)       2335                     -                                                                        
   RBB_16/CLK                           RBB_6L       16   [TILE 0 0, RBB 7 16]          -     r            2335                                                                        
   --------------------------------------------------------------------------------------------------------------------------------------------------------------------------------------
   RBB_16/DQ                            RBB_6L       16   [TILE 0 0, RBB 7 16]        800     r            3135     {inst26: bit_count_FDSE_Q (FDRE,site=dff)}                         
   i_en_LUT5_I0_I4[0]                   Net          93             (fanout=3)       1437                     -                                                                        
   RBB_11/C1                            RBB_6L       11  [TILE 0 0, RBB 10 12]          -     r            4572                                                                        
   RBB_11/DMUX                          RBB_6L       11  [TILE 0 0, RBB 10 12]       1337     r            5909     {inst42: i_en_LUT5_I0_O_LUT5_O_I1_CARRY4_O (CARRY4)}               
   i_en_LUT5_I0_O_LUT5_O_I1             Net          89             (fanout=6)       1106                     -                                                                        
   RBB_32/B5                            RBB_6L       32   [TILE 0 0, RBB 4 10]          -     r            7015                                                                        
   RBB_32/BMUX                          RBB_6L       32   [TILE 0 0, RBB 4 10]        816     r            7831     {inst68: read_request_FDRE_Q_CE_LUT4_O_I3_LUT3_O (LUT,site=bluto)} 
   read_request_FDRE_Q_CE_LUT4_O_I3[4]  Net          74             (fanout=2)        895                     -                                                                        
   RBB_19/A5                            RBB_6L       19   [TILE 0 0, RBB 7 12]          -     r            8726                                                                        
   RBB_19/AMUX                          RBB_6L       19   [TILE 0 0, RBB 7 12]        816     r            9542     {inst23: address_valid_FDRE_Q_CE_LUT5_O (LUT,site=aluto)}          
   address_valid_FDRE_Q_CE              Net         104             (fanout=1)        912                     -                                                                        
   RBB_19/A6                            RBB_6L       19   [TILE 0 0, RBB 7 12]          -     r           10454     {<CE>inst22: address_valid_FDRE_Q (FDRE,site=cff)}                 
   --------------------------------------------------------------------------------------------------------------------------------------------------------------------------------------
   RBB_19/CLK                           RBB_6L       19   [TILE 0 0, RBB 7 12]        734     r           11188                                                                        
   i_clk                                Clock net     2           (fanout=516)      -2315                     -                                                                        
   i_clk                                CLOCK-PORT    -                      -    capture     r            8873                                                                        
   --------------------------------------------------------------------------------------------------------------------------------------------------------------------------------------


Path 167:
   Slack (not met):                         -6923ps
     Path type:                               SETUP
     Group:                            <UDEF_i_clk>
     Launching clock:                         i_clk (rising edge)
     Capturing clock:                         i_clk (rising edge)

     Requested period:                       2000ps
   + Delay of the capturing clock:           2305ps
   - Clock uncertainty:                       150ps
   = Required time:                          4155ps
   - Propagation time:                       8743ps (57.2% logic, 42.8% route, logic stage 4)
   - Delay of the launching clock:           2335ps
   = Slack:                                 -6923ps

   Instance/Pin or Net Name             Type         ID     Location or Fanout   Delay(ps)  Edge  Arrival Time(ps)    Instance detail                                                  
   --------------------------------------------------------------------------------------------------------------------------------------------------------------------------------------
   i_clk                                CLOCK-PORT    -                      -     launch     r               0                                                                        
   i_clk                                Clock net     2           (fanout=516)       2335                     -                                                                        
   RBB_16/CLK                           RBB_6L       16   [TILE 0 0, RBB 7 16]          -     r            2335                                                                        
   --------------------------------------------------------------------------------------------------------------------------------------------------------------------------------------
   RBB_16/DQ                            RBB_6L       16   [TILE 0 0, RBB 7 16]        800     r            3135     {inst26: bit_count_FDSE_Q (FDRE,site=dff)}                         
   i_en_LUT5_I0_I4[0]                   Net          93             (fanout=3)       1437                     -                                                                        
   RBB_11/C1                            RBB_6L       11  [TILE 0 0, RBB 10 12]          -     r            4572                                                                        
   RBB_11/DMUX                          RBB_6L       11  [TILE 0 0, RBB 10 12]       1337     r            5909     {inst42: i_en_LUT5_I0_O_LUT5_O_I1_CARRY4_O (CARRY4)}               
   i_en_LUT5_I0_O_LUT5_O_I1             Net          89             (fanout=6)       1106                     -                                                                        
   RBB_32/B5                            RBB_6L       32   [TILE 0 0, RBB 4 10]          -     r            7015                                                                        
   RBB_32/BMUX                          RBB_6L       32   [TILE 0 0, RBB 4 10]        816     r            7831     {inst68: read_request_FDRE_Q_CE_LUT4_O_I3_LUT3_O (LUT,site=bluto)} 
   read_request_FDRE_Q_CE_LUT4_O_I3[4]  Net          74             (fanout=2)        574                     -                                                                        
   RBB_33/B1                            RBB_6L       33    [TILE 0 0, RBB 4 8]          -     r            8405                                                                        
   RBB_33/B                             RBB_6L       33    [TILE 0 0, RBB 4 8]       1021     r            9426     {inst67: read_request_FDRE_Q_CE_LUT4_O (LUT,site=blut)}            
   read_request_FDRE_Q_CE               Net          90             (fanout=1)        628                     -                                                                        
   RBB_33/A6                            RBB_6L       33    [TILE 0 0, RBB 4 8]          -     r           10054     {<CE>inst66: read_request_FDRE_Q (FDRE,site=cff)}                  
   --------------------------------------------------------------------------------------------------------------------------------------------------------------------------------------
   RBB_33/CLK                           RBB_6L       33    [TILE 0 0, RBB 4 8]       1024     r           11078                                                                        
   i_clk                                Clock net     2           (fanout=516)      -2305                     -                                                                        
   i_clk                                CLOCK-PORT    -                      -    capture     r            8773                                                                        
   --------------------------------------------------------------------------------------------------------------------------------------------------------------------------------------


Path 332:
   Slack (not met):                         -6502ps
     Path type:                               SETUP
     Group:                            <UDEF_i_clk>
     Launching clock:                         i_clk (rising edge)
     Capturing clock:                         i_clk (rising edge)

     Requested period:                       2000ps
   + Delay of the capturing clock:           2159ps
   - Clock uncertainty:                       150ps
   = Required time:                          4009ps
   - Propagation time:                       8352ps (45.3% logic, 54.7% route, logic stage 4)
   - Delay of the launching clock:           2159ps
   = Slack:                                 -6502ps

   Instance/Pin or Net Name    Type         ID    Location or Fanout   Delay(ps)  Edge  Arrival Time(ps)    Instance detail                                                                
   ------------------------------------------------------------------------------------------------------------------------------------------------------------------------------------------
   i_clk                       CLOCK-PORT    -                     -     launch     r               0                                                                                      
   i_clk                       Clock net     2          (fanout=516)       2159                     -                                                                                      
   RBB_15/CLK                  RBB_6L       15  [TILE 0 0, RBB 1 16]          -     r            2159                                                                                      
   ------------------------------------------------------------------------------------------------------------------------------------------------------------------------------------------
   RBB_15/AQ                   RBB_6L       15  [TILE 0 0, RBB 1 16]        800     r            2959     {inst112: scl_sync_FDSE_Q (FDR,site=aff)}                                        
   scl_sync[2]                 Net          20            (fanout=5)       1414                     -                                                                                      
   RBB_35/D1                   RBB_6L       35  [TILE 0 0, RBB 1 12]          -     r            4373                                                                                      
   RBB_35/D                    RBB_6L       35  [TILE 0 0, RBB 1 12]        694     r            5067     {inst115: scl_sync_LUT2_I0 (LUT,site=dlut)}                                      
   read_request_LUT4_I0_I1[3]  Net          97            (fanout=6)        920                     -                                                                                      
   RBB_20/B5                   RBB_6L       20  [TILE 0 0, RBB 4 14]          -     r            5987                                                                                      
   RBB_20/B                    RBB_6L       20  [TILE 0 0, RBB 4 14]        745     r            6732     {inst105: rx_shift_FDRE_Q_CE_LUT5_O (LUT,site=blut)}                             
   rx_shift_FDRE_Q_CE[1]       Net         176            (fanout=6)       1125                     -                                                                                      
   RBB_18/A2                   RBB_6L       18  [TILE 0 0, RBB 7 18]          -     r            7857                                                                                      
   RBB_18/AMUX                 RBB_6L       18  [TILE 0 0, RBB 7 18]        813     r            8670     {inst59: o_int_rx_FDRE_Q_D_LUT3_O (LUT,site=aluto)}                              
   o_int_rx_FDRE_Q_D           Net         113            (fanout=1)       1111                     -                                                                                      
   RBB_9/O[0]                  IOB           9  [TILE 0 0, RBB 0 17]          -     r            9781     {inst58: o_int_rx_FDRE_Q (FD)} {(output_port) inst199: g_199_o_int_rx_obuf (IO)} 
   ------------------------------------------------------------------------------------------------------------------------------------------------------------------------------------------
   RBB_9/CLK                   IOB           9  [TILE 0 0, RBB 0 17]        730     r           10511                                                                                      
   i_clk                       Clock net     2          (fanout=516)      -2159                     -                                                                                      
   i_clk                       CLOCK-PORT    -                     -    capture     r            8352                                                                                      
   ------------------------------------------------------------------------------------------------------------------------------------------------------------------------------------------


Path 63:
   Slack (not met):                         -6402ps
     Path type:                               SETUP
     Group:                            <UDEF_i_clk>
     Launching clock:                         i_clk (rising edge)
     Capturing clock:                         i_clk (rising edge)

     Requested period:                       2000ps
   + Delay of the capturing clock:           2328ps
   - Clock uncertainty:                       150ps
   = Required time:                          4178ps
   - Propagation time:                       8261ps (38.4% logic, 61.6% route, logic stage 3)
   - Delay of the launching clock:           2319ps
   = Slack:                                 -6402ps

   Instance/Pin or Net Name     Type         ID     Location or Fanout   Delay(ps)  Edge  Arrival Time(ps)    Instance detail                                                            
   ----------------------------------------------------------------------------------------------------------------------------------------------------------------------------------------
   i_clk                        CLOCK-PORT    -                      -     launch     r               0                                                                                  
   i_clk                        Clock net     2           (fanout=516)       2319                     -                                                                                  
   RBB_34/CLK                   RBB_6L       34   [TILE 0 0, RBB 1 18]          -     r            2319                                                                                  
   ----------------------------------------------------------------------------------------------------------------------------------------------------------------------------------------
   RBB_34/CQ                    RBB_6L       34   [TILE 0 0, RBB 1 18]        800     r            3119     {inst98: rx_shift_FDRE_Q (FDRE,site=cff)}                                    
   rx_shift[7]                  Net          25             (fanout=4)       1888                     -                                                                                  
   RBB_24/B5                    RBB_6L       24  [TILE 0 0, RBB 10 18]          -     r            5007                                                                                  
   RBB_24/B                     RBB_6L       24  [TILE 0 0, RBB 10 18]        745     r            5752     {inst64: o_led_FDRE_Q_D_LUT5_O_I4_LUT4_O (LUT,site=blut)}                    
   o_led_FDRE_Q_D_LUT5_O_I4[4]  Net         111             (fanout=1)        840                     -                                                                                  
   RBB_18/B5                    RBB_6L       18   [TILE 0 0, RBB 7 18]          -     r            6592                                                                                  
   RBB_18/BMUX                  RBB_6L       18   [TILE 0 0, RBB 7 18]        830     r            7422     {inst63: o_led_FDRE_Q_D_LUT5_O (LUT,site=bluto)}                             
   o_led_FDRE_Q_D               Net          43             (fanout=1)       2358                     -                                                                                  
   RBB_4/O[0]                   IOB           4   [TILE 0 0, RBB 31 6]          -     r            9780     {inst60: o_led_FDRE_Q (FDRE)} {(output_port) inst200: g_200_o_led_obuf (IO)} 
   ----------------------------------------------------------------------------------------------------------------------------------------------------------------------------------------
   RBB_4/CLK                    IOB           4   [TILE 0 0, RBB 31 6]        800     r           10580                                                                                  
   i_clk                        Clock net     2           (fanout=516)      -2328                     -                                                                                  
   i_clk                        CLOCK-PORT    -                      -    capture     r            8252                                                                                  
   ----------------------------------------------------------------------------------------------------------------------------------------------------------------------------------------


Path 333:
   Slack (not met):                         -6372ps
     Path type:                               SETUP
     Group:                            <UDEF_i_clk>
     Launching clock:                         i_clk (rising edge)
     Capturing clock:                         i_clk (rising edge)

     Requested period:                       2000ps
   + Delay of the capturing clock:           2163ps
   - Clock uncertainty:                       150ps
   = Required time:                          4013ps
   - Propagation time:                       8226ps (47.7% logic, 52.3% route, logic stage 4)
   - Delay of the launching clock:           2159ps
   = Slack:                                 -6372ps

   Instance/Pin or Net Name    Type         ID    Location or Fanout   Delay(ps)  Edge  Arrival Time(ps)    Instance detail                                                                       
   -------------------------------------------------------------------------------------------------------------------------------------------------------------------------------------------------
   i_clk                       CLOCK-PORT    -                     -     launch     r               0                                                                                             
   i_clk                       Clock net     2          (fanout=516)       2159                     -                                                                                             
   RBB_15/CLK                  RBB_6L       15  [TILE 0 0, RBB 1 16]          -     r            2159                                                                                             
   -------------------------------------------------------------------------------------------------------------------------------------------------------------------------------------------------
   RBB_15/AQ                   RBB_6L       15  [TILE 0 0, RBB 1 16]        800     r            2959     {inst112: scl_sync_FDSE_Q (FDR,site=aff)}                                               
   scl_sync[2]                 Net          20            (fanout=5)       1414                     -                                                                                             
   RBB_35/D1                   RBB_6L       35  [TILE 0 0, RBB 1 12]          -     r            4373                                                                                             
   RBB_35/D                    RBB_6L       35  [TILE 0 0, RBB 1 12]        694     r            5067     {inst115: scl_sync_LUT2_I0 (LUT,site=dlut)}                                             
   read_request_LUT4_I0_I1[3]  Net          97            (fanout=6)        920                     -                                                                                             
   RBB_20/B5                   RBB_6L       20  [TILE 0 0, RBB 4 14]          -     r            5987                                                                                             
   RBB_20/B                    RBB_6L       20  [TILE 0 0, RBB 4 14]        745     r            6732     {inst105: rx_shift_FDRE_Q_CE_LUT5_O (LUT,site=blut)}                                    
   rx_shift_FDRE_Q_CE[1]       Net         176            (fanout=6)        572                     -                                                                                             
   RBB_20/A3                   RBB_6L       20  [TILE 0 0, RBB 4 14]          -     r            7304                                                                                             
   RBB_20/AMUX                 RBB_6L       20  [TILE 0 0, RBB 4 14]        804     r            8108     {inst57: o_data_rx_FDRE_Q_CE_LUT2_O (LUT,site=aluto)}                                   
   o_data_rx_FDRE_Q_CE         Net          40            (fanout=6)       1399                     -                                                                                             
   RBB_5/CE                    IOB           5  [TILE 0 0, RBB 0 21]          -     r            9507     {inst204: o_data_rx[0]_OUT (FDRE)} {(output_port) inst191: g_191_o_data_rx_0_obuf (IO)} 
   -------------------------------------------------------------------------------------------------------------------------------------------------------------------------------------------------
   RBB_5/CLK                   IOB           5  [TILE 0 0, RBB 0 21]        878     r           10385                                                                                             
   i_clk                       Clock net     2          (fanout=516)      -2163                     -                                                                                             
   i_clk                       CLOCK-PORT    -                     -    capture     r            8222                                                                                             
   -------------------------------------------------------------------------------------------------------------------------------------------------------------------------------------------------


Path 334:
   Slack (not met):                         -6351ps
     Path type:                               SETUP
     Group:                            <UDEF_i_clk>
     Launching clock:                         i_clk (rising edge)
     Capturing clock:                         i_clk (rising edge)

     Requested period:                       2000ps
   + Delay of the capturing clock:           2163ps
   - Clock uncertainty:                       150ps
   = Required time:                          4013ps
   - Propagation time:                       8205ps (47.7% logic, 52.3% route, logic stage 4)
   - Delay of the launching clock:           2159ps
   = Slack:                                 -6351ps

   Instance/Pin or Net Name    Type         ID    Location or Fanout   Delay(ps)  Edge  Arrival Time(ps)    Instance detail                                                                       
   -------------------------------------------------------------------------------------------------------------------------------------------------------------------------------------------------
   i_clk                       CLOCK-PORT    -                     -     launch     r               0                                                                                             
   i_clk                       Clock net     2          (fanout=516)       2159                     -                                                                                             
   RBB_15/CLK                  RBB_6L       15  [TILE 0 0, RBB 1 16]          -     r            2159                                                                                             
   -------------------------------------------------------------------------------------------------------------------------------------------------------------------------------------------------
   RBB_15/AQ                   RBB_6L       15  [TILE 0 0, RBB 1 16]        800     r            2959     {inst112: scl_sync_FDSE_Q (FDR,site=aff)}                                               
   scl_sync[2]                 Net          20            (fanout=5)       1414                     -                                                                                             
   RBB_35/D1                   RBB_6L       35  [TILE 0 0, RBB 1 12]          -     r            4373                                                                                             
   RBB_35/D                    RBB_6L       35  [TILE 0 0, RBB 1 12]        694     r            5067     {inst115: scl_sync_LUT2_I0 (LUT,site=dlut)}                                             
   read_request_LUT4_I0_I1[3]  Net          97            (fanout=6)        920                     -                                                                                             
   RBB_20/B5                   RBB_6L       20  [TILE 0 0, RBB 4 14]          -     r            5987                                                                                             
   RBB_20/B                    RBB_6L       20  [TILE 0 0, RBB 4 14]        745     r            6732     {inst105: rx_shift_FDRE_Q_CE_LUT5_O (LUT,site=blut)}                                    
   rx_shift_FDRE_Q_CE[1]       Net         176            (fanout=6)        572                     -                                                                                             
   RBB_20/A3                   RBB_6L       20  [TILE 0 0, RBB 4 14]          -     r            7304                                                                                             
   RBB_20/AMUX                 RBB_6L       20  [TILE 0 0, RBB 4 14]        804     r            8108     {inst57: o_data_rx_FDRE_Q_CE_LUT2_O (LUT,site=aluto)}                                   
   o_data_rx_FDRE_Q_CE         Net          40            (fanout=6)       1382                     -                                                                                             
   RBB_8/CE                    IOB           8  [TILE 0 0, RBB 0 20]          -     r            9490     {inst210: o_data_rx[6]_OUT (FDRE)} {(output_port) inst197: g_197_o_data_rx_6_obuf (IO)} 
   -------------------------------------------------------------------------------------------------------------------------------------------------------------------------------------------------
   RBB_8/CLK                   IOB           8  [TILE 0 0, RBB 0 20]        874     r           10364                                                                                             
   i_clk                       Clock net     2          (fanout=516)      -2163                     -                                                                                             
   i_clk                       CLOCK-PORT    -                     -    capture     r            8201                                                                                             
   -------------------------------------------------------------------------------------------------------------------------------------------------------------------------------------------------


Path 335:
   Slack (not met):                         -6147ps
     Path type:                               SETUP
     Group:                            <UDEF_i_clk>
     Launching clock:                         i_clk (rising edge)
     Capturing clock:                         i_clk (rising edge)

     Requested period:                       2000ps
   + Delay of the capturing clock:           2162ps
   - Clock uncertainty:                       150ps
   = Required time:                          4012ps
   - Propagation time:                       8000ps (49.0% logic, 51.0% route, logic stage 4)
   - Delay of the launching clock:           2159ps
   = Slack:                                 -6147ps

   Instance/Pin or Net Name    Type         ID    Location or Fanout   Delay(ps)  Edge  Arrival Time(ps)    Instance detail                                                                       
   -------------------------------------------------------------------------------------------------------------------------------------------------------------------------------------------------
   i_clk                       CLOCK-PORT    -                     -     launch     r               0                                                                                             
   i_clk                       Clock net     2          (fanout=516)       2159                     -                                                                                             
   RBB_15/CLK                  RBB_6L       15  [TILE 0 0, RBB 1 16]          -     r            2159                                                                                             
   -------------------------------------------------------------------------------------------------------------------------------------------------------------------------------------------------
   RBB_15/AQ                   RBB_6L       15  [TILE 0 0, RBB 1 16]        800     r            2959     {inst112: scl_sync_FDSE_Q (FDR,site=aff)}                                               
   scl_sync[2]                 Net          20            (fanout=5)       1414                     -                                                                                             
   RBB_35/D1                   RBB_6L       35  [TILE 0 0, RBB 1 12]          -     r            4373                                                                                             
   RBB_35/D                    RBB_6L       35  [TILE 0 0, RBB 1 12]        694     r            5067     {inst115: scl_sync_LUT2_I0 (LUT,site=dlut)}                                             
   read_request_LUT4_I0_I1[3]  Net          97            (fanout=6)        920                     -                                                                                             
   RBB_20/B5                   RBB_6L       20  [TILE 0 0, RBB 4 14]          -     r            5987                                                                                             
   RBB_20/B                    RBB_6L       20  [TILE 0 0, RBB 4 14]        745     r            6732     {inst105: rx_shift_FDRE_Q_CE_LUT5_O (LUT,site=blut)}                                    
   rx_shift_FDRE_Q_CE[1]       Net         176            (fanout=6)        572                     -                                                                                             
   RBB_20/A3                   RBB_6L       20  [TILE 0 0, RBB 4 14]          -     r            7304                                                                                             
   RBB_20/AMUX                 RBB_6L       20  [TILE 0 0, RBB 4 14]        804     r            8108     {inst57: o_data_rx_FDRE_Q_CE_LUT2_O (LUT,site=aluto)}                                   
   o_data_rx_FDRE_Q_CE         Net          40            (fanout=6)       1173                     -                                                                                             
   RBB_7/CE                    IOB           7  [TILE 0 0, RBB 0 19]          -     r            9281     {inst208: o_data_rx[4]_OUT (FDRE)} {(output_port) inst195: g_195_o_data_rx_4_obuf (IO)} 
   -------------------------------------------------------------------------------------------------------------------------------------------------------------------------------------------------
   RBB_7/CLK                   IOB           7  [TILE 0 0, RBB 0 19]        878     r           10159                                                                                             
   i_clk                       Clock net     2          (fanout=516)      -2162                     -                                                                                             
   i_clk                       CLOCK-PORT    -                     -    capture     r            7997                                                                                             
   -------------------------------------------------------------------------------------------------------------------------------------------------------------------------------------------------


Path 336:
   Slack (not met):                         -6121ps
     Path type:                               SETUP
     Group:                            <UDEF_i_clk>
     Launching clock:                         i_clk (rising edge)
     Capturing clock:                         i_clk (rising edge)

     Requested period:                       2000ps
   + Delay of the capturing clock:           2310ps
   - Clock uncertainty:                       150ps
   = Required time:                          4160ps
   - Propagation time:                       8122ps (49.2% logic, 50.8% route, logic stage 4)
   - Delay of the launching clock:           2159ps
   = Slack:                                 -6121ps

   Instance/Pin or Net Name    Type         ID    Location or Fanout   Delay(ps)  Edge  Arrival Time(ps)    Instance detail                                     
   ---------------------------------------------------------------------------------------------------------------------------------------------------------------
   i_clk                       CLOCK-PORT    -                     -     launch     r               0                                                           
   i_clk                       Clock net     2          (fanout=516)       2159                     -                                                           
   RBB_15/CLK                  RBB_6L       15  [TILE 0 0, RBB 1 16]          -     r            2159                                                           
   ---------------------------------------------------------------------------------------------------------------------------------------------------------------
   RBB_15/AQ                   RBB_6L       15  [TILE 0 0, RBB 1 16]        800     r            2959     {inst112: scl_sync_FDSE_Q (FDR,site=aff)}             
   scl_sync[2]                 Net          20            (fanout=5)       1414                     -                                                           
   RBB_35/D1                   RBB_6L       35  [TILE 0 0, RBB 1 12]          -     r            4373                                                           
   RBB_35/D                    RBB_6L       35  [TILE 0 0, RBB 1 12]        694     r            5067     {inst115: scl_sync_LUT2_I0 (LUT,site=dlut)}           
   read_request_LUT4_I0_I1[3]  Net          97            (fanout=6)        920                     -                                                           
   RBB_20/B5                   RBB_6L       20  [TILE 0 0, RBB 4 14]          -     r            5987                                                           
   RBB_20/B                    RBB_6L       20  [TILE 0 0, RBB 4 14]        745     r            6732     {inst105: rx_shift_FDRE_Q_CE_LUT5_O (LUT,site=blut)}  
   rx_shift_FDRE_Q_CE[1]       Net         176            (fanout=6)        572                     -                                                           
   RBB_20/A3                   RBB_6L       20  [TILE 0 0, RBB 4 14]          -     r            7304                                                           
   RBB_20/AMUX                 RBB_6L       20  [TILE 0 0, RBB 4 14]        804     r            8108     {inst57: o_data_rx_FDRE_Q_CE_LUT2_O (LUT,site=aluto)} 
   o_data_rx_FDRE_Q_CE         Net          40            (fanout=6)       1219                     -                                                           
   RBB_22/A6                   RBB_6L       22  [TILE 0 0, RBB 4 20]          -     r            9327     {<CE>inst51: o_data_rx_FDRE_Q_2 (FDRE,site=cff)}      
   ---------------------------------------------------------------------------------------------------------------------------------------------------------------
   RBB_22/CLK                  RBB_6L       22  [TILE 0 0, RBB 4 20]        954     r           10281                                                           
   i_clk                       Clock net     2          (fanout=516)      -2310                     -                                                           
   i_clk                       CLOCK-PORT    -                     -    capture     r            7971                                                           
   ---------------------------------------------------------------------------------------------------------------------------------------------------------------


Path 337:
   Slack (not met):                         -6121ps
     Path type:                               SETUP
     Group:                            <UDEF_i_clk>
     Launching clock:                         i_clk (rising edge)
     Capturing clock:                         i_clk (rising edge)

     Requested period:                       2000ps
   + Delay of the capturing clock:           2310ps
   - Clock uncertainty:                       150ps
   = Required time:                          4160ps
   - Propagation time:                       8122ps (49.2% logic, 50.8% route, logic stage 4)
   - Delay of the launching clock:           2159ps
   = Slack:                                 -6121ps

   Instance/Pin or Net Name    Type         ID    Location or Fanout   Delay(ps)  Edge  Arrival Time(ps)    Instance detail                                     
   ---------------------------------------------------------------------------------------------------------------------------------------------------------------
   i_clk                       CLOCK-PORT    -                     -     launch     r               0                                                           
   i_clk                       Clock net     2          (fanout=516)       2159                     -                                                           
   RBB_15/CLK                  RBB_6L       15  [TILE 0 0, RBB 1 16]          -     r            2159                                                           
   ---------------------------------------------------------------------------------------------------------------------------------------------------------------
   RBB_15/AQ                   RBB_6L       15  [TILE 0 0, RBB 1 16]        800     r            2959     {inst112: scl_sync_FDSE_Q (FDR,site=aff)}             
   scl_sync[2]                 Net          20            (fanout=5)       1414                     -                                                           
   RBB_35/D1                   RBB_6L       35  [TILE 0 0, RBB 1 12]          -     r            4373                                                           
   RBB_35/D                    RBB_6L       35  [TILE 0 0, RBB 1 12]        694     r            5067     {inst115: scl_sync_LUT2_I0 (LUT,site=dlut)}           
   read_request_LUT4_I0_I1[3]  Net          97            (fanout=6)        920                     -                                                           
   RBB_20/B5                   RBB_6L       20  [TILE 0 0, RBB 4 14]          -     r            5987                                                           
   RBB_20/B                    RBB_6L       20  [TILE 0 0, RBB 4 14]        745     r            6732     {inst105: rx_shift_FDRE_Q_CE_LUT5_O (LUT,site=blut)}  
   rx_shift_FDRE_Q_CE[1]       Net         176            (fanout=6)        572                     -                                                           
   RBB_20/A3                   RBB_6L       20  [TILE 0 0, RBB 4 14]          -     r            7304                                                           
   RBB_20/AMUX                 RBB_6L       20  [TILE 0 0, RBB 4 14]        804     r            8108     {inst57: o_data_rx_FDRE_Q_CE_LUT2_O (LUT,site=aluto)} 
   o_data_rx_FDRE_Q_CE         Net          40            (fanout=6)       1219                     -                                                           
   RBB_22/A6                   RBB_6L       22  [TILE 0 0, RBB 4 20]          -     r            9327     {<CE>inst53: o_data_rx_FDRE_Q_4 (FDRE,site=bff)}      
   ---------------------------------------------------------------------------------------------------------------------------------------------------------------
   RBB_22/CLK                  RBB_6L       22  [TILE 0 0, RBB 4 20]        954     r           10281                                                           
   i_clk                       Clock net     2          (fanout=516)      -2310                     -                                                           
   i_clk                       CLOCK-PORT    -                     -    capture     r            7971                                                           
   ---------------------------------------------------------------------------------------------------------------------------------------------------------------


Path 338:
   Slack (not met):                         -6121ps
     Path type:                               SETUP
     Group:                            <UDEF_i_clk>
     Launching clock:                         i_clk (rising edge)
     Capturing clock:                         i_clk (rising edge)

     Requested period:                       2000ps
   + Delay of the capturing clock:           2310ps
   - Clock uncertainty:                       150ps
   = Required time:                          4160ps
   - Propagation time:                       8122ps (49.2% logic, 50.8% route, logic stage 4)
   - Delay of the launching clock:           2159ps
   = Slack:                                 -6121ps

   Instance/Pin or Net Name    Type         ID    Location or Fanout   Delay(ps)  Edge  Arrival Time(ps)    Instance detail                                     
   ---------------------------------------------------------------------------------------------------------------------------------------------------------------
   i_clk                       CLOCK-PORT    -                     -     launch     r               0                                                           
   i_clk                       Clock net     2          (fanout=516)       2159                     -                                                           
   RBB_15/CLK                  RBB_6L       15  [TILE 0 0, RBB 1 16]          -     r            2159                                                           
   ---------------------------------------------------------------------------------------------------------------------------------------------------------------
   RBB_15/AQ                   RBB_6L       15  [TILE 0 0, RBB 1 16]        800     r            2959     {inst112: scl_sync_FDSE_Q (FDR,site=aff)}             
   scl_sync[2]                 Net          20            (fanout=5)       1414                     -                                                           
   RBB_35/D1                   RBB_6L       35  [TILE 0 0, RBB 1 12]          -     r            4373                                                           
   RBB_35/D                    RBB_6L       35  [TILE 0 0, RBB 1 12]        694     r            5067     {inst115: scl_sync_LUT2_I0 (LUT,site=dlut)}           
   read_request_LUT4_I0_I1[3]  Net          97            (fanout=6)        920                     -                                                           
   RBB_20/B5                   RBB_6L       20  [TILE 0 0, RBB 4 14]          -     r            5987                                                           
   RBB_20/B                    RBB_6L       20  [TILE 0 0, RBB 4 14]        745     r            6732     {inst105: rx_shift_FDRE_Q_CE_LUT5_O (LUT,site=blut)}  
   rx_shift_FDRE_Q_CE[1]       Net         176            (fanout=6)        572                     -                                                           
   RBB_20/A3                   RBB_6L       20  [TILE 0 0, RBB 4 14]          -     r            7304                                                           
   RBB_20/AMUX                 RBB_6L       20  [TILE 0 0, RBB 4 14]        804     r            8108     {inst57: o_data_rx_FDRE_Q_CE_LUT2_O (LUT,site=aluto)} 
   o_data_rx_FDRE_Q_CE         Net          40            (fanout=6)       1219                     -                                                           
   RBB_22/A6                   RBB_6L       22  [TILE 0 0, RBB 4 20]          -     r            9327     {<CE>inst50: o_data_rx_FDRE_Q_1 (FDRE,site=dff)}      
   ---------------------------------------------------------------------------------------------------------------------------------------------------------------
   RBB_22/CLK                  RBB_6L       22  [TILE 0 0, RBB 4 20]        954     r           10281                                                           
   i_clk                       Clock net     2          (fanout=516)      -2310                     -                                                           
   i_clk                       CLOCK-PORT    -                     -    capture     r            7971                                                           
   ---------------------------------------------------------------------------------------------------------------------------------------------------------------


Path 339:
   Slack (not met):                         -6121ps
     Path type:                               SETUP
     Group:                            <UDEF_i_clk>
     Launching clock:                         i_clk (rising edge)
     Capturing clock:                         i_clk (rising edge)

     Requested period:                       2000ps
   + Delay of the capturing clock:           2310ps
   - Clock uncertainty:                       150ps
   = Required time:                          4160ps
   - Propagation time:                       8122ps (49.2% logic, 50.8% route, logic stage 4)
   - Delay of the launching clock:           2159ps
   = Slack:                                 -6121ps

   Instance/Pin or Net Name    Type         ID    Location or Fanout   Delay(ps)  Edge  Arrival Time(ps)    Instance detail                                     
   ---------------------------------------------------------------------------------------------------------------------------------------------------------------
   i_clk                       CLOCK-PORT    -                     -     launch     r               0                                                           
   i_clk                       Clock net     2          (fanout=516)       2159                     -                                                           
   RBB_15/CLK                  RBB_6L       15  [TILE 0 0, RBB 1 16]          -     r            2159                                                           
   ---------------------------------------------------------------------------------------------------------------------------------------------------------------
   RBB_15/AQ                   RBB_6L       15  [TILE 0 0, RBB 1 16]        800     r            2959     {inst112: scl_sync_FDSE_Q (FDR,site=aff)}             
   scl_sync[2]                 Net          20            (fanout=5)       1414                     -                                                           
   RBB_35/D1                   RBB_6L       35  [TILE 0 0, RBB 1 12]          -     r            4373                                                           
   RBB_35/D                    RBB_6L       35  [TILE 0 0, RBB 1 12]        694     r            5067     {inst115: scl_sync_LUT2_I0 (LUT,site=dlut)}           
   read_request_LUT4_I0_I1[3]  Net          97            (fanout=6)        920                     -                                                           
   RBB_20/B5                   RBB_6L       20  [TILE 0 0, RBB 4 14]          -     r            5987                                                           
   RBB_20/B                    RBB_6L       20  [TILE 0 0, RBB 4 14]        745     r            6732     {inst105: rx_shift_FDRE_Q_CE_LUT5_O (LUT,site=blut)}  
   rx_shift_FDRE_Q_CE[1]       Net         176            (fanout=6)        572                     -                                                           
   RBB_20/A3                   RBB_6L       20  [TILE 0 0, RBB 4 14]          -     r            7304                                                           
   RBB_20/AMUX                 RBB_6L       20  [TILE 0 0, RBB 4 14]        804     r            8108     {inst57: o_data_rx_FDRE_Q_CE_LUT2_O (LUT,site=aluto)} 
   o_data_rx_FDRE_Q_CE         Net          40            (fanout=6)       1219                     -                                                           
   RBB_22/A6                   RBB_6L       22  [TILE 0 0, RBB 4 20]          -     r            9327     {<CE>inst52: o_data_rx_FDRE_Q_3 (FDRE,site=cffo)}     
   ---------------------------------------------------------------------------------------------------------------------------------------------------------------
   RBB_22/CLK                  RBB_6L       22  [TILE 0 0, RBB 4 20]        954     r           10281                                                           
   i_clk                       Clock net     2          (fanout=516)      -2310                     -                                                           
   i_clk                       CLOCK-PORT    -                     -    capture     r            7971                                                           
   ---------------------------------------------------------------------------------------------------------------------------------------------------------------


Path 50:
   Slack (not met):                         -6119ps
     Path type:                               SETUP
     Group:                            <UDEF_i_clk>
     Launching clock:                         i_clk (rising edge)
     Capturing clock:                         i_clk (rising edge)

     Requested period:                       2000ps
   + Delay of the capturing clock:           2311ps
   - Clock uncertainty:                       150ps
   = Required time:                          4161ps
   - Propagation time:                       8105ps (55.7% logic, 44.3% route, logic stage 3)
   - Delay of the launching clock:           2175ps
   = Slack:                                 -6119ps

   Instance/Pin or Net Name                   Type         ID     Location or Fanout   Delay(ps)  Edge  Arrival Time(ps)    Instance detail                                                                                   
   -----------------------------------------------------------------------------------------------------------------------------------------------------------------------------------------------------------------------------
   i_clk                                      CLOCK-PORT    -                      -     launch     r               0                                                                                                         
   i_clk                                      Clock net     2           (fanout=516)       2175                     -                                                                                                         
   RBB_20/CLK                                 RBB_6L       20   [TILE 0 0, RBB 4 14]          -     r            2175                                                                                                         
   -----------------------------------------------------------------------------------------------------------------------------------------------------------------------------------------------------------------------------
   RBB_20/CMUX                                RBB_6L       20   [TILE 0 0, RBB 4 14]       1379     r            3554     {inst135: state_FDRE_Q_3 (FDRE,site=cffo)}                                                          
   i_en_LUT5_I0_I3[1]                         Net          55            (fanout=14)        811                     -                                                                                                         
   RBB_10/A1                                  RBB_6L       10   [TILE 0 0, RBB 7 14]          -     r            4365                                                                                                         
   RBB_10/BQ                                  RBB_6L       10   [TILE 0 0, RBB 7 14]       1295     r            5660     {inst34: i_en_LUT5_I0_O_LUT4_O_I0_CARRY4_CO (CARRY4)}                                               
   i_en_LUT5_I0_O_LUT4_O_I0_CARRY4_CO_O_2[2]  Net         152            (fanout=17)       1315                     -                                                                                                         
   RBB_24/A4                                  RBB_6L       24  [TILE 0 0, RBB 10 18]          -     r            6975                                                                                                         
   RBB_24/AMUX                                RBB_6L       24  [TILE 0 0, RBB 10 18]        804     r            7779     {inst173: tx_shift_FDRE_Q_6_D_MUXF8_O_I1_MUXF7_O (LUT,site=aluto)}                                  
   tx_shift_FDRE_Q_6_D_MUXF8_O_I1             Net         131             (fanout=1)       1465                     -                                                                                                         
   RBB_23/B2                                  RBB_6L       23   [TILE 0 0, RBB 4 24]          -     r            9244     {inst170: tx_shift_FDRE_Q_6_D_MUXF8_O (LUT,site=blut)} {inst169: tx_shift_FDRE_Q_6 (FDRE,site=bff)} 
   -----------------------------------------------------------------------------------------------------------------------------------------------------------------------------------------------------------------------------
   RBB_23/CLK                                 RBB_6L       23   [TILE 0 0, RBB 4 24]       1036     r           10280                                                                                                         
   i_clk                                      Clock net     2           (fanout=516)      -2311                     -                                                                                                         
   i_clk                                      CLOCK-PORT    -                      -    capture     r            7969                                                                                                         
   -----------------------------------------------------------------------------------------------------------------------------------------------------------------------------------------------------------------------------


Path 340:
   Slack (not met):                         -6118ps
     Path type:                               SETUP
     Group:                            <UDEF_i_clk>
     Launching clock:                         i_clk (rising edge)
     Capturing clock:                         i_clk (rising edge)

     Requested period:                       2000ps
   + Delay of the capturing clock:           2162ps
   - Clock uncertainty:                       150ps
   = Required time:                          4012ps
   - Propagation time:                       7971ps (49.1% logic, 50.9% route, logic stage 4)
   - Delay of the launching clock:           2159ps
   = Slack:                                 -6118ps

   Instance/Pin or Net Name    Type         ID    Location or Fanout   Delay(ps)  Edge  Arrival Time(ps)    Instance detail                                                                       
   -------------------------------------------------------------------------------------------------------------------------------------------------------------------------------------------------
   i_clk                       CLOCK-PORT    -                     -     launch     r               0                                                                                             
   i_clk                       Clock net     2          (fanout=516)       2159                     -                                                                                             
   RBB_15/CLK                  RBB_6L       15  [TILE 0 0, RBB 1 16]          -     r            2159                                                                                             
   -------------------------------------------------------------------------------------------------------------------------------------------------------------------------------------------------
   RBB_15/AQ                   RBB_6L       15  [TILE 0 0, RBB 1 16]        800     r            2959     {inst112: scl_sync_FDSE_Q (FDR,site=aff)}                                               
   scl_sync[2]                 Net          20            (fanout=5)       1414                     -                                                                                             
   RBB_35/D1                   RBB_6L       35  [TILE 0 0, RBB 1 12]          -     r            4373                                                                                             
   RBB_35/D                    RBB_6L       35  [TILE 0 0, RBB 1 12]        694     r            5067     {inst115: scl_sync_LUT2_I0 (LUT,site=dlut)}                                             
   read_request_LUT4_I0_I1[3]  Net          97            (fanout=6)        920                     -                                                                                             
   RBB_20/B5                   RBB_6L       20  [TILE 0 0, RBB 4 14]          -     r            5987                                                                                             
   RBB_20/B                    RBB_6L       20  [TILE 0 0, RBB 4 14]        745     r            6732     {inst105: rx_shift_FDRE_Q_CE_LUT5_O (LUT,site=blut)}                                    
   rx_shift_FDRE_Q_CE[1]       Net         176            (fanout=6)        572                     -                                                                                             
   RBB_20/A3                   RBB_6L       20  [TILE 0 0, RBB 4 14]          -     r            7304                                                                                             
   RBB_20/AMUX                 RBB_6L       20  [TILE 0 0, RBB 4 14]        804     r            8108     {inst57: o_data_rx_FDRE_Q_CE_LUT2_O (LUT,site=aluto)}                                   
   o_data_rx_FDRE_Q_CE         Net          40            (fanout=6)       1148                     -                                                                                             
   RBB_6/CE                    IOB           6  [TILE 0 0, RBB 0 18]          -     r            9256     {inst206: o_data_rx[2]_OUT (FDRE)} {(output_port) inst193: g_193_o_data_rx_2_obuf (IO)} 
   -------------------------------------------------------------------------------------------------------------------------------------------------------------------------------------------------
   RBB_6/CLK                   IOB           6  [TILE 0 0, RBB 0 18]        874     r           10130                                                                                             
   i_clk                       Clock net     2          (fanout=516)      -2162                     -                                                                                             
   i_clk                       CLOCK-PORT    -                     -    capture     r            7968                                                                                             
   -------------------------------------------------------------------------------------------------------------------------------------------------------------------------------------------------


Path 341:
   Slack (not met):                         -6103ps
     Path type:                               SETUP
     Group:                            <UDEF_i_clk>
     Launching clock:                         i_clk (rising edge)
     Capturing clock:                         i_clk (rising edge)

     Requested period:                       2000ps
   + Delay of the capturing clock:           2175ps
   - Clock uncertainty:                       150ps
   = Required time:                          4025ps
   - Propagation time:                       7953ps (49.6% logic, 50.4% route, logic stage 4)
   - Delay of the launching clock:           2175ps
   = Slack:                                 -6103ps

   Instance/Pin or Net Name                   Type         ID    Location or Fanout   Delay(ps)  Edge  Arrival Time(ps)    Instance detail                                        
   ---------------------------------------------------------------------------------------------------------------------------------------------------------------------------------
   i_clk                                      CLOCK-PORT    -                     -     launch     r               0                                                              
   i_clk                                      Clock net     2          (fanout=516)       2175                     -                                                              
   RBB_20/CLK                                 RBB_6L       20  [TILE 0 0, RBB 4 14]          -     r            2175                                                              
   ---------------------------------------------------------------------------------------------------------------------------------------------------------------------------------
   RBB_20/CQ                                  RBB_6L       20  [TILE 0 0, RBB 4 14]        800     r            2975     {inst122: state_FDRE_Q (FDRE,site=cff)}                  
   i_en_LUT5_I0_O_LUT4_O_I0_CARRY4_CO_O_2[0]  Net         151           (fanout=14)       1399                     -                                                              
   RBB_12/D5                                  RBB_6L       12  [TILE 0 0, RBB 4 16]          -     r            4374                                                              
   RBB_12/DMUX                                RBB_6L       12  [TILE 0 0, RBB 4 16]        812     r            5186     {inst31: i_en_LUT5_I0_I3_LUT2_O (LUT,site=dluto)}        
   i_en_LUT5_I0_I3[2]                         Net          56            (fanout=6)        557                     -                                                              
   RBB_12/D1                                  RBB_6L       12  [TILE 0 0, RBB 4 16]          -     r            5743                                                              
   RBB_12/D                                   RBB_6L       12  [TILE 0 0, RBB 4 16]        703     r            6446     {inst70: read_request_LUT2_I0_I1_LUT2_O (LUT,site=dlut)} 
   read_request_LUT2_I0_I1[3]                 Net         107            (fanout=4)       1217                     -                                                              
   RBB_13/D2                                  RBB_6L       13  [TILE 0 0, RBB 1 14]          -     r            7663                                                              
   RBB_13/BMUX                                RBB_6L       13  [TILE 0 0, RBB 1 14]       1009     r            8672     {inst129: state_FDRE_Q_2_D_MUXF8_O (MUXF,site=muxf8)}    
   state_FDRE_Q_2_D                           Net          41            (fanout=1)        839                     -                                                              
   RBB_20/D6                                  RBB_6L       20  [TILE 0 0, RBB 4 14]          -     r            9511     {inst128: state_FDRE_Q_2 (FDRE,site=dff)}                
   ---------------------------------------------------------------------------------------------------------------------------------------------------------------------------------
   RBB_20/CLK                                 RBB_6L       20  [TILE 0 0, RBB 4 14]        617     r           10128                                                              
   i_clk                                      Clock net     2          (fanout=516)      -2175                     -                                                              
   i_clk                                      CLOCK-PORT    -                     -    capture     r            7953                                                              
   ---------------------------------------------------------------------------------------------------------------------------------------------------------------------------------


Path 49:
   Slack (not met):                         -6062ps
     Path type:                               SETUP
     Group:                            <UDEF_i_clk>
     Launching clock:                         i_clk (rising edge)
     Capturing clock:                         i_clk (rising edge)

     Requested period:                       2000ps
   + Delay of the capturing clock:           2311ps
   - Clock uncertainty:                       150ps
   = Required time:                          4161ps
   - Propagation time:                       8048ps (57.5% logic, 42.5% route, logic stage 3)
   - Delay of the launching clock:           2175ps
   = Slack:                                 -6062ps

   Instance/Pin or Net Name                   Type         ID     Location or Fanout   Delay(ps)  Edge  Arrival Time(ps)    Instance detail                                                                                     
   -------------------------------------------------------------------------------------------------------------------------------------------------------------------------------------------------------------------------------
   i_clk                                      CLOCK-PORT    -                      -     launch     r               0                                                                                                           
   i_clk                                      Clock net     2           (fanout=516)       2175                     -                                                                                                           
   RBB_20/CLK                                 RBB_6L       20   [TILE 0 0, RBB 4 14]          -     r            2175                                                                                                           
   -------------------------------------------------------------------------------------------------------------------------------------------------------------------------------------------------------------------------------
   RBB_20/CMUX                                RBB_6L       20   [TILE 0 0, RBB 4 14]       1379     r            3554     {inst135: state_FDRE_Q_3 (FDRE,site=cffo)}                                                            
   i_en_LUT5_I0_I3[1]                         Net          55            (fanout=14)        811                     -                                                                                                           
   RBB_10/A1                                  RBB_6L       10   [TILE 0 0, RBB 7 14]          -     r            4365                                                                                                           
   RBB_10/BQ                                  RBB_6L       10   [TILE 0 0, RBB 7 14]       1295     r            5660     {inst34: i_en_LUT5_I0_O_LUT4_O_I0_CARRY4_CO (CARRY4)}                                                 
   i_en_LUT5_I0_O_LUT4_O_I0_CARRY4_CO_O_2[2]  Net         152            (fanout=17)       1327                     -                                                                                                           
   RBB_24/C4                                  RBB_6L       24  [TILE 0 0, RBB 10 18]          -     r            6987                                                                                                           
   RBB_24/C                                   RBB_6L       24  [TILE 0 0, RBB 10 18]        618     r            7605     {inst178: tx_shift_FDRE_Q_7_D_MUXF8_O_I1_MUXF7_O (LUT,site=clut)}                                     
   tx_shift_FDRE_Q_7_D_MUXF8_O_I1             Net          75             (fanout=1)       1281                     -                                                                                                           
   RBB_23/B4                                  RBB_6L       23   [TILE 0 0, RBB 4 24]          -     r            8886     {inst175: tx_shift_FDRE_Q_7_D_MUXF8_O (LUT,site=bluto)} {inst174: tx_shift_FDRE_Q_7 (FDRE,site=bffo)} 
   -------------------------------------------------------------------------------------------------------------------------------------------------------------------------------------------------------------------------------
   RBB_23/CLK                                 RBB_6L       23   [TILE 0 0, RBB 4 24]       1337     r           10223                                                                                                           
   i_clk                                      Clock net     2           (fanout=516)      -2311                     -                                                                                                           
   i_clk                                      CLOCK-PORT    -                      -    capture     r            7912                                                                                                           
   -------------------------------------------------------------------------------------------------------------------------------------------------------------------------------------------------------------------------------


Path 342:
   Slack (not met):                         -6039ps
     Path type:                               SETUP
     Group:                            <UDEF_i_clk>
     Launching clock:                         i_clk (rising edge)
     Capturing clock:                         i_clk (rising edge)

     Requested period:                       2000ps
   + Delay of the capturing clock:           2357ps
   - Clock uncertainty:                       150ps
   = Required time:                          4207ps
   - Propagation time:                       8087ps (47.8% logic, 52.2% route, logic stage 4)
   - Delay of the launching clock:           2159ps
   = Slack:                                 -6039ps

   Instance/Pin or Net Name    Type         ID     Location or Fanout   Delay(ps)  Edge  Arrival Time(ps)    Instance detail                                     
   ----------------------------------------------------------------------------------------------------------------------------------------------------------------
   i_clk                       CLOCK-PORT    -                      -     launch     r               0                                                           
   i_clk                       Clock net     2           (fanout=516)       2159                     -                                                           
   RBB_15/CLK                  RBB_6L       15   [TILE 0 0, RBB 1 16]          -     r            2159                                                           
   ----------------------------------------------------------------------------------------------------------------------------------------------------------------
   RBB_15/AQ                   RBB_6L       15   [TILE 0 0, RBB 1 16]        800     r            2959     {inst112: scl_sync_FDSE_Q (FDR,site=aff)}             
   scl_sync[2]                 Net          20             (fanout=5)       1414                     -                                                           
   RBB_35/D1                   RBB_6L       35   [TILE 0 0, RBB 1 12]          -     r            4373                                                           
   RBB_35/D                    RBB_6L       35   [TILE 0 0, RBB 1 12]        694     r            5067     {inst115: scl_sync_LUT2_I0 (LUT,site=dlut)}           
   read_request_LUT4_I0_I1[3]  Net          97             (fanout=6)        920                     -                                                           
   RBB_20/B5                   RBB_6L       20   [TILE 0 0, RBB 4 14]          -     r            5987                                                           
   RBB_20/B                    RBB_6L       20   [TILE 0 0, RBB 4 14]        745     r            6732     {inst105: rx_shift_FDRE_Q_CE_LUT5_O (LUT,site=blut)}  
   rx_shift_FDRE_Q_CE[1]       Net         176             (fanout=6)        572                     -                                                           
   RBB_20/A3                   RBB_6L       20   [TILE 0 0, RBB 4 14]          -     r            7304                                                           
   RBB_20/AMUX                 RBB_6L       20   [TILE 0 0, RBB 4 14]        804     r            8108     {inst57: o_data_rx_FDRE_Q_CE_LUT2_O (LUT,site=aluto)} 
   o_data_rx_FDRE_Q_CE         Net          40             (fanout=6)       1318                     -                                                           
   RBB_24/A6                   RBB_6L       24  [TILE 0 0, RBB 10 18]          -     r            9426     {<CE>inst56: o_data_rx_FDRE_Q_7 (FDRE,site=cff)}      
   ----------------------------------------------------------------------------------------------------------------------------------------------------------------
   RBB_24/CLK                  RBB_6L       24  [TILE 0 0, RBB 10 18]        820     r           10246                                                           
   i_clk                       Clock net     2           (fanout=516)      -2357                     -                                                           
   i_clk                       CLOCK-PORT    -                      -    capture     r            7889                                                           
   ----------------------------------------------------------------------------------------------------------------------------------------------------------------


Path 343:
   Slack (not met):                         -6039ps
     Path type:                               SETUP
     Group:                            <UDEF_i_clk>
     Launching clock:                         i_clk (rising edge)
     Capturing clock:                         i_clk (rising edge)

     Requested period:                       2000ps
   + Delay of the capturing clock:           2357ps
   - Clock uncertainty:                       150ps
   = Required time:                          4207ps
   - Propagation time:                       8087ps (47.8% logic, 52.2% route, logic stage 4)
   - Delay of the launching clock:           2159ps
   = Slack:                                 -6039ps

   Instance/Pin or Net Name    Type         ID     Location or Fanout   Delay(ps)  Edge  Arrival Time(ps)    Instance detail                                     
   ----------------------------------------------------------------------------------------------------------------------------------------------------------------
   i_clk                       CLOCK-PORT    -                      -     launch     r               0                                                           
   i_clk                       Clock net     2           (fanout=516)       2159                     -                                                           
   RBB_15/CLK                  RBB_6L       15   [TILE 0 0, RBB 1 16]          -     r            2159                                                           
   ----------------------------------------------------------------------------------------------------------------------------------------------------------------
   RBB_15/AQ                   RBB_6L       15   [TILE 0 0, RBB 1 16]        800     r            2959     {inst112: scl_sync_FDSE_Q (FDR,site=aff)}             
   scl_sync[2]                 Net          20             (fanout=5)       1414                     -                                                           
   RBB_35/D1                   RBB_6L       35   [TILE 0 0, RBB 1 12]          -     r            4373                                                           
   RBB_35/D                    RBB_6L       35   [TILE 0 0, RBB 1 12]        694     r            5067     {inst115: scl_sync_LUT2_I0 (LUT,site=dlut)}           
   read_request_LUT4_I0_I1[3]  Net          97             (fanout=6)        920                     -                                                           
   RBB_20/B5                   RBB_6L       20   [TILE 0 0, RBB 4 14]          -     r            5987                                                           
   RBB_20/B                    RBB_6L       20   [TILE 0 0, RBB 4 14]        745     r            6732     {inst105: rx_shift_FDRE_Q_CE_LUT5_O (LUT,site=blut)}  
   rx_shift_FDRE_Q_CE[1]       Net         176             (fanout=6)        572                     -                                                           
   RBB_20/A3                   RBB_6L       20   [TILE 0 0, RBB 4 14]          -     r            7304                                                           
   RBB_20/AMUX                 RBB_6L       20   [TILE 0 0, RBB 4 14]        804     r            8108     {inst57: o_data_rx_FDRE_Q_CE_LUT2_O (LUT,site=aluto)} 
   o_data_rx_FDRE_Q_CE         Net          40             (fanout=6)       1318                     -                                                           
   RBB_24/A6                   RBB_6L       24  [TILE 0 0, RBB 10 18]          -     r            9426     {<CE>inst55: o_data_rx_FDRE_Q_6 (FDRE,site=dff)}      
   ----------------------------------------------------------------------------------------------------------------------------------------------------------------
   RBB_24/CLK                  RBB_6L       24  [TILE 0 0, RBB 10 18]        820     r           10246                                                           
   i_clk                       Clock net     2           (fanout=516)      -2357                     -                                                           
   i_clk                       CLOCK-PORT    -                      -    capture     r            7889                                                           
   ----------------------------------------------------------------------------------------------------------------------------------------------------------------


Path 344:
   Slack (not met):                         -6039ps
     Path type:                               SETUP
     Group:                            <UDEF_i_clk>
     Launching clock:                         i_clk (rising edge)
     Capturing clock:                         i_clk (rising edge)

     Requested period:                       2000ps
   + Delay of the capturing clock:           2357ps
   - Clock uncertainty:                       150ps
   = Required time:                          4207ps
   - Propagation time:                       8087ps (47.8% logic, 52.2% route, logic stage 4)
   - Delay of the launching clock:           2159ps
   = Slack:                                 -6039ps

   Instance/Pin or Net Name    Type         ID     Location or Fanout   Delay(ps)  Edge  Arrival Time(ps)    Instance detail                                     
   ----------------------------------------------------------------------------------------------------------------------------------------------------------------
   i_clk                       CLOCK-PORT    -                      -     launch     r               0                                                           
   i_clk                       Clock net     2           (fanout=516)       2159                     -                                                           
   RBB_15/CLK                  RBB_6L       15   [TILE 0 0, RBB 1 16]          -     r            2159                                                           
   ----------------------------------------------------------------------------------------------------------------------------------------------------------------
   RBB_15/AQ                   RBB_6L       15   [TILE 0 0, RBB 1 16]        800     r            2959     {inst112: scl_sync_FDSE_Q (FDR,site=aff)}             
   scl_sync[2]                 Net          20             (fanout=5)       1414                     -                                                           
   RBB_35/D1                   RBB_6L       35   [TILE 0 0, RBB 1 12]          -     r            4373                                                           
   RBB_35/D                    RBB_6L       35   [TILE 0 0, RBB 1 12]        694     r            5067     {inst115: scl_sync_LUT2_I0 (LUT,site=dlut)}           
   read_request_LUT4_I0_I1[3]  Net          97             (fanout=6)        920                     -                                                           
   RBB_20/B5                   RBB_6L       20   [TILE 0 0, RBB 4 14]          -     r            5987                                                           
   RBB_20/B                    RBB_6L       20   [TILE 0 0, RBB 4 14]        745     r            6732     {inst105: rx_shift_FDRE_Q_CE_LUT5_O (LUT,site=blut)}  
   rx_shift_FDRE_Q_CE[1]       Net         176             (fanout=6)        572                     -                                                           
   RBB_20/A3                   RBB_6L       20   [TILE 0 0, RBB 4 14]          -     r            7304                                                           
   RBB_20/AMUX                 RBB_6L       20   [TILE 0 0, RBB 4 14]        804     r            8108     {inst57: o_data_rx_FDRE_Q_CE_LUT2_O (LUT,site=aluto)} 
   o_data_rx_FDRE_Q_CE         Net          40             (fanout=6)       1318                     -                                                           
   RBB_24/A6                   RBB_6L       24  [TILE 0 0, RBB 10 18]          -     r            9426     {<CE>inst54: o_data_rx_FDRE_Q_5 (FDRE,site=bff)}      
   ----------------------------------------------------------------------------------------------------------------------------------------------------------------
   RBB_24/CLK                  RBB_6L       24  [TILE 0 0, RBB 10 18]        820     r           10246                                                           
   i_clk                       Clock net     2           (fanout=516)      -2357                     -                                                           
   i_clk                       CLOCK-PORT    -                      -    capture     r            7889                                                           
   ----------------------------------------------------------------------------------------------------------------------------------------------------------------


Path 48:
   Slack (not met):                         -6030ps
     Path type:                               SETUP
     Group:                            <UDEF_i_clk>
     Launching clock:                         i_clk (rising edge)
     Capturing clock:                         i_clk (rising edge)

     Requested period:                       2000ps
   + Delay of the capturing clock:           2311ps
   - Clock uncertainty:                       150ps
   = Required time:                          4161ps
   - Propagation time:                       8016ps (55.7% logic, 44.3% route, logic stage 3)
   - Delay of the launching clock:           2175ps
   = Slack:                                 -6030ps

   Instance/Pin or Net Name                   Type         ID     Location or Fanout   Delay(ps)  Edge  Arrival Time(ps)    Instance detail                                                                               
   -------------------------------------------------------------------------------------------------------------------------------------------------------------------------------------------------------------------------
   i_clk                                      CLOCK-PORT    -                      -     launch     r               0                                                                                                     
   i_clk                                      Clock net     2           (fanout=516)       2175                     -                                                                                                     
   RBB_20/CLK                                 RBB_6L       20   [TILE 0 0, RBB 4 14]          -     r            2175                                                                                                     
   -------------------------------------------------------------------------------------------------------------------------------------------------------------------------------------------------------------------------
   RBB_20/CMUX                                RBB_6L       20   [TILE 0 0, RBB 4 14]       1379     r            3554     {inst135: state_FDRE_Q_3 (FDRE,site=cffo)}                                                      
   i_en_LUT5_I0_I3[1]                         Net          55            (fanout=14)        811                     -                                                                                                     
   RBB_10/A1                                  RBB_6L       10   [TILE 0 0, RBB 7 14]          -     r            4365                                                                                                     
   RBB_10/BQ                                  RBB_6L       10   [TILE 0 0, RBB 7 14]       1295     r            5660     {inst34: i_en_LUT5_I0_O_LUT4_O_I0_CARRY4_CO (CARRY4)}                                           
   i_en_LUT5_I0_O_LUT4_O_I0_CARRY4_CO_O_2[2]  Net         152            (fanout=17)       1327                     -                                                                                                     
   RBB_24/C4                                  RBB_6L       24  [TILE 0 0, RBB 10 18]          -     r            6987                                                                                                     
   RBB_24/CMUX                                RBB_6L       24  [TILE 0 0, RBB 10 18]        646     r            7633     {inst182: tx_shift_FDRE_Q_D_MUXF8_O_I1_MUXF7_O (LUT,site=cluto)}                                
   tx_shift_FDRE_Q_D_MUXF8_O_I1               Net         133             (fanout=1)       1411                     -                                                                                                     
   RBB_23/A2                                  RBB_6L       23   [TILE 0 0, RBB 4 24]          -     r            9044     {inst179: tx_shift_FDRE_Q_D_MUXF8_O (LUT,site=alut)} {inst143: tx_shift_FDRE_Q (FDRE,site=aff)} 
   -------------------------------------------------------------------------------------------------------------------------------------------------------------------------------------------------------------------------
   RBB_23/CLK                                 RBB_6L       23   [TILE 0 0, RBB 4 24]       1147     r           10191                                                                                                     
   i_clk                                      Clock net     2           (fanout=516)      -2311                     -                                                                                                     
   i_clk                                      CLOCK-PORT    -                      -    capture     r            7880                                                                                                     
   -------------------------------------------------------------------------------------------------------------------------------------------------------------------------------------------------------------------------


Path 45:
   Slack (not met):                         -5971ps
     Path type:                               SETUP
     Group:                            <UDEF_i_clk>
     Launching clock:                         i_clk (rising edge)
     Capturing clock:                         i_clk (rising edge)

     Requested period:                       2000ps
   + Delay of the capturing clock:           2311ps
   - Clock uncertainty:                       150ps
   = Required time:                          4161ps
   - Propagation time:                       7957ps (62.0% logic, 38.0% route, logic stage 3)
   - Delay of the launching clock:           2175ps
   = Slack:                                 -5971ps

   Instance/Pin or Net Name                   Type         ID    Location or Fanout   Delay(ps)  Edge  Arrival Time(ps)    Instance detail                                                                                     
   ------------------------------------------------------------------------------------------------------------------------------------------------------------------------------------------------------------------------------
   i_clk                                      CLOCK-PORT    -                     -     launch     r               0                                                                                                           
   i_clk                                      Clock net     2          (fanout=516)       2175                     -                                                                                                           
   RBB_20/CLK                                 RBB_6L       20  [TILE 0 0, RBB 4 14]          -     r            2175                                                                                                           
   ------------------------------------------------------------------------------------------------------------------------------------------------------------------------------------------------------------------------------
   RBB_20/CMUX                                RBB_6L       20  [TILE 0 0, RBB 4 14]       1379     r            3554     {inst135: state_FDRE_Q_3 (FDRE,site=cffo)}                                                            
   i_en_LUT5_I0_I3[1]                         Net          55           (fanout=14)        811                     -                                                                                                           
   RBB_10/A1                                  RBB_6L       10  [TILE 0 0, RBB 7 14]          -     r            4365                                                                                                           
   RBB_10/BQ                                  RBB_6L       10  [TILE 0 0, RBB 7 14]       1295     r            5660     {inst34: i_en_LUT5_I0_O_LUT4_O_I0_CARRY4_CO (CARRY4)}                                                 
   i_en_LUT5_I0_O_LUT4_O_I0_CARRY4_CO_O_2[2]  Net         152           (fanout=17)       1337                     -                                                                                                           
   RBB_22/A5                                  RBB_6L       22  [TILE 0 0, RBB 4 20]          -     r            6997                                                                                                           
   RBB_22/AMUX                                RBB_6L       22  [TILE 0 0, RBB 4 20]        840     r            7837     {inst148: tx_shift_FDRE_Q_1_D_MUXF8_O_I1_MUXF7_O (LUT,site=aluto)}                                    
   tx_shift_FDRE_Q_1_D_MUXF8_O_I1             Net         118            (fanout=1)        876                     -                                                                                                           
   RBB_23/A4                                  RBB_6L       23  [TILE 0 0, RBB 4 24]          -     r            8713     {inst145: tx_shift_FDRE_Q_1_D_MUXF8_O (LUT,site=aluto)} {inst144: tx_shift_FDRE_Q_1 (FDRE,site=affo)} 
   ------------------------------------------------------------------------------------------------------------------------------------------------------------------------------------------------------------------------------
   RBB_23/CLK                                 RBB_6L       23  [TILE 0 0, RBB 4 24]       1419     r           10132                                                                                                           
   i_clk                                      Clock net     2          (fanout=516)      -2311                     -                                                                                                           
   i_clk                                      CLOCK-PORT    -                     -    capture     r            7821                                                                                                           
   ------------------------------------------------------------------------------------------------------------------------------------------------------------------------------------------------------------------------------


Path 47:
   Slack (not met):                         -5882ps
     Path type:                               SETUP
     Group:                            <UDEF_i_clk>
     Launching clock:                         i_clk (rising edge)
     Capturing clock:                         i_clk (rising edge)

     Requested period:                       2000ps
   + Delay of the capturing clock:           2311ps
   - Clock uncertainty:                       150ps
   = Required time:                          4161ps
   - Propagation time:                       7868ps (61.2% logic, 38.8% route, logic stage 3)
   - Delay of the launching clock:           2175ps
   = Slack:                                 -5882ps

   Instance/Pin or Net Name                   Type         ID    Location or Fanout   Delay(ps)  Edge  Arrival Time(ps)    Instance detail                                                                                     
   ------------------------------------------------------------------------------------------------------------------------------------------------------------------------------------------------------------------------------
   i_clk                                      CLOCK-PORT    -                     -     launch     r               0                                                                                                           
   i_clk                                      Clock net     2          (fanout=516)       2175                     -                                                                                                           
   RBB_20/CLK                                 RBB_6L       20  [TILE 0 0, RBB 4 14]          -     r            2175                                                                                                           
   ------------------------------------------------------------------------------------------------------------------------------------------------------------------------------------------------------------------------------
   RBB_20/CMUX                                RBB_6L       20  [TILE 0 0, RBB 4 14]       1379     r            3554     {inst135: state_FDRE_Q_3 (FDRE,site=cffo)}                                                            
   i_en_LUT5_I0_I3[1]                         Net          55           (fanout=14)        811                     -                                                                                                           
   RBB_10/A1                                  RBB_6L       10  [TILE 0 0, RBB 7 14]          -     r            4365                                                                                                           
   RBB_10/BQ                                  RBB_6L       10  [TILE 0 0, RBB 7 14]       1295     r            5660     {inst34: i_en_LUT5_I0_O_LUT4_O_I0_CARRY4_CO (CARRY4)}                                                 
   i_en_LUT5_I0_O_LUT4_O_I0_CARRY4_CO_O_2[2]  Net         152           (fanout=17)       1337                     -                                                                                                           
   RBB_22/B5                                  RBB_6L       22  [TILE 0 0, RBB 4 20]          -     r            6997                                                                                                           
   RBB_22/B                                   RBB_6L       22  [TILE 0 0, RBB 4 20]        755     r            7752     {inst168: tx_shift_FDRE_Q_5_D_MUXF8_O_I1_MUXF7_O (LUT,site=blut)}                                     
   tx_shift_FDRE_Q_5_D_MUXF8_O_I1             Net         115            (fanout=1)        902                     -                                                                                                           
   RBB_23/C4                                  RBB_6L       23  [TILE 0 0, RBB 4 24]          -     r            8654     {inst165: tx_shift_FDRE_Q_5_D_MUXF8_O (LUT,site=cluto)} {inst164: tx_shift_FDRE_Q_5 (FDRE,site=cffo)} 
   ------------------------------------------------------------------------------------------------------------------------------------------------------------------------------------------------------------------------------
   RBB_23/CLK                                 RBB_6L       23  [TILE 0 0, RBB 4 24]       1389     r           10043                                                                                                           
   i_clk                                      Clock net     2          (fanout=516)      -2311                     -                                                                                                           
   i_clk                                      CLOCK-PORT    -                     -    capture     r            7732                                                                                                           
   ------------------------------------------------------------------------------------------------------------------------------------------------------------------------------------------------------------------------------


Path 53:
   Slack (not met):                         -5657ps
     Path type:                               SETUP
     Group:                            <UDEF_i_clk>
     Launching clock:                         i_clk (rising edge)
     Capturing clock:                         i_clk (rising edge)

     Requested period:                       2000ps
   + Delay of the capturing clock:           2311ps
   - Clock uncertainty:                       150ps
   = Required time:                          4161ps
   - Propagation time:                       7643ps (59.7% logic, 40.3% route, logic stage 3)
   - Delay of the launching clock:           2175ps
   = Slack:                                 -5657ps

   Instance/Pin or Net Name                   Type         ID    Location or Fanout   Delay(ps)  Edge  Arrival Time(ps)    Instance detail                                                                                   
   ----------------------------------------------------------------------------------------------------------------------------------------------------------------------------------------------------------------------------
   i_clk                                      CLOCK-PORT    -                     -     launch     r               0                                                                                                         
   i_clk                                      Clock net     2          (fanout=516)       2175                     -                                                                                                         
   RBB_20/CLK                                 RBB_6L       20  [TILE 0 0, RBB 4 14]          -     r            2175                                                                                                         
   ----------------------------------------------------------------------------------------------------------------------------------------------------------------------------------------------------------------------------
   RBB_20/CMUX                                RBB_6L       20  [TILE 0 0, RBB 4 14]       1379     r            3554     {inst135: state_FDRE_Q_3 (FDRE,site=cffo)}                                                          
   i_en_LUT5_I0_I3[1]                         Net          55           (fanout=14)        811                     -                                                                                                         
   RBB_10/A1                                  RBB_6L       10  [TILE 0 0, RBB 7 14]          -     r            4365                                                                                                         
   RBB_10/BQ                                  RBB_6L       10  [TILE 0 0, RBB 7 14]       1295     r            5660     {inst34: i_en_LUT5_I0_O_LUT4_O_I0_CARRY4_CO (CARRY4)}                                               
   i_en_LUT5_I0_O_LUT4_O_I0_CARRY4_CO_O_2[2]  Net         152           (fanout=17)       1337                     -                                                                                                         
   RBB_22/C5                                  RBB_6L       22  [TILE 0 0, RBB 4 20]          -     r            6997                                                                                                         
   RBB_22/C                                   RBB_6L       22  [TILE 0 0, RBB 4 20]        741     r            7738     {inst163: tx_shift_FDRE_Q_4_D_MUXF8_O_I1_MUXF7_O (LUT,site=clut)}                                   
   tx_shift_FDRE_Q_4_D_MUXF8_O_I1             Net         125            (fanout=1)        931                     -                                                                                                         
   RBB_23/C2                                  RBB_6L       23  [TILE 0 0, RBB 4 24]          -     r            8669     {inst160: tx_shift_FDRE_Q_4_D_MUXF8_O (LUT,site=clut)} {inst159: tx_shift_FDRE_Q_4 (FDRE,site=cff)} 
   ----------------------------------------------------------------------------------------------------------------------------------------------------------------------------------------------------------------------------
   RBB_23/CLK                                 RBB_6L       23  [TILE 0 0, RBB 4 24]       1149     r            9818                                                                                                         
   i_clk                                      Clock net     2          (fanout=516)      -2311                     -                                                                                                         
   i_clk                                      CLOCK-PORT    -                     -    capture     r            7507                                                                                                         
   ----------------------------------------------------------------------------------------------------------------------------------------------------------------------------------------------------------------------------


Path 46:
   Slack (not met):                         -5645ps
     Path type:                               SETUP
     Group:                            <UDEF_i_clk>
     Launching clock:                         i_clk (rising edge)
     Capturing clock:                         i_clk (rising edge)

     Requested period:                       2000ps
   + Delay of the capturing clock:           2311ps
   - Clock uncertainty:                       150ps
   = Required time:                          4161ps
   - Propagation time:                       7631ps (60.2% logic, 39.8% route, logic stage 3)
   - Delay of the launching clock:           2175ps
   = Slack:                                 -5645ps

   Instance/Pin or Net Name                   Type         ID    Location or Fanout   Delay(ps)  Edge  Arrival Time(ps)    Instance detail                                                                                     
   ------------------------------------------------------------------------------------------------------------------------------------------------------------------------------------------------------------------------------
   i_clk                                      CLOCK-PORT    -                     -     launch     r               0                                                                                                           
   i_clk                                      Clock net     2          (fanout=516)       2175                     -                                                                                                           
   RBB_20/CLK                                 RBB_6L       20  [TILE 0 0, RBB 4 14]          -     r            2175                                                                                                           
   ------------------------------------------------------------------------------------------------------------------------------------------------------------------------------------------------------------------------------
   RBB_20/CMUX                                RBB_6L       20  [TILE 0 0, RBB 4 14]       1379     r            3554     {inst135: state_FDRE_Q_3 (FDRE,site=cffo)}                                                            
   i_en_LUT5_I0_I3[1]                         Net          55           (fanout=14)        811                     -                                                                                                           
   RBB_10/A1                                  RBB_6L       10  [TILE 0 0, RBB 7 14]          -     r            4365                                                                                                           
   RBB_10/BQ                                  RBB_6L       10  [TILE 0 0, RBB 7 14]       1295     r            5660     {inst34: i_en_LUT5_I0_O_LUT4_O_I0_CARRY4_CO (CARRY4)}                                                 
   i_en_LUT5_I0_O_LUT4_O_I0_CARRY4_CO_O_2[2]  Net         152           (fanout=17)       1337                     -                                                                                                           
   RBB_22/D5                                  RBB_6L       22  [TILE 0 0, RBB 4 20]          -     r            6997                                                                                                           
   RBB_22/DMUX                                RBB_6L       22  [TILE 0 0, RBB 4 20]        812     r            7809     {inst158: tx_shift_FDRE_Q_3_D_MUXF8_O_I1_MUXF7_O (LUT,site=dluto)}                                    
   tx_shift_FDRE_Q_3_D_MUXF8_O_I1             Net         129            (fanout=1)        892                     -                                                                                                           
   RBB_23/D4                                  RBB_6L       23  [TILE 0 0, RBB 4 24]          -     r            8701     {inst155: tx_shift_FDRE_Q_3_D_MUXF8_O (LUT,site=dluto)} {inst154: tx_shift_FDRE_Q_3 (FDRE,site=dffo)} 
   ------------------------------------------------------------------------------------------------------------------------------------------------------------------------------------------------------------------------------
   RBB_23/CLK                                 RBB_6L       23  [TILE 0 0, RBB 4 24]       1105     r            9806                                                                                                           
   i_clk                                      Clock net     2          (fanout=516)      -2311                     -                                                                                                           
   i_clk                                      CLOCK-PORT    -                     -    capture     r            7495                                                                                                           
   ------------------------------------------------------------------------------------------------------------------------------------------------------------------------------------------------------------------------------


Path 345:
   Slack (not met):                         -5545ps
     Path type:                               SETUP
     Group:                            <UDEF_i_clk>
     Launching clock:                         i_clk (rising edge)
     Capturing clock:                         i_clk (rising edge)

     Requested period:                       2000ps
   + Delay of the capturing clock:           2357ps
   - Clock uncertainty:                       150ps
   = Required time:                          4207ps
   - Propagation time:                       7593ps (44.4% logic, 55.6% route, logic stage 4)
   - Delay of the launching clock:           2159ps
   = Slack:                                 -5545ps

   Instance/Pin or Net Name    Type         ID     Location or Fanout   Delay(ps)  Edge  Arrival Time(ps)    Instance detail                                     
   ----------------------------------------------------------------------------------------------------------------------------------------------------------------
   i_clk                       CLOCK-PORT    -                      -     launch     r               0                                                           
   i_clk                       Clock net     2           (fanout=516)       2159                     -                                                           
   RBB_15/CLK                  RBB_6L       15   [TILE 0 0, RBB 1 16]          -     r            2159                                                           
   ----------------------------------------------------------------------------------------------------------------------------------------------------------------
   RBB_15/AQ                   RBB_6L       15   [TILE 0 0, RBB 1 16]        800     r            2959     {inst112: scl_sync_FDSE_Q (FDR,site=aff)}             
   scl_sync[2]                 Net          20             (fanout=5)       1414                     -                                                           
   RBB_35/D1                   RBB_6L       35   [TILE 0 0, RBB 1 12]          -     r            4373                                                           
   RBB_35/D                    RBB_6L       35   [TILE 0 0, RBB 1 12]        694     r            5067     {inst115: scl_sync_LUT2_I0 (LUT,site=dlut)}           
   read_request_LUT4_I0_I1[3]  Net          97             (fanout=6)        920                     -                                                           
   RBB_20/B5                   RBB_6L       20   [TILE 0 0, RBB 4 14]          -     r            5987                                                           
   RBB_20/B                    RBB_6L       20   [TILE 0 0, RBB 4 14]        745     r            6732     {inst105: rx_shift_FDRE_Q_CE_LUT5_O (LUT,site=blut)}  
   rx_shift_FDRE_Q_CE[1]       Net         176             (fanout=6)        572                     -                                                           
   RBB_20/A3                   RBB_6L       20   [TILE 0 0, RBB 4 14]          -     r            7304                                                           
   RBB_20/AMUX                 RBB_6L       20   [TILE 0 0, RBB 4 14]        804     r            8108     {inst57: o_data_rx_FDRE_Q_CE_LUT2_O (LUT,site=aluto)} 
   o_data_rx_FDRE_Q_CE         Net          40             (fanout=6)       1318                     -                                                           
   RBB_24/A6                   RBB_6L       24  [TILE 0 0, RBB 10 18]          -     r            9426     {<CE>inst49: o_data_rx_FDRE_Q (FDRE,site=dffo)}       
   ----------------------------------------------------------------------------------------------------------------------------------------------------------------
   RBB_24/CLK                  RBB_6L       24  [TILE 0 0, RBB 10 18]        326     r            9752                                                           
   i_clk                       Clock net     2           (fanout=516)      -2357                     -                                                           
   i_clk                       CLOCK-PORT    -                      -    capture     r            7395                                                           
   ----------------------------------------------------------------------------------------------------------------------------------------------------------------


Path 51:
   Slack (not met):                         -5446ps
     Path type:                               SETUP
     Group:                            <UDEF_i_clk>
     Launching clock:                         i_clk (rising edge)
     Capturing clock:                         i_clk (rising edge)

     Requested period:                       2000ps
   + Delay of the capturing clock:           2335ps
   - Clock uncertainty:                       150ps
   = Required time:                          4185ps
   - Propagation time:                       7456ps (57.3% logic, 42.7% route, logic stage 3)
   - Delay of the launching clock:           2175ps
   = Slack:                                 -5446ps

   Instance/Pin or Net Name                   Type         ID    Location or Fanout   Delay(ps)  Edge  Arrival Time(ps)    Instance detail                                                                                                      
   -----------------------------------------------------------------------------------------------------------------------------------------------------------------------------------------------------------------------------------------------
   i_clk                                      CLOCK-PORT    -                     -     launch     r               0                                                                                                                            
   i_clk                                      Clock net     2          (fanout=516)       2175                     -                                                                                                                            
   RBB_20/CLK                                 RBB_6L       20  [TILE 0 0, RBB 4 14]          -     r            2175                                                                                                                            
   -----------------------------------------------------------------------------------------------------------------------------------------------------------------------------------------------------------------------------------------------
   RBB_20/CMUX                                RBB_6L       20  [TILE 0 0, RBB 4 14]       1379     r            3554     {inst135: state_FDRE_Q_3 (FDRE,site=cffo)}                                                                             
   i_en_LUT5_I0_I3[1]                         Net          55           (fanout=14)        811                     -                                                                                                                            
   RBB_10/A1                                  RBB_6L       10  [TILE 0 0, RBB 7 14]          -     r            4365                                                                                                                            
   RBB_10/CQ                                  RBB_6L       10  [TILE 0 0, RBB 7 14]       1291     r            5656     {inst34: i_en_LUT5_I0_O_LUT4_O_I0_CARRY4_CO (CARRY4)}                                                                  
   i_en_LUT5_I0_O_LUT4_O_I0_CARRY4_CO_O_1[2]  Net         148           (fanout=12)       1191                     -                                                                                                                            
   RBB_21/D1                                  RBB_6L       21  [TILE 0 0, RBB 4 12]          -     r            6847                                                                                                                            
   RBB_21/D                                   RBB_6L       21  [TILE 0 0, RBB 4 12]        703     r            7550     {inst75: read_request_LUT4_I0_1_I3_LUT4_I2_O_LUT4_O (LUT,site=dlut)}                                                   
   read_request_LUT4_I0_1_I3_LUT4_I2_O[0]     Net          57            (fanout=4)       1182                     -                                                                                                                            
   RBB_16/D3                                  RBB_6L       16  [TILE 0 0, RBB 7 16]          -     r            8732     {inst76: read_request_LUT4_I0_1_I3_LUT4_I2_O_LUT6_I4 (LUT,site=dlut,dluto)} {inst26: bit_count_FDSE_Q (FDRE,site=dff)} 
   -----------------------------------------------------------------------------------------------------------------------------------------------------------------------------------------------------------------------------------------------
   RBB_16/CLK                                 RBB_6L       16  [TILE 0 0, RBB 7 16]        899     r            9631                                                                                                                            
   i_clk                                      Clock net     2          (fanout=516)      -2335                     -                                                                                                                            
   i_clk                                      CLOCK-PORT    -                     -    capture     r            7296                                                                                                                            
   -----------------------------------------------------------------------------------------------------------------------------------------------------------------------------------------------------------------------------------------------


Path 55:
   Slack (not met):                         -5403ps
     Path type:                               SETUP
     Group:                            <UDEF_i_clk>
     Launching clock:                         i_clk (rising edge)
     Capturing clock:                         i_clk (rising edge)

     Requested period:                       2000ps
   + Delay of the capturing clock:           2311ps
   - Clock uncertainty:                       150ps
   = Required time:                          4161ps
   - Propagation time:                       7389ps (57.7% logic, 42.3% route, logic stage 3)
   - Delay of the launching clock:           2175ps
   = Slack:                                 -5403ps

   Instance/Pin or Net Name                   Type         ID    Location or Fanout   Delay(ps)  Edge  Arrival Time(ps)    Instance detail                                                                                   
   ----------------------------------------------------------------------------------------------------------------------------------------------------------------------------------------------------------------------------
   i_clk                                      CLOCK-PORT    -                     -     launch     r               0                                                                                                         
   i_clk                                      Clock net     2          (fanout=516)       2175                     -                                                                                                         
   RBB_20/CLK                                 RBB_6L       20  [TILE 0 0, RBB 4 14]          -     r            2175                                                                                                         
   ----------------------------------------------------------------------------------------------------------------------------------------------------------------------------------------------------------------------------
   RBB_20/CMUX                                RBB_6L       20  [TILE 0 0, RBB 4 14]       1379     r            3554     {inst135: state_FDRE_Q_3 (FDRE,site=cffo)}                                                          
   i_en_LUT5_I0_I3[1]                         Net          55           (fanout=14)        811                     -                                                                                                         
   RBB_10/A1                                  RBB_6L       10  [TILE 0 0, RBB 7 14]          -     r            4365                                                                                                         
   RBB_10/BQ                                  RBB_6L       10  [TILE 0 0, RBB 7 14]       1295     r            5660     {inst34: i_en_LUT5_I0_O_LUT4_O_I0_CARRY4_CO (CARRY4)}                                               
   i_en_LUT5_I0_O_LUT4_O_I0_CARRY4_CO_O_2[2]  Net         152           (fanout=17)       1337                     -                                                                                                         
   RBB_22/D5                                  RBB_6L       22  [TILE 0 0, RBB 4 20]          -     r            6997                                                                                                         
   RBB_22/D                                   RBB_6L       22  [TILE 0 0, RBB 4 20]        616     r            7613     {inst153: tx_shift_FDRE_Q_2_D_MUXF8_O_I1_MUXF7_O (LUT,site=dlut)}                                   
   tx_shift_FDRE_Q_2_D_MUXF8_O_I1             Net         122            (fanout=1)        975                     -                                                                                                         
   RBB_23/D2                                  RBB_6L       23  [TILE 0 0, RBB 4 24]          -     r            8588     {inst150: tx_shift_FDRE_Q_2_D_MUXF8_O (LUT,site=dlut)} {inst149: tx_shift_FDRE_Q_2 (FDRE,site=dff)} 
   ----------------------------------------------------------------------------------------------------------------------------------------------------------------------------------------------------------------------------
   RBB_23/CLK                                 RBB_6L       23  [TILE 0 0, RBB 4 24]        976     r            9564                                                                                                         
   i_clk                                      Clock net     2          (fanout=516)      -2311                     -                                                                                                         
   i_clk                                      CLOCK-PORT    -                     -    capture     r            7253                                                                                                         
   ----------------------------------------------------------------------------------------------------------------------------------------------------------------------------------------------------------------------------


Path 54:
   Slack (not met):                         -5346ps
     Path type:                               SETUP
     Group:                            <UDEF_i_clk>
     Launching clock:                         i_clk (rising edge)
     Capturing clock:                         i_clk (rising edge)

     Requested period:                       2000ps
   + Delay of the capturing clock:           2335ps
   - Clock uncertainty:                       150ps
   = Required time:                          4185ps
   - Propagation time:                       7356ps (56.1% logic, 43.9% route, logic stage 3)
   - Delay of the launching clock:           2175ps
   = Slack:                                 -5346ps

   Instance/Pin or Net Name                   Type         ID    Location or Fanout   Delay(ps)  Edge  Arrival Time(ps)    Instance detail                                                                                                          
   ---------------------------------------------------------------------------------------------------------------------------------------------------------------------------------------------------------------------------------------------------
   i_clk                                      CLOCK-PORT    -                     -     launch     r               0                                                                                                                                
   i_clk                                      Clock net     2          (fanout=516)       2175                     -                                                                                                                                
   RBB_20/CLK                                 RBB_6L       20  [TILE 0 0, RBB 4 14]          -     r            2175                                                                                                                                
   ---------------------------------------------------------------------------------------------------------------------------------------------------------------------------------------------------------------------------------------------------
   RBB_20/CMUX                                RBB_6L       20  [TILE 0 0, RBB 4 14]       1379     r            3554     {inst135: state_FDRE_Q_3 (FDRE,site=cffo)}                                                                                 
   i_en_LUT5_I0_I3[1]                         Net          55           (fanout=14)        811                     -                                                                                                                                
   RBB_10/A1                                  RBB_6L       10  [TILE 0 0, RBB 7 14]          -     r            4365                                                                                                                                
   RBB_10/CQ                                  RBB_6L       10  [TILE 0 0, RBB 7 14]       1291     r            5656     {inst34: i_en_LUT5_I0_O_LUT4_O_I0_CARRY4_CO (CARRY4)}                                                                      
   i_en_LUT5_I0_O_LUT4_O_I0_CARRY4_CO_O_1[2]  Net         148           (fanout=12)       1191                     -                                                                                                                                
   RBB_21/D1                                  RBB_6L       21  [TILE 0 0, RBB 4 12]          -     r            6847                                                                                                                                
   RBB_21/D                                   RBB_6L       21  [TILE 0 0, RBB 4 12]        703     r            7550     {inst75: read_request_LUT4_I0_1_I3_LUT4_I2_O_LUT4_O (LUT,site=dlut)}                                                       
   read_request_LUT4_I0_1_I3_LUT4_I2_O[0]     Net          57            (fanout=4)       1227                     -                                                                                                                                
   RBB_16/C3                                  RBB_6L       16  [TILE 0 0, RBB 7 16]          -     r            8777     {inst77: read_request_LUT4_I0_1_I3_LUT4_I2_O_LUT6_I4_1 (LUT,site=clut,cluto)} {inst27: bit_count_FDSE_Q_1 (FDRE,site=cff)} 
   ---------------------------------------------------------------------------------------------------------------------------------------------------------------------------------------------------------------------------------------------------
   RBB_16/CLK                                 RBB_6L       16  [TILE 0 0, RBB 7 16]        754     r            9531                                                                                                                                
   i_clk                                      Clock net     2          (fanout=516)      -2335                     -                                                                                                                                
   i_clk                                      CLOCK-PORT    -                     -    capture     r            7196                                                                                                                                
   ---------------------------------------------------------------------------------------------------------------------------------------------------------------------------------------------------------------------------------------------------


Path 52:
   Slack (not met):                         -5153ps
     Path type:                               SETUP
     Group:                            <UDEF_i_clk>
     Launching clock:                         i_clk (rising edge)
     Capturing clock:                         i_clk (rising edge)

     Requested period:                       2000ps
   + Delay of the capturing clock:           2347ps
   - Clock uncertainty:                       150ps
   = Required time:                          4197ps
   - Propagation time:                       7175ps (59.0% logic, 41.0% route, logic stage 3)
   - Delay of the launching clock:           2175ps
   = Slack:                                 -5153ps

   Instance/Pin or Net Name                   Type         ID     Location or Fanout   Delay(ps)  Edge  Arrival Time(ps)    Instance detail                                                                                                          
   ----------------------------------------------------------------------------------------------------------------------------------------------------------------------------------------------------------------------------------------------------
   i_clk                                      CLOCK-PORT    -                      -     launch     r               0                                                                                                                                
   i_clk                                      Clock net     2           (fanout=516)       2175                     -                                                                                                                                
   RBB_20/CLK                                 RBB_6L       20   [TILE 0 0, RBB 4 14]          -     r            2175                                                                                                                                
   ----------------------------------------------------------------------------------------------------------------------------------------------------------------------------------------------------------------------------------------------------
   RBB_20/CMUX                                RBB_6L       20   [TILE 0 0, RBB 4 14]       1379     r            3554     {inst135: state_FDRE_Q_3 (FDRE,site=cffo)}                                                                                 
   i_en_LUT5_I0_I3[1]                         Net          55            (fanout=14)        811                     -                                                                                                                                
   RBB_10/A1                                  RBB_6L       10   [TILE 0 0, RBB 7 14]          -     r            4365                                                                                                                                
   RBB_10/CQ                                  RBB_6L       10   [TILE 0 0, RBB 7 14]       1291     r            5656     {inst34: i_en_LUT5_I0_O_LUT4_O_I0_CARRY4_CO (CARRY4)}                                                                      
   i_en_LUT5_I0_O_LUT4_O_I0_CARRY4_CO_O_1[2]  Net         148            (fanout=12)       1191                     -                                                                                                                                
   RBB_21/D1                                  RBB_6L       21   [TILE 0 0, RBB 4 12]          -     r            6847                                                                                                                                
   RBB_21/D                                   RBB_6L       21   [TILE 0 0, RBB 4 12]        703     r            7550     {inst75: read_request_LUT4_I0_1_I3_LUT4_I2_O_LUT4_O (LUT,site=dlut)}                                                       
   read_request_LUT4_I0_1_I3_LUT4_I2_O[0]     Net          57             (fanout=4)        939                     -                                                                                                                                
   RBB_17/D3                                  RBB_6L       17  [TILE 0 0, RBB 10 14]          -     r            8489     {inst83: read_request_LUT4_I0_1_I3_LUT4_I2_O_LUT6_I4_2 (LUT,site=dlut,dluto)} {inst28: bit_count_FDSE_Q_2 (FDRE,site=dff)} 
   ----------------------------------------------------------------------------------------------------------------------------------------------------------------------------------------------------------------------------------------------------
   RBB_17/CLK                                 RBB_6L       17  [TILE 0 0, RBB 10 14]        861     r            9350                                                                                                                                
   i_clk                                      Clock net     2           (fanout=516)      -2347                     -                                                                                                                                
   i_clk                                      CLOCK-PORT    -                      -    capture     r            7003                                                                                                                                
   ----------------------------------------------------------------------------------------------------------------------------------------------------------------------------------------------------------------------------------------------------


Path 346:
   Slack (not met):                         -4777ps
     Path type:                               SETUP
     Group:                            <UDEF_i_clk>
     Launching clock:                         i_clk (rising edge)
     Capturing clock:                         i_clk (rising edge)

     Requested period:                       2000ps
   + Delay of the capturing clock:           2318ps
   - Clock uncertainty:                       150ps
   = Required time:                          4168ps
   - Propagation time:                       6786ps (45.1% logic, 54.9% route, logic stage 3)
   - Delay of the launching clock:           2159ps
   = Slack:                                 -4777ps

   Instance/Pin or Net Name    Type         ID    Location or Fanout   Delay(ps)  Edge  Arrival Time(ps)    Instance detail                                    
   --------------------------------------------------------------------------------------------------------------------------------------------------------------
   i_clk                       CLOCK-PORT    -                     -     launch     r               0                                                          
   i_clk                       Clock net     2          (fanout=516)       2159                     -                                                          
   RBB_15/CLK                  RBB_6L       15  [TILE 0 0, RBB 1 16]          -     r            2159                                                          
   --------------------------------------------------------------------------------------------------------------------------------------------------------------
   RBB_15/AQ                   RBB_6L       15  [TILE 0 0, RBB 1 16]        800     r            2959     {inst112: scl_sync_FDSE_Q (FDR,site=aff)}            
   scl_sync[2]                 Net          20            (fanout=5)       1414                     -                                                          
   RBB_35/D1                   RBB_6L       35  [TILE 0 0, RBB 1 12]          -     r            4373                                                          
   RBB_35/D                    RBB_6L       35  [TILE 0 0, RBB 1 12]        694     r            5067     {inst115: scl_sync_LUT2_I0 (LUT,site=dlut)}          
   read_request_LUT4_I0_I1[3]  Net          97            (fanout=6)        920                     -                                                          
   RBB_20/B5                   RBB_6L       20  [TILE 0 0, RBB 4 14]          -     r            5987                                                          
   RBB_20/B                    RBB_6L       20  [TILE 0 0, RBB 4 14]        745     r            6732     {inst105: rx_shift_FDRE_Q_CE_LUT5_O (LUT,site=blut)} 
   rx_shift_FDRE_Q_CE[1]       Net         176            (fanout=6)       1391                     -                                                          
   RBB_25/A6                   RBB_6L       25  [TILE 0 0, RBB 1 20]          -     r            8123     {<CE>inst104: rx_shift_FDRE_Q_6 (FDRE,site=cff)}     
   --------------------------------------------------------------------------------------------------------------------------------------------------------------
   RBB_25/CLK                  RBB_6L       25  [TILE 0 0, RBB 1 20]        822     r            8945                                                          
   i_clk                       Clock net     2          (fanout=516)      -2318                     -                                                          
   i_clk                       CLOCK-PORT    -                     -    capture     r            6627                                                          
   --------------------------------------------------------------------------------------------------------------------------------------------------------------


Path 347:
   Slack (not met):                         -4602ps
     Path type:                               SETUP
     Group:                            <UDEF_i_clk>
     Launching clock:                         i_clk (rising edge)
     Capturing clock:                         i_clk (rising edge)

     Requested period:                       2000ps
   + Delay of the capturing clock:           2347ps
   - Clock uncertainty:                       150ps
   = Required time:                          4197ps
   - Propagation time:                       6640ps (48.1% logic, 51.9% route, logic stage 3)
   - Delay of the launching clock:           2159ps
   = Slack:                                 -4602ps

   Instance/Pin or Net Name    Type         ID     Location or Fanout   Delay(ps)  Edge  Arrival Time(ps)    Instance detail                                    
   ---------------------------------------------------------------------------------------------------------------------------------------------------------------
   i_clk                       CLOCK-PORT    -                      -     launch     r               0                                                          
   i_clk                       Clock net     2           (fanout=516)       2159                     -                                                          
   RBB_15/CLK                  RBB_6L       15   [TILE 0 0, RBB 1 16]          -     r            2159                                                          
   ---------------------------------------------------------------------------------------------------------------------------------------------------------------
   RBB_15/AQ                   RBB_6L       15   [TILE 0 0, RBB 1 16]        800     r            2959     {inst112: scl_sync_FDSE_Q (FDR,site=aff)}            
   scl_sync[2]                 Net          20             (fanout=5)       1414                     -                                                          
   RBB_35/D1                   RBB_6L       35   [TILE 0 0, RBB 1 12]          -     r            4373                                                          
   RBB_35/D                    RBB_6L       35   [TILE 0 0, RBB 1 12]        694     r            5067     {inst115: scl_sync_LUT2_I0 (LUT,site=dlut)}          
   read_request_LUT4_I0_I1[3]  Net          97             (fanout=6)        920                     -                                                          
   RBB_20/B5                   RBB_6L       20   [TILE 0 0, RBB 4 14]          -     r            5987                                                          
   RBB_20/B                    RBB_6L       20   [TILE 0 0, RBB 4 14]        745     r            6732     {inst105: rx_shift_FDRE_Q_CE_LUT5_O (LUT,site=blut)} 
   rx_shift_FDRE_Q_CE[1]       Net         176             (fanout=6)       1113                     -                                                          
   RBB_11/A6                   RBB_6L       11  [TILE 0 0, RBB 10 12]          -     r            7845     {<CE>inst102: rx_shift_FDRE_Q_4 (FDRE,site=dff)}     
   ---------------------------------------------------------------------------------------------------------------------------------------------------------------
   RBB_11/CLK                  RBB_6L       11  [TILE 0 0, RBB 10 12]        954     r            8799                                                          
   i_clk                       Clock net     2           (fanout=516)      -2347                     -                                                          
   i_clk                       CLOCK-PORT    -                      -    capture     r            6452                                                          
   ---------------------------------------------------------------------------------------------------------------------------------------------------------------


Path 348:
   Slack (not met):                         -4602ps
     Path type:                               SETUP
     Group:                            <UDEF_i_clk>
     Launching clock:                         i_clk (rising edge)
     Capturing clock:                         i_clk (rising edge)

     Requested period:                       2000ps
   + Delay of the capturing clock:           2347ps
   - Clock uncertainty:                       150ps
   = Required time:                          4197ps
   - Propagation time:                       6640ps (48.1% logic, 51.9% route, logic stage 3)
   - Delay of the launching clock:           2159ps
   = Slack:                                 -4602ps

   Instance/Pin or Net Name    Type         ID     Location or Fanout   Delay(ps)  Edge  Arrival Time(ps)    Instance detail                                    
   ---------------------------------------------------------------------------------------------------------------------------------------------------------------
   i_clk                       CLOCK-PORT    -                      -     launch     r               0                                                          
   i_clk                       Clock net     2           (fanout=516)       2159                     -                                                          
   RBB_15/CLK                  RBB_6L       15   [TILE 0 0, RBB 1 16]          -     r            2159                                                          
   ---------------------------------------------------------------------------------------------------------------------------------------------------------------
   RBB_15/AQ                   RBB_6L       15   [TILE 0 0, RBB 1 16]        800     r            2959     {inst112: scl_sync_FDSE_Q (FDR,site=aff)}            
   scl_sync[2]                 Net          20             (fanout=5)       1414                     -                                                          
   RBB_35/D1                   RBB_6L       35   [TILE 0 0, RBB 1 12]          -     r            4373                                                          
   RBB_35/D                    RBB_6L       35   [TILE 0 0, RBB 1 12]        694     r            5067     {inst115: scl_sync_LUT2_I0 (LUT,site=dlut)}          
   read_request_LUT4_I0_I1[3]  Net          97             (fanout=6)        920                     -                                                          
   RBB_20/B5                   RBB_6L       20   [TILE 0 0, RBB 4 14]          -     r            5987                                                          
   RBB_20/B                    RBB_6L       20   [TILE 0 0, RBB 4 14]        745     r            6732     {inst105: rx_shift_FDRE_Q_CE_LUT5_O (LUT,site=blut)} 
   rx_shift_FDRE_Q_CE[1]       Net         176             (fanout=6)       1113                     -                                                          
   RBB_11/A6                   RBB_6L       11  [TILE 0 0, RBB 10 12]          -     r            7845     {<CE>inst103: rx_shift_FDRE_Q_5 (FDRE,site=aff)}     
   ---------------------------------------------------------------------------------------------------------------------------------------------------------------
   RBB_11/CLK                  RBB_6L       11  [TILE 0 0, RBB 10 12]        954     r            8799                                                          
   i_clk                       Clock net     2           (fanout=516)      -2347                     -                                                          
   i_clk                       CLOCK-PORT    -                      -    capture     r            6452                                                          
   ---------------------------------------------------------------------------------------------------------------------------------------------------------------


Path 349:
   Slack (not met):                         -4553ps
     Path type:                               SETUP
     Group:                            <UDEF_i_clk>
     Launching clock:                         i_clk (rising edge)
     Capturing clock:                         i_clk (rising edge)

     Requested period:                       2000ps
   + Delay of the capturing clock:           2319ps
   - Clock uncertainty:                       150ps
   = Required time:                          4169ps
   - Propagation time:                       6563ps (46.6% logic, 53.4% route, logic stage 3)
   - Delay of the launching clock:           2159ps
   = Slack:                                 -4553ps

   Instance/Pin or Net Name    Type         ID    Location or Fanout   Delay(ps)  Edge  Arrival Time(ps)    Instance detail                                    
   --------------------------------------------------------------------------------------------------------------------------------------------------------------
   i_clk                       CLOCK-PORT    -                     -     launch     r               0                                                          
   i_clk                       Clock net     2          (fanout=516)       2159                     -                                                          
   RBB_15/CLK                  RBB_6L       15  [TILE 0 0, RBB 1 16]          -     r            2159                                                          
   --------------------------------------------------------------------------------------------------------------------------------------------------------------
   RBB_15/AQ                   RBB_6L       15  [TILE 0 0, RBB 1 16]        800     r            2959     {inst112: scl_sync_FDSE_Q (FDR,site=aff)}            
   scl_sync[2]                 Net          20            (fanout=5)       1414                     -                                                          
   RBB_35/D1                   RBB_6L       35  [TILE 0 0, RBB 1 12]          -     r            4373                                                          
   RBB_35/D                    RBB_6L       35  [TILE 0 0, RBB 1 12]        694     r            5067     {inst115: scl_sync_LUT2_I0 (LUT,site=dlut)}          
   read_request_LUT4_I0_I1[3]  Net          97            (fanout=6)        920                     -                                                          
   RBB_20/B5                   RBB_6L       20  [TILE 0 0, RBB 4 14]          -     r            5987                                                          
   RBB_20/B                    RBB_6L       20  [TILE 0 0, RBB 4 14]        745     r            6732     {inst105: rx_shift_FDRE_Q_CE_LUT5_O (LUT,site=blut)} 
   rx_shift_FDRE_Q_CE[1]       Net         176            (fanout=6)       1168                     -                                                          
   RBB_34/A6                   RBB_6L       34  [TILE 0 0, RBB 1 18]          -     r            7900     {<CE>inst98: rx_shift_FDRE_Q (FDRE,site=cff)}        
   --------------------------------------------------------------------------------------------------------------------------------------------------------------
   RBB_34/CLK                  RBB_6L       34  [TILE 0 0, RBB 1 18]        822     r            8722                                                          
   i_clk                       Clock net     2          (fanout=516)      -2319                     -                                                          
   i_clk                       CLOCK-PORT    -                     -    capture     r            6403                                                          
   --------------------------------------------------------------------------------------------------------------------------------------------------------------


Path 350:
   Slack (not met):                         -4553ps
     Path type:                               SETUP
     Group:                            <UDEF_i_clk>
     Launching clock:                         i_clk (rising edge)
     Capturing clock:                         i_clk (rising edge)

     Requested period:                       2000ps
   + Delay of the capturing clock:           2319ps
   - Clock uncertainty:                       150ps
   = Required time:                          4169ps
   - Propagation time:                       6563ps (46.6% logic, 53.4% route, logic stage 3)
   - Delay of the launching clock:           2159ps
   = Slack:                                 -4553ps

   Instance/Pin or Net Name    Type         ID    Location or Fanout   Delay(ps)  Edge  Arrival Time(ps)    Instance detail                                    
   --------------------------------------------------------------------------------------------------------------------------------------------------------------
   i_clk                       CLOCK-PORT    -                     -     launch     r               0                                                          
   i_clk                       Clock net     2          (fanout=516)       2159                     -                                                          
   RBB_15/CLK                  RBB_6L       15  [TILE 0 0, RBB 1 16]          -     r            2159                                                          
   --------------------------------------------------------------------------------------------------------------------------------------------------------------
   RBB_15/AQ                   RBB_6L       15  [TILE 0 0, RBB 1 16]        800     r            2959     {inst112: scl_sync_FDSE_Q (FDR,site=aff)}            
   scl_sync[2]                 Net          20            (fanout=5)       1414                     -                                                          
   RBB_35/D1                   RBB_6L       35  [TILE 0 0, RBB 1 12]          -     r            4373                                                          
   RBB_35/D                    RBB_6L       35  [TILE 0 0, RBB 1 12]        694     r            5067     {inst115: scl_sync_LUT2_I0 (LUT,site=dlut)}          
   read_request_LUT4_I0_I1[3]  Net          97            (fanout=6)        920                     -                                                          
   RBB_20/B5                   RBB_6L       20  [TILE 0 0, RBB 4 14]          -     r            5987                                                          
   RBB_20/B                    RBB_6L       20  [TILE 0 0, RBB 4 14]        745     r            6732     {inst105: rx_shift_FDRE_Q_CE_LUT5_O (LUT,site=blut)} 
   rx_shift_FDRE_Q_CE[1]       Net         176            (fanout=6)       1168                     -                                                          
   RBB_34/A6                   RBB_6L       34  [TILE 0 0, RBB 1 18]          -     r            7900     {<CE>inst100: rx_shift_FDRE_Q_2 (FDRE,site=aff)}     
   --------------------------------------------------------------------------------------------------------------------------------------------------------------
   RBB_34/CLK                  RBB_6L       34  [TILE 0 0, RBB 1 18]        822     r            8722                                                          
   i_clk                       Clock net     2          (fanout=516)      -2319                     -                                                          
   i_clk                       CLOCK-PORT    -                     -    capture     r            6403                                                          
   --------------------------------------------------------------------------------------------------------------------------------------------------------------


Path 351:
   Slack (not met):                         -4553ps
     Path type:                               SETUP
     Group:                            <UDEF_i_clk>
     Launching clock:                         i_clk (rising edge)
     Capturing clock:                         i_clk (rising edge)

     Requested period:                       2000ps
   + Delay of the capturing clock:           2319ps
   - Clock uncertainty:                       150ps
   = Required time:                          4169ps
   - Propagation time:                       6563ps (46.6% logic, 53.4% route, logic stage 3)
   - Delay of the launching clock:           2159ps
   = Slack:                                 -4553ps

   Instance/Pin or Net Name    Type         ID    Location or Fanout   Delay(ps)  Edge  Arrival Time(ps)    Instance detail                                    
   --------------------------------------------------------------------------------------------------------------------------------------------------------------
   i_clk                       CLOCK-PORT    -                     -     launch     r               0                                                          
   i_clk                       Clock net     2          (fanout=516)       2159                     -                                                          
   RBB_15/CLK                  RBB_6L       15  [TILE 0 0, RBB 1 16]          -     r            2159                                                          
   --------------------------------------------------------------------------------------------------------------------------------------------------------------
   RBB_15/AQ                   RBB_6L       15  [TILE 0 0, RBB 1 16]        800     r            2959     {inst112: scl_sync_FDSE_Q (FDR,site=aff)}            
   scl_sync[2]                 Net          20            (fanout=5)       1414                     -                                                          
   RBB_35/D1                   RBB_6L       35  [TILE 0 0, RBB 1 12]          -     r            4373                                                          
   RBB_35/D                    RBB_6L       35  [TILE 0 0, RBB 1 12]        694     r            5067     {inst115: scl_sync_LUT2_I0 (LUT,site=dlut)}          
   read_request_LUT4_I0_I1[3]  Net          97            (fanout=6)        920                     -                                                          
   RBB_20/B5                   RBB_6L       20  [TILE 0 0, RBB 4 14]          -     r            5987                                                          
   RBB_20/B                    RBB_6L       20  [TILE 0 0, RBB 4 14]        745     r            6732     {inst105: rx_shift_FDRE_Q_CE_LUT5_O (LUT,site=blut)} 
   rx_shift_FDRE_Q_CE[1]       Net         176            (fanout=6)       1168                     -                                                          
   RBB_34/A6                   RBB_6L       34  [TILE 0 0, RBB 1 18]          -     r            7900     {<CE>inst99: rx_shift_FDRE_Q_1 (FDRE,site=bff)}      
   --------------------------------------------------------------------------------------------------------------------------------------------------------------
   RBB_34/CLK                  RBB_6L       34  [TILE 0 0, RBB 1 18]        822     r            8722                                                          
   i_clk                       Clock net     2          (fanout=516)      -2319                     -                                                          
   i_clk                       CLOCK-PORT    -                     -    capture     r            6403                                                          
   --------------------------------------------------------------------------------------------------------------------------------------------------------------


Path 352:
   Slack (not met):                         -4266ps
     Path type:                               SETUP
     Group:                            <UDEF_i_clk>
     Launching clock:                         i_clk (rising edge)
     Capturing clock:                         i_clk (rising edge)

     Requested period:                       2000ps
   + Delay of the capturing clock:           2334ps
   - Clock uncertainty:                       150ps
   = Required time:                          4184ps
   - Propagation time:                       6291ps (48.7% logic, 51.3% route, logic stage 3)
   - Delay of the launching clock:           2159ps
   = Slack:                                 -4266ps

   Instance/Pin or Net Name    Type         ID    Location or Fanout   Delay(ps)  Edge  Arrival Time(ps)    Instance detail                                    
   --------------------------------------------------------------------------------------------------------------------------------------------------------------
   i_clk                       CLOCK-PORT    -                     -     launch     r               0                                                          
   i_clk                       Clock net     2          (fanout=516)       2159                     -                                                          
   RBB_15/CLK                  RBB_6L       15  [TILE 0 0, RBB 1 16]          -     r            2159                                                          
   --------------------------------------------------------------------------------------------------------------------------------------------------------------
   RBB_15/AQ                   RBB_6L       15  [TILE 0 0, RBB 1 16]        800     r            2959     {inst112: scl_sync_FDSE_Q (FDR,site=aff)}            
   scl_sync[2]                 Net          20            (fanout=5)       1414                     -                                                          
   RBB_35/D1                   RBB_6L       35  [TILE 0 0, RBB 1 12]          -     r            4373                                                          
   RBB_35/D                    RBB_6L       35  [TILE 0 0, RBB 1 12]        694     r            5067     {inst115: scl_sync_LUT2_I0 (LUT,site=dlut)}          
   read_request_LUT4_I0_I1[3]  Net          97            (fanout=6)        920                     -                                                          
   RBB_20/B5                   RBB_6L       20  [TILE 0 0, RBB 4 14]          -     r            5987                                                          
   RBB_20/B                    RBB_6L       20  [TILE 0 0, RBB 4 14]        745     r            6732     {inst105: rx_shift_FDRE_Q_CE_LUT5_O (LUT,site=blut)} 
   rx_shift_FDRE_Q_CE[1]       Net         176            (fanout=6)        896                     -                                                          
   RBB_18/A6                   RBB_6L       18  [TILE 0 0, RBB 7 18]          -     r            7628     {<CE>inst101: rx_shift_FDRE_Q_3 (FDRE,site=cff)}     
   --------------------------------------------------------------------------------------------------------------------------------------------------------------
   RBB_18/CLK                  RBB_6L       18  [TILE 0 0, RBB 7 18]        822     r            8450                                                          
   i_clk                       Clock net     2          (fanout=516)      -2334                     -                                                          
   i_clk                       CLOCK-PORT    -                     -    capture     r            6116                                                          
   --------------------------------------------------------------------------------------------------------------------------------------------------------------


Path 67:
   Slack (not met):                         -4136ps
     Path type:                               SETUP
     Group:                            <UDEF_i_clk>
     Launching clock:                         i_clk (rising edge)
     Capturing clock:                         i_clk (rising edge)

     Requested period:                       2000ps
   + Delay of the capturing clock:           2311ps
   - Clock uncertainty:                       150ps
   = Required time:                          4161ps
   - Propagation time:                       6122ps (58.6% logic, 41.4% route, logic stage 2)
   - Delay of the launching clock:           2175ps
   = Slack:                                 -4136ps

   Instance/Pin or Net Name     Type         ID     Location or Fanout   Delay(ps)  Edge  Arrival Time(ps)    Instance detail                                                                                     
   -----------------------------------------------------------------------------------------------------------------------------------------------------------------------------------------------------------------
   i_clk                        CLOCK-PORT    -                      -     launch     r               0                                                                                                           
   i_clk                        Clock net     2           (fanout=516)       2175                     -                                                                                                           
   RBB_20/CLK                   RBB_6L       20   [TILE 0 0, RBB 4 14]          -     r            2175                                                                                                           
   -----------------------------------------------------------------------------------------------------------------------------------------------------------------------------------------------------------------
   RBB_20/CMUX                  RBB_6L       20   [TILE 0 0, RBB 4 14]       1379     r            3554     {inst135: state_FDRE_Q_3 (FDRE,site=cffo)}                                                            
   i_en_LUT5_I0_I3[1]           Net          55            (fanout=14)        877                     -                                                                                                           
   RBB_17/C4                    RBB_6L       17  [TILE 0 0, RBB 10 14]          -     r            4431                                                                                                           
   RBB_17/CMUX                  RBB_6L       17  [TILE 0 0, RBB 10 14]        786     r            5217     {inst183: tx_shift_FDRE_Q_D_MUXF8_O_S_INV_O (LUT,site=cluto)}                                         
   tx_shift_FDRE_Q_D_MUXF8_O_S  Net         100             (fanout=6)       1658                     -                                                                                                           
   RBB_23/C5                    RBB_6L       23   [TILE 0 0, RBB 4 24]          -     r            6875     {inst165: tx_shift_FDRE_Q_5_D_MUXF8_O (LUT,site=cluto)} {inst164: tx_shift_FDRE_Q_5 (FDRE,site=cffo)} 
   -----------------------------------------------------------------------------------------------------------------------------------------------------------------------------------------------------------------
   RBB_23/CLK                   RBB_6L       23   [TILE 0 0, RBB 4 24]       1422     r            8297                                                                                                           
   i_clk                        Clock net     2           (fanout=516)      -2311                     -                                                                                                           
   i_clk                        CLOCK-PORT    -                      -    capture     r            5986                                                                                                           
   -----------------------------------------------------------------------------------------------------------------------------------------------------------------------------------------------------------------


Path 66:
   Slack (not met):                         -4125ps
     Path type:                               SETUP
     Group:                            <UDEF_i_clk>
     Launching clock:                         i_clk (rising edge)
     Capturing clock:                         i_clk (rising edge)

     Requested period:                       2000ps
   + Delay of the capturing clock:           2311ps
   - Clock uncertainty:                       150ps
   = Required time:                          4161ps
   - Propagation time:                       6111ps (58.5% logic, 41.5% route, logic stage 2)
   - Delay of the launching clock:           2175ps
   = Slack:                                 -4125ps

   Instance/Pin or Net Name     Type         ID     Location or Fanout   Delay(ps)  Edge  Arrival Time(ps)    Instance detail                                                                                     
   -----------------------------------------------------------------------------------------------------------------------------------------------------------------------------------------------------------------
   i_clk                        CLOCK-PORT    -                      -     launch     r               0                                                                                                           
   i_clk                        Clock net     2           (fanout=516)       2175                     -                                                                                                           
   RBB_20/CLK                   RBB_6L       20   [TILE 0 0, RBB 4 14]          -     r            2175                                                                                                           
   -----------------------------------------------------------------------------------------------------------------------------------------------------------------------------------------------------------------
   RBB_20/CMUX                  RBB_6L       20   [TILE 0 0, RBB 4 14]       1379     r            3554     {inst135: state_FDRE_Q_3 (FDRE,site=cffo)}                                                            
   i_en_LUT5_I0_I3[1]           Net          55            (fanout=14)        877                     -                                                                                                           
   RBB_17/C4                    RBB_6L       17  [TILE 0 0, RBB 10 14]          -     r            4431                                                                                                           
   RBB_17/CMUX                  RBB_6L       17  [TILE 0 0, RBB 10 14]        786     r            5217     {inst183: tx_shift_FDRE_Q_D_MUXF8_O_S_INV_O (LUT,site=cluto)}                                         
   tx_shift_FDRE_Q_D_MUXF8_O_S  Net         100             (fanout=6)       1658                     -                                                                                                           
   RBB_23/B5                    RBB_6L       23   [TILE 0 0, RBB 4 24]          -     r            6875     {inst175: tx_shift_FDRE_Q_7_D_MUXF8_O (LUT,site=bluto)} {inst174: tx_shift_FDRE_Q_7 (FDRE,site=bffo)} 
   -----------------------------------------------------------------------------------------------------------------------------------------------------------------------------------------------------------------
   RBB_23/CLK                   RBB_6L       23   [TILE 0 0, RBB 4 24]       1411     r            8286                                                                                                           
   i_clk                        Clock net     2           (fanout=516)      -2311                     -                                                                                                           
   i_clk                        CLOCK-PORT    -                      -    capture     r            5975                                                                                                           
   -----------------------------------------------------------------------------------------------------------------------------------------------------------------------------------------------------------------


Path 64:
   Slack (not met):                         -4087ps
     Path type:                               SETUP
     Group:                            <UDEF_i_clk>
     Launching clock:                         i_clk (rising edge)
     Capturing clock:                         i_clk (rising edge)

     Requested period:                       2000ps
   + Delay of the capturing clock:           2311ps
   - Clock uncertainty:                       150ps
   = Required time:                          4161ps
   - Propagation time:                       6073ps (58.3% logic, 41.7% route, logic stage 2)
   - Delay of the launching clock:           2175ps
   = Slack:                                 -4087ps

   Instance/Pin or Net Name     Type         ID     Location or Fanout   Delay(ps)  Edge  Arrival Time(ps)    Instance detail                                                                                     
   -----------------------------------------------------------------------------------------------------------------------------------------------------------------------------------------------------------------
   i_clk                        CLOCK-PORT    -                      -     launch     r               0                                                                                                           
   i_clk                        Clock net     2           (fanout=516)       2175                     -                                                                                                           
   RBB_20/CLK                   RBB_6L       20   [TILE 0 0, RBB 4 14]          -     r            2175                                                                                                           
   -----------------------------------------------------------------------------------------------------------------------------------------------------------------------------------------------------------------
   RBB_20/CMUX                  RBB_6L       20   [TILE 0 0, RBB 4 14]       1379     r            3554     {inst135: state_FDRE_Q_3 (FDRE,site=cffo)}                                                            
   i_en_LUT5_I0_I3[1]           Net          55            (fanout=14)        877                     -                                                                                                           
   RBB_17/C4                    RBB_6L       17  [TILE 0 0, RBB 10 14]          -     r            4431                                                                                                           
   RBB_17/CMUX                  RBB_6L       17  [TILE 0 0, RBB 10 14]        786     r            5217     {inst183: tx_shift_FDRE_Q_D_MUXF8_O_S_INV_O (LUT,site=cluto)}                                         
   tx_shift_FDRE_Q_D_MUXF8_O_S  Net         100             (fanout=6)       1658                     -                                                                                                           
   RBB_23/D5                    RBB_6L       23   [TILE 0 0, RBB 4 24]          -     r            6875     {inst155: tx_shift_FDRE_Q_3_D_MUXF8_O (LUT,site=dluto)} {inst154: tx_shift_FDRE_Q_3 (FDRE,site=dffo)} 
   -----------------------------------------------------------------------------------------------------------------------------------------------------------------------------------------------------------------
   RBB_23/CLK                   RBB_6L       23   [TILE 0 0, RBB 4 24]       1373     r            8248                                                                                                           
   i_clk                        Clock net     2           (fanout=516)      -2311                     -                                                                                                           
   i_clk                        CLOCK-PORT    -                      -    capture     r            5937                                                                                                           
   -----------------------------------------------------------------------------------------------------------------------------------------------------------------------------------------------------------------


Path 65:
   Slack (not met):                         -3989ps
     Path type:                               SETUP
     Group:                            <UDEF_i_clk>
     Launching clock:                         i_clk (rising edge)
     Capturing clock:                         i_clk (rising edge)

     Requested period:                       2000ps
   + Delay of the capturing clock:           2311ps
   - Clock uncertainty:                       150ps
   = Required time:                          4161ps
   - Propagation time:                       5975ps (57.6% logic, 42.4% route, logic stage 2)
   - Delay of the launching clock:           2175ps
   = Slack:                                 -3989ps

   Instance/Pin or Net Name     Type         ID     Location or Fanout   Delay(ps)  Edge  Arrival Time(ps)    Instance detail                                                                                     
   -----------------------------------------------------------------------------------------------------------------------------------------------------------------------------------------------------------------
   i_clk                        CLOCK-PORT    -                      -     launch     r               0                                                                                                           
   i_clk                        Clock net     2           (fanout=516)       2175                     -                                                                                                           
   RBB_20/CLK                   RBB_6L       20   [TILE 0 0, RBB 4 14]          -     r            2175                                                                                                           
   -----------------------------------------------------------------------------------------------------------------------------------------------------------------------------------------------------------------
   RBB_20/CMUX                  RBB_6L       20   [TILE 0 0, RBB 4 14]       1379     r            3554     {inst135: state_FDRE_Q_3 (FDRE,site=cffo)}                                                            
   i_en_LUT5_I0_I3[1]           Net          55            (fanout=14)        877                     -                                                                                                           
   RBB_17/C4                    RBB_6L       17  [TILE 0 0, RBB 10 14]          -     r            4431                                                                                                           
   RBB_17/CMUX                  RBB_6L       17  [TILE 0 0, RBB 10 14]        786     r            5217     {inst183: tx_shift_FDRE_Q_D_MUXF8_O_S_INV_O (LUT,site=cluto)}                                         
   tx_shift_FDRE_Q_D_MUXF8_O_S  Net         100             (fanout=6)       1658                     -                                                                                                           
   RBB_23/A5                    RBB_6L       23   [TILE 0 0, RBB 4 24]          -     r            6875     {inst145: tx_shift_FDRE_Q_1_D_MUXF8_O (LUT,site=aluto)} {inst144: tx_shift_FDRE_Q_1 (FDRE,site=affo)} 
   -----------------------------------------------------------------------------------------------------------------------------------------------------------------------------------------------------------------
   RBB_23/CLK                   RBB_6L       23   [TILE 0 0, RBB 4 24]       1275     r            8150                                                                                                           
   i_clk                        Clock net     2           (fanout=516)      -2311                     -                                                                                                           
   i_clk                        CLOCK-PORT    -                      -    capture     r            5839                                                                                                           
   -----------------------------------------------------------------------------------------------------------------------------------------------------------------------------------------------------------------


Path 68:
   Slack (not met):                         -3947ps
     Path type:                               SETUP
     Group:                            <UDEF_i_clk>
     Launching clock:                         i_clk (rising edge)
     Capturing clock:                         i_clk (rising edge)

     Requested period:                       2000ps
   + Delay of the capturing clock:           2311ps
   - Clock uncertainty:                       150ps
   = Required time:                          4161ps
   - Propagation time:                       5933ps (57.3% logic, 42.7% route, logic stage 2)
   - Delay of the launching clock:           2175ps
   = Slack:                                 -3947ps

   Instance/Pin or Net Name     Type         ID     Location or Fanout   Delay(ps)  Edge  Arrival Time(ps)    Instance detail                                                                                   
   ---------------------------------------------------------------------------------------------------------------------------------------------------------------------------------------------------------------
   i_clk                        CLOCK-PORT    -                      -     launch     r               0                                                                                                         
   i_clk                        Clock net     2           (fanout=516)       2175                     -                                                                                                         
   RBB_20/CLK                   RBB_6L       20   [TILE 0 0, RBB 4 14]          -     r            2175                                                                                                         
   ---------------------------------------------------------------------------------------------------------------------------------------------------------------------------------------------------------------
   RBB_20/CMUX                  RBB_6L       20   [TILE 0 0, RBB 4 14]       1379     r            3554     {inst135: state_FDRE_Q_3 (FDRE,site=cffo)}                                                          
   i_en_LUT5_I0_I3[1]           Net          55            (fanout=14)        877                     -                                                                                                         
   RBB_17/C4                    RBB_6L       17  [TILE 0 0, RBB 10 14]          -     r            4431                                                                                                         
   RBB_17/CMUX                  RBB_6L       17  [TILE 0 0, RBB 10 14]        786     r            5217     {inst183: tx_shift_FDRE_Q_D_MUXF8_O_S_INV_O (LUT,site=cluto)}                                       
   tx_shift_FDRE_Q_D_MUXF8_O_S  Net         100             (fanout=6)       1658                     -                                                                                                         
   RBB_23/D5                    RBB_6L       23   [TILE 0 0, RBB 4 24]          -     r            6875     {inst150: tx_shift_FDRE_Q_2_D_MUXF8_O (LUT,site=dlut)} {inst149: tx_shift_FDRE_Q_2 (FDRE,site=dff)} 
   ---------------------------------------------------------------------------------------------------------------------------------------------------------------------------------------------------------------
   RBB_23/CLK                   RBB_6L       23   [TILE 0 0, RBB 4 24]       1233     r            8108                                                                                                         
   i_clk                        Clock net     2           (fanout=516)      -2311                     -                                                                                                         
   i_clk                        CLOCK-PORT    -                      -    capture     r            5797                                                                                                         
   ---------------------------------------------------------------------------------------------------------------------------------------------------------------------------------------------------------------


Path 353:
   Slack (not met):                         -3922ps
     Path type:                               SETUP
     Group:                            <UDEF_i_clk>
     Launching clock:                         i_clk (rising edge)
     Capturing clock:                         i_clk (rising edge)

     Requested period:                       2000ps
   + Delay of the capturing clock:           2318ps
   - Clock uncertainty:                       150ps
   = Required time:                          4168ps
   - Propagation time:                       5755ps (48.2% logic, 51.8% route, logic stage 2)
   - Delay of the launching clock:           2335ps
   = Slack:                                 -3922ps

   Instance/Pin or Net Name                Type         ID     Location or Fanout   Delay(ps)  Edge  Arrival Time(ps)    Instance detail                                                                                  
   -------------------------------------------------------------------------------------------------------------------------------------------------------------------------------------------------------------------------
   i_clk                                   CLOCK-PORT    -                      -     launch     r               0                                                                                                        
   i_clk                                   Clock net     2           (fanout=516)       2335                     -                                                                                                        
   RBB_16/CLK                              RBB_6L       16   [TILE 0 0, RBB 7 16]          -     r            2335                                                                                                        
   -------------------------------------------------------------------------------------------------------------------------------------------------------------------------------------------------------------------------
   RBB_16/DQ                               RBB_6L       16   [TILE 0 0, RBB 7 16]        800     r            3135     {inst26: bit_count_FDSE_Q (FDRE,site=dff)}                                                         
   i_en_LUT5_I0_I4[0]                      Net          93             (fanout=3)       1437                     -                                                                                                        
   RBB_11/C1                               RBB_6L       11  [TILE 0 0, RBB 10 12]          -     r            4572                                                                                                        
   RBB_11/CMUX                             RBB_6L       11  [TILE 0 0, RBB 10 12]       1218     r            5790     {inst42: i_en_LUT5_I0_O_LUT5_O_I1_CARRY4_O (CARRY4)}                                               
   i_en_LUT5_I0_O_LUT5_O_I1_CARRY4_O_O[3]  Net          37             (fanout=8)       1546                     -                                                                                                        
   RBB_25/C4                               RBB_6L       25   [TILE 0 0, RBB 1 20]          -     r            7336     {inst111: rx_shift_FDRE_Q_D_LUT5_O_5 (LUT,site=clut)} {inst104: rx_shift_FDRE_Q_6 (FDRE,site=cff)} 
   -------------------------------------------------------------------------------------------------------------------------------------------------------------------------------------------------------------------------
   RBB_25/CLK                              RBB_6L       25   [TILE 0 0, RBB 1 20]        754     r            8090                                                                                                        
   i_clk                                   Clock net     2           (fanout=516)      -2318                     -                                                                                                        
   i_clk                                   CLOCK-PORT    -                      -    capture     r            5772                                                                                                        
   -------------------------------------------------------------------------------------------------------------------------------------------------------------------------------------------------------------------------


Path 72:
   Slack (not met):                         -3872ps
     Path type:                               SETUP
     Group:                            <UDEF_i_clk>
     Launching clock:                         i_clk (rising edge)
     Capturing clock:                         i_clk (rising edge)

     Requested period:                       2000ps
   + Delay of the capturing clock:           2311ps
   - Clock uncertainty:                       150ps
   = Required time:                          4161ps
   - Propagation time:                       5858ps (56.7% logic, 43.3% route, logic stage 2)
   - Delay of the launching clock:           2175ps
   = Slack:                                 -3872ps

   Instance/Pin or Net Name     Type         ID     Location or Fanout   Delay(ps)  Edge  Arrival Time(ps)    Instance detail                                                                               
   -----------------------------------------------------------------------------------------------------------------------------------------------------------------------------------------------------------
   i_clk                        CLOCK-PORT    -                      -     launch     r               0                                                                                                     
   i_clk                        Clock net     2           (fanout=516)       2175                     -                                                                                                     
   RBB_20/CLK                   RBB_6L       20   [TILE 0 0, RBB 4 14]          -     r            2175                                                                                                     
   -----------------------------------------------------------------------------------------------------------------------------------------------------------------------------------------------------------
   RBB_20/CMUX                  RBB_6L       20   [TILE 0 0, RBB 4 14]       1379     r            3554     {inst135: state_FDRE_Q_3 (FDRE,site=cffo)}                                                      
   i_en_LUT5_I0_I3[1]           Net          55            (fanout=14)        877                     -                                                                                                     
   RBB_17/C4                    RBB_6L       17  [TILE 0 0, RBB 10 14]          -     r            4431                                                                                                     
   RBB_17/CMUX                  RBB_6L       17  [TILE 0 0, RBB 10 14]        786     r            5217     {inst183: tx_shift_FDRE_Q_D_MUXF8_O_S_INV_O (LUT,site=cluto)}                                   
   tx_shift_FDRE_Q_D_MUXF8_O_S  Net         100             (fanout=6)       1658                     -                                                                                                     
   RBB_23/A5                    RBB_6L       23   [TILE 0 0, RBB 4 24]          -     r            6875     {inst179: tx_shift_FDRE_Q_D_MUXF8_O (LUT,site=alut)} {inst143: tx_shift_FDRE_Q (FDRE,site=aff)} 
   -----------------------------------------------------------------------------------------------------------------------------------------------------------------------------------------------------------
   RBB_23/CLK                   RBB_6L       23   [TILE 0 0, RBB 4 24]       1158     r            8033                                                                                                     
   i_clk                        Clock net     2           (fanout=516)      -2311                     -                                                                                                     
   i_clk                        CLOCK-PORT    -                      -    capture     r            5722                                                                                                     
   -----------------------------------------------------------------------------------------------------------------------------------------------------------------------------------------------------------


Path 73:
   Slack (not met):                         -3847ps
     Path type:                               SETUP
     Group:                            <UDEF_i_clk>
     Launching clock:                         i_clk (rising edge)
     Capturing clock:                         i_clk (rising edge)

     Requested period:                       2000ps
   + Delay of the capturing clock:           2311ps
   - Clock uncertainty:                       150ps
   = Required time:                          4161ps
   - Propagation time:                       5833ps (56.5% logic, 43.5% route, logic stage 2)
   - Delay of the launching clock:           2175ps
   = Slack:                                 -3847ps

   Instance/Pin or Net Name     Type         ID     Location or Fanout   Delay(ps)  Edge  Arrival Time(ps)    Instance detail                                                                                   
   ---------------------------------------------------------------------------------------------------------------------------------------------------------------------------------------------------------------
   i_clk                        CLOCK-PORT    -                      -     launch     r               0                                                                                                         
   i_clk                        Clock net     2           (fanout=516)       2175                     -                                                                                                         
   RBB_20/CLK                   RBB_6L       20   [TILE 0 0, RBB 4 14]          -     r            2175                                                                                                         
   ---------------------------------------------------------------------------------------------------------------------------------------------------------------------------------------------------------------
   RBB_20/CMUX                  RBB_6L       20   [TILE 0 0, RBB 4 14]       1379     r            3554     {inst135: state_FDRE_Q_3 (FDRE,site=cffo)}                                                          
   i_en_LUT5_I0_I3[1]           Net          55            (fanout=14)        877                     -                                                                                                         
   RBB_17/C4                    RBB_6L       17  [TILE 0 0, RBB 10 14]          -     r            4431                                                                                                         
   RBB_17/CMUX                  RBB_6L       17  [TILE 0 0, RBB 10 14]        786     r            5217     {inst183: tx_shift_FDRE_Q_D_MUXF8_O_S_INV_O (LUT,site=cluto)}                                       
   tx_shift_FDRE_Q_D_MUXF8_O_S  Net         100             (fanout=6)       1658                     -                                                                                                         
   RBB_23/B5                    RBB_6L       23   [TILE 0 0, RBB 4 24]          -     r            6875     {inst170: tx_shift_FDRE_Q_6_D_MUXF8_O (LUT,site=blut)} {inst169: tx_shift_FDRE_Q_6 (FDRE,site=bff)} 
   ---------------------------------------------------------------------------------------------------------------------------------------------------------------------------------------------------------------
   RBB_23/CLK                   RBB_6L       23   [TILE 0 0, RBB 4 24]       1133     r            8008                                                                                                         
   i_clk                        Clock net     2           (fanout=516)      -2311                     -                                                                                                         
   i_clk                        CLOCK-PORT    -                      -    capture     r            5697                                                                                                         
   ---------------------------------------------------------------------------------------------------------------------------------------------------------------------------------------------------------------


Path 69:
   Slack (not met):                         -3844ps
     Path type:                               SETUP
     Group:                            <UDEF_i_clk>
     Launching clock:                         i_clk (rising edge)
     Capturing clock:                         i_clk (rising edge)

     Requested period:                       2000ps
   + Delay of the capturing clock:           2311ps
   - Clock uncertainty:                       150ps
   = Required time:                          4161ps
   - Propagation time:                       5830ps (56.5% logic, 43.5% route, logic stage 2)
   - Delay of the launching clock:           2175ps
   = Slack:                                 -3844ps

   Instance/Pin or Net Name     Type         ID     Location or Fanout   Delay(ps)  Edge  Arrival Time(ps)    Instance detail                                                                                   
   ---------------------------------------------------------------------------------------------------------------------------------------------------------------------------------------------------------------
   i_clk                        CLOCK-PORT    -                      -     launch     r               0                                                                                                         
   i_clk                        Clock net     2           (fanout=516)       2175                     -                                                                                                         
   RBB_20/CLK                   RBB_6L       20   [TILE 0 0, RBB 4 14]          -     r            2175                                                                                                         
   ---------------------------------------------------------------------------------------------------------------------------------------------------------------------------------------------------------------
   RBB_20/CMUX                  RBB_6L       20   [TILE 0 0, RBB 4 14]       1379     r            3554     {inst135: state_FDRE_Q_3 (FDRE,site=cffo)}                                                          
   i_en_LUT5_I0_I3[1]           Net          55            (fanout=14)        877                     -                                                                                                         
   RBB_17/C4                    RBB_6L       17  [TILE 0 0, RBB 10 14]          -     r            4431                                                                                                         
   RBB_17/CMUX                  RBB_6L       17  [TILE 0 0, RBB 10 14]        786     r            5217     {inst183: tx_shift_FDRE_Q_D_MUXF8_O_S_INV_O (LUT,site=cluto)}                                       
   tx_shift_FDRE_Q_D_MUXF8_O_S  Net         100             (fanout=6)       1658                     -                                                                                                         
   RBB_23/C5                    RBB_6L       23   [TILE 0 0, RBB 4 24]          -     r            6875     {inst160: tx_shift_FDRE_Q_4_D_MUXF8_O (LUT,site=clut)} {inst159: tx_shift_FDRE_Q_4 (FDRE,site=cff)} 
   ---------------------------------------------------------------------------------------------------------------------------------------------------------------------------------------------------------------
   RBB_23/CLK                   RBB_6L       23   [TILE 0 0, RBB 4 24]       1130     r            8005                                                                                                         
   i_clk                        Clock net     2           (fanout=516)      -2311                     -                                                                                                         
   i_clk                        CLOCK-PORT    -                      -    capture     r            5694                                                                                                         
   ---------------------------------------------------------------------------------------------------------------------------------------------------------------------------------------------------------------


Path 354:
   Slack (not met):                         -3833ps
     Path type:                               SETUP
     Group:                            <UDEF_i_clk>
     Launching clock:                         i_clk (rising edge)
     Capturing clock:                         i_clk (rising edge)

     Requested period:                       2000ps
   + Delay of the capturing clock:           2319ps
   - Clock uncertainty:                       150ps
   = Required time:                          4169ps
   - Propagation time:                       5667ps (51.2% logic, 48.8% route, logic stage 2)
   - Delay of the launching clock:           2335ps
   = Slack:                                 -3833ps

   Instance/Pin or Net Name                Type         ID     Location or Fanout   Delay(ps)  Edge  Arrival Time(ps)    Instance detail                                                                             
   --------------------------------------------------------------------------------------------------------------------------------------------------------------------------------------------------------------------
   i_clk                                   CLOCK-PORT    -                      -     launch     r               0                                                                                                   
   i_clk                                   Clock net     2           (fanout=516)       2335                     -                                                                                                   
   RBB_16/CLK                              RBB_6L       16   [TILE 0 0, RBB 7 16]          -     r            2335                                                                                                   
   --------------------------------------------------------------------------------------------------------------------------------------------------------------------------------------------------------------------
   RBB_16/DQ                               RBB_6L       16   [TILE 0 0, RBB 7 16]        800     r            3135     {inst26: bit_count_FDSE_Q (FDRE,site=dff)}                                                    
   i_en_LUT5_I0_I4[0]                      Net          93             (fanout=3)       1437                     -                                                                                                   
   RBB_11/C1                               RBB_6L       11  [TILE 0 0, RBB 10 12]          -     r            4572                                                                                                   
   RBB_11/CMUX                             RBB_6L       11  [TILE 0 0, RBB 10 12]       1218     r            5790     {inst42: i_en_LUT5_I0_O_LUT5_O_I1_CARRY4_O (CARRY4)}                                          
   i_en_LUT5_I0_O_LUT5_O_I1_CARRY4_O_O[3]  Net          37             (fanout=8)       1331                     -                                                                                                   
   RBB_34/C2                               RBB_6L       34   [TILE 0 0, RBB 1 18]          -     r            7121     {inst106: rx_shift_FDRE_Q_D_LUT5_O (LUT,site=clut)} {inst98: rx_shift_FDRE_Q (FDRE,site=cff)} 
   --------------------------------------------------------------------------------------------------------------------------------------------------------------------------------------------------------------------
   RBB_34/CLK                              RBB_6L       34   [TILE 0 0, RBB 1 18]        881     r            8002                                                                                                   
   i_clk                                   Clock net     2           (fanout=516)      -2319                     -                                                                                                   
   i_clk                                   CLOCK-PORT    -                      -    capture     r            5683                                                                                                   
   --------------------------------------------------------------------------------------------------------------------------------------------------------------------------------------------------------------------


Path 355:
   Slack (not met):                         -3802ps
     Path type:                               SETUP
     Group:                            <UDEF_i_clk>
     Launching clock:                         i_clk (rising edge)
     Capturing clock:                         i_clk (rising edge)

     Requested period:                       2000ps
   + Delay of the capturing clock:           2319ps
   - Clock uncertainty:                       150ps
   = Required time:                          4169ps
   - Propagation time:                       5636ps (50.8% logic, 49.2% route, logic stage 2)
   - Delay of the launching clock:           2335ps
   = Slack:                                 -3802ps

   Instance/Pin or Net Name                Type         ID     Location or Fanout   Delay(ps)  Edge  Arrival Time(ps)    Instance detail                                                                                  
   -------------------------------------------------------------------------------------------------------------------------------------------------------------------------------------------------------------------------
   i_clk                                   CLOCK-PORT    -                      -     launch     r               0                                                                                                        
   i_clk                                   Clock net     2           (fanout=516)       2335                     -                                                                                                        
   RBB_16/CLK                              RBB_6L       16   [TILE 0 0, RBB 7 16]          -     r            2335                                                                                                        
   -------------------------------------------------------------------------------------------------------------------------------------------------------------------------------------------------------------------------
   RBB_16/DQ                               RBB_6L       16   [TILE 0 0, RBB 7 16]        800     r            3135     {inst26: bit_count_FDSE_Q (FDRE,site=dff)}                                                         
   i_en_LUT5_I0_I4[0]                      Net          93             (fanout=3)       1437                     -                                                                                                        
   RBB_11/C1                               RBB_6L       11  [TILE 0 0, RBB 10 12]          -     r            4572                                                                                                        
   RBB_11/CMUX                             RBB_6L       11  [TILE 0 0, RBB 10 12]       1218     r            5790     {inst42: i_en_LUT5_I0_O_LUT5_O_I1_CARRY4_O (CARRY4)}                                               
   i_en_LUT5_I0_O_LUT5_O_I1_CARRY4_O_O[3]  Net          37             (fanout=8)       1338                     -                                                                                                        
   RBB_34/A2                               RBB_6L       34   [TILE 0 0, RBB 1 18]          -     r            7128     {inst108: rx_shift_FDRE_Q_D_LUT5_O_2 (LUT,site=alut)} {inst100: rx_shift_FDRE_Q_2 (FDRE,site=aff)} 
   -------------------------------------------------------------------------------------------------------------------------------------------------------------------------------------------------------------------------
   RBB_34/CLK                              RBB_6L       34   [TILE 0 0, RBB 1 18]        843     r            7971                                                                                                        
   i_clk                                   Clock net     2           (fanout=516)      -2319                     -                                                                                                        
   i_clk                                   CLOCK-PORT    -                      -    capture     r            5652                                                                                                        
   -------------------------------------------------------------------------------------------------------------------------------------------------------------------------------------------------------------------------


Path 356:
   Slack (not met):                         -3773ps
     Path type:                               SETUP
     Group:                            <UDEF_i_clk>
     Launching clock:                         i_clk (rising edge)
     Capturing clock:                         i_clk (rising edge)

     Requested period:                       2000ps
   + Delay of the capturing clock:           2319ps
   - Clock uncertainty:                       150ps
   = Required time:                          4169ps
   - Propagation time:                       5607ps (50.2% logic, 49.8% route, logic stage 2)
   - Delay of the launching clock:           2335ps
   = Slack:                                 -3773ps

   Instance/Pin or Net Name                Type         ID     Location or Fanout   Delay(ps)  Edge  Arrival Time(ps)    Instance detail                                                                                 
   ------------------------------------------------------------------------------------------------------------------------------------------------------------------------------------------------------------------------
   i_clk                                   CLOCK-PORT    -                      -     launch     r               0                                                                                                       
   i_clk                                   Clock net     2           (fanout=516)       2335                     -                                                                                                       
   RBB_16/CLK                              RBB_6L       16   [TILE 0 0, RBB 7 16]          -     r            2335                                                                                                       
   ------------------------------------------------------------------------------------------------------------------------------------------------------------------------------------------------------------------------
   RBB_16/DQ                               RBB_6L       16   [TILE 0 0, RBB 7 16]        800     r            3135     {inst26: bit_count_FDSE_Q (FDRE,site=dff)}                                                        
   i_en_LUT5_I0_I4[0]                      Net          93             (fanout=3)       1437                     -                                                                                                       
   RBB_11/C1                               RBB_6L       11  [TILE 0 0, RBB 10 12]          -     r            4572                                                                                                       
   RBB_11/CMUX                             RBB_6L       11  [TILE 0 0, RBB 10 12]       1218     r            5790     {inst42: i_en_LUT5_I0_O_LUT5_O_I1_CARRY4_O (CARRY4)}                                              
   i_en_LUT5_I0_O_LUT5_O_I1_CARRY4_O_O[3]  Net          37             (fanout=8)       1357                     -                                                                                                       
   RBB_34/B2                               RBB_6L       34   [TILE 0 0, RBB 1 18]          -     r            7147     {inst107: rx_shift_FDRE_Q_D_LUT5_O_1 (LUT,site=blut)} {inst99: rx_shift_FDRE_Q_1 (FDRE,site=bff)} 
   ------------------------------------------------------------------------------------------------------------------------------------------------------------------------------------------------------------------------
   RBB_34/CLK                              RBB_6L       34   [TILE 0 0, RBB 1 18]        795     r            7942                                                                                                       
   i_clk                                   Clock net     2           (fanout=516)      -2319                     -                                                                                                       
   i_clk                                   CLOCK-PORT    -                      -    capture     r            5623                                                                                                       
   ------------------------------------------------------------------------------------------------------------------------------------------------------------------------------------------------------------------------


Path 177:
   Slack (not met):                         -3764ps
     Path type:                               SETUP
     Group:                            <UDEF_i_clk>
     Launching clock:                         i_clk (rising edge)
     Capturing clock:                         i_clk (rising edge)

     Requested period:                       2000ps
   + Delay of the capturing clock:           2334ps
   - Clock uncertainty:                       150ps
   = Required time:                          4184ps
   - Propagation time:                       5613ps (54.0% logic, 46.0% route, logic stage 2)
   - Delay of the launching clock:           2335ps
   = Slack:                                 -3764ps

   Instance/Pin or Net Name   Type         ID     Location or Fanout   Delay(ps)  Edge  Arrival Time(ps)    Instance detail                                                                                       
   -----------------------------------------------------------------------------------------------------------------------------------------------------------------------------------------------------------------
   i_clk                      CLOCK-PORT    -                      -     launch     r               0                                                                                                             
   i_clk                      Clock net     2           (fanout=516)       2335                     -                                                                                                             
   RBB_16/CLK                 RBB_6L       16   [TILE 0 0, RBB 7 16]          -     r            2335                                                                                                             
   -----------------------------------------------------------------------------------------------------------------------------------------------------------------------------------------------------------------
   RBB_16/DQ                  RBB_6L       16   [TILE 0 0, RBB 7 16]        800     r            3135     {inst26: bit_count_FDSE_Q (FDRE,site=dff)}                                                              
   i_en_LUT5_I0_I4[0]         Net          93             (fanout=3)       1437                     -                                                                                                             
   RBB_11/C1                  RBB_6L       11  [TILE 0 0, RBB 10 12]          -     r            4572                                                                                                             
   RBB_11/DMUX                RBB_6L       11  [TILE 0 0, RBB 10 12]       1337     r            5909     {inst42: i_en_LUT5_I0_O_LUT5_O_I1_CARRY4_O (CARRY4)}                                                    
   i_en_LUT5_I0_O_LUT5_O_I1   Net          89             (fanout=6)       1146                     -                                                                                                             
   RBB_18/C5                  RBB_6L       18   [TILE 0 0, RBB 7 18]          -     r            7055     {inst46: i_en_LUT5_I0_O_LUT5_O_I1_LUT5_I4 (LUT,site=clut)} {inst101: rx_shift_FDRE_Q_3 (FDRE,site=cff)} 
   -----------------------------------------------------------------------------------------------------------------------------------------------------------------------------------------------------------------
   RBB_18/CLK                 RBB_6L       18   [TILE 0 0, RBB 7 18]        893     r            7948                                                                                                             
   i_clk                      Clock net     2           (fanout=516)      -2334                     -                                                                                                             
   i_clk                      CLOCK-PORT    -                      -    capture     r            5614                                                                                                             
   -----------------------------------------------------------------------------------------------------------------------------------------------------------------------------------------------------------------


Path 78:
   Slack (not met):                         -3705ps
     Path type:                               SETUP
     Group:                            <UDEF_i_clk>
     Launching clock:                         i_clk (rising edge)
     Capturing clock:                         i_clk (rising edge)

     Requested period:                       2000ps
   + Delay of the capturing clock:           2318ps
   - Clock uncertainty:                       150ps
   = Required time:                          4168ps
   - Propagation time:                       5526ps (51.0% logic, 49.0% route, logic stage 2)
   - Delay of the launching clock:           2347ps
   = Slack:                                 -3705ps

   Instance/Pin or Net Name                Type         ID     Location or Fanout   Delay(ps)  Edge  Arrival Time(ps)    Instance detail                                                                                  
   -------------------------------------------------------------------------------------------------------------------------------------------------------------------------------------------------------------------------
   i_clk                                   CLOCK-PORT    -                      -     launch     r               0                                                                                                        
   i_clk                                   Clock net     2           (fanout=516)       2347                     -                                                                                                        
   RBB_17/CLK                              RBB_6L       17  [TILE 0 0, RBB 10 14]          -     r            2347                                                                                                        
   -------------------------------------------------------------------------------------------------------------------------------------------------------------------------------------------------------------------------
   RBB_17/DQ                               RBB_6L       17  [TILE 0 0, RBB 10 14]        800     r            3147     {inst28: bit_count_FDSE_Q_2 (FDRE,site=dff)}                                                       
   i_en_LUT5_I0_O_LUT5_O_I1_CARRY4_O_O[1]  Net          35            (fanout=10)       1172                     -                                                                                                        
   RBB_11/A5                               RBB_6L       11  [TILE 0 0, RBB 10 12]          -     r            4319                                                                                                        
   RBB_11/BMUX                             RBB_6L       11  [TILE 0 0, RBB 10 12]       1264     r            5583     {inst42: i_en_LUT5_I0_O_LUT5_O_I1_CARRY4_O (CARRY4)}                                               
   i_en_LUT5_I0_O_LUT5_O_I1_CARRY4_O_O[2]  Net          36             (fanout=9)       1536                     -                                                                                                        
   RBB_25/C3                               RBB_6L       25   [TILE 0 0, RBB 1 20]          -     r            7119     {inst111: rx_shift_FDRE_Q_D_LUT5_O_5 (LUT,site=clut)} {inst104: rx_shift_FDRE_Q_6 (FDRE,site=cff)} 
   -------------------------------------------------------------------------------------------------------------------------------------------------------------------------------------------------------------------------
   RBB_25/CLK                              RBB_6L       25   [TILE 0 0, RBB 1 20]        754     r            7873                                                                                                        
   i_clk                                   Clock net     2           (fanout=516)      -2318                     -                                                                                                        
   i_clk                                   CLOCK-PORT    -                      -    capture     r            5555                                                                                                        
   -------------------------------------------------------------------------------------------------------------------------------------------------------------------------------------------------------------------------


Path 77:
   Slack (not met):                         -3624ps
     Path type:                               SETUP
     Group:                            <UDEF_i_clk>
     Launching clock:                         i_clk (rising edge)
     Capturing clock:                         i_clk (rising edge)

     Requested period:                       2000ps
   + Delay of the capturing clock:           2319ps
   - Clock uncertainty:                       150ps
   = Required time:                          4169ps
   - Propagation time:                       5446ps (53.4% logic, 46.6% route, logic stage 2)
   - Delay of the launching clock:           2347ps
   = Slack:                                 -3624ps

   Instance/Pin or Net Name                Type         ID     Location or Fanout   Delay(ps)  Edge  Arrival Time(ps)    Instance detail                                                                                  
   -------------------------------------------------------------------------------------------------------------------------------------------------------------------------------------------------------------------------
   i_clk                                   CLOCK-PORT    -                      -     launch     r               0                                                                                                        
   i_clk                                   Clock net     2           (fanout=516)       2347                     -                                                                                                        
   RBB_17/CLK                              RBB_6L       17  [TILE 0 0, RBB 10 14]          -     r            2347                                                                                                        
   -------------------------------------------------------------------------------------------------------------------------------------------------------------------------------------------------------------------------
   RBB_17/DQ                               RBB_6L       17  [TILE 0 0, RBB 10 14]        800     r            3147     {inst28: bit_count_FDSE_Q_2 (FDRE,site=dff)}                                                       
   i_en_LUT5_I0_O_LUT5_O_I1_CARRY4_O_O[1]  Net          35            (fanout=10)       1172                     -                                                                                                        
   RBB_11/A5                               RBB_6L       11  [TILE 0 0, RBB 10 12]          -     r            4319                                                                                                        
   RBB_11/BMUX                             RBB_6L       11  [TILE 0 0, RBB 10 12]       1264     r            5583     {inst42: i_en_LUT5_I0_O_LUT5_O_I1_CARRY4_O (CARRY4)}                                               
   i_en_LUT5_I0_O_LUT5_O_I1_CARRY4_O_O[2]  Net          36             (fanout=9)       1367                     -                                                                                                        
   RBB_34/A3                               RBB_6L       34   [TILE 0 0, RBB 1 18]          -     r            6950     {inst108: rx_shift_FDRE_Q_D_LUT5_O_2 (LUT,site=alut)} {inst100: rx_shift_FDRE_Q_2 (FDRE,site=aff)} 
   -------------------------------------------------------------------------------------------------------------------------------------------------------------------------------------------------------------------------
   RBB_34/CLK                              RBB_6L       34   [TILE 0 0, RBB 1 18]        843     r            7793                                                                                                        
   i_clk                                   Clock net     2           (fanout=516)      -2319                     -                                                                                                        
   i_clk                                   CLOCK-PORT    -                      -    capture     r            5474                                                                                                        
   -------------------------------------------------------------------------------------------------------------------------------------------------------------------------------------------------------------------------


Path 82:
   Slack (not met):                         -3610ps
     Path type:                               SETUP
     Group:                            <UDEF_i_clk>
     Launching clock:                         i_clk (rising edge)
     Capturing clock:                         i_clk (rising edge)

     Requested period:                       2000ps
   + Delay of the capturing clock:           2319ps
   - Clock uncertainty:                       150ps
   = Required time:                          4169ps
   - Propagation time:                       5432ps (53.3% logic, 46.7% route, logic stage 2)
   - Delay of the launching clock:           2347ps
   = Slack:                                 -3610ps

   Instance/Pin or Net Name                Type         ID     Location or Fanout   Delay(ps)  Edge  Arrival Time(ps)    Instance detail                                                                                 
   ------------------------------------------------------------------------------------------------------------------------------------------------------------------------------------------------------------------------
   i_clk                                   CLOCK-PORT    -                      -     launch     r               0                                                                                                       
   i_clk                                   Clock net     2           (fanout=516)       2347                     -                                                                                                       
   RBB_17/CLK                              RBB_6L       17  [TILE 0 0, RBB 10 14]          -     r            2347                                                                                                       
   ------------------------------------------------------------------------------------------------------------------------------------------------------------------------------------------------------------------------
   RBB_17/DQ                               RBB_6L       17  [TILE 0 0, RBB 10 14]        800     r            3147     {inst28: bit_count_FDSE_Q_2 (FDRE,site=dff)}                                                      
   i_en_LUT5_I0_O_LUT5_O_I1_CARRY4_O_O[1]  Net          35            (fanout=10)       1172                     -                                                                                                       
   RBB_11/A5                               RBB_6L       11  [TILE 0 0, RBB 10 12]          -     r            4319                                                                                                       
   RBB_11/BMUX                             RBB_6L       11  [TILE 0 0, RBB 10 12]       1264     r            5583     {inst42: i_en_LUT5_I0_O_LUT5_O_I1_CARRY4_O (CARRY4)}                                              
   i_en_LUT5_I0_O_LUT5_O_I1_CARRY4_O_O[2]  Net          36             (fanout=9)       1364                     -                                                                                                       
   RBB_34/B3                               RBB_6L       34   [TILE 0 0, RBB 1 18]          -     r            6947     {inst107: rx_shift_FDRE_Q_D_LUT5_O_1 (LUT,site=blut)} {inst99: rx_shift_FDRE_Q_1 (FDRE,site=bff)} 
   ------------------------------------------------------------------------------------------------------------------------------------------------------------------------------------------------------------------------
   RBB_34/CLK                              RBB_6L       34   [TILE 0 0, RBB 1 18]        832     r            7779                                                                                                       
   i_clk                                   Clock net     2           (fanout=516)      -2319                     -                                                                                                       
   i_clk                                   CLOCK-PORT    -                      -    capture     r            5460                                                                                                       
   ------------------------------------------------------------------------------------------------------------------------------------------------------------------------------------------------------------------------


Path 80:
   Slack (not met):                         -3602ps
     Path type:                               SETUP
     Group:                            <UDEF_i_clk>
     Launching clock:                         i_clk (rising edge)
     Capturing clock:                         i_clk (rising edge)

     Requested period:                       2000ps
   + Delay of the capturing clock:           2319ps
   - Clock uncertainty:                       150ps
   = Required time:                          4169ps
   - Propagation time:                       5424ps (53.4% logic, 46.6% route, logic stage 2)
   - Delay of the launching clock:           2347ps
   = Slack:                                 -3602ps

   Instance/Pin or Net Name                Type         ID     Location or Fanout   Delay(ps)  Edge  Arrival Time(ps)    Instance detail                                                                             
   --------------------------------------------------------------------------------------------------------------------------------------------------------------------------------------------------------------------
   i_clk                                   CLOCK-PORT    -                      -     launch     r               0                                                                                                   
   i_clk                                   Clock net     2           (fanout=516)       2347                     -                                                                                                   
   RBB_17/CLK                              RBB_6L       17  [TILE 0 0, RBB 10 14]          -     r            2347                                                                                                   
   --------------------------------------------------------------------------------------------------------------------------------------------------------------------------------------------------------------------
   RBB_17/DQ                               RBB_6L       17  [TILE 0 0, RBB 10 14]        800     r            3147     {inst28: bit_count_FDSE_Q_2 (FDRE,site=dff)}                                                  
   i_en_LUT5_I0_O_LUT5_O_I1_CARRY4_O_O[1]  Net          35            (fanout=10)       1172                     -                                                                                                   
   RBB_11/A5                               RBB_6L       11  [TILE 0 0, RBB 10 12]          -     r            4319                                                                                                   
   RBB_11/BMUX                             RBB_6L       11  [TILE 0 0, RBB 10 12]       1264     r            5583     {inst42: i_en_LUT5_I0_O_LUT5_O_I1_CARRY4_O (CARRY4)}                                          
   i_en_LUT5_I0_O_LUT5_O_I1_CARRY4_O_O[2]  Net          36             (fanout=9)       1356                     -                                                                                                   
   RBB_34/C3                               RBB_6L       34   [TILE 0 0, RBB 1 18]          -     r            6939     {inst106: rx_shift_FDRE_Q_D_LUT5_O (LUT,site=clut)} {inst98: rx_shift_FDRE_Q (FDRE,site=cff)} 
   --------------------------------------------------------------------------------------------------------------------------------------------------------------------------------------------------------------------
   RBB_34/CLK                              RBB_6L       34   [TILE 0 0, RBB 1 18]        832     r            7771                                                                                                   
   i_clk                                   Clock net     2           (fanout=516)      -2319                     -                                                                                                   
   i_clk                                   CLOCK-PORT    -                      -    capture     r            5452                                                                                                   
   --------------------------------------------------------------------------------------------------------------------------------------------------------------------------------------------------------------------


Path 357:
   Slack (not met):                         -3343ps
     Path type:                               SETUP
     Group:                            <UDEF_i_clk>
     Launching clock:                         i_clk (rising edge)
     Capturing clock:                         i_clk (rising edge)

     Requested period:                       2000ps
   + Delay of the capturing clock:           2335ps
   - Clock uncertainty:                       150ps
   = Required time:                          4185ps
   - Propagation time:                       5193ps (55.4% logic, 44.6% route, logic stage 2)
   - Delay of the launching clock:           2335ps
   = Slack:                                 -3343ps

   Instance/Pin or Net Name                Type         ID     Location or Fanout   Delay(ps)  Edge  Arrival Time(ps)    Instance detail                                                                                                      
   ---------------------------------------------------------------------------------------------------------------------------------------------------------------------------------------------------------------------------------------------
   i_clk                                   CLOCK-PORT    -                      -     launch     r               0                                                                                                                            
   i_clk                                   Clock net     2           (fanout=516)       2335                     -                                                                                                                            
   RBB_16/CLK                              RBB_6L       16   [TILE 0 0, RBB 7 16]          -     r            2335                                                                                                                            
   ---------------------------------------------------------------------------------------------------------------------------------------------------------------------------------------------------------------------------------------------
   RBB_16/DQ                               RBB_6L       16   [TILE 0 0, RBB 7 16]        800     r            3135     {inst26: bit_count_FDSE_Q (FDRE,site=dff)}                                                                             
   i_en_LUT5_I0_I4[0]                      Net          93             (fanout=3)       1437                     -                                                                                                                            
   RBB_11/C1                               RBB_6L       11  [TILE 0 0, RBB 10 12]          -     r            4572                                                                                                                            
   RBB_11/CMUX                             RBB_6L       11  [TILE 0 0, RBB 10 12]       1218     r            5790     {inst42: i_en_LUT5_I0_O_LUT5_O_I1_CARRY4_O (CARRY4)}                                                                   
   i_en_LUT5_I0_O_LUT5_O_I1_CARRY4_O_O[3]  Net          37             (fanout=8)        879                     -                                                                                                                            
   RBB_16/D1                               RBB_6L       16   [TILE 0 0, RBB 7 16]          -     r            6669     {inst76: read_request_LUT4_I0_1_I3_LUT4_I2_O_LUT6_I4 (LUT,site=dlut,dluto)} {inst26: bit_count_FDSE_Q (FDRE,site=dff)} 
   ---------------------------------------------------------------------------------------------------------------------------------------------------------------------------------------------------------------------------------------------
   RBB_16/CLK                              RBB_6L       16   [TILE 0 0, RBB 7 16]        859     r            7528                                                                                                                            
   i_clk                                   Clock net     2           (fanout=516)      -2335                     -                                                                                                                            
   i_clk                                   CLOCK-PORT    -                      -    capture     r            5193                                                                                                                            
   ---------------------------------------------------------------------------------------------------------------------------------------------------------------------------------------------------------------------------------------------


Path 83:
   Slack (not met):                         -3240ps
     Path type:                               SETUP
     Group:                            <UDEF_i_clk>
     Launching clock:                         i_clk (rising edge)
     Capturing clock:                         i_clk (rising edge)

     Requested period:                       2000ps
   + Delay of the capturing clock:           2334ps
   - Clock uncertainty:                       150ps
   = Required time:                          4184ps
   - Propagation time:                       5077ps (53.8% logic, 46.2% route, logic stage 2)
   - Delay of the launching clock:           2347ps
   = Slack:                                 -3240ps

   Instance/Pin or Net Name                Type         ID     Location or Fanout   Delay(ps)  Edge  Arrival Time(ps)    Instance detail                                                                                       
   ------------------------------------------------------------------------------------------------------------------------------------------------------------------------------------------------------------------------------
   i_clk                                   CLOCK-PORT    -                      -     launch     r               0                                                                                                             
   i_clk                                   Clock net     2           (fanout=516)       2347                     -                                                                                                             
   RBB_17/CLK                              RBB_6L       17  [TILE 0 0, RBB 10 14]          -     r            2347                                                                                                             
   ------------------------------------------------------------------------------------------------------------------------------------------------------------------------------------------------------------------------------
   RBB_17/DQ                               RBB_6L       17  [TILE 0 0, RBB 10 14]        800     r            3147     {inst28: bit_count_FDSE_Q_2 (FDRE,site=dff)}                                                            
   i_en_LUT5_I0_O_LUT5_O_I1_CARRY4_O_O[1]  Net          35            (fanout=10)       1172                     -                                                                                                             
   RBB_11/A5                               RBB_6L       11  [TILE 0 0, RBB 10 12]          -     r            4319                                                                                                             
   RBB_11/BMUX                             RBB_6L       11  [TILE 0 0, RBB 10 12]       1264     r            5583     {inst42: i_en_LUT5_I0_O_LUT5_O_I1_CARRY4_O (CARRY4)}                                                    
   i_en_LUT5_I0_O_LUT5_O_I1_CARRY4_O_O[2]  Net          36             (fanout=9)       1174                     -                                                                                                             
   RBB_18/C6                               RBB_6L       18   [TILE 0 0, RBB 7 18]          -     r            6757     {inst46: i_en_LUT5_I0_O_LUT5_O_I1_LUT5_I4 (LUT,site=clut)} {inst101: rx_shift_FDRE_Q_3 (FDRE,site=cff)} 
   ------------------------------------------------------------------------------------------------------------------------------------------------------------------------------------------------------------------------------
   RBB_18/CLK                              RBB_6L       18   [TILE 0 0, RBB 7 18]        667     r            7424                                                                                                             
   i_clk                                   Clock net     2           (fanout=516)      -2334                     -                                                                                                             
   i_clk                                   CLOCK-PORT    -                      -    capture     r            5090                                                                                                             
   ------------------------------------------------------------------------------------------------------------------------------------------------------------------------------------------------------------------------------


Path 79:
   Slack (not met):                         -3087ps
     Path type:                               SETUP
     Group:                            <UDEF_i_clk>
     Launching clock:                         i_clk (rising edge)
     Capturing clock:                         i_clk (rising edge)

     Requested period:                       2000ps
   + Delay of the capturing clock:           2335ps
   - Clock uncertainty:                       150ps
   = Required time:                          4185ps
   - Propagation time:                       4925ps (58.8% logic, 41.2% route, logic stage 2)
   - Delay of the launching clock:           2347ps
   = Slack:                                 -3087ps

   Instance/Pin or Net Name                Type         ID     Location or Fanout   Delay(ps)  Edge  Arrival Time(ps)    Instance detail                                                                                                          
   -------------------------------------------------------------------------------------------------------------------------------------------------------------------------------------------------------------------------------------------------
   i_clk                                   CLOCK-PORT    -                      -     launch     r               0                                                                                                                                
   i_clk                                   Clock net     2           (fanout=516)       2347                     -                                                                                                                                
   RBB_17/CLK                              RBB_6L       17  [TILE 0 0, RBB 10 14]          -     r            2347                                                                                                                                
   -------------------------------------------------------------------------------------------------------------------------------------------------------------------------------------------------------------------------------------------------
   RBB_17/DQ                               RBB_6L       17  [TILE 0 0, RBB 10 14]        800     r            3147     {inst28: bit_count_FDSE_Q_2 (FDRE,site=dff)}                                                                               
   i_en_LUT5_I0_O_LUT5_O_I1_CARRY4_O_O[1]  Net          35            (fanout=10)       1172                     -                                                                                                                                
   RBB_11/A5                               RBB_6L       11  [TILE 0 0, RBB 10 12]          -     r            4319                                                                                                                                
   RBB_11/BMUX                             RBB_6L       11  [TILE 0 0, RBB 10 12]       1264     r            5583     {inst42: i_en_LUT5_I0_O_LUT5_O_I1_CARRY4_O (CARRY4)}                                                                       
   i_en_LUT5_I0_O_LUT5_O_I1_CARRY4_O_O[2]  Net          36             (fanout=9)        857                     -                                                                                                                                
   RBB_16/C1                               RBB_6L       16   [TILE 0 0, RBB 7 16]          -     r            6440     {inst77: read_request_LUT4_I0_1_I3_LUT4_I2_O_LUT6_I4_1 (LUT,site=clut,cluto)} {inst27: bit_count_FDSE_Q_1 (FDRE,site=cff)} 
   -------------------------------------------------------------------------------------------------------------------------------------------------------------------------------------------------------------------------------------------------
   RBB_16/CLK                              RBB_6L       16   [TILE 0 0, RBB 7 16]        832     r            7272                                                                                                                                
   i_clk                                   Clock net     2           (fanout=516)      -2335                     -                                                                                                                                
   i_clk                                   CLOCK-PORT    -                      -    capture     r            4937                                                                                                                                
   -------------------------------------------------------------------------------------------------------------------------------------------------------------------------------------------------------------------------------------------------


Path 85:
   Slack (not met):                         -3018ps
     Path type:                               SETUP
     Group:                            <UDEF_i_clk>
     Launching clock:                         i_clk (rising edge)
     Capturing clock:                         i_clk (rising edge)

     Requested period:                       2000ps
   + Delay of the capturing clock:           2347ps
   - Clock uncertainty:                       150ps
   = Required time:                          4197ps
   - Propagation time:                       5056ps (61.1% logic, 38.9% route, logic stage 2)
   - Delay of the launching clock:           2159ps
   = Slack:                                 -3018ps

   Instance/Pin or Net Name   Type         ID     Location or Fanout   Delay(ps)  Edge  Arrival Time(ps)    Instance detail                                                                                                          
   ------------------------------------------------------------------------------------------------------------------------------------------------------------------------------------------------------------------------------------
   i_clk                      CLOCK-PORT    -                      -     launch     r               0                                                                                                                                
   i_clk                      Clock net     2           (fanout=516)       2159                     -                                                                                                                                
   RBB_15/CLK                 RBB_6L       15   [TILE 0 0, RBB 1 16]          -     r            2159                                                                                                                                
   ------------------------------------------------------------------------------------------------------------------------------------------------------------------------------------------------------------------------------------
   RBB_15/DMUX                RBB_6L       15   [TILE 0 0, RBB 1 16]       1466     r            3625     {inst120: sda_sync_FDSE_Q_1 (FDR,site=dffo)}                                                                               
   sda_sync[1]                Net          22             (fanout=5)        564                     -                                                                                                                                
   RBB_15/A3                  RBB_6L       15   [TILE 0 0, RBB 1 16]          -     r            4189                                                                                                                                
   RBB_15/A                   RBB_6L       15   [TILE 0 0, RBB 1 16]        763     r            4952     {inst118: scl_sync_LUT3_I1_1 (LUT,site=alut)}                                                                              
   i_en_LUT5_I0_I4[2]         Net          95            (fanout=12)       1402                     -                                                                                                                                
   RBB_17/D4                  RBB_6L       17  [TILE 0 0, RBB 10 14]          -     r            6354     {inst83: read_request_LUT4_I0_1_I3_LUT4_I2_O_LUT6_I4_2 (LUT,site=dlut,dluto)} {inst28: bit_count_FDSE_Q_2 (FDRE,site=dff)} 
   ------------------------------------------------------------------------------------------------------------------------------------------------------------------------------------------------------------------------------------
   RBB_17/CLK                 RBB_6L       17  [TILE 0 0, RBB 10 14]        861     r            7215                                                                                                                                
   i_clk                      Clock net     2           (fanout=516)      -2347                     -                                                                                                                                
   i_clk                      CLOCK-PORT    -                      -    capture     r            4868                                                                                                                                
   ------------------------------------------------------------------------------------------------------------------------------------------------------------------------------------------------------------------------------------


Path 358:
   Slack (not met):                         -2885ps
     Path type:                               SETUP
     Group:                            <UDEF_i_clk>
     Launching clock:                         i_clk (rising edge)
     Capturing clock:                         i_clk (rising edge)

     Requested period:                       2000ps
   + Delay of the capturing clock:           2347ps
   - Clock uncertainty:                       150ps
   = Required time:                          4197ps
   - Propagation time:                       4923ps (48.5% logic, 51.5% route, logic stage 2)
   - Delay of the launching clock:           2159ps
   = Slack:                                 -2885ps

   Instance/Pin or Net Name                Type         ID     Location or Fanout   Delay(ps)  Edge  Arrival Time(ps)    Instance detail                                                                                                          
   -------------------------------------------------------------------------------------------------------------------------------------------------------------------------------------------------------------------------------------------------
   i_clk                                   CLOCK-PORT    -                      -     launch     r               0                                                                                                                                
   i_clk                                   Clock net     2           (fanout=516)       2159                     -                                                                                                                                
   RBB_15/CLK                              RBB_6L       15   [TILE 0 0, RBB 1 16]          -     r            2159                                                                                                                                
   -------------------------------------------------------------------------------------------------------------------------------------------------------------------------------------------------------------------------------------------------
   RBB_15/DQ                               RBB_6L       15   [TILE 0 0, RBB 1 16]        800     r            2959     {inst119: sda_sync_FDSE_Q (FDR,site=dff)}                                                                                  
   i_en_LUT5_I0_O_LUT5_O_I1_CARRY4_O_O[4]  Net          38            (fanout=16)       1158                     -                                                                                                                                
   RBB_15/B5                               RBB_6L       15   [TILE 0 0, RBB 1 16]          -     r            4117                                                                                                                                
   RBB_15/B                                RBB_6L       15   [TILE 0 0, RBB 1 16]        729     r            4846     {inst73: read_request_LUT4_I0_1_I2_LUT3_O (LUT,site=blut)}                                                                 
   read_request_LUT4_I0_1_I2[1]            Net          99             (fanout=8)       1375                     -                                                                                                                                
   RBB_17/D1                               RBB_6L       17  [TILE 0 0, RBB 10 14]          -     r            6221     {inst83: read_request_LUT4_I0_1_I3_LUT4_I2_O_LUT6_I4_2 (LUT,site=dlut,dluto)} {inst28: bit_count_FDSE_Q_2 (FDRE,site=dff)} 
   -------------------------------------------------------------------------------------------------------------------------------------------------------------------------------------------------------------------------------------------------
   RBB_17/CLK                              RBB_6L       17  [TILE 0 0, RBB 10 14]        861     r            7082                                                                                                                                
   i_clk                                   Clock net     2           (fanout=516)      -2347                     -                                                                                                                                
   i_clk                                   CLOCK-PORT    -                      -    capture     r            4735                                                                                                                                
   -------------------------------------------------------------------------------------------------------------------------------------------------------------------------------------------------------------------------------------------------


Path 359:
   Slack (not met):                         -2838ps
     Path type:                               SETUP
     Group:                            <UDEF_i_clk>
     Launching clock:                         i_clk (rising edge)
     Capturing clock:                         i_clk (rising edge)

     Requested period:                       2000ps
   + Delay of the capturing clock:           2335ps
   - Clock uncertainty:                       150ps
   = Required time:                          4185ps
   - Propagation time:                       4848ps (49.8% logic, 50.2% route, logic stage 2)
   - Delay of the launching clock:           2175ps
   = Slack:                                 -2838ps

   Instance/Pin or Net Name               Type         ID    Location or Fanout   Delay(ps)  Edge  Arrival Time(ps)    Instance detail                                                                                                      
   -------------------------------------------------------------------------------------------------------------------------------------------------------------------------------------------------------------------------------------------
   i_clk                                  CLOCK-PORT    -                     -     launch     r               0                                                                                                                            
   i_clk                                  Clock net     2          (fanout=516)       2175                     -                                                                                                                            
   RBB_20/CLK                             RBB_6L       20  [TILE 0 0, RBB 4 14]          -     r            2175                                                                                                                            
   -------------------------------------------------------------------------------------------------------------------------------------------------------------------------------------------------------------------------------------------
   RBB_20/DQ                              RBB_6L       20  [TILE 0 0, RBB 4 14]        800     r            2975     {inst128: state_FDRE_Q_2 (FDRE,site=dff)}                                                                              
   i_en_LUT5_I0_I3[0]                     Net          54           (fanout=15)       1188                     -                                                                                                                            
   RBB_20/C3                              RBB_6L       20  [TILE 0 0, RBB 4 14]          -     r            4163                                                                                                                            
   RBB_20/C                               RBB_6L       20  [TILE 0 0, RBB 4 14]        688     r            4851     {inst38: i_en_LUT5_I0_O_LUT4_O_I0_LUT2_I0_O_LUT4_O (LUT,site=clut)}                                                    
   i_en_LUT5_I0_O_LUT4_O_I0_LUT2_I0_O[3]  Net          71            (fanout=5)       1247                     -                                                                                                                            
   RBB_16/D4                              RBB_6L       16  [TILE 0 0, RBB 7 16]          -     r            6098     {inst76: read_request_LUT4_I0_1_I3_LUT4_I2_O_LUT6_I4 (LUT,site=dlut,dluto)} {inst26: bit_count_FDSE_Q (FDRE,site=dff)} 
   -------------------------------------------------------------------------------------------------------------------------------------------------------------------------------------------------------------------------------------------
   RBB_16/CLK                             RBB_6L       16  [TILE 0 0, RBB 7 16]        925     r            7023                                                                                                                            
   i_clk                                  Clock net     2          (fanout=516)      -2335                     -                                                                                                                            
   i_clk                                  CLOCK-PORT    -                     -    capture     r            4688                                                                                                                            
   -------------------------------------------------------------------------------------------------------------------------------------------------------------------------------------------------------------------------------------------


Path 360:
   Slack (not met):                         -2779ps
     Path type:                               SETUP
     Group:                            <UDEF_i_clk>
     Launching clock:                         i_clk (rising edge)
     Capturing clock:                         i_clk (rising edge)

     Requested period:                       2000ps
   + Delay of the capturing clock:           2347ps
   - Clock uncertainty:                       150ps
   = Required time:                          4197ps
   - Propagation time:                       4641ps (57.1% logic, 42.9% route, logic stage 2)
   - Delay of the launching clock:           2335ps
   = Slack:                                 -2779ps

   Instance/Pin or Net Name                Type         ID     Location or Fanout   Delay(ps)  Edge  Arrival Time(ps)    Instance detail                                                                                   
   --------------------------------------------------------------------------------------------------------------------------------------------------------------------------------------------------------------------------
   i_clk                                   CLOCK-PORT    -                      -     launch     r               0                                                                                                         
   i_clk                                   Clock net     2           (fanout=516)       2335                     -                                                                                                         
   RBB_16/CLK                              RBB_6L       16   [TILE 0 0, RBB 7 16]          -     r            2335                                                                                                         
   --------------------------------------------------------------------------------------------------------------------------------------------------------------------------------------------------------------------------
   RBB_16/DQ                               RBB_6L       16   [TILE 0 0, RBB 7 16]        800     r            3135     {inst26: bit_count_FDSE_Q (FDRE,site=dff)}                                                          
   i_en_LUT5_I0_I4[0]                      Net          93             (fanout=3)       1437                     -                                                                                                         
   RBB_11/C1                               RBB_6L       11  [TILE 0 0, RBB 10 12]          -     r            4572                                                                                                         
   RBB_11/CMUX                             RBB_6L       11  [TILE 0 0, RBB 10 12]       1218     r            5790     {inst42: i_en_LUT5_I0_O_LUT5_O_I1_CARRY4_O (CARRY4)}                                                
   i_en_LUT5_I0_O_LUT5_O_I1_CARRY4_O_O[3]  Net          37             (fanout=8)        554                     -                                                                                                         
   RBB_11/A2                               RBB_6L       11  [TILE 0 0, RBB 10 12]          -     r            6344     {inst110: rx_shift_FDRE_Q_D_LUT5_O_4 (LUT,site=aluto)} {inst103: rx_shift_FDRE_Q_5 (FDRE,site=aff)} 
   --------------------------------------------------------------------------------------------------------------------------------------------------------------------------------------------------------------------------
   RBB_11/CLK                              RBB_6L       11  [TILE 0 0, RBB 10 12]        632     r            6976                                                                                                         
   i_clk                                   Clock net     2           (fanout=516)      -2347                     -                                                                                                         
   i_clk                                   CLOCK-PORT    -                      -    capture     r            4629                                                                                                         
   --------------------------------------------------------------------------------------------------------------------------------------------------------------------------------------------------------------------------


Path 361:
   Slack (not met):                         -2701ps
     Path type:                               SETUP
     Group:                            <UDEF_i_clk>
     Launching clock:                         i_clk (rising edge)
     Capturing clock:                         i_clk (rising edge)

     Requested period:                       2000ps
   + Delay of the capturing clock:           2347ps
   - Clock uncertainty:                       150ps
   = Required time:                          4197ps
   - Propagation time:                       4563ps (56.2% logic, 43.8% route, logic stage 2)
   - Delay of the launching clock:           2335ps
   = Slack:                                 -2701ps

   Instance/Pin or Net Name                Type         ID     Location or Fanout   Delay(ps)  Edge  Arrival Time(ps)    Instance detail                                                                                   
   --------------------------------------------------------------------------------------------------------------------------------------------------------------------------------------------------------------------------
   i_clk                                   CLOCK-PORT    -                      -     launch     r               0                                                                                                         
   i_clk                                   Clock net     2           (fanout=516)       2335                     -                                                                                                         
   RBB_16/CLK                              RBB_6L       16   [TILE 0 0, RBB 7 16]          -     r            2335                                                                                                         
   --------------------------------------------------------------------------------------------------------------------------------------------------------------------------------------------------------------------------
   RBB_16/DQ                               RBB_6L       16   [TILE 0 0, RBB 7 16]        800     r            3135     {inst26: bit_count_FDSE_Q (FDRE,site=dff)}                                                          
   i_en_LUT5_I0_I4[0]                      Net          93             (fanout=3)       1437                     -                                                                                                         
   RBB_11/C1                               RBB_6L       11  [TILE 0 0, RBB 10 12]          -     r            4572                                                                                                         
   RBB_11/CMUX                             RBB_6L       11  [TILE 0 0, RBB 10 12]       1218     r            5790     {inst42: i_en_LUT5_I0_O_LUT5_O_I1_CARRY4_O (CARRY4)}                                                
   i_en_LUT5_I0_O_LUT5_O_I1_CARRY4_O_O[3]  Net          37             (fanout=8)        563                     -                                                                                                         
   RBB_11/D2                               RBB_6L       11  [TILE 0 0, RBB 10 12]          -     r            6353     {inst109: rx_shift_FDRE_Q_D_LUT5_O_3 (LUT,site=dluto)} {inst102: rx_shift_FDRE_Q_4 (FDRE,site=dff)} 
   --------------------------------------------------------------------------------------------------------------------------------------------------------------------------------------------------------------------------
   RBB_11/CLK                              RBB_6L       11  [TILE 0 0, RBB 10 12]        545     r            6898                                                                                                         
   i_clk                                   Clock net     2           (fanout=516)      -2347                     -                                                                                                         
   i_clk                                   CLOCK-PORT    -                      -    capture     r            4551                                                                                                         
   --------------------------------------------------------------------------------------------------------------------------------------------------------------------------------------------------------------------------


Path 96:
   Slack (not met):                         -2688ps
     Path type:                               SETUP
     Group:                            <UDEF_i_clk>
     Launching clock:                         i_clk (rising edge)
     Capturing clock:                         i_clk (rising edge)

     Requested period:                       2000ps
   + Delay of the capturing clock:           2347ps
   - Clock uncertainty:                       150ps
   = Required time:                          4197ps
   - Propagation time:                       4538ps (61.8% logic, 38.2% route, logic stage 2)
   - Delay of the launching clock:           2347ps
   = Slack:                                 -2688ps

   Instance/Pin or Net Name                Type         ID     Location or Fanout   Delay(ps)  Edge  Arrival Time(ps)    Instance detail                                                                                   
   --------------------------------------------------------------------------------------------------------------------------------------------------------------------------------------------------------------------------
   i_clk                                   CLOCK-PORT    -                      -     launch     r               0                                                                                                         
   i_clk                                   Clock net     2           (fanout=516)       2347                     -                                                                                                         
   RBB_17/CLK                              RBB_6L       17  [TILE 0 0, RBB 10 14]          -     r            2347                                                                                                         
   --------------------------------------------------------------------------------------------------------------------------------------------------------------------------------------------------------------------------
   RBB_17/DQ                               RBB_6L       17  [TILE 0 0, RBB 10 14]        800     r            3147     {inst28: bit_count_FDSE_Q_2 (FDRE,site=dff)}                                                        
   i_en_LUT5_I0_O_LUT5_O_I1_CARRY4_O_O[1]  Net          35            (fanout=10)       1172                     -                                                                                                         
   RBB_11/A5                               RBB_6L       11  [TILE 0 0, RBB 10 12]          -     r            4319                                                                                                         
   RBB_11/BMUX                             RBB_6L       11  [TILE 0 0, RBB 10 12]       1264     r            5583     {inst42: i_en_LUT5_I0_O_LUT5_O_I1_CARRY4_O (CARRY4)}                                                
   i_en_LUT5_I0_O_LUT5_O_I1_CARRY4_O_O[2]  Net          36             (fanout=9)        560                     -                                                                                                         
   RBB_11/D3                               RBB_6L       11  [TILE 0 0, RBB 10 12]          -     r            6143     {inst109: rx_shift_FDRE_Q_D_LUT5_O_3 (LUT,site=dluto)} {inst102: rx_shift_FDRE_Q_4 (FDRE,site=dff)} 
   --------------------------------------------------------------------------------------------------------------------------------------------------------------------------------------------------------------------------
   RBB_11/CLK                              RBB_6L       11  [TILE 0 0, RBB 10 12]        742     r            6885                                                                                                         
   i_clk                                   Clock net     2           (fanout=516)      -2347                     -                                                                                                         
   i_clk                                   CLOCK-PORT    -                      -    capture     r            4538                                                                                                         
   --------------------------------------------------------------------------------------------------------------------------------------------------------------------------------------------------------------------------


Path 362:
   Slack (not met):                         -2671ps
     Path type:                               SETUP
     Group:                            <UDEF_i_clk>
     Launching clock:                         i_clk (rising edge)
     Capturing clock:                         i_clk (rising edge)

     Requested period:                       2000ps
   + Delay of the capturing clock:           2335ps
   - Clock uncertainty:                       150ps
   = Required time:                          4185ps
   - Propagation time:                       4681ps (47.9% logic, 52.1% route, logic stage 2)
   - Delay of the launching clock:           2175ps
   = Slack:                                 -2671ps

   Instance/Pin or Net Name               Type         ID    Location or Fanout   Delay(ps)  Edge  Arrival Time(ps)    Instance detail                                                                                                          
   -----------------------------------------------------------------------------------------------------------------------------------------------------------------------------------------------------------------------------------------------
   i_clk                                  CLOCK-PORT    -                     -     launch     r               0                                                                                                                                
   i_clk                                  Clock net     2          (fanout=516)       2175                     -                                                                                                                                
   RBB_20/CLK                             RBB_6L       20  [TILE 0 0, RBB 4 14]          -     r            2175                                                                                                                                
   -----------------------------------------------------------------------------------------------------------------------------------------------------------------------------------------------------------------------------------------------
   RBB_20/DQ                              RBB_6L       20  [TILE 0 0, RBB 4 14]        800     r            2975     {inst128: state_FDRE_Q_2 (FDRE,site=dff)}                                                                                  
   i_en_LUT5_I0_I3[0]                     Net          54           (fanout=15)       1188                     -                                                                                                                                
   RBB_20/C3                              RBB_6L       20  [TILE 0 0, RBB 4 14]          -     r            4163                                                                                                                                
   RBB_20/C                               RBB_6L       20  [TILE 0 0, RBB 4 14]        688     r            4851     {inst38: i_en_LUT5_I0_O_LUT4_O_I0_LUT2_I0_O_LUT4_O (LUT,site=clut)}                                                        
   i_en_LUT5_I0_O_LUT4_O_I0_LUT2_I0_O[3]  Net          71            (fanout=5)       1251                     -                                                                                                                                
   RBB_16/C4                              RBB_6L       16  [TILE 0 0, RBB 7 16]          -     r            6102     {inst77: read_request_LUT4_I0_1_I3_LUT4_I2_O_LUT6_I4_1 (LUT,site=clut,cluto)} {inst27: bit_count_FDSE_Q_1 (FDRE,site=cff)} 
   -----------------------------------------------------------------------------------------------------------------------------------------------------------------------------------------------------------------------------------------------
   RBB_16/CLK                             RBB_6L       16  [TILE 0 0, RBB 7 16]        754     r            6856                                                                                                                                
   i_clk                                  Clock net     2          (fanout=516)      -2335                     -                                                                                                                                
   i_clk                                  CLOCK-PORT    -                     -    capture     r            4521                                                                                                                                
   -----------------------------------------------------------------------------------------------------------------------------------------------------------------------------------------------------------------------------------------------


Path 84:
   Slack (not met):                         -2636ps
     Path type:                               SETUP
     Group:                            <UDEF_i_clk>
     Launching clock:                         i_clk (rising edge)
     Capturing clock:                         i_clk (rising edge)

     Requested period:                       2000ps
   + Delay of the capturing clock:           2335ps
   - Clock uncertainty:                       150ps
   = Required time:                          4185ps
   - Propagation time:                       4662ps (67.7% logic, 32.3% route, logic stage 2)
   - Delay of the launching clock:           2159ps
   = Slack:                                 -2636ps

   Instance/Pin or Net Name   Type         ID    Location or Fanout   Delay(ps)  Edge  Arrival Time(ps)    Instance detail                                                                                                      
   -------------------------------------------------------------------------------------------------------------------------------------------------------------------------------------------------------------------------------
   i_clk                      CLOCK-PORT    -                     -     launch     r               0                                                                                                                            
   i_clk                      Clock net     2          (fanout=516)       2159                     -                                                                                                                            
   RBB_15/CLK                 RBB_6L       15  [TILE 0 0, RBB 1 16]          -     r            2159                                                                                                                            
   -------------------------------------------------------------------------------------------------------------------------------------------------------------------------------------------------------------------------------
   RBB_15/DMUX                RBB_6L       15  [TILE 0 0, RBB 1 16]       1466     r            3625     {inst120: sda_sync_FDSE_Q_1 (FDR,site=dffo)}                                                                           
   sda_sync[1]                Net          22            (fanout=5)        564                     -                                                                                                                            
   RBB_15/A3                  RBB_6L       15  [TILE 0 0, RBB 1 16]          -     r            4189                                                                                                                            
   RBB_15/A                   RBB_6L       15  [TILE 0 0, RBB 1 16]        763     r            4952     {inst118: scl_sync_LUT3_I1_1 (LUT,site=alut)}                                                                          
   i_en_LUT5_I0_I4[2]         Net          95           (fanout=12)        940                     -                                                                                                                            
   RBB_16/D5                  RBB_6L       16  [TILE 0 0, RBB 7 16]          -     r            5892     {inst76: read_request_LUT4_I0_1_I3_LUT4_I2_O_LUT6_I4 (LUT,site=dlut,dluto)} {inst26: bit_count_FDSE_Q (FDRE,site=dff)} 
   -------------------------------------------------------------------------------------------------------------------------------------------------------------------------------------------------------------------------------
   RBB_16/CLK                 RBB_6L       16  [TILE 0 0, RBB 7 16]        929     r            6821                                                                                                                            
   i_clk                      Clock net     2          (fanout=516)      -2335                     -                                                                                                                            
   i_clk                      CLOCK-PORT    -                     -    capture     r            4486                                                                                                                            
   -------------------------------------------------------------------------------------------------------------------------------------------------------------------------------------------------------------------------------


Path 86:
   Slack (not met):                         -2610ps
     Path type:                               SETUP
     Group:                            <UDEF_i_clk>
     Launching clock:                         i_clk (rising edge)
     Capturing clock:                         i_clk (rising edge)

     Requested period:                       2000ps
   + Delay of the capturing clock:           2335ps
   - Clock uncertainty:                       150ps
   = Required time:                          4185ps
   - Propagation time:                       4636ps (67.6% logic, 32.4% route, logic stage 2)
   - Delay of the launching clock:           2159ps
   = Slack:                                 -2610ps

   Instance/Pin or Net Name   Type         ID    Location or Fanout   Delay(ps)  Edge  Arrival Time(ps)    Instance detail                                                                                                          
   -----------------------------------------------------------------------------------------------------------------------------------------------------------------------------------------------------------------------------------
   i_clk                      CLOCK-PORT    -                     -     launch     r               0                                                                                                                                
   i_clk                      Clock net     2          (fanout=516)       2159                     -                                                                                                                                
   RBB_15/CLK                 RBB_6L       15  [TILE 0 0, RBB 1 16]          -     r            2159                                                                                                                                
   -----------------------------------------------------------------------------------------------------------------------------------------------------------------------------------------------------------------------------------
   RBB_15/DMUX                RBB_6L       15  [TILE 0 0, RBB 1 16]       1466     r            3625     {inst120: sda_sync_FDSE_Q_1 (FDR,site=dffo)}                                                                               
   sda_sync[1]                Net          22            (fanout=5)        564                     -                                                                                                                                
   RBB_15/A3                  RBB_6L       15  [TILE 0 0, RBB 1 16]          -     r            4189                                                                                                                                
   RBB_15/A                   RBB_6L       15  [TILE 0 0, RBB 1 16]        763     r            4952     {inst118: scl_sync_LUT3_I1_1 (LUT,site=alut)}                                                                              
   i_en_LUT5_I0_I4[2]         Net          95           (fanout=12)        940                     -                                                                                                                                
   RBB_16/C5                  RBB_6L       16  [TILE 0 0, RBB 7 16]          -     r            5892     {inst77: read_request_LUT4_I0_1_I3_LUT4_I2_O_LUT6_I4_1 (LUT,site=clut,cluto)} {inst27: bit_count_FDSE_Q_1 (FDRE,site=cff)} 
   -----------------------------------------------------------------------------------------------------------------------------------------------------------------------------------------------------------------------------------
   RBB_16/CLK                 RBB_6L       16  [TILE 0 0, RBB 7 16]        903     r            6795                                                                                                                                
   i_clk                      Clock net     2          (fanout=516)      -2335                     -                                                                                                                                
   i_clk                      CLOCK-PORT    -                     -    capture     r            4460                                                                                                                                
   -----------------------------------------------------------------------------------------------------------------------------------------------------------------------------------------------------------------------------------


Path 94:
   Slack (not met):                         -2561ps
     Path type:                               SETUP
     Group:                            <UDEF_i_clk>
     Launching clock:                         i_clk (rising edge)
     Capturing clock:                         i_clk (rising edge)

     Requested period:                       2000ps
   + Delay of the capturing clock:           2347ps
   - Clock uncertainty:                       150ps
   = Required time:                          4197ps
   - Propagation time:                       4411ps (60.7% logic, 39.3% route, logic stage 2)
   - Delay of the launching clock:           2347ps
   = Slack:                                 -2561ps

   Instance/Pin or Net Name                Type         ID     Location or Fanout   Delay(ps)  Edge  Arrival Time(ps)    Instance detail                                                                                   
   --------------------------------------------------------------------------------------------------------------------------------------------------------------------------------------------------------------------------
   i_clk                                   CLOCK-PORT    -                      -     launch     r               0                                                                                                         
   i_clk                                   Clock net     2           (fanout=516)       2347                     -                                                                                                         
   RBB_17/CLK                              RBB_6L       17  [TILE 0 0, RBB 10 14]          -     r            2347                                                                                                         
   --------------------------------------------------------------------------------------------------------------------------------------------------------------------------------------------------------------------------
   RBB_17/DQ                               RBB_6L       17  [TILE 0 0, RBB 10 14]        800     r            3147     {inst28: bit_count_FDSE_Q_2 (FDRE,site=dff)}                                                        
   i_en_LUT5_I0_O_LUT5_O_I1_CARRY4_O_O[1]  Net          35            (fanout=10)       1172                     -                                                                                                         
   RBB_11/A5                               RBB_6L       11  [TILE 0 0, RBB 10 12]          -     r            4319                                                                                                         
   RBB_11/BMUX                             RBB_6L       11  [TILE 0 0, RBB 10 12]       1264     r            5583     {inst42: i_en_LUT5_I0_O_LUT5_O_I1_CARRY4_O (CARRY4)}                                                
   i_en_LUT5_I0_O_LUT5_O_I1_CARRY4_O_O[2]  Net          36             (fanout=9)        561                     -                                                                                                         
   RBB_11/A3                               RBB_6L       11  [TILE 0 0, RBB 10 12]          -     r            6144     {inst110: rx_shift_FDRE_Q_D_LUT5_O_4 (LUT,site=aluto)} {inst103: rx_shift_FDRE_Q_5 (FDRE,site=aff)} 
   --------------------------------------------------------------------------------------------------------------------------------------------------------------------------------------------------------------------------
   RBB_11/CLK                              RBB_6L       11  [TILE 0 0, RBB 10 12]        614     r            6758                                                                                                         
   i_clk                                   Clock net     2           (fanout=516)      -2347                     -                                                                                                         
   i_clk                                   CLOCK-PORT    -                      -    capture     r            4411                                                                                                         
   --------------------------------------------------------------------------------------------------------------------------------------------------------------------------------------------------------------------------


Path 363:
   Slack (not met):                         -2377ps
     Path type:                               SETUP
     Group:                            <UDEF_i_clk>
     Launching clock:                         i_clk (rising edge)
     Capturing clock:                         i_clk (rising edge)

     Requested period:                       2000ps
   + Delay of the capturing clock:           2335ps
   - Clock uncertainty:                       150ps
   = Required time:                          4185ps
   - Propagation time:                       4403ps (52.7% logic, 47.3% route, logic stage 2)
   - Delay of the launching clock:           2159ps
   = Slack:                                 -2377ps

   Instance/Pin or Net Name                Type         ID    Location or Fanout   Delay(ps)  Edge  Arrival Time(ps)    Instance detail                                                                                                      
   --------------------------------------------------------------------------------------------------------------------------------------------------------------------------------------------------------------------------------------------
   i_clk                                   CLOCK-PORT    -                     -     launch     r               0                                                                                                                            
   i_clk                                   Clock net     2          (fanout=516)       2159                     -                                                                                                                            
   RBB_15/CLK                              RBB_6L       15  [TILE 0 0, RBB 1 16]          -     r            2159                                                                                                                            
   --------------------------------------------------------------------------------------------------------------------------------------------------------------------------------------------------------------------------------------------
   RBB_15/DQ                               RBB_6L       15  [TILE 0 0, RBB 1 16]        800     r            2959     {inst119: sda_sync_FDSE_Q (FDR,site=dff)}                                                                              
   i_en_LUT5_I0_O_LUT5_O_I1_CARRY4_O_O[4]  Net          38           (fanout=16)       1158                     -                                                                                                                            
   RBB_15/B5                               RBB_6L       15  [TILE 0 0, RBB 1 16]          -     r            4117                                                                                                                            
   RBB_15/B                                RBB_6L       15  [TILE 0 0, RBB 1 16]        729     r            4846     {inst73: read_request_LUT4_I0_1_I2_LUT3_O (LUT,site=blut)}                                                             
   read_request_LUT4_I0_1_I2[1]            Net          99            (fanout=8)        926                     -                                                                                                                            
   RBB_16/D6                               RBB_6L       16  [TILE 0 0, RBB 7 16]          -     r            5772     {inst76: read_request_LUT4_I0_1_I3_LUT4_I2_O_LUT6_I4 (LUT,site=dlut,dluto)} {inst26: bit_count_FDSE_Q (FDRE,site=dff)} 
   --------------------------------------------------------------------------------------------------------------------------------------------------------------------------------------------------------------------------------------------
   RBB_16/CLK                              RBB_6L       16  [TILE 0 0, RBB 7 16]        790     r            6562                                                                                                                            
   i_clk                                   Clock net     2          (fanout=516)      -2335                     -                                                                                                                            
   i_clk                                   CLOCK-PORT    -                     -    capture     r            4227                                                                                                                            
   --------------------------------------------------------------------------------------------------------------------------------------------------------------------------------------------------------------------------------------------


Path 364:
   Slack (not met):                         -2351ps
     Path type:                               SETUP
     Group:                            <UDEF_i_clk>
     Launching clock:                         i_clk (rising edge)
     Capturing clock:                         i_clk (rising edge)

     Requested period:                       2000ps
   + Delay of the capturing clock:           2347ps
   - Clock uncertainty:                       150ps
   = Required time:                          4197ps
   - Propagation time:                       4373ps (53.7% logic, 46.3% route, logic stage 2)
   - Delay of the launching clock:           2175ps
   = Slack:                                 -2351ps

   Instance/Pin or Net Name               Type         ID     Location or Fanout   Delay(ps)  Edge  Arrival Time(ps)    Instance detail                                                                                                          
   ------------------------------------------------------------------------------------------------------------------------------------------------------------------------------------------------------------------------------------------------
   i_clk                                  CLOCK-PORT    -                      -     launch     r               0                                                                                                                                
   i_clk                                  Clock net     2           (fanout=516)       2175                     -                                                                                                                                
   RBB_20/CLK                             RBB_6L       20   [TILE 0 0, RBB 4 14]          -     r            2175                                                                                                                                
   ------------------------------------------------------------------------------------------------------------------------------------------------------------------------------------------------------------------------------------------------
   RBB_20/DQ                              RBB_6L       20   [TILE 0 0, RBB 4 14]        800     r            2975     {inst128: state_FDRE_Q_2 (FDRE,site=dff)}                                                                                  
   i_en_LUT5_I0_I3[0]                     Net          54            (fanout=15)       1188                     -                                                                                                                                
   RBB_20/C3                              RBB_6L       20   [TILE 0 0, RBB 4 14]          -     r            4163                                                                                                                                
   RBB_20/C                               RBB_6L       20   [TILE 0 0, RBB 4 14]        688     r            4851     {inst38: i_en_LUT5_I0_O_LUT4_O_I0_LUT2_I0_O_LUT4_O (LUT,site=clut)}                                                        
   i_en_LUT5_I0_O_LUT4_O_I0_LUT2_I0_O[3]  Net          71             (fanout=5)        836                     -                                                                                                                                
   RBB_17/D2                              RBB_6L       17  [TILE 0 0, RBB 10 14]          -     r            5687     {inst83: read_request_LUT4_I0_1_I3_LUT4_I2_O_LUT6_I4_2 (LUT,site=dlut,dluto)} {inst28: bit_count_FDSE_Q_2 (FDRE,site=dff)} 
   ------------------------------------------------------------------------------------------------------------------------------------------------------------------------------------------------------------------------------------------------
   RBB_17/CLK                             RBB_6L       17  [TILE 0 0, RBB 10 14]        861     r            6548                                                                                                                                
   i_clk                                  Clock net     2           (fanout=516)      -2347                     -                                                                                                                                
   i_clk                                  CLOCK-PORT    -                      -    capture     r            4201                                                                                                                                
   ------------------------------------------------------------------------------------------------------------------------------------------------------------------------------------------------------------------------------------------------


Path 365:
   Slack (not met):                         -2260ps
     Path type:                               SETUP
     Group:                            <UDEF_i_clk>
     Launching clock:                         i_clk (rising edge)
     Capturing clock:                         i_clk (rising edge)

     Requested period:                       2000ps
   + Delay of the capturing clock:           2335ps
   - Clock uncertainty:                       150ps
   = Required time:                          4185ps
   - Propagation time:                       4286ps (51.4% logic, 48.6% route, logic stage 2)
   - Delay of the launching clock:           2159ps
   = Slack:                                 -2260ps

   Instance/Pin or Net Name                Type         ID    Location or Fanout   Delay(ps)  Edge  Arrival Time(ps)    Instance detail                                                                                                          
   ------------------------------------------------------------------------------------------------------------------------------------------------------------------------------------------------------------------------------------------------
   i_clk                                   CLOCK-PORT    -                     -     launch     r               0                                                                                                                                
   i_clk                                   Clock net     2          (fanout=516)       2159                     -                                                                                                                                
   RBB_15/CLK                              RBB_6L       15  [TILE 0 0, RBB 1 16]          -     r            2159                                                                                                                                
   ------------------------------------------------------------------------------------------------------------------------------------------------------------------------------------------------------------------------------------------------
   RBB_15/DQ                               RBB_6L       15  [TILE 0 0, RBB 1 16]        800     r            2959     {inst119: sda_sync_FDSE_Q (FDR,site=dff)}                                                                                  
   i_en_LUT5_I0_O_LUT5_O_I1_CARRY4_O_O[4]  Net          38           (fanout=16)       1158                     -                                                                                                                                
   RBB_15/B5                               RBB_6L       15  [TILE 0 0, RBB 1 16]          -     r            4117                                                                                                                                
   RBB_15/B                                RBB_6L       15  [TILE 0 0, RBB 1 16]        729     r            4846     {inst73: read_request_LUT4_I0_1_I2_LUT3_O (LUT,site=blut)}                                                                 
   read_request_LUT4_I0_1_I2[1]            Net          99            (fanout=8)        926                     -                                                                                                                                
   RBB_16/C6                               RBB_6L       16  [TILE 0 0, RBB 7 16]          -     r            5772     {inst77: read_request_LUT4_I0_1_I3_LUT4_I2_O_LUT6_I4_1 (LUT,site=clut,cluto)} {inst27: bit_count_FDSE_Q_1 (FDRE,site=cff)} 
   ------------------------------------------------------------------------------------------------------------------------------------------------------------------------------------------------------------------------------------------------
   RBB_16/CLK                              RBB_6L       16  [TILE 0 0, RBB 7 16]        673     r            6445                                                                                                                                
   i_clk                                   Clock net     2          (fanout=516)      -2335                     -                                                                                                                                
   i_clk                                   CLOCK-PORT    -                     -    capture     r            4110                                                                                                                                
   ------------------------------------------------------------------------------------------------------------------------------------------------------------------------------------------------------------------------------------------------


Path 103:
   Slack (not met):                         -2131ps
     Path type:                               SETUP
     Group:                            <UDEF_i_clk>
     Launching clock:                         i_clk (rising edge)
     Capturing clock:                         i_clk (rising edge)

     Requested period:                       2000ps
   + Delay of the capturing clock:           2318ps
   - Clock uncertainty:                       150ps
   = Required time:                          4168ps
   - Propagation time:                       3952ps (39.3% logic, 60.7% route, logic stage 1)
   - Delay of the launching clock:           2347ps
   = Slack:                                 -2131ps

   Instance/Pin or Net Name                Type         ID     Location or Fanout   Delay(ps)  Edge  Arrival Time(ps)    Instance detail                                                                                  
   -------------------------------------------------------------------------------------------------------------------------------------------------------------------------------------------------------------------------
   i_clk                                   CLOCK-PORT    -                      -     launch     r               0                                                                                                        
   i_clk                                   Clock net     2           (fanout=516)       2347                     -                                                                                                        
   RBB_17/CLK                              RBB_6L       17  [TILE 0 0, RBB 10 14]          -     r            2347                                                                                                        
   -------------------------------------------------------------------------------------------------------------------------------------------------------------------------------------------------------------------------
   RBB_17/DQ                               RBB_6L       17  [TILE 0 0, RBB 10 14]        800     r            3147     {inst28: bit_count_FDSE_Q_2 (FDRE,site=dff)}                                                       
   i_en_LUT5_I0_O_LUT5_O_I1_CARRY4_O_O[1]  Net          35            (fanout=10)       2398                     -                                                                                                        
   RBB_25/C2                               RBB_6L       25   [TILE 0 0, RBB 1 20]          -     r            5545     {inst111: rx_shift_FDRE_Q_D_LUT5_O_5 (LUT,site=clut)} {inst104: rx_shift_FDRE_Q_6 (FDRE,site=cff)} 
   -------------------------------------------------------------------------------------------------------------------------------------------------------------------------------------------------------------------------
   RBB_25/CLK                              RBB_6L       25   [TILE 0 0, RBB 1 20]        754     r            6299                                                                                                        
   i_clk                                   Clock net     2           (fanout=516)      -2318                     -                                                                                                        
   i_clk                                   CLOCK-PORT    -                      -    capture     r            3981                                                                                                        
   -------------------------------------------------------------------------------------------------------------------------------------------------------------------------------------------------------------------------


Path 99:
   Slack (not met):                         -1978ps
     Path type:                               SETUP
     Group:                            <UDEF_i_clk>
     Launching clock:                         i_clk (rising edge)
     Capturing clock:                         i_clk (rising edge)

     Requested period:                       2000ps
   + Delay of the capturing clock:           2319ps
   - Clock uncertainty:                       150ps
   = Required time:                          4169ps
   - Propagation time:                       3800ps (45.9% logic, 54.1% route, logic stage 1)
   - Delay of the launching clock:           2347ps
   = Slack:                                 -1978ps

   Instance/Pin or Net Name                Type         ID     Location or Fanout   Delay(ps)  Edge  Arrival Time(ps)    Instance detail                                                                                  
   -------------------------------------------------------------------------------------------------------------------------------------------------------------------------------------------------------------------------
   i_clk                                   CLOCK-PORT    -                      -     launch     r               0                                                                                                        
   i_clk                                   Clock net     2           (fanout=516)       2347                     -                                                                                                        
   RBB_17/CLK                              RBB_6L       17  [TILE 0 0, RBB 10 14]          -     r            2347                                                                                                        
   -------------------------------------------------------------------------------------------------------------------------------------------------------------------------------------------------------------------------
   RBB_17/DQ                               RBB_6L       17  [TILE 0 0, RBB 10 14]        800     r            3147     {inst28: bit_count_FDSE_Q_2 (FDRE,site=dff)}                                                       
   i_en_LUT5_I0_O_LUT5_O_I1_CARRY4_O_O[1]  Net          35            (fanout=10)       2056                     -                                                                                                        
   RBB_34/A4                               RBB_6L       34   [TILE 0 0, RBB 1 18]          -     r            5203     {inst108: rx_shift_FDRE_Q_D_LUT5_O_2 (LUT,site=alut)} {inst100: rx_shift_FDRE_Q_2 (FDRE,site=aff)} 
   -------------------------------------------------------------------------------------------------------------------------------------------------------------------------------------------------------------------------
   RBB_34/CLK                              RBB_6L       34   [TILE 0 0, RBB 1 18]        944     r            6147                                                                                                        
   i_clk                                   Clock net     2           (fanout=516)      -2319                     -                                                                                                        
   i_clk                                   CLOCK-PORT    -                      -    capture     r            3828                                                                                                        
   -------------------------------------------------------------------------------------------------------------------------------------------------------------------------------------------------------------------------


Path 97:
   Slack (not met):                         -1924ps
     Path type:                               SETUP
     Group:                            <UDEF_i_clk>
     Launching clock:                         i_clk (rising edge)
     Capturing clock:                         i_clk (rising edge)

     Requested period:                       2000ps
   + Delay of the capturing clock:           2357ps
   - Clock uncertainty:                       150ps
   = Required time:                          4207ps
   - Propagation time:                       3812ps (50.5% logic, 49.5% route, logic stage 1)
   - Delay of the launching clock:           2319ps
   = Slack:                                 -1924ps

   Instance/Pin or Net Name   Type         ID     Location or Fanout   Delay(ps)  Edge  Arrival Time(ps)    Instance detail                                                                                 
   -----------------------------------------------------------------------------------------------------------------------------------------------------------------------------------------------------------
   i_clk                      CLOCK-PORT    -                      -     launch     r               0                                                                                                       
   i_clk                      Clock net     2           (fanout=516)       2319                     -                                                                                                       
   RBB_34/CLK                 RBB_6L       34   [TILE 0 0, RBB 1 18]          -     r            2319                                                                                                       
   -----------------------------------------------------------------------------------------------------------------------------------------------------------------------------------------------------------
   RBB_34/CQ                  RBB_6L       34   [TILE 0 0, RBB 1 18]        800     r            3119     {inst98: rx_shift_FDRE_Q (FDRE,site=cff)}                                                         
   rx_shift[7]                Net          25             (fanout=4)       1888                     -                                                                                                       
   RBB_24/D5                  RBB_6L       24  [TILE 0 0, RBB 10 18]          -     r            5007     {inst222: o_data_rx_FDRE_Q_buf222_i (LUT,site=dluto)} {inst49: o_data_rx_FDRE_Q (FDRE,site=dffo)} 
   -----------------------------------------------------------------------------------------------------------------------------------------------------------------------------------------------------------
   RBB_24/CLK                 RBB_6L       24  [TILE 0 0, RBB 10 18]       1124     r            6131                                                                                                       
   i_clk                      Clock net     2           (fanout=516)      -2357                     -                                                                                                       
   i_clk                      CLOCK-PORT    -                      -    capture     r            3774                                                                                                       
   -----------------------------------------------------------------------------------------------------------------------------------------------------------------------------------------------------------


Path 116:
   Slack (not met):                         -1915ps
     Path type:                               SETUP
     Group:                            <UDEF_i_clk>
     Launching clock:                         i_clk (rising edge)
     Capturing clock:                         i_clk (rising edge)

     Requested period:                       2000ps
   + Delay of the capturing clock:           2162ps
   - Clock uncertainty:                       150ps
   = Required time:                          4012ps
   - Propagation time:                       3580ps (40.0% logic, 60.0% route, logic stage 1)
   - Delay of the launching clock:           2347ps
   = Slack:                                 -1915ps

   Instance/Pin or Net Name   Type         ID     Location or Fanout   Delay(ps)  Edge  Arrival Time(ps)    Instance detail                                                                       
   -------------------------------------------------------------------------------------------------------------------------------------------------------------------------------------------------
   i_clk                      CLOCK-PORT    -                      -     launch     r               0                                                                                             
   i_clk                      Clock net     2           (fanout=516)       2347                     -                                                                                             
   RBB_11/CLK                 RBB_6L       11  [TILE 0 0, RBB 10 12]          -     r            2347                                                                                             
   -------------------------------------------------------------------------------------------------------------------------------------------------------------------------------------------------
   RBB_11/DQ                  RBB_6L       11  [TILE 0 0, RBB 10 12]        800     r            3147     {inst102: rx_shift_FDRE_Q_4 (FDRE,site=dff)}                                            
   rx_shift[3]                Net          23             (fanout=4)       2149                     -                                                                                             
   RBB_6/O[1]                 IOB           6   [TILE 0 0, RBB 0 18]          -     r            5296     {inst207: o_data_rx[3]_OUT (FDRE)} {(output_port) inst194: g_194_o_data_rx_3_obuf (IO)} 
   -------------------------------------------------------------------------------------------------------------------------------------------------------------------------------------------------
   RBB_6/CLK                  IOB           6   [TILE 0 0, RBB 0 18]        631     r            5927                                                                                             
   i_clk                      Clock net     2           (fanout=516)      -2162                     -                                                                                             
   i_clk                      CLOCK-PORT    -                      -    capture     r            3765                                                                                             
   -------------------------------------------------------------------------------------------------------------------------------------------------------------------------------------------------


Path 109:
   Slack (not met):                         -1811ps
     Path type:                               SETUP
     Group:                            <UDEF_i_clk>
     Launching clock:                         i_clk (rising edge)
     Capturing clock:                         i_clk (rising edge)

     Requested period:                       2000ps
   + Delay of the capturing clock:           2319ps
   - Clock uncertainty:                       150ps
   = Required time:                          4169ps
   - Propagation time:                       3633ps (44.0% logic, 56.0% route, logic stage 1)
   - Delay of the launching clock:           2347ps
   = Slack:                                 -1811ps

   Instance/Pin or Net Name                Type         ID     Location or Fanout   Delay(ps)  Edge  Arrival Time(ps)    Instance detail                                                                                 
   ------------------------------------------------------------------------------------------------------------------------------------------------------------------------------------------------------------------------
   i_clk                                   CLOCK-PORT    -                      -     launch     r               0                                                                                                       
   i_clk                                   Clock net     2           (fanout=516)       2347                     -                                                                                                       
   RBB_17/CLK                              RBB_6L       17  [TILE 0 0, RBB 10 14]          -     r            2347                                                                                                       
   ------------------------------------------------------------------------------------------------------------------------------------------------------------------------------------------------------------------------
   RBB_17/DQ                               RBB_6L       17  [TILE 0 0, RBB 10 14]        800     r            3147     {inst28: bit_count_FDSE_Q_2 (FDRE,site=dff)}                                                      
   i_en_LUT5_I0_O_LUT5_O_I1_CARRY4_O_O[1]  Net          35            (fanout=10)       2035                     -                                                                                                       
   RBB_34/B4                               RBB_6L       34   [TILE 0 0, RBB 1 18]          -     r            5182     {inst107: rx_shift_FDRE_Q_D_LUT5_O_1 (LUT,site=blut)} {inst99: rx_shift_FDRE_Q_1 (FDRE,site=bff)} 
   ------------------------------------------------------------------------------------------------------------------------------------------------------------------------------------------------------------------------
   RBB_34/CLK                              RBB_6L       34   [TILE 0 0, RBB 1 18]        798     r            5980                                                                                                       
   i_clk                                   Clock net     2           (fanout=516)      -2319                     -                                                                                                       
   i_clk                                   CLOCK-PORT    -                      -    capture     r            3661                                                                                                       
   ------------------------------------------------------------------------------------------------------------------------------------------------------------------------------------------------------------------------


Path 112:
   Slack (not met):                         -1803ps
     Path type:                               SETUP
     Group:                            <UDEF_i_clk>
     Launching clock:                         i_clk (rising edge)
     Capturing clock:                         i_clk (rising edge)

     Requested period:                       2000ps
   + Delay of the capturing clock:           2162ps
   - Clock uncertainty:                       150ps
   = Required time:                          4012ps
   - Propagation time:                       3468ps (44.2% logic, 55.8% route, logic stage 1)
   - Delay of the launching clock:           2347ps
   = Slack:                                 -1803ps

   Instance/Pin or Net Name     Type         ID     Location or Fanout   Delay(ps)  Edge  Arrival Time(ps)    Instance detail                                                                       
   ---------------------------------------------------------------------------------------------------------------------------------------------------------------------------------------------------
   i_clk                        CLOCK-PORT    -                      -     launch     r               0                                                                                             
   i_clk                        Clock net     2           (fanout=516)       2347                     -                                                                                             
   RBB_11/CLK                   RBB_6L       11  [TILE 0 0, RBB 10 12]          -     r            2347                                                                                             
   ---------------------------------------------------------------------------------------------------------------------------------------------------------------------------------------------------
   RBB_11/AQ                    RBB_6L       11  [TILE 0 0, RBB 10 12]        800     r            3147     {inst103: rx_shift_FDRE_Q_5 (FDRE,site=aff)}                                            
   o_led_FDRE_Q_D_LUT5_O_I4[2]  Net         110             (fanout=4)       1934                     -                                                                                             
   RBB_6/O[0]                   IOB           6   [TILE 0 0, RBB 0 18]          -     r            5081     {inst206: o_data_rx[2]_OUT (FDRE)} {(output_port) inst193: g_193_o_data_rx_2_obuf (IO)} 
   ---------------------------------------------------------------------------------------------------------------------------------------------------------------------------------------------------
   RBB_6/CLK                    IOB           6   [TILE 0 0, RBB 0 18]        734     r            5815                                                                                             
   i_clk                        Clock net     2           (fanout=516)      -2162                     -                                                                                             
   i_clk                        CLOCK-PORT    -                      -    capture     r            3653                                                                                             
   ---------------------------------------------------------------------------------------------------------------------------------------------------------------------------------------------------


Path 104:
   Slack (not met):                         -1774ps
     Path type:                               SETUP
     Group:                            <UDEF_i_clk>
     Launching clock:                         i_clk (rising edge)
     Capturing clock:                         i_clk (rising edge)

     Requested period:                       2000ps
   + Delay of the capturing clock:           2319ps
   - Clock uncertainty:                       150ps
   = Required time:                          4169ps
   - Propagation time:                       3596ps (43.2% logic, 56.8% route, logic stage 1)
   - Delay of the launching clock:           2347ps
   = Slack:                                 -1774ps

   Instance/Pin or Net Name                Type         ID     Location or Fanout   Delay(ps)  Edge  Arrival Time(ps)    Instance detail                                                                             
   --------------------------------------------------------------------------------------------------------------------------------------------------------------------------------------------------------------------
   i_clk                                   CLOCK-PORT    -                      -     launch     r               0                                                                                                   
   i_clk                                   Clock net     2           (fanout=516)       2347                     -                                                                                                   
   RBB_17/CLK                              RBB_6L       17  [TILE 0 0, RBB 10 14]          -     r            2347                                                                                                   
   --------------------------------------------------------------------------------------------------------------------------------------------------------------------------------------------------------------------
   RBB_17/DQ                               RBB_6L       17  [TILE 0 0, RBB 10 14]        800     r            3147     {inst28: bit_count_FDSE_Q_2 (FDRE,site=dff)}                                                  
   i_en_LUT5_I0_O_LUT5_O_I1_CARRY4_O_O[1]  Net          35            (fanout=10)       2042                     -                                                                                                   
   RBB_34/C4                               RBB_6L       34   [TILE 0 0, RBB 1 18]          -     r            5189     {inst106: rx_shift_FDRE_Q_D_LUT5_O (LUT,site=clut)} {inst98: rx_shift_FDRE_Q (FDRE,site=cff)} 
   --------------------------------------------------------------------------------------------------------------------------------------------------------------------------------------------------------------------
   RBB_34/CLK                              RBB_6L       34   [TILE 0 0, RBB 1 18]        754     r            5943                                                                                                   
   i_clk                                   Clock net     2           (fanout=516)      -2319                     -                                                                                                   
   i_clk                                   CLOCK-PORT    -                      -    capture     r            3624                                                                                                   
   --------------------------------------------------------------------------------------------------------------------------------------------------------------------------------------------------------------------


Path 98:
   Slack (not met):                         -1655ps
     Path type:                               SETUP
     Group:                            <UDEF_i_clk>
     Launching clock:                         i_clk (rising edge)
     Capturing clock:                         i_clk (rising edge)

     Requested period:                       2000ps
   + Delay of the capturing clock:           2310ps
   - Clock uncertainty:                       150ps
   = Required time:                          4160ps
   - Propagation time:                       3481ps (52.6% logic, 47.4% route, logic stage 1)
   - Delay of the launching clock:           2334ps
   = Slack:                                 -1655ps

   Instance/Pin or Net Name     Type         ID    Location or Fanout   Delay(ps)  Edge  Arrival Time(ps)    Instance detail                                                                                     
   ----------------------------------------------------------------------------------------------------------------------------------------------------------------------------------------------------------------
   i_clk                        CLOCK-PORT    -                     -     launch     r               0                                                                                                           
   i_clk                        Clock net     2          (fanout=516)       2334                     -                                                                                                           
   RBB_18/CLK                   RBB_6L       18  [TILE 0 0, RBB 7 18]          -     r            2334                                                                                                           
   ----------------------------------------------------------------------------------------------------------------------------------------------------------------------------------------------------------------
   RBB_18/CQ                    RBB_6L       18  [TILE 0 0, RBB 7 18]        800     r            3134     {inst101: rx_shift_FDRE_Q_3 (FDRE,site=cff)}                                                          
   o_led_FDRE_Q_D_LUT5_O_I4[1]  Net         109            (fanout=4)       1650                     -                                                                                                           
   RBB_22/C1                    RBB_6L       22  [TILE 0 0, RBB 4 20]          -     r            4784     {inst220: o_data_rx_FDRE_Q_3_buf220_i (LUT,site=cluto)} {inst52: o_data_rx_FDRE_Q_3 (FDRE,site=cffo)} 
   ----------------------------------------------------------------------------------------------------------------------------------------------------------------------------------------------------------------
   RBB_22/CLK                   RBB_6L       22  [TILE 0 0, RBB 4 20]       1031     r            5815                                                                                                           
   i_clk                        Clock net     2          (fanout=516)      -2310                     -                                                                                                           
   i_clk                        CLOCK-PORT    -                     -    capture     r            3505                                                                                                           
   ----------------------------------------------------------------------------------------------------------------------------------------------------------------------------------------------------------------


Path 123:
   Slack (not met):                         -1629ps
     Path type:                               SETUP
     Group:                            <UDEF_i_clk>
     Launching clock:                         i_clk (rising edge)
     Capturing clock:                         i_clk (rising edge)

     Requested period:                       2000ps
   + Delay of the capturing clock:           2310ps
   - Clock uncertainty:                       150ps
   = Required time:                          4160ps
   - Propagation time:                       3442ps (40.0% logic, 60.0% route, logic stage 1)
   - Delay of the launching clock:           2347ps
   = Slack:                                 -1629ps

   Instance/Pin or Net Name   Type         ID     Location or Fanout   Delay(ps)  Edge  Arrival Time(ps)    Instance detail                                                                                    
   --------------------------------------------------------------------------------------------------------------------------------------------------------------------------------------------------------------
   i_clk                      CLOCK-PORT    -                      -     launch     r               0                                                                                                          
   i_clk                      Clock net     2           (fanout=516)       2347                     -                                                                                                          
   RBB_11/CLK                 RBB_6L       11  [TILE 0 0, RBB 10 12]          -     r            2347                                                                                                          
   --------------------------------------------------------------------------------------------------------------------------------------------------------------------------------------------------------------
   RBB_11/DQ                  RBB_6L       11  [TILE 0 0, RBB 10 12]        800     r            3147     {inst102: rx_shift_FDRE_Q_4 (FDRE,site=dff)}                                                         
   rx_shift[3]                Net          23             (fanout=4)       2065                     -                                                                                                          
   RBB_22/B1                  RBB_6L       22   [TILE 0 0, RBB 4 20]          -     r            5212     {inst221: o_data_rx_FDRE_Q_4_buf221_i (LUT,site=bluto)} {inst53: o_data_rx_FDRE_Q_4 (FDRE,site=bff)} 
   --------------------------------------------------------------------------------------------------------------------------------------------------------------------------------------------------------------
   RBB_22/CLK                 RBB_6L       22   [TILE 0 0, RBB 4 20]        577     r            5789                                                                                                          
   i_clk                      Clock net     2           (fanout=516)      -2310                     -                                                                                                          
   i_clk                      CLOCK-PORT    -                      -    capture     r            3479                                                                                                          
   --------------------------------------------------------------------------------------------------------------------------------------------------------------------------------------------------------------


Path 121:
   Slack (not met):                         -1628ps
     Path type:                               SETUP
     Group:                            <UDEF_i_clk>
     Launching clock:                         i_clk (rising edge)
     Capturing clock:                         i_clk (rising edge)

     Requested period:                       2000ps
   + Delay of the capturing clock:           2357ps
   - Clock uncertainty:                       150ps
   = Required time:                          4207ps
   - Propagation time:                       3517ps (40.3% logic, 59.7% route, logic stage 1)
   - Delay of the launching clock:           2318ps
   = Slack:                                 -1628ps

   Instance/Pin or Net Name                Type         ID     Location or Fanout   Delay(ps)  Edge  Arrival Time(ps)    Instance detail                            
   -------------------------------------------------------------------------------------------------------------------------------------------------------------------
   i_clk                                   CLOCK-PORT    -                      -     launch     r               0                                                  
   i_clk                                   Clock net     2           (fanout=516)       2318                     -                                                  
   RBB_25/CLK                              RBB_6L       25   [TILE 0 0, RBB 1 20]          -     r            2318                                                  
   -------------------------------------------------------------------------------------------------------------------------------------------------------------------
   RBB_25/CQ                               RBB_6L       25   [TILE 0 0, RBB 1 20]        800     r            3118     {inst104: rx_shift_FDRE_Q_6 (FDRE,site=cff)} 
   i_en_LUT5_I0_O_LUT5_O_I1_CARRY4_O_O[0]  Net          34             (fanout=4)       2100                     -                                                  
   RBB_24/D6                               RBB_6L       24  [TILE 0 0, RBB 10 18]          -     r            5218     {inst55: o_data_rx_FDRE_Q_6 (FDRE,site=dff)} 
   -------------------------------------------------------------------------------------------------------------------------------------------------------------------
   RBB_24/CLK                              RBB_6L       24  [TILE 0 0, RBB 10 18]        617     r            5835                                                  
   i_clk                                   Clock net     2           (fanout=516)      -2357                     -                                                  
   i_clk                                   CLOCK-PORT    -                      -    capture     r            3478                                                  
   -------------------------------------------------------------------------------------------------------------------------------------------------------------------


Path 113:
   Slack (not met):                         -1368ps
     Path type:                               SETUP
     Group:                            <UDEF_i_clk>
     Launching clock:                         i_clk (rising edge)
     Capturing clock:                         i_clk (rising edge)

     Requested period:                       2000ps
   + Delay of the capturing clock:           2162ps
   - Clock uncertainty:                       150ps
   = Required time:                          4012ps
   - Propagation time:                       3046ps (50.2% logic, 49.8% route, logic stage 1)
   - Delay of the launching clock:           2334ps
   = Slack:                                 -1368ps

   Instance/Pin or Net Name     Type         ID    Location or Fanout   Delay(ps)  Edge  Arrival Time(ps)    Instance detail                                                                       
   --------------------------------------------------------------------------------------------------------------------------------------------------------------------------------------------------
   i_clk                        CLOCK-PORT    -                     -     launch     r               0                                                                                             
   i_clk                        Clock net     2          (fanout=516)       2334                     -                                                                                             
   RBB_18/CLK                   RBB_6L       18  [TILE 0 0, RBB 7 18]          -     r            2334                                                                                             
   --------------------------------------------------------------------------------------------------------------------------------------------------------------------------------------------------
   RBB_18/CQ                    RBB_6L       18  [TILE 0 0, RBB 7 18]        800     r            3134     {inst101: rx_shift_FDRE_Q_3 (FDRE,site=cff)}                                            
   o_led_FDRE_Q_D_LUT5_O_I4[1]  Net         109            (fanout=4)       1516                     -                                                                                             
   RBB_7/O[0]                   IOB           7  [TILE 0 0, RBB 0 19]          -     r            4650     {inst208: o_data_rx[4]_OUT (FDRE)} {(output_port) inst195: g_195_o_data_rx_4_obuf (IO)} 
   --------------------------------------------------------------------------------------------------------------------------------------------------------------------------------------------------
   RBB_7/CLK                    IOB           7  [TILE 0 0, RBB 0 19]        730     r            5380                                                                                             
   i_clk                        Clock net     2          (fanout=516)      -2162                     -                                                                                             
   i_clk                        CLOCK-PORT    -                     -    capture     r            3218                                                                                             
   --------------------------------------------------------------------------------------------------------------------------------------------------------------------------------------------------


Path 105:
   Slack (not met):                         -1348ps
     Path type:                               SETUP
     Group:                            <UDEF_i_clk>
     Launching clock:                         i_clk (rising edge)
     Capturing clock:                         i_clk (rising edge)

     Requested period:                       2000ps
   + Delay of the capturing clock:           2334ps
   - Clock uncertainty:                       150ps
   = Required time:                          4184ps
   - Propagation time:                       3185ps (48.8% logic, 51.2% route, logic stage 1)
   - Delay of the launching clock:           2347ps
   = Slack:                                 -1348ps

   Instance/Pin or Net Name                Type         ID     Location or Fanout   Delay(ps)  Edge  Arrival Time(ps)    Instance detail                                                                                       
   ------------------------------------------------------------------------------------------------------------------------------------------------------------------------------------------------------------------------------
   i_clk                                   CLOCK-PORT    -                      -     launch     r               0                                                                                                             
   i_clk                                   Clock net     2           (fanout=516)       2347                     -                                                                                                             
   RBB_17/CLK                              RBB_6L       17  [TILE 0 0, RBB 10 14]          -     r            2347                                                                                                             
   ------------------------------------------------------------------------------------------------------------------------------------------------------------------------------------------------------------------------------
   RBB_17/DQ                               RBB_6L       17  [TILE 0 0, RBB 10 14]        800     r            3147     {inst28: bit_count_FDSE_Q_2 (FDRE,site=dff)}                                                            
   i_en_LUT5_I0_O_LUT5_O_I1_CARRY4_O_O[1]  Net          35            (fanout=10)       1631                     -                                                                                                             
   RBB_18/C1                               RBB_6L       18   [TILE 0 0, RBB 7 18]          -     r            4778     {inst46: i_en_LUT5_I0_O_LUT5_O_I1_LUT5_I4 (LUT,site=clut)} {inst101: rx_shift_FDRE_Q_3 (FDRE,site=cff)} 
   ------------------------------------------------------------------------------------------------------------------------------------------------------------------------------------------------------------------------------
   RBB_18/CLK                              RBB_6L       18   [TILE 0 0, RBB 7 18]        754     r            5532                                                                                                             
   i_clk                                   Clock net     2           (fanout=516)      -2334                     -                                                                                                             
   i_clk                                   CLOCK-PORT    -                      -    capture     r            3198                                                                                                             
   ------------------------------------------------------------------------------------------------------------------------------------------------------------------------------------------------------------------------------


Path 102:
   Slack (not met):                         -1311ps
     Path type:                               SETUP
     Group:                            <UDEF_i_clk>
     Launching clock:                         i_clk (rising edge)
     Capturing clock:                         i_clk (rising edge)

     Requested period:                       2000ps
   + Delay of the capturing clock:           2334ps
   - Clock uncertainty:                       150ps
   = Required time:                          4184ps
   - Propagation time:                       3336ps (48.9% logic, 51.1% route, logic stage 1)
   - Delay of the launching clock:           2159ps
   = Slack:                                 -1311ps

   Instance/Pin or Net Name                Type         ID    Location or Fanout   Delay(ps)  Edge  Arrival Time(ps)    Instance detail                                                                                       
   -----------------------------------------------------------------------------------------------------------------------------------------------------------------------------------------------------------------------------
   i_clk                                   CLOCK-PORT    -                     -     launch     r               0                                                                                                             
   i_clk                                   Clock net     2          (fanout=516)       2159                     -                                                                                                             
   RBB_15/CLK                              RBB_6L       15  [TILE 0 0, RBB 1 16]          -     r            2159                                                                                                             
   -----------------------------------------------------------------------------------------------------------------------------------------------------------------------------------------------------------------------------
   RBB_15/DQ                               RBB_6L       15  [TILE 0 0, RBB 1 16]        800     r            2959     {inst119: sda_sync_FDSE_Q (FDR,site=dff)}                                                               
   i_en_LUT5_I0_O_LUT5_O_I1_CARRY4_O_O[4]  Net          38           (fanout=16)       1704                     -                                                                                                             
   RBB_18/C3                               RBB_6L       18  [TILE 0 0, RBB 7 18]          -     r            4663     {inst46: i_en_LUT5_I0_O_LUT5_O_I1_LUT5_I4 (LUT,site=clut)} {inst101: rx_shift_FDRE_Q_3 (FDRE,site=cff)} 
   -----------------------------------------------------------------------------------------------------------------------------------------------------------------------------------------------------------------------------
   RBB_18/CLK                              RBB_6L       18  [TILE 0 0, RBB 7 18]        832     r            5495                                                                                                             
   i_clk                                   Clock net     2          (fanout=516)      -2334                     -                                                                                                             
   i_clk                                   CLOCK-PORT    -                     -    capture     r            3161                                                                                                             
   -----------------------------------------------------------------------------------------------------------------------------------------------------------------------------------------------------------------------------


Path 127:
   Slack (not met):                         -1267ps
     Path type:                               SETUP
     Group:                            <UDEF_i_clk>
     Launching clock:                         i_clk (rising edge)
     Capturing clock:                         i_clk (rising edge)

     Requested period:                       2000ps
   + Delay of the capturing clock:           2310ps
   - Clock uncertainty:                       150ps
   = Required time:                          4160ps
   - Propagation time:                       3108ps (42.4% logic, 57.6% route, logic stage 1)
   - Delay of the launching clock:           2319ps
   = Slack:                                 -1267ps

   Instance/Pin or Net Name   Type         ID    Location or Fanout   Delay(ps)  Edge  Arrival Time(ps)    Instance detail                            
   -----------------------------------------------------------------------------------------------------------------------------------------------------
   i_clk                      CLOCK-PORT    -                     -     launch     r               0                                                  
   i_clk                      Clock net     2          (fanout=516)       2319                     -                                                  
   RBB_34/CLK                 RBB_6L       34  [TILE 0 0, RBB 1 18]          -     r            2319                                                  
   -----------------------------------------------------------------------------------------------------------------------------------------------------
   RBB_34/AQ                  RBB_6L       34  [TILE 0 0, RBB 1 18]        800     r            3119     {inst100: rx_shift_FDRE_Q_2 (FDRE,site=aff)} 
   rx_shift[5]                Net          24            (fanout=4)       1790                     -                                                  
   RBB_22/C6                  RBB_6L       22  [TILE 0 0, RBB 4 20]          -     r            4909     {inst51: o_data_rx_FDRE_Q_2 (FDRE,site=cff)} 
   -----------------------------------------------------------------------------------------------------------------------------------------------------
   RBB_22/CLK                 RBB_6L       22  [TILE 0 0, RBB 4 20]        518     r            5427                                                  
   i_clk                      Clock net     2          (fanout=516)      -2310                     -                                                  
   i_clk                      CLOCK-PORT    -                     -    capture     r            3117                                                  
   -----------------------------------------------------------------------------------------------------------------------------------------------------


Path 125:
   Slack (not met):                         -1227ps
     Path type:                               SETUP
     Group:                            <UDEF_i_clk>
     Launching clock:                         i_clk (rising edge)
     Capturing clock:                         i_clk (rising edge)

     Requested period:                       2000ps
   + Delay of the capturing clock:           2357ps
   - Clock uncertainty:                       150ps
   = Required time:                          4207ps
   - Propagation time:                       3275ps (40.2% logic, 59.8% route, logic stage 1)
   - Delay of the launching clock:           2159ps
   = Slack:                                 -1227ps

   Instance/Pin or Net Name                Type         ID     Location or Fanout   Delay(ps)  Edge  Arrival Time(ps)    Instance detail                            
   -------------------------------------------------------------------------------------------------------------------------------------------------------------------
   i_clk                                   CLOCK-PORT    -                      -     launch     r               0                                                  
   i_clk                                   Clock net     2           (fanout=516)       2159                     -                                                  
   RBB_15/CLK                              RBB_6L       15   [TILE 0 0, RBB 1 16]          -     r            2159                                                  
   -------------------------------------------------------------------------------------------------------------------------------------------------------------------
   RBB_15/DQ                               RBB_6L       15   [TILE 0 0, RBB 1 16]        800     r            2959     {inst119: sda_sync_FDSE_Q (FDR,site=dff)}    
   i_en_LUT5_I0_O_LUT5_O_I1_CARRY4_O_O[4]  Net          38            (fanout=16)       1957                     -                                                  
   RBB_24/C6                               RBB_6L       24  [TILE 0 0, RBB 10 18]          -     r            4916     {inst56: o_data_rx_FDRE_Q_7 (FDRE,site=cff)} 
   -------------------------------------------------------------------------------------------------------------------------------------------------------------------
   RBB_24/CLK                              RBB_6L       24  [TILE 0 0, RBB 10 18]        518     r            5434                                                  
   i_clk                                   Clock net     2           (fanout=516)      -2357                     -                                                  
   i_clk                                   CLOCK-PORT    -                      -    capture     r            3077                                                  
   -------------------------------------------------------------------------------------------------------------------------------------------------------------------


Path 111:
   Slack (not met):                         -1216ps
     Path type:                               SETUP
     Group:                            <UDEF_i_clk>
     Launching clock:                         i_clk (rising edge)
     Capturing clock:                         i_clk (rising edge)

     Requested period:                       2000ps
   + Delay of the capturing clock:           2163ps
   - Clock uncertainty:                       150ps
   = Required time:                          4013ps
   - Propagation time:                       2910ps (52.7% logic, 47.3% route, logic stage 1)
   - Delay of the launching clock:           2319ps
   = Slack:                                 -1216ps

   Instance/Pin or Net Name     Type         ID    Location or Fanout   Delay(ps)  Edge  Arrival Time(ps)    Instance detail                                                                       
   --------------------------------------------------------------------------------------------------------------------------------------------------------------------------------------------------
   i_clk                        CLOCK-PORT    -                     -     launch     r               0                                                                                             
   i_clk                        Clock net     2          (fanout=516)       2319                     -                                                                                             
   RBB_34/CLK                   RBB_6L       34  [TILE 0 0, RBB 1 18]          -     r            2319                                                                                             
   --------------------------------------------------------------------------------------------------------------------------------------------------------------------------------------------------
   RBB_34/BQ                    RBB_6L       34  [TILE 0 0, RBB 1 18]        800     r            3119     {inst99: rx_shift_FDRE_Q_1 (FDRE,site=bff)}                                             
   o_led_FDRE_Q_D_LUT5_O_I4[0]  Net         108            (fanout=4)       1376                     -                                                                                             
   RBB_8/O[0]                   IOB           8  [TILE 0 0, RBB 0 20]          -     r            4495     {inst210: o_data_rx[6]_OUT (FDRE)} {(output_port) inst197: g_197_o_data_rx_6_obuf (IO)} 
   --------------------------------------------------------------------------------------------------------------------------------------------------------------------------------------------------
   RBB_8/CLK                    IOB           8  [TILE 0 0, RBB 0 20]        734     r            5229                                                                                             
   i_clk                        Clock net     2          (fanout=516)      -2163                     -                                                                                             
   i_clk                        CLOCK-PORT    -                     -    capture     r            3066                                                                                             
   --------------------------------------------------------------------------------------------------------------------------------------------------------------------------------------------------


Path 120:
   Slack (not met):                         -1209ps
     Path type:                               SETUP
     Group:                            <UDEF_i_clk>
     Launching clock:                         i_clk (rising edge)
     Capturing clock:                         i_clk (rising edge)

     Requested period:                       2000ps
   + Delay of the capturing clock:           2310ps
   - Clock uncertainty:                       150ps
   = Required time:                          4160ps
   - Propagation time:                       3050ps (43.4% logic, 56.6% route, logic stage 1)
   - Delay of the launching clock:           2319ps
   = Slack:                                 -1209ps

   Instance/Pin or Net Name     Type         ID    Location or Fanout   Delay(ps)  Edge  Arrival Time(ps)    Instance detail                            
   -------------------------------------------------------------------------------------------------------------------------------------------------------
   i_clk                        CLOCK-PORT    -                     -     launch     r               0                                                  
   i_clk                        Clock net     2          (fanout=516)       2319                     -                                                  
   RBB_34/CLK                   RBB_6L       34  [TILE 0 0, RBB 1 18]          -     r            2319                                                  
   -------------------------------------------------------------------------------------------------------------------------------------------------------
   RBB_34/BQ                    RBB_6L       34  [TILE 0 0, RBB 1 18]        800     r            3119     {inst99: rx_shift_FDRE_Q_1 (FDRE,site=bff)}  
   o_led_FDRE_Q_D_LUT5_O_I4[0]  Net         108            (fanout=4)       1725                     -                                                  
   RBB_22/D6                    RBB_6L       22  [TILE 0 0, RBB 4 20]          -     r            4844     {inst50: o_data_rx_FDRE_Q_1 (FDRE,site=dff)} 
   -------------------------------------------------------------------------------------------------------------------------------------------------------
   RBB_22/CLK                   RBB_6L       22  [TILE 0 0, RBB 4 20]        525     r            5369                                                  
   i_clk                        Clock net     2          (fanout=516)      -2310                     -                                                  
   i_clk                        CLOCK-PORT    -                     -    capture     r            3059                                                  
   -------------------------------------------------------------------------------------------------------------------------------------------------------


Path 114:
   Slack (not met):                         -1192ps
     Path type:                               SETUP
     Group:                            <UDEF_i_clk>
     Launching clock:                         i_clk (rising edge)
     Capturing clock:                         i_clk (rising edge)

     Requested period:                       2000ps
   + Delay of the capturing clock:           2347ps
   - Clock uncertainty:                       150ps
   = Required time:                          4197ps
   - Propagation time:                       3230ps (43.8% logic, 56.2% route, logic stage 1)
   - Delay of the launching clock:           2159ps
   = Slack:                                 -1192ps

   Instance/Pin or Net Name                Type         ID     Location or Fanout   Delay(ps)  Edge  Arrival Time(ps)    Instance detail                                                                                   
   --------------------------------------------------------------------------------------------------------------------------------------------------------------------------------------------------------------------------
   i_clk                                   CLOCK-PORT    -                      -     launch     r               0                                                                                                         
   i_clk                                   Clock net     2           (fanout=516)       2159                     -                                                                                                         
   RBB_15/CLK                              RBB_6L       15   [TILE 0 0, RBB 1 16]          -     r            2159                                                                                                         
   --------------------------------------------------------------------------------------------------------------------------------------------------------------------------------------------------------------------------
   RBB_15/DQ                               RBB_6L       15   [TILE 0 0, RBB 1 16]        800     r            2959     {inst119: sda_sync_FDSE_Q (FDR,site=dff)}                                                           
   i_en_LUT5_I0_O_LUT5_O_I1_CARRY4_O_O[4]  Net          38            (fanout=16)       1816                     -                                                                                                         
   RBB_11/A4                               RBB_6L       11  [TILE 0 0, RBB 10 12]          -     r            4775     {inst110: rx_shift_FDRE_Q_D_LUT5_O_4 (LUT,site=aluto)} {inst103: rx_shift_FDRE_Q_5 (FDRE,site=aff)} 
   --------------------------------------------------------------------------------------------------------------------------------------------------------------------------------------------------------------------------
   RBB_11/CLK                              RBB_6L       11  [TILE 0 0, RBB 10 12]        614     r            5389                                                                                                         
   i_clk                                   Clock net     2           (fanout=516)      -2347                     -                                                                                                         
   i_clk                                   CLOCK-PORT    -                      -    capture     r            3042                                                                                                         
   --------------------------------------------------------------------------------------------------------------------------------------------------------------------------------------------------------------------------


Path 117:
   Slack (not met):                         -1178ps
     Path type:                               SETUP
     Group:                            <UDEF_i_clk>
     Launching clock:                         i_clk (rising edge)
     Capturing clock:                         i_clk (rising edge)

     Requested period:                       2000ps
   + Delay of the capturing clock:           2163ps
   - Clock uncertainty:                       150ps
   = Required time:                          4013ps
   - Propagation time:                       2872ps (49.8% logic, 50.2% route, logic stage 1)
   - Delay of the launching clock:           2319ps
   = Slack:                                 -1178ps

   Instance/Pin or Net Name   Type         ID    Location or Fanout   Delay(ps)  Edge  Arrival Time(ps)    Instance detail                                                                       
   ------------------------------------------------------------------------------------------------------------------------------------------------------------------------------------------------
   i_clk                      CLOCK-PORT    -                     -     launch     r               0                                                                                             
   i_clk                      Clock net     2          (fanout=516)       2319                     -                                                                                             
   RBB_34/CLK                 RBB_6L       34  [TILE 0 0, RBB 1 18]          -     r            2319                                                                                             
   ------------------------------------------------------------------------------------------------------------------------------------------------------------------------------------------------
   RBB_34/CQ                  RBB_6L       34  [TILE 0 0, RBB 1 18]        800     r            3119     {inst98: rx_shift_FDRE_Q (FDRE,site=cff)}                                               
   rx_shift[7]                Net          25            (fanout=4)       1442                     -                                                                                             
   RBB_8/O[1]                 IOB           8  [TILE 0 0, RBB 0 20]          -     r            4561     {inst211: o_data_rx[7]_OUT (FDRE)} {(output_port) inst198: g_198_o_data_rx_7_obuf (IO)} 
   ------------------------------------------------------------------------------------------------------------------------------------------------------------------------------------------------
   RBB_8/CLK                  IOB           8  [TILE 0 0, RBB 0 20]        630     r            5191                                                                                             
   i_clk                      Clock net     2          (fanout=516)      -2163                     -                                                                                             
   i_clk                      CLOCK-PORT    -                     -    capture     r            3028                                                                                             
   ------------------------------------------------------------------------------------------------------------------------------------------------------------------------------------------------


Path 126:
   Slack (not met):                         -1147ps
     Path type:                               SETUP
     Group:                            <UDEF_i_clk>
     Launching clock:                         i_clk (rising edge)
     Capturing clock:                         i_clk (rising edge)

     Requested period:                       2000ps
   + Delay of the capturing clock:           2305ps
   - Clock uncertainty:                       150ps
   = Required time:                          4155ps
   - Propagation time:                       3143ps (39.9% logic, 60.1% route, logic stage 1)
   - Delay of the launching clock:           2159ps
   = Slack:                                 -1147ps

   Instance/Pin or Net Name                Type         ID    Location or Fanout   Delay(ps)  Edge  Arrival Time(ps)    Instance detail                             
   -------------------------------------------------------------------------------------------------------------------------------------------------------------------
   i_clk                                   CLOCK-PORT    -                     -     launch     r               0                                                   
   i_clk                                   Clock net     2          (fanout=516)       2159                     -                                                   
   RBB_15/CLK                              RBB_6L       15  [TILE 0 0, RBB 1 16]          -     r            2159                                                   
   -------------------------------------------------------------------------------------------------------------------------------------------------------------------
   RBB_15/DQ                               RBB_6L       15  [TILE 0 0, RBB 1 16]        800     r            2959     {inst119: sda_sync_FDSE_Q (FDR,site=dff)}     
   i_en_LUT5_I0_O_LUT5_O_I1_CARRY4_O_O[4]  Net          38           (fanout=16)       1888                     -                                                   
   RBB_33/C6                               RBB_6L       33   [TILE 0 0, RBB 4 8]          -     r            4847     {inst66: read_request_FDRE_Q (FDRE,site=cff)} 
   -------------------------------------------------------------------------------------------------------------------------------------------------------------------
   RBB_33/CLK                              RBB_6L       33   [TILE 0 0, RBB 4 8]        455     r            5302                                                   
   i_clk                                   Clock net     2          (fanout=516)      -2305                     -                                                   
   i_clk                                   CLOCK-PORT    -                     -    capture     r            2997                                                   
   -------------------------------------------------------------------------------------------------------------------------------------------------------------------


Path 137:
   Slack (not met):                         -1112ps
     Path type:                               SETUP
     Group:                            <UDEF_i_clk>
     Launching clock:                         i_clk (rising edge)
     Capturing clock:                         i_clk (rising edge)

     Requested period:                       2000ps
   + Delay of the capturing clock:           2347ps
   - Clock uncertainty:                       150ps
   = Required time:                          4197ps
   - Propagation time:                       2962ps (52.1% logic, 47.9% route, logic stage 1)
   - Delay of the launching clock:           2347ps
   = Slack:                                 -1112ps

   Instance/Pin or Net Name   Type         ID     Location or Fanout   Delay(ps)  Edge  Arrival Time(ps)    Instance detail                                                                                   
   -------------------------------------------------------------------------------------------------------------------------------------------------------------------------------------------------------------
   i_clk                      CLOCK-PORT    -                      -     launch     r               0                                                                                                         
   i_clk                      Clock net     2           (fanout=516)       2347                     -                                                                                                         
   RBB_11/CLK                 RBB_6L       11  [TILE 0 0, RBB 10 12]          -     r            2347                                                                                                         
   -------------------------------------------------------------------------------------------------------------------------------------------------------------------------------------------------------------
   RBB_11/DQ                  RBB_6L       11  [TILE 0 0, RBB 10 12]        800     r            3147     {inst102: rx_shift_FDRE_Q_4 (FDRE,site=dff)}                                                        
   rx_shift[3]                Net          23             (fanout=4)       1420                     -                                                                                                         
   RBB_11/D1                  RBB_6L       11  [TILE 0 0, RBB 10 12]          -     r            4567     {inst109: rx_shift_FDRE_Q_D_LUT5_O_3 (LUT,site=dluto)} {inst102: rx_shift_FDRE_Q_4 (FDRE,site=dff)} 
   -------------------------------------------------------------------------------------------------------------------------------------------------------------------------------------------------------------
   RBB_11/CLK                 RBB_6L       11  [TILE 0 0, RBB 10 12]        742     r            5309                                                                                                         
   i_clk                      Clock net     2           (fanout=516)      -2347                     -                                                                                                         
   i_clk                      CLOCK-PORT    -                      -    capture     r            2962                                                                                                         
   -------------------------------------------------------------------------------------------------------------------------------------------------------------------------------------------------------------


Path 124:
   Slack (not met):                         -1106ps
     Path type:                               SETUP
     Group:                            <UDEF_i_clk>
     Launching clock:                         i_clk (rising edge)
     Capturing clock:                         i_clk (rising edge)

     Requested period:                       2000ps
   + Delay of the capturing clock:           2347ps
   - Clock uncertainty:                       150ps
   = Required time:                          4197ps
   - Propagation time:                       3144ps (42.2% logic, 57.8% route, logic stage 1)
   - Delay of the launching clock:           2159ps
   = Slack:                                 -1106ps

   Instance/Pin or Net Name                Type         ID     Location or Fanout   Delay(ps)  Edge  Arrival Time(ps)    Instance detail                                                                                   
   --------------------------------------------------------------------------------------------------------------------------------------------------------------------------------------------------------------------------
   i_clk                                   CLOCK-PORT    -                      -     launch     r               0                                                                                                         
   i_clk                                   Clock net     2           (fanout=516)       2159                     -                                                                                                         
   RBB_15/CLK                              RBB_6L       15   [TILE 0 0, RBB 1 16]          -     r            2159                                                                                                         
   --------------------------------------------------------------------------------------------------------------------------------------------------------------------------------------------------------------------------
   RBB_15/DQ                               RBB_6L       15   [TILE 0 0, RBB 1 16]        800     r            2959     {inst119: sda_sync_FDSE_Q (FDR,site=dff)}                                                           
   i_en_LUT5_I0_O_LUT5_O_I1_CARRY4_O_O[4]  Net          38            (fanout=16)       1817                     -                                                                                                         
   RBB_11/D4                               RBB_6L       11  [TILE 0 0, RBB 10 12]          -     r            4776     {inst109: rx_shift_FDRE_Q_D_LUT5_O_3 (LUT,site=dluto)} {inst102: rx_shift_FDRE_Q_4 (FDRE,site=dff)} 
   --------------------------------------------------------------------------------------------------------------------------------------------------------------------------------------------------------------------------
   RBB_11/CLK                              RBB_6L       11  [TILE 0 0, RBB 10 12]        527     r            5303                                                                                                         
   i_clk                                   Clock net     2           (fanout=516)      -2347                     -                                                                                                         
   i_clk                                   CLOCK-PORT    -                      -    capture     r            2956                                                                                                         
   --------------------------------------------------------------------------------------------------------------------------------------------------------------------------------------------------------------------------


Path 108:
   Slack (not met):                         -1106ps
     Path type:                               SETUP
     Group:                            <UDEF_i_clk>
     Launching clock:                         i_clk (rising edge)
     Capturing clock:                         i_clk (rising edge)

     Requested period:                       2000ps
   + Delay of the capturing clock:           2163ps
   - Clock uncertainty:                       150ps
   = Required time:                          4013ps
   - Propagation time:                       2960ps (51.8% logic, 48.2% route, logic stage 1)
   - Delay of the launching clock:           2159ps
   = Slack:                                 -1106ps

   Instance/Pin or Net Name                Type         ID    Location or Fanout   Delay(ps)  Edge  Arrival Time(ps)    Instance detail                                                                       
   -------------------------------------------------------------------------------------------------------------------------------------------------------------------------------------------------------------
   i_clk                                   CLOCK-PORT    -                     -     launch     r               0                                                                                             
   i_clk                                   Clock net     2          (fanout=516)       2159                     -                                                                                             
   RBB_15/CLK                              RBB_6L       15  [TILE 0 0, RBB 1 16]          -     r            2159                                                                                             
   -------------------------------------------------------------------------------------------------------------------------------------------------------------------------------------------------------------
   RBB_15/DQ                               RBB_6L       15  [TILE 0 0, RBB 1 16]        800     r            2959     {inst119: sda_sync_FDSE_Q (FDR,site=dff)}                                               
   i_en_LUT5_I0_O_LUT5_O_I1_CARRY4_O_O[4]  Net          38           (fanout=16)       1426                     -                                                                                             
   RBB_5/O[0]                              IOB           5  [TILE 0 0, RBB 0 21]          -     r            4385     {inst204: o_data_rx[0]_OUT (FDRE)} {(output_port) inst191: g_191_o_data_rx_0_obuf (IO)} 
   -------------------------------------------------------------------------------------------------------------------------------------------------------------------------------------------------------------
   RBB_5/CLK                               IOB           5  [TILE 0 0, RBB 0 21]        734     r            5119                                                                                             
   i_clk                                   Clock net     2          (fanout=516)      -2163                     -                                                                                             
   i_clk                                   CLOCK-PORT    -                     -    capture     r            2956                                                                                             
   -------------------------------------------------------------------------------------------------------------------------------------------------------------------------------------------------------------


Path 100:
   Slack (not met):                         -1096ps
     Path type:                               SETUP
     Group:                            <UDEF_i_clk>
     Launching clock:                         i_clk (rising edge)
     Capturing clock:                         i_clk (rising edge)

     Requested period:                       2000ps
   + Delay of the capturing clock:           2318ps
   - Clock uncertainty:                       150ps
   = Required time:                          4168ps
   - Propagation time:                       3105ps (54.8% logic, 45.2% route, logic stage 1)
   - Delay of the launching clock:           2159ps
   = Slack:                                 -1096ps

   Instance/Pin or Net Name                Type         ID    Location or Fanout   Delay(ps)  Edge  Arrival Time(ps)    Instance detail                                                                                  
   ------------------------------------------------------------------------------------------------------------------------------------------------------------------------------------------------------------------------
   i_clk                                   CLOCK-PORT    -                     -     launch     r               0                                                                                                        
   i_clk                                   Clock net     2          (fanout=516)       2159                     -                                                                                                        
   RBB_15/CLK                              RBB_6L       15  [TILE 0 0, RBB 1 16]          -     r            2159                                                                                                        
   ------------------------------------------------------------------------------------------------------------------------------------------------------------------------------------------------------------------------
   RBB_15/DQ                               RBB_6L       15  [TILE 0 0, RBB 1 16]        800     r            2959     {inst119: sda_sync_FDSE_Q (FDR,site=dff)}                                                          
   i_en_LUT5_I0_O_LUT5_O_I1_CARRY4_O_O[4]  Net          38           (fanout=16)       1404                     -                                                                                                        
   RBB_25/C5                               RBB_6L       25  [TILE 0 0, RBB 1 20]          -     r            4363     {inst111: rx_shift_FDRE_Q_D_LUT5_O_5 (LUT,site=clut)} {inst104: rx_shift_FDRE_Q_6 (FDRE,site=cff)} 
   ------------------------------------------------------------------------------------------------------------------------------------------------------------------------------------------------------------------------
   RBB_25/CLK                              RBB_6L       25  [TILE 0 0, RBB 1 20]        901     r            5264                                                                                                        
   i_clk                                   Clock net     2          (fanout=516)      -2318                     -                                                                                                        
   i_clk                                   CLOCK-PORT    -                     -    capture     r            2946                                                                                                        
   ------------------------------------------------------------------------------------------------------------------------------------------------------------------------------------------------------------------------


Path 129:
   Slack (not met):                         -1066ps
     Path type:                               SETUP
     Group:                            <UDEF_i_clk>
     Launching clock:                         i_clk (rising edge)
     Capturing clock:                         i_clk (rising edge)

     Requested period:                       2000ps
   + Delay of the capturing clock:           2319ps
   - Clock uncertainty:                       150ps
   = Required time:                          4169ps
   - Propagation time:                       2916ps (59.7% logic, 40.3% route, logic stage 1)
   - Delay of the launching clock:           2319ps
   = Slack:                                 -1066ps

   Instance/Pin or Net Name   Type         ID    Location or Fanout   Delay(ps)  Edge  Arrival Time(ps)    Instance detail                                                                                  
   -----------------------------------------------------------------------------------------------------------------------------------------------------------------------------------------------------------
   i_clk                      CLOCK-PORT    -                     -     launch     r               0                                                                                                        
   i_clk                      Clock net     2          (fanout=516)       2319                     -                                                                                                        
   RBB_34/CLK                 RBB_6L       34  [TILE 0 0, RBB 1 18]          -     r            2319                                                                                                        
   -----------------------------------------------------------------------------------------------------------------------------------------------------------------------------------------------------------
   RBB_34/AQ                  RBB_6L       34  [TILE 0 0, RBB 1 18]        800     r            3119     {inst100: rx_shift_FDRE_Q_2 (FDRE,site=aff)}                                                       
   rx_shift[5]                Net          24            (fanout=4)       1176                     -                                                                                                        
   RBB_34/A1                  RBB_6L       34  [TILE 0 0, RBB 1 18]          -     r            4295     {inst108: rx_shift_FDRE_Q_D_LUT5_O_2 (LUT,site=alut)} {inst100: rx_shift_FDRE_Q_2 (FDRE,site=aff)} 
   -----------------------------------------------------------------------------------------------------------------------------------------------------------------------------------------------------------
   RBB_34/CLK                 RBB_6L       34  [TILE 0 0, RBB 1 18]        940     r            5235                                                                                                        
   i_clk                      Clock net     2          (fanout=516)      -2319                     -                                                                                                        
   i_clk                      CLOCK-PORT    -                     -    capture     r            2916                                                                                                        
   -----------------------------------------------------------------------------------------------------------------------------------------------------------------------------------------------------------


Path 130:
   Slack (not met):                          -971ps
     Path type:                               SETUP
     Group:                            <UDEF_i_clk>
     Launching clock:                         i_clk (rising edge)
     Capturing clock:                         i_clk (rising edge)

     Requested period:                       2000ps
   + Delay of the capturing clock:           2347ps
   - Clock uncertainty:                       150ps
   = Required time:                          4197ps
   - Propagation time:                       2821ps (61.1% logic, 38.9% route, logic stage 1)
   - Delay of the launching clock:           2347ps
   = Slack:                                  -971ps

   Instance/Pin or Net Name                Type         ID     Location or Fanout   Delay(ps)  Edge  Arrival Time(ps)    Instance detail                                                                                                          
   -------------------------------------------------------------------------------------------------------------------------------------------------------------------------------------------------------------------------------------------------
   i_clk                                   CLOCK-PORT    -                      -     launch     r               0                                                                                                                                
   i_clk                                   Clock net     2           (fanout=516)       2347                     -                                                                                                                                
   RBB_17/CLK                              RBB_6L       17  [TILE 0 0, RBB 10 14]          -     r            2347                                                                                                                                
   -------------------------------------------------------------------------------------------------------------------------------------------------------------------------------------------------------------------------------------------------
   RBB_17/DQ                               RBB_6L       17  [TILE 0 0, RBB 10 14]        800     r            3147     {inst28: bit_count_FDSE_Q_2 (FDRE,site=dff)}                                                                               
   i_en_LUT5_I0_O_LUT5_O_I1_CARRY4_O_O[1]  Net          35            (fanout=10)       1098                     -                                                                                                                                
   RBB_17/D5                               RBB_6L       17  [TILE 0 0, RBB 10 14]          -     r            4245     {inst83: read_request_LUT4_I0_1_I3_LUT4_I2_O_LUT6_I4_2 (LUT,site=dlut,dluto)} {inst28: bit_count_FDSE_Q_2 (FDRE,site=dff)} 
   -------------------------------------------------------------------------------------------------------------------------------------------------------------------------------------------------------------------------------------------------
   RBB_17/CLK                              RBB_6L       17  [TILE 0 0, RBB 10 14]        923     r            5168                                                                                                                                
   i_clk                                   Clock net     2           (fanout=516)      -2347                     -                                                                                                                                
   i_clk                                   CLOCK-PORT    -                      -    capture     r            2821                                                                                                                                
   -------------------------------------------------------------------------------------------------------------------------------------------------------------------------------------------------------------------------------------------------


Path 122:
   Slack (not met):                          -941ps
     Path type:                               SETUP
     Group:                            <UDEF_i_clk>
     Launching clock:                         i_clk (rising edge)
     Capturing clock:                         i_clk (rising edge)

     Requested period:                       2000ps
   + Delay of the capturing clock:           2357ps
   - Clock uncertainty:                       150ps
   = Required time:                          4207ps
   - Propagation time:                       2801ps (49.2% logic, 50.8% route, logic stage 1)
   - Delay of the launching clock:           2347ps
   = Slack:                                  -941ps

   Instance/Pin or Net Name     Type         ID     Location or Fanout   Delay(ps)  Edge  Arrival Time(ps)    Instance detail                                                                                    
   ----------------------------------------------------------------------------------------------------------------------------------------------------------------------------------------------------------------
   i_clk                        CLOCK-PORT    -                      -     launch     r               0                                                                                                          
   i_clk                        Clock net     2           (fanout=516)       2347                     -                                                                                                          
   RBB_11/CLK                   RBB_6L       11  [TILE 0 0, RBB 10 12]          -     r            2347                                                                                                          
   ----------------------------------------------------------------------------------------------------------------------------------------------------------------------------------------------------------------
   RBB_11/AQ                    RBB_6L       11  [TILE 0 0, RBB 10 12]        800     r            3147     {inst103: rx_shift_FDRE_Q_5 (FDRE,site=aff)}                                                         
   o_led_FDRE_Q_D_LUT5_O_I4[2]  Net         110             (fanout=4)       1424                     -                                                                                                          
   RBB_24/B1                    RBB_6L       24  [TILE 0 0, RBB 10 18]          -     r            4571     {inst223: o_data_rx_FDRE_Q_5_buf223_i (LUT,site=bluto)} {inst54: o_data_rx_FDRE_Q_5 (FDRE,site=bff)} 
   ----------------------------------------------------------------------------------------------------------------------------------------------------------------------------------------------------------------
   RBB_24/CLK                   RBB_6L       24  [TILE 0 0, RBB 10 18]        577     r            5148                                                                                                          
   i_clk                        Clock net     2           (fanout=516)      -2357                     -                                                                                                          
   i_clk                        CLOCK-PORT    -                      -    capture     r            2791                                                                                                          
   ----------------------------------------------------------------------------------------------------------------------------------------------------------------------------------------------------------------


Path 134:
   Slack (not met):                          -911ps
     Path type:                               SETUP
     Group:                            <UDEF_i_clk>
     Launching clock:                         i_clk (rising edge)
     Capturing clock:                         i_clk (rising edge)

     Requested period:                       2000ps
   + Delay of the capturing clock:           2319ps
   - Clock uncertainty:                       150ps
   = Required time:                          4169ps
   - Propagation time:                       2761ps (59.1% logic, 40.9% route, logic stage 1)
   - Delay of the launching clock:           2319ps
   = Slack:                                  -911ps

   Instance/Pin or Net Name     Type         ID    Location or Fanout   Delay(ps)  Edge  Arrival Time(ps)    Instance detail                                                                                 
   ------------------------------------------------------------------------------------------------------------------------------------------------------------------------------------------------------------
   i_clk                        CLOCK-PORT    -                     -     launch     r               0                                                                                                       
   i_clk                        Clock net     2          (fanout=516)       2319                     -                                                                                                       
   RBB_34/CLK                   RBB_6L       34  [TILE 0 0, RBB 1 18]          -     r            2319                                                                                                       
   ------------------------------------------------------------------------------------------------------------------------------------------------------------------------------------------------------------
   RBB_34/BQ                    RBB_6L       34  [TILE 0 0, RBB 1 18]        800     r            3119     {inst99: rx_shift_FDRE_Q_1 (FDRE,site=bff)}                                                       
   o_led_FDRE_Q_D_LUT5_O_I4[0]  Net         108            (fanout=4)       1129                     -                                                                                                       
   RBB_34/B1                    RBB_6L       34  [TILE 0 0, RBB 1 18]          -     r            4248     {inst107: rx_shift_FDRE_Q_D_LUT5_O_1 (LUT,site=blut)} {inst99: rx_shift_FDRE_Q_1 (FDRE,site=bff)} 
   ------------------------------------------------------------------------------------------------------------------------------------------------------------------------------------------------------------
   RBB_34/CLK                   RBB_6L       34  [TILE 0 0, RBB 1 18]        832     r            5080                                                                                                       
   i_clk                        Clock net     2          (fanout=516)      -2319                     -                                                                                                       
   i_clk                        CLOCK-PORT    -                     -    capture     r            2761                                                                                                       
   ------------------------------------------------------------------------------------------------------------------------------------------------------------------------------------------------------------


Path 101:
   Slack (not met):                          -906ps
     Path type:                               SETUP
     Group:                            <UDEF_i_clk>
     Launching clock:                         i_clk (rising edge)
     Capturing clock:                         i_clk (rising edge)

     Requested period:                       2000ps
   + Delay of the capturing clock:           2319ps
   - Clock uncertainty:                       150ps
   = Required time:                          4169ps
   - Propagation time:                       2916ps (58.3% logic, 41.7% route, logic stage 1)
   - Delay of the launching clock:           2159ps
   = Slack:                                  -906ps

   Instance/Pin or Net Name                Type         ID    Location or Fanout   Delay(ps)  Edge  Arrival Time(ps)    Instance detail                                                                             
   -------------------------------------------------------------------------------------------------------------------------------------------------------------------------------------------------------------------
   i_clk                                   CLOCK-PORT    -                     -     launch     r               0                                                                                                   
   i_clk                                   Clock net     2          (fanout=516)       2159                     -                                                                                                   
   RBB_15/CLK                              RBB_6L       15  [TILE 0 0, RBB 1 16]          -     r            2159                                                                                                   
   -------------------------------------------------------------------------------------------------------------------------------------------------------------------------------------------------------------------
   RBB_15/DQ                               RBB_6L       15  [TILE 0 0, RBB 1 16]        800     r            2959     {inst119: sda_sync_FDSE_Q (FDR,site=dff)}                                                     
   i_en_LUT5_I0_O_LUT5_O_I1_CARRY4_O_O[4]  Net          38           (fanout=16)       1215                     -                                                                                                   
   RBB_34/C5                               RBB_6L       34  [TILE 0 0, RBB 1 18]          -     r            4174     {inst106: rx_shift_FDRE_Q_D_LUT5_O (LUT,site=clut)} {inst98: rx_shift_FDRE_Q (FDRE,site=cff)} 
   -------------------------------------------------------------------------------------------------------------------------------------------------------------------------------------------------------------------
   RBB_34/CLK                              RBB_6L       34  [TILE 0 0, RBB 1 18]        901     r            5075                                                                                                   
   i_clk                                   Clock net     2          (fanout=516)      -2319                     -                                                                                                   
   i_clk                                   CLOCK-PORT    -                     -    capture     r            2756                                                                                                   
   -------------------------------------------------------------------------------------------------------------------------------------------------------------------------------------------------------------------


Path 131:
   Slack (not met):                          -897ps
     Path type:                               SETUP
     Group:                            <UDEF_i_clk>
     Launching clock:                         i_clk (rising edge)
     Capturing clock:                         i_clk (rising edge)

     Requested period:                       2000ps
   + Delay of the capturing clock:           2318ps
   - Clock uncertainty:                       150ps
   = Required time:                          4168ps
   - Propagation time:                       2747ps (61.2% logic, 38.8% route, logic stage 1)
   - Delay of the launching clock:           2318ps
   = Slack:                                  -897ps

   Instance/Pin or Net Name                Type         ID    Location or Fanout   Delay(ps)  Edge  Arrival Time(ps)    Instance detail                                                                                  
   ------------------------------------------------------------------------------------------------------------------------------------------------------------------------------------------------------------------------
   i_clk                                   CLOCK-PORT    -                     -     launch     r               0                                                                                                        
   i_clk                                   Clock net     2          (fanout=516)       2318                     -                                                                                                        
   RBB_25/CLK                              RBB_6L       25  [TILE 0 0, RBB 1 20]          -     r            2318                                                                                                        
   ------------------------------------------------------------------------------------------------------------------------------------------------------------------------------------------------------------------------
   RBB_25/CQ                               RBB_6L       25  [TILE 0 0, RBB 1 20]        800     r            3118     {inst104: rx_shift_FDRE_Q_6 (FDRE,site=cff)}                                                       
   i_en_LUT5_I0_O_LUT5_O_I1_CARRY4_O_O[0]  Net          34            (fanout=4)       1066                     -                                                                                                        
   RBB_25/C1                               RBB_6L       25  [TILE 0 0, RBB 1 20]          -     r            4184     {inst111: rx_shift_FDRE_Q_D_LUT5_O_5 (LUT,site=clut)} {inst104: rx_shift_FDRE_Q_6 (FDRE,site=cff)} 
   ------------------------------------------------------------------------------------------------------------------------------------------------------------------------------------------------------------------------
   RBB_25/CLK                              RBB_6L       25  [TILE 0 0, RBB 1 20]        881     r            5065                                                                                                        
   i_clk                                   Clock net     2          (fanout=516)      -2318                     -                                                                                                        
   i_clk                                   CLOCK-PORT    -                     -    capture     r            2747                                                                                                        
   ------------------------------------------------------------------------------------------------------------------------------------------------------------------------------------------------------------------------


Path 132:
   Slack (not met):                          -896ps
     Path type:                               SETUP
     Group:                            <UDEF_i_clk>
     Launching clock:                         i_clk (rising edge)
     Capturing clock:                         i_clk (rising edge)

     Requested period:                       2000ps
   + Delay of the capturing clock:           2319ps
   - Clock uncertainty:                       150ps
   = Required time:                          4169ps
   - Propagation time:                       2746ps (61.2% logic, 38.8% route, logic stage 1)
   - Delay of the launching clock:           2319ps
   = Slack:                                  -896ps

   Instance/Pin or Net Name   Type         ID    Location or Fanout   Delay(ps)  Edge  Arrival Time(ps)    Instance detail                                                                             
   ------------------------------------------------------------------------------------------------------------------------------------------------------------------------------------------------------
   i_clk                      CLOCK-PORT    -                     -     launch     r               0                                                                                                   
   i_clk                      Clock net     2          (fanout=516)       2319                     -                                                                                                   
   RBB_34/CLK                 RBB_6L       34  [TILE 0 0, RBB 1 18]          -     r            2319                                                                                                   
   ------------------------------------------------------------------------------------------------------------------------------------------------------------------------------------------------------
   RBB_34/CQ                  RBB_6L       34  [TILE 0 0, RBB 1 18]        800     r            3119     {inst98: rx_shift_FDRE_Q (FDRE,site=cff)}                                                     
   rx_shift[7]                Net          25            (fanout=4)       1065                     -                                                                                                   
   RBB_34/C1                  RBB_6L       34  [TILE 0 0, RBB 1 18]          -     r            4184     {inst106: rx_shift_FDRE_Q_D_LUT5_O (LUT,site=clut)} {inst98: rx_shift_FDRE_Q (FDRE,site=cff)} 
   ------------------------------------------------------------------------------------------------------------------------------------------------------------------------------------------------------
   RBB_34/CLK                 RBB_6L       34  [TILE 0 0, RBB 1 18]        881     r            5065                                                                                                   
   i_clk                      Clock net     2          (fanout=516)      -2319                     -                                                                                                   
   i_clk                      CLOCK-PORT    -                     -    capture     r            2746                                                                                                   
   ------------------------------------------------------------------------------------------------------------------------------------------------------------------------------------------------------


Path 133:
   Slack (not met):                          -895ps
     Path type:                               SETUP
     Group:                            <UDEF_i_clk>
     Launching clock:                         i_clk (rising edge)
     Capturing clock:                         i_clk (rising edge)

     Requested period:                       2000ps
   + Delay of the capturing clock:           2334ps
   - Clock uncertainty:                       150ps
   = Required time:                          4184ps
   - Propagation time:                       2745ps (61.2% logic, 38.8% route, logic stage 1)
   - Delay of the launching clock:           2334ps
   = Slack:                                  -895ps

   Instance/Pin or Net Name     Type         ID    Location or Fanout   Delay(ps)  Edge  Arrival Time(ps)    Instance detail                                                                                       
   ------------------------------------------------------------------------------------------------------------------------------------------------------------------------------------------------------------------
   i_clk                        CLOCK-PORT    -                     -     launch     r               0                                                                                                             
   i_clk                        Clock net     2          (fanout=516)       2334                     -                                                                                                             
   RBB_18/CLK                   RBB_6L       18  [TILE 0 0, RBB 7 18]          -     r            2334                                                                                                             
   ------------------------------------------------------------------------------------------------------------------------------------------------------------------------------------------------------------------
   RBB_18/CQ                    RBB_6L       18  [TILE 0 0, RBB 7 18]        800     r            3134     {inst101: rx_shift_FDRE_Q_3 (FDRE,site=cff)}                                                            
   o_led_FDRE_Q_D_LUT5_O_I4[1]  Net         109            (fanout=4)       1064                     -                                                                                                             
   RBB_18/C4                    RBB_6L       18  [TILE 0 0, RBB 7 18]          -     r            4198     {inst46: i_en_LUT5_I0_O_LUT5_O_I1_LUT5_I4 (LUT,site=clut)} {inst101: rx_shift_FDRE_Q_3 (FDRE,site=cff)} 
   ------------------------------------------------------------------------------------------------------------------------------------------------------------------------------------------------------------------
   RBB_18/CLK                   RBB_6L       18  [TILE 0 0, RBB 7 18]        881     r            5079                                                                                                             
   i_clk                        Clock net     2          (fanout=516)      -2334                     -                                                                                                             
   i_clk                        CLOCK-PORT    -                     -    capture     r            2745                                                                                                             
   ------------------------------------------------------------------------------------------------------------------------------------------------------------------------------------------------------------------


Path 119:
   Slack (not met):                          -876ps
     Path type:                               SETUP
     Group:                            <UDEF_i_clk>
     Launching clock:                         i_clk (rising edge)
     Capturing clock:                         i_clk (rising edge)

     Requested period:                       2000ps
   + Delay of the capturing clock:           2347ps
   - Clock uncertainty:                       150ps
   = Required time:                          4197ps
   - Propagation time:                       2726ps (57.0% logic, 43.0% route, logic stage 1)
   - Delay of the launching clock:           2347ps
   = Slack:                                  -876ps

   Instance/Pin or Net Name                Type         ID     Location or Fanout   Delay(ps)  Edge  Arrival Time(ps)    Instance detail                                                                                   
   --------------------------------------------------------------------------------------------------------------------------------------------------------------------------------------------------------------------------
   i_clk                                   CLOCK-PORT    -                      -     launch     r               0                                                                                                         
   i_clk                                   Clock net     2           (fanout=516)       2347                     -                                                                                                         
   RBB_17/CLK                              RBB_6L       17  [TILE 0 0, RBB 10 14]          -     r            2347                                                                                                         
   --------------------------------------------------------------------------------------------------------------------------------------------------------------------------------------------------------------------------
   RBB_17/DQ                               RBB_6L       17  [TILE 0 0, RBB 10 14]        800     r            3147     {inst28: bit_count_FDSE_Q_2 (FDRE,site=dff)}                                                        
   i_en_LUT5_I0_O_LUT5_O_I1_CARRY4_O_O[1]  Net          35            (fanout=10)       1172                     -                                                                                                         
   RBB_11/A5                               RBB_6L       11  [TILE 0 0, RBB 10 12]          -     r            4319     {inst110: rx_shift_FDRE_Q_D_LUT5_O_4 (LUT,site=aluto)} {inst103: rx_shift_FDRE_Q_5 (FDRE,site=aff)} 
   --------------------------------------------------------------------------------------------------------------------------------------------------------------------------------------------------------------------------
   RBB_11/CLK                              RBB_6L       11  [TILE 0 0, RBB 10 12]        754     r            5073                                                                                                         
   i_clk                                   Clock net     2           (fanout=516)      -2347                     -                                                                                                         
   i_clk                                   CLOCK-PORT    -                      -    capture     r            2726                                                                                                         
   --------------------------------------------------------------------------------------------------------------------------------------------------------------------------------------------------------------------------


Path 106:
   Slack (not met):                          -865ps
     Path type:                               SETUP
     Group:                            <UDEF_i_clk>
     Launching clock:                         i_clk (rising edge)
     Capturing clock:                         i_clk (rising edge)

     Requested period:                       2000ps
   + Delay of the capturing clock:           2319ps
   - Clock uncertainty:                       150ps
   = Required time:                          4169ps
   - Propagation time:                       2875ps (57.7% logic, 42.3% route, logic stage 1)
   - Delay of the launching clock:           2159ps
   = Slack:                                  -865ps

   Instance/Pin or Net Name                Type         ID    Location or Fanout   Delay(ps)  Edge  Arrival Time(ps)    Instance detail                                                                                  
   ------------------------------------------------------------------------------------------------------------------------------------------------------------------------------------------------------------------------
   i_clk                                   CLOCK-PORT    -                     -     launch     r               0                                                                                                        
   i_clk                                   Clock net     2          (fanout=516)       2159                     -                                                                                                        
   RBB_15/CLK                              RBB_6L       15  [TILE 0 0, RBB 1 16]          -     r            2159                                                                                                        
   ------------------------------------------------------------------------------------------------------------------------------------------------------------------------------------------------------------------------
   RBB_15/DQ                               RBB_6L       15  [TILE 0 0, RBB 1 16]        800     r            2959     {inst119: sda_sync_FDSE_Q (FDR,site=dff)}                                                          
   i_en_LUT5_I0_O_LUT5_O_I1_CARRY4_O_O[4]  Net          38           (fanout=16)       1215                     -                                                                                                        
   RBB_34/A5                               RBB_6L       34  [TILE 0 0, RBB 1 18]          -     r            4174     {inst108: rx_shift_FDRE_Q_D_LUT5_O_2 (LUT,site=alut)} {inst100: rx_shift_FDRE_Q_2 (FDRE,site=aff)} 
   ------------------------------------------------------------------------------------------------------------------------------------------------------------------------------------------------------------------------
   RBB_34/CLK                              RBB_6L       34  [TILE 0 0, RBB 1 18]        860     r            5034                                                                                                        
   i_clk                                   Clock net     2          (fanout=516)      -2319                     -                                                                                                        
   i_clk                                   CLOCK-PORT    -                     -    capture     r            2715                                                                                                        
   ------------------------------------------------------------------------------------------------------------------------------------------------------------------------------------------------------------------------


Path 115:
   Slack (not met):                          -859ps
     Path type:                               SETUP
     Group:                            <UDEF_i_clk>
     Launching clock:                         i_clk (rising edge)
     Capturing clock:                         i_clk (rising edge)

     Requested period:                       2000ps
   + Delay of the capturing clock:           2163ps
   - Clock uncertainty:                       150ps
   = Required time:                          4013ps
   - Propagation time:                       2554ps (55.9% logic, 44.1% route, logic stage 1)
   - Delay of the launching clock:           2318ps
   = Slack:                                  -859ps

   Instance/Pin or Net Name                Type         ID    Location or Fanout   Delay(ps)  Edge  Arrival Time(ps)    Instance detail                                                                       
   -------------------------------------------------------------------------------------------------------------------------------------------------------------------------------------------------------------
   i_clk                                   CLOCK-PORT    -                     -     launch     r               0                                                                                             
   i_clk                                   Clock net     2          (fanout=516)       2318                     -                                                                                             
   RBB_25/CLK                              RBB_6L       25  [TILE 0 0, RBB 1 20]          -     r            2318                                                                                             
   -------------------------------------------------------------------------------------------------------------------------------------------------------------------------------------------------------------
   RBB_25/CQ                               RBB_6L       25  [TILE 0 0, RBB 1 20]        800     r            3118     {inst104: rx_shift_FDRE_Q_6 (FDRE,site=cff)}                                            
   i_en_LUT5_I0_O_LUT5_O_I1_CARRY4_O_O[0]  Net          34            (fanout=4)       1127                     -                                                                                             
   RBB_5/O[1]                              IOB           5  [TILE 0 0, RBB 0 21]          -     r            4245     {inst205: o_data_rx[1]_OUT (FDRE)} {(output_port) inst192: g_192_o_data_rx_1_obuf (IO)} 
   -------------------------------------------------------------------------------------------------------------------------------------------------------------------------------------------------------------
   RBB_5/CLK                               IOB           5  [TILE 0 0, RBB 0 21]        627     r            4872                                                                                             
   i_clk                                   Clock net     2          (fanout=516)      -2163                     -                                                                                             
   i_clk                                   CLOCK-PORT    -                     -    capture     r            2709                                                                                             
   -------------------------------------------------------------------------------------------------------------------------------------------------------------------------------------------------------------


Path 107:
   Slack (not met):                          -858ps
     Path type:                               SETUP
     Group:                            <UDEF_i_clk>
     Launching clock:                         i_clk (rising edge)
     Capturing clock:                         i_clk (rising edge)

     Requested period:                       2000ps
   + Delay of the capturing clock:           2319ps
   - Clock uncertainty:                       150ps
   = Required time:                          4169ps
   - Propagation time:                       2868ps (57.6% logic, 42.4% route, logic stage 1)
   - Delay of the launching clock:           2159ps
   = Slack:                                  -858ps

   Instance/Pin or Net Name                Type         ID    Location or Fanout   Delay(ps)  Edge  Arrival Time(ps)    Instance detail                                                                                 
   -----------------------------------------------------------------------------------------------------------------------------------------------------------------------------------------------------------------------
   i_clk                                   CLOCK-PORT    -                     -     launch     r               0                                                                                                       
   i_clk                                   Clock net     2          (fanout=516)       2159                     -                                                                                                       
   RBB_15/CLK                              RBB_6L       15  [TILE 0 0, RBB 1 16]          -     r            2159                                                                                                       
   -----------------------------------------------------------------------------------------------------------------------------------------------------------------------------------------------------------------------
   RBB_15/DQ                               RBB_6L       15  [TILE 0 0, RBB 1 16]        800     r            2959     {inst119: sda_sync_FDSE_Q (FDR,site=dff)}                                                         
   i_en_LUT5_I0_O_LUT5_O_I1_CARRY4_O_O[4]  Net          38           (fanout=16)       1215                     -                                                                                                       
   RBB_34/B5                               RBB_6L       34  [TILE 0 0, RBB 1 18]          -     r            4174     {inst107: rx_shift_FDRE_Q_D_LUT5_O_1 (LUT,site=blut)} {inst99: rx_shift_FDRE_Q_1 (FDRE,site=bff)} 
   -----------------------------------------------------------------------------------------------------------------------------------------------------------------------------------------------------------------------
   RBB_34/CLK                              RBB_6L       34  [TILE 0 0, RBB 1 18]        853     r            5027                                                                                                       
   i_clk                                   Clock net     2          (fanout=516)      -2319                     -                                                                                                       
   i_clk                                   CLOCK-PORT    -                     -    capture     r            2708                                                                                                       
   -----------------------------------------------------------------------------------------------------------------------------------------------------------------------------------------------------------------------


Path 118:
   Slack (not met):                          -856ps
     Path type:                               SETUP
     Group:                            <UDEF_i_clk>
     Launching clock:                         i_clk (rising edge)
     Capturing clock:                         i_clk (rising edge)

     Requested period:                       2000ps
   + Delay of the capturing clock:           2162ps
   - Clock uncertainty:                       150ps
   = Required time:                          4012ps
   - Propagation time:                       2549ps (56.3% logic, 43.7% route, logic stage 1)
   - Delay of the launching clock:           2319ps
   = Slack:                                  -856ps

   Instance/Pin or Net Name   Type         ID    Location or Fanout   Delay(ps)  Edge  Arrival Time(ps)    Instance detail                                                                                                    
   -----------------------------------------------------------------------------------------------------------------------------------------------------------------------------------------------------------------------------
   i_clk                      CLOCK-PORT    -                     -     launch     r               0                                                                                                                          
   i_clk                      Clock net     2          (fanout=516)       2319                     -                                                                                                                          
   RBB_34/CLK                 RBB_6L       34  [TILE 0 0, RBB 1 18]          -     r            2319                                                                                                                          
   -----------------------------------------------------------------------------------------------------------------------------------------------------------------------------------------------------------------------------
   RBB_34/AQ                  RBB_6L       34  [TILE 0 0, RBB 1 18]        800     r            3119     {inst100: rx_shift_FDRE_Q_2 (FDRE,site=aff)}                                                                         
   rx_shift[5]                Net          24            (fanout=4)       1113                     -                                                                                                                          
   RBB_7/O[1]                 IOB           7  [TILE 0 0, RBB 0 19]          -     r            4232     {inst209: i_en_LUT5_I0_O_LUT4_O_I0_CARRY4_CO_O_1[0]_OUT (FDRE)} {(output_port) inst196: g_196_o_data_rx_5_obuf (IO)} 
   -----------------------------------------------------------------------------------------------------------------------------------------------------------------------------------------------------------------------------
   RBB_7/CLK                  IOB           7  [TILE 0 0, RBB 0 19]        636     r            4868                                                                                                                          
   i_clk                      Clock net     2          (fanout=516)      -2162                     -                                                                                                                          
   i_clk                      CLOCK-PORT    -                     -    capture     r            2706                                                                                                                          
   -----------------------------------------------------------------------------------------------------------------------------------------------------------------------------------------------------------------------------


Path 110:
   Slack (not met):                          -805ps
     Path type:                               SETUP
     Group:                            <UDEF_i_clk>
     Launching clock:                         i_clk (rising edge)
     Capturing clock:                         i_clk (rising edge)

     Requested period:                       2000ps
   + Delay of the capturing clock:           2347ps
   - Clock uncertainty:                       150ps
   = Required time:                          4197ps
   - Propagation time:                       2655ps (55.9% logic, 44.1% route, logic stage 1)
   - Delay of the launching clock:           2347ps
   = Slack:                                  -805ps

   Instance/Pin or Net Name                Type         ID     Location or Fanout   Delay(ps)  Edge  Arrival Time(ps)    Instance detail                                                                                   
   --------------------------------------------------------------------------------------------------------------------------------------------------------------------------------------------------------------------------
   i_clk                                   CLOCK-PORT    -                      -     launch     r               0                                                                                                         
   i_clk                                   Clock net     2           (fanout=516)       2347                     -                                                                                                         
   RBB_17/CLK                              RBB_6L       17  [TILE 0 0, RBB 10 14]          -     r            2347                                                                                                         
   --------------------------------------------------------------------------------------------------------------------------------------------------------------------------------------------------------------------------
   RBB_17/DQ                               RBB_6L       17  [TILE 0 0, RBB 10 14]        800     r            3147     {inst28: bit_count_FDSE_Q_2 (FDRE,site=dff)}                                                        
   i_en_LUT5_I0_O_LUT5_O_I1_CARRY4_O_O[1]  Net          35            (fanout=10)       1172                     -                                                                                                         
   RBB_11/D5                               RBB_6L       11  [TILE 0 0, RBB 10 12]          -     r            4319     {inst109: rx_shift_FDRE_Q_D_LUT5_O_3 (LUT,site=dluto)} {inst102: rx_shift_FDRE_Q_4 (FDRE,site=dff)} 
   --------------------------------------------------------------------------------------------------------------------------------------------------------------------------------------------------------------------------
   RBB_11/CLK                              RBB_6L       11  [TILE 0 0, RBB 10 12]        683     r            5002                                                                                                         
   i_clk                                   Clock net     2           (fanout=516)      -2347                     -                                                                                                         
   i_clk                                   CLOCK-PORT    -                      -    capture     r            2655                                                                                                         
   --------------------------------------------------------------------------------------------------------------------------------------------------------------------------------------------------------------------------


Path 136:
   Slack (not met):                          -771ps
     Path type:                               SETUP
     Group:                            <UDEF_i_clk>
     Launching clock:                         i_clk (rising edge)
     Capturing clock:                         i_clk (rising edge)

     Requested period:                       2000ps
   + Delay of the capturing clock:           2347ps
   - Clock uncertainty:                       150ps
   = Required time:                          4197ps
   - Propagation time:                       2621ps (57.9% logic, 42.1% route, logic stage 1)
   - Delay of the launching clock:           2347ps
   = Slack:                                  -771ps

   Instance/Pin or Net Name     Type         ID     Location or Fanout   Delay(ps)  Edge  Arrival Time(ps)    Instance detail                                                                                   
   ---------------------------------------------------------------------------------------------------------------------------------------------------------------------------------------------------------------
   i_clk                        CLOCK-PORT    -                      -     launch     r               0                                                                                                         
   i_clk                        Clock net     2           (fanout=516)       2347                     -                                                                                                         
   RBB_11/CLK                   RBB_6L       11  [TILE 0 0, RBB 10 12]          -     r            2347                                                                                                         
   ---------------------------------------------------------------------------------------------------------------------------------------------------------------------------------------------------------------
   RBB_11/AQ                    RBB_6L       11  [TILE 0 0, RBB 10 12]        800     r            3147     {inst103: rx_shift_FDRE_Q_5 (FDRE,site=aff)}                                                        
   o_led_FDRE_Q_D_LUT5_O_I4[2]  Net         110             (fanout=4)       1103                     -                                                                                                         
   RBB_11/A1                    RBB_6L       11  [TILE 0 0, RBB 10 12]          -     r            4250     {inst110: rx_shift_FDRE_Q_D_LUT5_O_4 (LUT,site=aluto)} {inst103: rx_shift_FDRE_Q_5 (FDRE,site=aff)} 
   ---------------------------------------------------------------------------------------------------------------------------------------------------------------------------------------------------------------
   RBB_11/CLK                   RBB_6L       11  [TILE 0 0, RBB 10 12]        718     r            4968                                                                                                         
   i_clk                        Clock net     2           (fanout=516)      -2347                     -                                                                                                         
   i_clk                        CLOCK-PORT    -                      -    capture     r            2621                                                                                                         
   ---------------------------------------------------------------------------------------------------------------------------------------------------------------------------------------------------------------


Path 128:
   Slack (not met):                          -715ps
     Path type:                               SETUP
     Group:                            <UDEF_i_clk>
     Launching clock:                         i_clk (rising edge)
     Capturing clock:                         i_clk (rising edge)

     Requested period:                       2000ps
   + Delay of the capturing clock:           2159ps
   - Clock uncertainty:                       150ps
   = Required time:                          4009ps
   - Propagation time:                       2565ps (75.8% logic, 24.2% route, logic stage 1)
   - Delay of the launching clock:           2159ps
   = Slack:                                  -715ps

   Instance/Pin or Net Name   Type         ID    Location or Fanout   Delay(ps)  Edge  Arrival Time(ps)    Instance detail                            
   -----------------------------------------------------------------------------------------------------------------------------------------------------
   i_clk                      CLOCK-PORT    -                     -     launch     r               0                                                  
   i_clk                      Clock net     2          (fanout=516)       2159                     -                                                  
   RBB_15/CLK                 RBB_6L       15  [TILE 0 0, RBB 1 16]          -     r            2159                                                  
   -----------------------------------------------------------------------------------------------------------------------------------------------------
   RBB_15/DMUX                RBB_6L       15  [TILE 0 0, RBB 1 16]       1466     r            3625     {inst120: sda_sync_FDSE_Q_1 (FDR,site=dffo)} 
   sda_sync[1]                Net          22            (fanout=5)        621                     -                                                  
   RBB_15/D6                  RBB_6L       15  [TILE 0 0, RBB 1 16]          -     r            4246     {inst119: sda_sync_FDSE_Q (FDR,site=dff)}    
   -----------------------------------------------------------------------------------------------------------------------------------------------------
   RBB_15/CLK                 RBB_6L       15  [TILE 0 0, RBB 1 16]        478     r            4724                                                  
   i_clk                      Clock net     2          (fanout=516)      -2159                     -                                                  
   i_clk                      CLOCK-PORT    -                     -    capture     r            2565                                                  
   -----------------------------------------------------------------------------------------------------------------------------------------------------


Path 135:
   Slack (not met):                          -551ps
     Path type:                               SETUP
     Group:                            <UDEF_i_clk>
     Launching clock:                         i_clk (rising edge)
     Capturing clock:                         i_clk (rising edge)

     Requested period:                       2000ps
   + Delay of the capturing clock:           2159ps
   - Clock uncertainty:                       150ps
   = Required time:                          4009ps
   - Propagation time:                       2401ps (55.4% logic, 44.6% route, logic stage 1)
   - Delay of the launching clock:           2159ps
   = Slack:                                  -551ps

   Instance/Pin or Net Name   Type         ID    Location or Fanout   Delay(ps)  Edge  Arrival Time(ps)    Instance detail                                                                              
   -------------------------------------------------------------------------------------------------------------------------------------------------------------------------------------------------------
   i_clk                      CLOCK-PORT    -                     -     launch     r               0                                                                                                    
   i_clk                      Clock net     2          (fanout=516)       2159                     -                                                                                                    
   RBB_15/CLK                 RBB_6L       15  [TILE 0 0, RBB 1 16]          -     r            2159                                                                                                    
   -------------------------------------------------------------------------------------------------------------------------------------------------------------------------------------------------------
   RBB_15/CQ                  RBB_6L       15  [TILE 0 0, RBB 1 16]        800     r            2959     {inst113: scl_sync_FDSE_Q_1 (FDR,site=cff)}                                                    
   scl_sync[1]                Net          19            (fanout=7)       1072                     -                                                                                                    
   RBB_15/A4                  RBB_6L       15  [TILE 0 0, RBB 1 16]          -     r            4031     {inst219: scl_sync_FDSE_Q_buf219_i (LUT,site=aluto)} {inst112: scl_sync_FDSE_Q (FDR,site=aff)} 
   -------------------------------------------------------------------------------------------------------------------------------------------------------------------------------------------------------
   RBB_15/CLK                 RBB_6L       15  [TILE 0 0, RBB 1 16]        529     r            4560                                                                                                    
   i_clk                      Clock net     2          (fanout=516)      -2159                     -                                                                                                    
   i_clk                      CLOCK-PORT    -                     -    capture     r            2401                                                                                                    
   -------------------------------------------------------------------------------------------------------------------------------------------------------------------------------------------------------


Path 366:
   Slack (not met):                           -11ps
     Path type:                               SETUP
     Group:                            <UDEF_i_clk>
     Launching clock:                         i_clk (rising edge)
     Capturing clock:                         i_clk (rising edge)

     Requested period:                       2000ps
   + Delay of the capturing clock:           2159ps
   - Clock uncertainty:                       150ps
   = Required time:                          4009ps
   - Propagation time:                       1696ps (54.8% logic, 45.2% route, logic stage 1)
   - Delay of the launching clock:           2324ps
   = Slack:                                   -11ps

   Instance/Pin or Net Name   Type         ID    Location or Fanout   Delay(ps)  Edge  Arrival Time(ps)    Instance detail                                                                                   
   ------------------------------------------------------------------------------------------------------------------------------------------------------------------------------------------------------------
   i_clk                      CLOCK-PORT    -                     -     launch     r               0                                                                                                         
   i_clk                      Clock net     2          (fanout=516)       2324                     -                                                                                                         
   RBB_2/CLK                  IOB           2  [TILE 0 0, RBB 0 23]          -     r            2324                                                                                                         
   ------------------------------------------------------------------------------------------------------------------------------------------------------------------------------------------------------------
   RBB_2/I[0]                 IOB           2  [TILE 0 0, RBB 0 23]          0     r            2324     {(input_port) inst188: g_188_i_sda_ibuf (IO)} {inst121: sda_sync_FDSE_Q_2 (FDR)}                    
   sda_sync[0]                Net          21            (fanout=1)        767                     -                                                                                                         
   RBB_15/D1                  RBB_6L       15  [TILE 0 0, RBB 1 16]          -     r            3091     {inst218: sda_sync_FDSE_Q_1_buf218_i (LUT,site=dluto)} {inst120: sda_sync_FDSE_Q_1 (FDR,site=dffo)} 
   ------------------------------------------------------------------------------------------------------------------------------------------------------------------------------------------------------------
   RBB_15/CLK                 RBB_6L       15  [TILE 0 0, RBB 1 16]        929     r            4020                                                                                                         
   i_clk                      Clock net     2          (fanout=516)      -2159                     -                                                                                                         
   i_clk                      CLOCK-PORT    -                     -    capture     r            1861                                                                                                         
   ------------------------------------------------------------------------------------------------------------------------------------------------------------------------------------------------------------


Path 367:
   Slack (met):                               204ps
     Path type:                               SETUP
     Group:                            <UDEF_i_clk>
     Launching clock:                         i_clk (rising edge)
     Capturing clock:                         i_clk (rising edge)

     Requested period:                       2000ps
   + Delay of the capturing clock:           2159ps
   - Clock uncertainty:                       150ps
   = Required time:                          4009ps
   - Propagation time:                       1502ps (30.2% logic, 69.8% route, logic stage 1)
   - Delay of the launching clock:           2303ps
   = Slack:                                   204ps

   Instance/Pin or Net Name   Type         ID    Location or Fanout   Delay(ps)  Edge  Arrival Time(ps)    Instance detail                                                                
   -----------------------------------------------------------------------------------------------------------------------------------------------------------------------------------------
   i_clk                      CLOCK-PORT    -                     -     launch     r               0                                                                                      
   i_clk                      Clock net     2          (fanout=516)       2303                     -                                                                                      
   RBB_0/CLK                  IOB           0  [TILE 0 0, RBB 0 10]          -     r            2303                                                                                      
   -----------------------------------------------------------------------------------------------------------------------------------------------------------------------------------------
   RBB_0/I[0]                 IOB           0  [TILE 0 0, RBB 0 10]          0     r            2303     {(input_port) inst187: g_187_i_scl_ibuf (IO)} {inst114: scl_sync_FDSE_Q_2 (FDR)} 
   scl_sync[0]                Net          18            (fanout=1)       1049                     -                                                                                      
   RBB_15/C6                  RBB_6L       15  [TILE 0 0, RBB 1 16]          -     r            3352     {inst113: scl_sync_FDSE_Q_1 (FDR,site=cff)}                                      
   -----------------------------------------------------------------------------------------------------------------------------------------------------------------------------------------
   RBB_15/CLK                 RBB_6L       15  [TILE 0 0, RBB 1 16]        453     r            3805                                                                                      
   i_clk                      Clock net     2          (fanout=516)      -2159                     -                                                                                      
   i_clk                      CLOCK-PORT    -                     -    capture     r            1646                                                                                      
   -----------------------------------------------------------------------------------------------------------------------------------------------------------------------------------------













