Timing Summary
==============

   POST-ROUTE

         Group  No. Clocks  No. Clock Pairs  WNS(ps)  TNS(ps)  TNS Endpoints      
   -----------  ----------  ---------------  -------  -------  -------------      
     <DEFAULT>           1                1    10346        0              0      




Clocks
======

            Clock    Clock net        Group  Constrained Period(ps)      Waveform(ps)   Achievable Period(ps)  Achievable Frequency(MHz)
   --------------  -----------  -----------  ----------------------  -----------------  ---------------------  -------------------------
              clk          clk    <DEFAULT>                 20000           (0,10000)                   9653                    103.595 




Clock Relationships
===================

       From Clock        To Clock               Group    Endpoints     WNS(ps)    TNS(ps)  TNS Endpoints
   --------------  --------------  ------------------  -----------  ----------  ---------  -------------
              clk             clk           <DEFAULT>          179       10346          0              0




Timing Details for Clock Pair clk and clk
=========================================

       From Clock        To Clock               Group    Endpoints     WNS(ps)    TNS(ps)  TNS Endpoints
   --------------  --------------  ------------------  -----------  ----------  ---------  -------------
              clk             clk           <DEFAULT>          179       10346          0              0

Path 255:
   Slack (met):                             10346ps
     Path type:                               SETUP
     Group:                               <DEFAULT>
     Launching clock:                           clk (rising edge)
     Capturing clock:                           clk (rising edge)

     Requested period:                      20000ps
   + Delay of the capturing clock:           2422ps
   - Clock uncertainty:                       150ps
   = Required time:                         22272ps
   - Propagation time:                       9441ps (50.1% logic, 49.9% route, logic stage 4)
   - Delay of the launching clock:           2485ps
   = Slack:                                 10346ps

   Instance/Pin or Net Name                                                                Type         ID     Location or Fanout   Delay(ps)  Edge  Arrival Time(ps)    Instance detail                                                                                                             
   ----------------------------------------------------------------------------------------------------------------------------------------------------------------------------------------------------------------------------------------------------------------------------------------------------
   clk                                                                                     CLOCK-PORT    -                      -     launch     r               0                                                                                                                                   
   clk_BUFG_I_O                                                                            Clock net    82           (fanout=519)       2485                     -                                                                                                                                   
   RBB_12/CLK                                                                              RBB_6L       12  [TILE 0 0, RBB 10 18]          -     r            2485                                                                                                                                   
   ----------------------------------------------------------------------------------------------------------------------------------------------------------------------------------------------------------------------------------------------------------------------------------------------------
   RBB_12/DQ                                                                               RBB_6L       12  [TILE 0 0, RBB 10 18]        800     r            3285     {inst45: r_Clock_Count_FDRE_Q_15 (FDRE,site=dff)}                                                                             
   r_Clock_Count[2]                                                                        Net          10             (fanout=4)       1693                     -                                                                                                                                   
   RBB_18/D4                                                                               RBB_6L       18  [TILE 0 0, RBB 10 20]          -     r            4978                                                                                                                                   
   RBB_18/D                                                                                RBB_6L       18  [TILE 0 0, RBB 10 20]        608     r            5586     {inst69: r_Clock_Count_FDRE_Q_9_D_LUT6_O_I4_CARRY4_O_CI_CARRY4_CO_CI_CARRY4_CO_O_2_CARRY4_O_S_1_LUT6_O (LUT,site=dlut,dluto)} 
   r_Clock_Count_FDRE_Q_9_D_LUT6_O_I4_CARRY4_O_CI_CARRY4_CO_CI_CARRY4_CO_O_2_CARRY4_O_S_1  Net         151             (fanout=1)       1229                     -                                                                                                                                   
   RBB_8/A1                                                                                RBB_6L        8  [TILE 0 0, RBB 13 14]          -     r            6815                                                                                                                                   
   RBB_8/DMUX                                                                              RBB_6L        8  [TILE 0 0, RBB 13 14]       1342     r            8157     {inst60: r_Clock_Count_FDRE_Q_9_D_LUT6_O_I4_CARRY4_O_CI_CARRY4_CO_CI_CARRY4_CO_O_2_CARRY4_O (CARRY4)}                         
   r_Clock_Count_FDRE_Q_9_D_LUT6_O_I4_CARRY4_O_CI_CARRY4_CO_CI_CARRY4_CO_O_2[5]            Net          80            (fanout=13)       1133                     -                                                                                                                                   
   RBB_22/D5                                                                               RBB_6L       22   [TILE 0 0, RBB 16 8]          -     r            9290                                                                                                                                   
   RBB_22/DMUX                                                                             RBB_6L       22   [TILE 0 0, RBB 16 8]       1124     r           10414     {inst92: r_RX_DV_FDRE_Q_CE_LUT4_O (LUT,site=dluto)}                                                                           
   r_RX_DV_FDRE_Q_CE                                                                       Net          74             (fanout=1)        652                     -                                                                                                                                   
   RBB_22/A6                                                                               RBB_6L       22   [TILE 0 0, RBB 16 8]          -     r           11066     {<CE>inst91: r_RX_DV_FDRE_Q (FDRE,site=dff)}                                                                                  
   ----------------------------------------------------------------------------------------------------------------------------------------------------------------------------------------------------------------------------------------------------------------------------------------------------
   RBB_22/CLK                                                                              RBB_6L       22   [TILE 0 0, RBB 16 8]        860     r           11926                                                                                                                                   
   clk_BUFG_I_O                                                                            Clock net    82           (fanout=519)      -2422                     -                                                                                                                                   
   clk                                                                                     CLOCK-PORT    -                      -    capture     r            9504                                                                                                                                   
   ----------------------------------------------------------------------------------------------------------------------------------------------------------------------------------------------------------------------------------------------------------------------------------------------------


Path 259:
   Slack (met):                             10916ps
     Path type:                               SETUP
     Group:                               <DEFAULT>
     Launching clock:                           clk (rising edge)
     Capturing clock:                           clk (rising edge)

     Requested period:                      20000ps
   + Delay of the capturing clock:           2434ps
   - Clock uncertainty:                       150ps
   = Required time:                         22284ps
   - Propagation time:                       8883ps (46.1% logic, 53.9% route, logic stage 4)
   - Delay of the launching clock:           2485ps
   = Slack:                                 10916ps

   Instance/Pin or Net Name                                                                Type         ID     Location or Fanout   Delay(ps)  Edge  Arrival Time(ps)    Instance detail                                                                                                             
   ----------------------------------------------------------------------------------------------------------------------------------------------------------------------------------------------------------------------------------------------------------------------------------------------------
   clk                                                                                     CLOCK-PORT    -                      -     launch     r               0                                                                                                                                   
   clk_BUFG_I_O                                                                            Clock net    82           (fanout=519)       2485                     -                                                                                                                                   
   RBB_12/CLK                                                                              RBB_6L       12  [TILE 0 0, RBB 10 18]          -     r            2485                                                                                                                                   
   ----------------------------------------------------------------------------------------------------------------------------------------------------------------------------------------------------------------------------------------------------------------------------------------------------
   RBB_12/DQ                                                                               RBB_6L       12  [TILE 0 0, RBB 10 18]        800     r            3285     {inst45: r_Clock_Count_FDRE_Q_15 (FDRE,site=dff)}                                                                             
   r_Clock_Count[2]                                                                        Net          10             (fanout=4)       1693                     -                                                                                                                                   
   RBB_18/D4                                                                               RBB_6L       18  [TILE 0 0, RBB 10 20]          -     r            4978                                                                                                                                   
   RBB_18/D                                                                                RBB_6L       18  [TILE 0 0, RBB 10 20]        608     r            5586     {inst69: r_Clock_Count_FDRE_Q_9_D_LUT6_O_I4_CARRY4_O_CI_CARRY4_CO_CI_CARRY4_CO_O_2_CARRY4_O_S_1_LUT6_O (LUT,site=dlut,dluto)} 
   r_Clock_Count_FDRE_Q_9_D_LUT6_O_I4_CARRY4_O_CI_CARRY4_CO_CI_CARRY4_CO_O_2_CARRY4_O_S_1  Net         151             (fanout=1)       1229                     -                                                                                                                                   
   RBB_8/A1                                                                                RBB_6L        8  [TILE 0 0, RBB 13 14]          -     r            6815                                                                                                                                   
   RBB_8/DMUX                                                                              RBB_6L        8  [TILE 0 0, RBB 13 14]       1342     r            8157     {inst60: r_Clock_Count_FDRE_Q_9_D_LUT6_O_I4_CARRY4_O_CI_CARRY4_CO_CI_CARRY4_CO_O_2_CARRY4_O (CARRY4)}                         
   r_Clock_Count_FDRE_Q_9_D_LUT6_O_I4_CARRY4_O_CI_CARRY4_CO_CI_CARRY4_CO_O_2[5]            Net          80            (fanout=13)        885                     -                                                                                                                                   
   RBB_21/D6                                                                               RBB_6L       21  [TILE 0 0, RBB 10 10]          -     r            9042                                                                                                                                   
   RBB_21/D                                                                                RBB_6L       21  [TILE 0 0, RBB 10 10]        527     r            9569     {inst90: r_RX_Byte_FDRE_Q_CE_LUT6_O (LUT,site=dlut,dluto)}                                                                    
   r_RX_Byte_FDRE_Q_CE                                                                     Net          73             (fanout=2)        982                     -                                                                                                                                   
   RBB_20/A6                                                                               RBB_6L       20  [TILE 0 0, RBB 16 10]          -     r           10551     {<CE>inst89: r_RX_Byte_FDRE_Q_7 (FDRE,site=aff)}                                                                              
   ----------------------------------------------------------------------------------------------------------------------------------------------------------------------------------------------------------------------------------------------------------------------------------------------------
   RBB_20/CLK                                                                              RBB_6L       20  [TILE 0 0, RBB 16 10]        817     r           11368                                                                                                                                   
   clk_BUFG_I_O                                                                            Clock net    82           (fanout=519)      -2434                     -                                                                                                                                   
   clk                                                                                     CLOCK-PORT    -                      -    capture     r            8934                                                                                                                                   
   ----------------------------------------------------------------------------------------------------------------------------------------------------------------------------------------------------------------------------------------------------------------------------------------------------


Path 257:
   Slack (met):                             10916ps
     Path type:                               SETUP
     Group:                               <DEFAULT>
     Launching clock:                           clk (rising edge)
     Capturing clock:                           clk (rising edge)

     Requested period:                      20000ps
   + Delay of the capturing clock:           2434ps
   - Clock uncertainty:                       150ps
   = Required time:                         22284ps
   - Propagation time:                       8883ps (46.1% logic, 53.9% route, logic stage 4)
   - Delay of the launching clock:           2485ps
   = Slack:                                 10916ps

   Instance/Pin or Net Name                                                                Type         ID     Location or Fanout   Delay(ps)  Edge  Arrival Time(ps)    Instance detail                                                                                                             
   ----------------------------------------------------------------------------------------------------------------------------------------------------------------------------------------------------------------------------------------------------------------------------------------------------
   clk                                                                                     CLOCK-PORT    -                      -     launch     r               0                                                                                                                                   
   clk_BUFG_I_O                                                                            Clock net    82           (fanout=519)       2485                     -                                                                                                                                   
   RBB_12/CLK                                                                              RBB_6L       12  [TILE 0 0, RBB 10 18]          -     r            2485                                                                                                                                   
   ----------------------------------------------------------------------------------------------------------------------------------------------------------------------------------------------------------------------------------------------------------------------------------------------------
   RBB_12/DQ                                                                               RBB_6L       12  [TILE 0 0, RBB 10 18]        800     r            3285     {inst45: r_Clock_Count_FDRE_Q_15 (FDRE,site=dff)}                                                                             
   r_Clock_Count[2]                                                                        Net          10             (fanout=4)       1693                     -                                                                                                                                   
   RBB_18/D4                                                                               RBB_6L       18  [TILE 0 0, RBB 10 20]          -     r            4978                                                                                                                                   
   RBB_18/D                                                                                RBB_6L       18  [TILE 0 0, RBB 10 20]        608     r            5586     {inst69: r_Clock_Count_FDRE_Q_9_D_LUT6_O_I4_CARRY4_O_CI_CARRY4_CO_CI_CARRY4_CO_O_2_CARRY4_O_S_1_LUT6_O (LUT,site=dlut,dluto)} 
   r_Clock_Count_FDRE_Q_9_D_LUT6_O_I4_CARRY4_O_CI_CARRY4_CO_CI_CARRY4_CO_O_2_CARRY4_O_S_1  Net         151             (fanout=1)       1229                     -                                                                                                                                   
   RBB_8/A1                                                                                RBB_6L        8  [TILE 0 0, RBB 13 14]          -     r            6815                                                                                                                                   
   RBB_8/DMUX                                                                              RBB_6L        8  [TILE 0 0, RBB 13 14]       1342     r            8157     {inst60: r_Clock_Count_FDRE_Q_9_D_LUT6_O_I4_CARRY4_O_CI_CARRY4_CO_CI_CARRY4_CO_O_2_CARRY4_O (CARRY4)}                         
   r_Clock_Count_FDRE_Q_9_D_LUT6_O_I4_CARRY4_O_CI_CARRY4_CO_CI_CARRY4_CO_O_2[5]            Net          80            (fanout=13)        885                     -                                                                                                                                   
   RBB_21/D6                                                                               RBB_6L       21  [TILE 0 0, RBB 10 10]          -     r            9042                                                                                                                                   
   RBB_21/D                                                                                RBB_6L       21  [TILE 0 0, RBB 10 10]        527     r            9569     {inst90: r_RX_Byte_FDRE_Q_CE_LUT6_O (LUT,site=dlut,dluto)}                                                                    
   r_RX_Byte_FDRE_Q_CE                                                                     Net          73             (fanout=2)        982                     -                                                                                                                                   
   RBB_20/A6                                                                               RBB_6L       20  [TILE 0 0, RBB 16 10]          -     r           10551     {<CE>inst87: r_RX_Byte_FDRE_Q_5 (FDRE,site=cff)}                                                                              
   ----------------------------------------------------------------------------------------------------------------------------------------------------------------------------------------------------------------------------------------------------------------------------------------------------
   RBB_20/CLK                                                                              RBB_6L       20  [TILE 0 0, RBB 16 10]        817     r           11368                                                                                                                                   
   clk_BUFG_I_O                                                                            Clock net    82           (fanout=519)      -2434                     -                                                                                                                                   
   clk                                                                                     CLOCK-PORT    -                      -    capture     r            8934                                                                                                                                   
   ----------------------------------------------------------------------------------------------------------------------------------------------------------------------------------------------------------------------------------------------------------------------------------------------------


Path 258:
   Slack (met):                             10916ps
     Path type:                               SETUP
     Group:                               <DEFAULT>
     Launching clock:                           clk (rising edge)
     Capturing clock:                           clk (rising edge)

     Requested period:                      20000ps
   + Delay of the capturing clock:           2434ps
   - Clock uncertainty:                       150ps
   = Required time:                         22284ps
   - Propagation time:                       8883ps (46.1% logic, 53.9% route, logic stage 4)
   - Delay of the launching clock:           2485ps
   = Slack:                                 10916ps

   Instance/Pin or Net Name                                                                Type         ID     Location or Fanout   Delay(ps)  Edge  Arrival Time(ps)    Instance detail                                                                                                             
   ----------------------------------------------------------------------------------------------------------------------------------------------------------------------------------------------------------------------------------------------------------------------------------------------------
   clk                                                                                     CLOCK-PORT    -                      -     launch     r               0                                                                                                                                   
   clk_BUFG_I_O                                                                            Clock net    82           (fanout=519)       2485                     -                                                                                                                                   
   RBB_12/CLK                                                                              RBB_6L       12  [TILE 0 0, RBB 10 18]          -     r            2485                                                                                                                                   
   ----------------------------------------------------------------------------------------------------------------------------------------------------------------------------------------------------------------------------------------------------------------------------------------------------
   RBB_12/DQ                                                                               RBB_6L       12  [TILE 0 0, RBB 10 18]        800     r            3285     {inst45: r_Clock_Count_FDRE_Q_15 (FDRE,site=dff)}                                                                             
   r_Clock_Count[2]                                                                        Net          10             (fanout=4)       1693                     -                                                                                                                                   
   RBB_18/D4                                                                               RBB_6L       18  [TILE 0 0, RBB 10 20]          -     r            4978                                                                                                                                   
   RBB_18/D                                                                                RBB_6L       18  [TILE 0 0, RBB 10 20]        608     r            5586     {inst69: r_Clock_Count_FDRE_Q_9_D_LUT6_O_I4_CARRY4_O_CI_CARRY4_CO_CI_CARRY4_CO_O_2_CARRY4_O_S_1_LUT6_O (LUT,site=dlut,dluto)} 
   r_Clock_Count_FDRE_Q_9_D_LUT6_O_I4_CARRY4_O_CI_CARRY4_CO_CI_CARRY4_CO_O_2_CARRY4_O_S_1  Net         151             (fanout=1)       1229                     -                                                                                                                                   
   RBB_8/A1                                                                                RBB_6L        8  [TILE 0 0, RBB 13 14]          -     r            6815                                                                                                                                   
   RBB_8/DMUX                                                                              RBB_6L        8  [TILE 0 0, RBB 13 14]       1342     r            8157     {inst60: r_Clock_Count_FDRE_Q_9_D_LUT6_O_I4_CARRY4_O_CI_CARRY4_CO_CI_CARRY4_CO_O_2_CARRY4_O (CARRY4)}                         
   r_Clock_Count_FDRE_Q_9_D_LUT6_O_I4_CARRY4_O_CI_CARRY4_CO_CI_CARRY4_CO_O_2[5]            Net          80            (fanout=13)        885                     -                                                                                                                                   
   RBB_21/D6                                                                               RBB_6L       21  [TILE 0 0, RBB 10 10]          -     r            9042                                                                                                                                   
   RBB_21/D                                                                                RBB_6L       21  [TILE 0 0, RBB 10 10]        527     r            9569     {inst90: r_RX_Byte_FDRE_Q_CE_LUT6_O (LUT,site=dlut,dluto)}                                                                    
   r_RX_Byte_FDRE_Q_CE                                                                     Net          73             (fanout=2)        982                     -                                                                                                                                   
   RBB_20/A6                                                                               RBB_6L       20  [TILE 0 0, RBB 16 10]          -     r           10551     {<CE>inst85: r_RX_Byte_FDRE_Q_3 (FDRE,site=dff)}                                                                              
   ----------------------------------------------------------------------------------------------------------------------------------------------------------------------------------------------------------------------------------------------------------------------------------------------------
   RBB_20/CLK                                                                              RBB_6L       20  [TILE 0 0, RBB 16 10]        817     r           11368                                                                                                                                   
   clk_BUFG_I_O                                                                            Clock net    82           (fanout=519)      -2434                     -                                                                                                                                   
   clk                                                                                     CLOCK-PORT    -                      -    capture     r            8934                                                                                                                                   
   ----------------------------------------------------------------------------------------------------------------------------------------------------------------------------------------------------------------------------------------------------------------------------------------------------


Path 256:
   Slack (met):                             10916ps
     Path type:                               SETUP
     Group:                               <DEFAULT>
     Launching clock:                           clk (rising edge)
     Capturing clock:                           clk (rising edge)

     Requested period:                      20000ps
   + Delay of the capturing clock:           2434ps
   - Clock uncertainty:                       150ps
   = Required time:                         22284ps
   - Propagation time:                       8883ps (46.1% logic, 53.9% route, logic stage 4)
   - Delay of the launching clock:           2485ps
   = Slack:                                 10916ps

   Instance/Pin or Net Name                                                                Type         ID     Location or Fanout   Delay(ps)  Edge  Arrival Time(ps)    Instance detail                                                                                                             
   ----------------------------------------------------------------------------------------------------------------------------------------------------------------------------------------------------------------------------------------------------------------------------------------------------
   clk                                                                                     CLOCK-PORT    -                      -     launch     r               0                                                                                                                                   
   clk_BUFG_I_O                                                                            Clock net    82           (fanout=519)       2485                     -                                                                                                                                   
   RBB_12/CLK                                                                              RBB_6L       12  [TILE 0 0, RBB 10 18]          -     r            2485                                                                                                                                   
   ----------------------------------------------------------------------------------------------------------------------------------------------------------------------------------------------------------------------------------------------------------------------------------------------------
   RBB_12/DQ                                                                               RBB_6L       12  [TILE 0 0, RBB 10 18]        800     r            3285     {inst45: r_Clock_Count_FDRE_Q_15 (FDRE,site=dff)}                                                                             
   r_Clock_Count[2]                                                                        Net          10             (fanout=4)       1693                     -                                                                                                                                   
   RBB_18/D4                                                                               RBB_6L       18  [TILE 0 0, RBB 10 20]          -     r            4978                                                                                                                                   
   RBB_18/D                                                                                RBB_6L       18  [TILE 0 0, RBB 10 20]        608     r            5586     {inst69: r_Clock_Count_FDRE_Q_9_D_LUT6_O_I4_CARRY4_O_CI_CARRY4_CO_CI_CARRY4_CO_O_2_CARRY4_O_S_1_LUT6_O (LUT,site=dlut,dluto)} 
   r_Clock_Count_FDRE_Q_9_D_LUT6_O_I4_CARRY4_O_CI_CARRY4_CO_CI_CARRY4_CO_O_2_CARRY4_O_S_1  Net         151             (fanout=1)       1229                     -                                                                                                                                   
   RBB_8/A1                                                                                RBB_6L        8  [TILE 0 0, RBB 13 14]          -     r            6815                                                                                                                                   
   RBB_8/DMUX                                                                              RBB_6L        8  [TILE 0 0, RBB 13 14]       1342     r            8157     {inst60: r_Clock_Count_FDRE_Q_9_D_LUT6_O_I4_CARRY4_O_CI_CARRY4_CO_CI_CARRY4_CO_O_2_CARRY4_O (CARRY4)}                         
   r_Clock_Count_FDRE_Q_9_D_LUT6_O_I4_CARRY4_O_CI_CARRY4_CO_CI_CARRY4_CO_O_2[5]            Net          80            (fanout=13)        885                     -                                                                                                                                   
   RBB_21/D6                                                                               RBB_6L       21  [TILE 0 0, RBB 10 10]          -     r            9042                                                                                                                                   
   RBB_21/D                                                                                RBB_6L       21  [TILE 0 0, RBB 10 10]        527     r            9569     {inst90: r_RX_Byte_FDRE_Q_CE_LUT6_O (LUT,site=dlut,dluto)}                                                                    
   r_RX_Byte_FDRE_Q_CE                                                                     Net          73             (fanout=2)        982                     -                                                                                                                                   
   RBB_20/A6                                                                               RBB_6L       20  [TILE 0 0, RBB 16 10]          -     r           10551     {<CE>inst88: r_RX_Byte_FDRE_Q_6 (FDRE,site=bff)}                                                                              
   ----------------------------------------------------------------------------------------------------------------------------------------------------------------------------------------------------------------------------------------------------------------------------------------------------
   RBB_20/CLK                                                                              RBB_6L       20  [TILE 0 0, RBB 16 10]        817     r           11368                                                                                                                                   
   clk_BUFG_I_O                                                                            Clock net    82           (fanout=519)      -2434                     -                                                                                                                                   
   clk                                                                                     CLOCK-PORT    -                      -    capture     r            8934                                                                                                                                   
   ----------------------------------------------------------------------------------------------------------------------------------------------------------------------------------------------------------------------------------------------------------------------------------------------------


Path 277:
   Slack (met):                             10942ps
     Path type:                               SETUP
     Group:                               <DEFAULT>
     Launching clock:                           clk (rising edge)
     Capturing clock:                           clk (rising edge)

     Requested period:                      20000ps
   + Delay of the capturing clock:           2449ps
   - Clock uncertainty:                       150ps
   = Required time:                         22299ps
   - Propagation time:                       8872ps (39.9% logic, 60.1% route, logic stage 3)
   - Delay of the launching clock:           2485ps
   = Slack:                                 10942ps

   Instance/Pin or Net Name                                                                Type         ID     Location or Fanout   Delay(ps)  Edge  Arrival Time(ps)    Instance detail                                                                                                             
   ----------------------------------------------------------------------------------------------------------------------------------------------------------------------------------------------------------------------------------------------------------------------------------------------------
   clk                                                                                     CLOCK-PORT    -                      -     launch     r               0                                                                                                                                   
   clk_BUFG_I_O                                                                            Clock net    82           (fanout=519)       2485                     -                                                                                                                                   
   RBB_12/CLK                                                                              RBB_6L       12  [TILE 0 0, RBB 10 18]          -     r            2485                                                                                                                                   
   ----------------------------------------------------------------------------------------------------------------------------------------------------------------------------------------------------------------------------------------------------------------------------------------------------
   RBB_12/DQ                                                                               RBB_6L       12  [TILE 0 0, RBB 10 18]        800     r            3285     {inst45: r_Clock_Count_FDRE_Q_15 (FDRE,site=dff)}                                                                             
   r_Clock_Count[2]                                                                        Net          10             (fanout=4)       1693                     -                                                                                                                                   
   RBB_18/D4                                                                               RBB_6L       18  [TILE 0 0, RBB 10 20]          -     r            4978                                                                                                                                   
   RBB_18/D                                                                                RBB_6L       18  [TILE 0 0, RBB 10 20]        608     r            5586     {inst69: r_Clock_Count_FDRE_Q_9_D_LUT6_O_I4_CARRY4_O_CI_CARRY4_CO_CI_CARRY4_CO_O_2_CARRY4_O_S_1_LUT6_O (LUT,site=dlut,dluto)} 
   r_Clock_Count_FDRE_Q_9_D_LUT6_O_I4_CARRY4_O_CI_CARRY4_CO_CI_CARRY4_CO_O_2_CARRY4_O_S_1  Net         151             (fanout=1)       1229                     -                                                                                                                                   
   RBB_8/A1                                                                                RBB_6L        8  [TILE 0 0, RBB 13 14]          -     r            6815                                                                                                                                   
   RBB_8/DMUX                                                                              RBB_6L        8  [TILE 0 0, RBB 13 14]       1342     r            8157     {inst60: r_Clock_Count_FDRE_Q_9_D_LUT6_O_I4_CARRY4_O_CI_CARRY4_CO_CI_CARRY4_CO_O_2_CARRY4_O (CARRY4)}                         
   r_Clock_Count_FDRE_Q_9_D_LUT6_O_I4_CARRY4_O_CI_CARRY4_CO_CI_CARRY4_CO_O_2[5]            Net          80            (fanout=13)       2409                     -                                                                                                                                   
   RBB_8/D5                                                                                RBB_6L        8  [TILE 0 0, RBB 13 14]          -     r           10566     {inst20: r_Bit_Index_FDRE_Q_D_LUT2_O_I1_CARRY4_O_O_LUT5_I3 (LUT,site=dluto)} {inst98: r_SM_Main_FDRE_Q (FD,site=dff)}         
   ----------------------------------------------------------------------------------------------------------------------------------------------------------------------------------------------------------------------------------------------------------------------------------------------------
   RBB_8/CLK                                                                               RBB_6L        8  [TILE 0 0, RBB 13 14]        791     r           11357                                                                                                                                   
   clk_BUFG_I_O                                                                            Clock net    82           (fanout=519)      -2449                     -                                                                                                                                   
   clk                                                                                     CLOCK-PORT    -                      -    capture     r            8908                                                                                                                                   
   ----------------------------------------------------------------------------------------------------------------------------------------------------------------------------------------------------------------------------------------------------------------------------------------------------


Path 263:
   Slack (met):                             10992ps
     Path type:                               SETUP
     Group:                               <DEFAULT>
     Launching clock:                           clk (rising edge)
     Capturing clock:                           clk (rising edge)

     Requested period:                      20000ps
   + Delay of the capturing clock:           2336ps
   - Clock uncertainty:                       150ps
   = Required time:                         22186ps
   - Propagation time:                       8709ps (47.7% logic, 52.3% route, logic stage 4)
   - Delay of the launching clock:           2485ps
   = Slack:                                 10992ps

   Instance/Pin or Net Name                                                                Type         ID     Location or Fanout   Delay(ps)  Edge  Arrival Time(ps)    Instance detail                                                                                                             
   ----------------------------------------------------------------------------------------------------------------------------------------------------------------------------------------------------------------------------------------------------------------------------------------------------
   clk                                                                                     CLOCK-PORT    -                      -     launch     r               0                                                                                                                                   
   clk_BUFG_I_O                                                                            Clock net    82           (fanout=519)       2485                     -                                                                                                                                   
   RBB_12/CLK                                                                              RBB_6L       12  [TILE 0 0, RBB 10 18]          -     r            2485                                                                                                                                   
   ----------------------------------------------------------------------------------------------------------------------------------------------------------------------------------------------------------------------------------------------------------------------------------------------------
   RBB_12/DQ                                                                               RBB_6L       12  [TILE 0 0, RBB 10 18]        800     r            3285     {inst45: r_Clock_Count_FDRE_Q_15 (FDRE,site=dff)}                                                                             
   r_Clock_Count[2]                                                                        Net          10             (fanout=4)       1693                     -                                                                                                                                   
   RBB_18/D4                                                                               RBB_6L       18  [TILE 0 0, RBB 10 20]          -     r            4978                                                                                                                                   
   RBB_18/D                                                                                RBB_6L       18  [TILE 0 0, RBB 10 20]        608     r            5586     {inst69: r_Clock_Count_FDRE_Q_9_D_LUT6_O_I4_CARRY4_O_CI_CARRY4_CO_CI_CARRY4_CO_O_2_CARRY4_O_S_1_LUT6_O (LUT,site=dlut,dluto)} 
   r_Clock_Count_FDRE_Q_9_D_LUT6_O_I4_CARRY4_O_CI_CARRY4_CO_CI_CARRY4_CO_O_2_CARRY4_O_S_1  Net         151             (fanout=1)       1229                     -                                                                                                                                   
   RBB_8/A1                                                                                RBB_6L        8  [TILE 0 0, RBB 13 14]          -     r            6815                                                                                                                                   
   RBB_8/DMUX                                                                              RBB_6L        8  [TILE 0 0, RBB 13 14]       1342     r            8157     {inst60: r_Clock_Count_FDRE_Q_9_D_LUT6_O_I4_CARRY4_O_CI_CARRY4_CO_CI_CARRY4_CO_O_2_CARRY4_O (CARRY4)}                         
   r_Clock_Count_FDRE_Q_9_D_LUT6_O_I4_CARRY4_O_CI_CARRY4_CO_CI_CARRY4_CO_O_2[5]            Net          80            (fanout=13)        885                     -                                                                                                                                   
   RBB_21/D6                                                                               RBB_6L       21  [TILE 0 0, RBB 10 10]          -     r            9042                                                                                                                                   
   RBB_21/D                                                                                RBB_6L       21  [TILE 0 0, RBB 10 10]        527     r            9569     {inst90: r_RX_Byte_FDRE_Q_CE_LUT6_O (LUT,site=dlut,dluto)}                                                                    
   r_RX_Byte_FDRE_Q_CE                                                                     Net          73             (fanout=2)        749                     -                                                                                                                                   
   RBB_19/A6                                                                               RBB_6L       19   [TILE 0 0, RBB 13 8]          -     r           10318     {<CE>inst82: r_RX_Byte_FDRE_Q (FDRE,site=dff)}                                                                                
   ----------------------------------------------------------------------------------------------------------------------------------------------------------------------------------------------------------------------------------------------------------------------------------------------------
   RBB_19/CLK                                                                              RBB_6L       19   [TILE 0 0, RBB 13 8]        876     r           11194                                                                                                                                   
   clk_BUFG_I_O                                                                            Clock net    82           (fanout=519)      -2336                     -                                                                                                                                   
   clk                                                                                     CLOCK-PORT    -                      -    capture     r            8858                                                                                                                                   
   ----------------------------------------------------------------------------------------------------------------------------------------------------------------------------------------------------------------------------------------------------------------------------------------------------


Path 261:
   Slack (met):                             10992ps
     Path type:                               SETUP
     Group:                               <DEFAULT>
     Launching clock:                           clk (rising edge)
     Capturing clock:                           clk (rising edge)

     Requested period:                      20000ps
   + Delay of the capturing clock:           2336ps
   - Clock uncertainty:                       150ps
   = Required time:                         22186ps
   - Propagation time:                       8709ps (47.7% logic, 52.3% route, logic stage 4)
   - Delay of the launching clock:           2485ps
   = Slack:                                 10992ps

   Instance/Pin or Net Name                                                                Type         ID     Location or Fanout   Delay(ps)  Edge  Arrival Time(ps)    Instance detail                                                                                                             
   ----------------------------------------------------------------------------------------------------------------------------------------------------------------------------------------------------------------------------------------------------------------------------------------------------
   clk                                                                                     CLOCK-PORT    -                      -     launch     r               0                                                                                                                                   
   clk_BUFG_I_O                                                                            Clock net    82           (fanout=519)       2485                     -                                                                                                                                   
   RBB_12/CLK                                                                              RBB_6L       12  [TILE 0 0, RBB 10 18]          -     r            2485                                                                                                                                   
   ----------------------------------------------------------------------------------------------------------------------------------------------------------------------------------------------------------------------------------------------------------------------------------------------------
   RBB_12/DQ                                                                               RBB_6L       12  [TILE 0 0, RBB 10 18]        800     r            3285     {inst45: r_Clock_Count_FDRE_Q_15 (FDRE,site=dff)}                                                                             
   r_Clock_Count[2]                                                                        Net          10             (fanout=4)       1693                     -                                                                                                                                   
   RBB_18/D4                                                                               RBB_6L       18  [TILE 0 0, RBB 10 20]          -     r            4978                                                                                                                                   
   RBB_18/D                                                                                RBB_6L       18  [TILE 0 0, RBB 10 20]        608     r            5586     {inst69: r_Clock_Count_FDRE_Q_9_D_LUT6_O_I4_CARRY4_O_CI_CARRY4_CO_CI_CARRY4_CO_O_2_CARRY4_O_S_1_LUT6_O (LUT,site=dlut,dluto)} 
   r_Clock_Count_FDRE_Q_9_D_LUT6_O_I4_CARRY4_O_CI_CARRY4_CO_CI_CARRY4_CO_O_2_CARRY4_O_S_1  Net         151             (fanout=1)       1229                     -                                                                                                                                   
   RBB_8/A1                                                                                RBB_6L        8  [TILE 0 0, RBB 13 14]          -     r            6815                                                                                                                                   
   RBB_8/DMUX                                                                              RBB_6L        8  [TILE 0 0, RBB 13 14]       1342     r            8157     {inst60: r_Clock_Count_FDRE_Q_9_D_LUT6_O_I4_CARRY4_O_CI_CARRY4_CO_CI_CARRY4_CO_O_2_CARRY4_O (CARRY4)}                         
   r_Clock_Count_FDRE_Q_9_D_LUT6_O_I4_CARRY4_O_CI_CARRY4_CO_CI_CARRY4_CO_O_2[5]            Net          80            (fanout=13)        885                     -                                                                                                                                   
   RBB_21/D6                                                                               RBB_6L       21  [TILE 0 0, RBB 10 10]          -     r            9042                                                                                                                                   
   RBB_21/D                                                                                RBB_6L       21  [TILE 0 0, RBB 10 10]        527     r            9569     {inst90: r_RX_Byte_FDRE_Q_CE_LUT6_O (LUT,site=dlut,dluto)}                                                                    
   r_RX_Byte_FDRE_Q_CE                                                                     Net          73             (fanout=2)        749                     -                                                                                                                                   
   RBB_19/A6                                                                               RBB_6L       19   [TILE 0 0, RBB 13 8]          -     r           10318     {<CE>inst83: r_RX_Byte_FDRE_Q_1 (FDRE,site=cff)}                                                                              
   ----------------------------------------------------------------------------------------------------------------------------------------------------------------------------------------------------------------------------------------------------------------------------------------------------
   RBB_19/CLK                                                                              RBB_6L       19   [TILE 0 0, RBB 13 8]        876     r           11194                                                                                                                                   
   clk_BUFG_I_O                                                                            Clock net    82           (fanout=519)      -2336                     -                                                                                                                                   
   clk                                                                                     CLOCK-PORT    -                      -    capture     r            8858                                                                                                                                   
   ----------------------------------------------------------------------------------------------------------------------------------------------------------------------------------------------------------------------------------------------------------------------------------------------------


Path 260:
   Slack (met):                             10992ps
     Path type:                               SETUP
     Group:                               <DEFAULT>
     Launching clock:                           clk (rising edge)
     Capturing clock:                           clk (rising edge)

     Requested period:                      20000ps
   + Delay of the capturing clock:           2336ps
   - Clock uncertainty:                       150ps
   = Required time:                         22186ps
   - Propagation time:                       8709ps (47.7% logic, 52.3% route, logic stage 4)
   - Delay of the launching clock:           2485ps
   = Slack:                                 10992ps

   Instance/Pin or Net Name                                                                Type         ID     Location or Fanout   Delay(ps)  Edge  Arrival Time(ps)    Instance detail                                                                                                             
   ----------------------------------------------------------------------------------------------------------------------------------------------------------------------------------------------------------------------------------------------------------------------------------------------------
   clk                                                                                     CLOCK-PORT    -                      -     launch     r               0                                                                                                                                   
   clk_BUFG_I_O                                                                            Clock net    82           (fanout=519)       2485                     -                                                                                                                                   
   RBB_12/CLK                                                                              RBB_6L       12  [TILE 0 0, RBB 10 18]          -     r            2485                                                                                                                                   
   ----------------------------------------------------------------------------------------------------------------------------------------------------------------------------------------------------------------------------------------------------------------------------------------------------
   RBB_12/DQ                                                                               RBB_6L       12  [TILE 0 0, RBB 10 18]        800     r            3285     {inst45: r_Clock_Count_FDRE_Q_15 (FDRE,site=dff)}                                                                             
   r_Clock_Count[2]                                                                        Net          10             (fanout=4)       1693                     -                                                                                                                                   
   RBB_18/D4                                                                               RBB_6L       18  [TILE 0 0, RBB 10 20]          -     r            4978                                                                                                                                   
   RBB_18/D                                                                                RBB_6L       18  [TILE 0 0, RBB 10 20]        608     r            5586     {inst69: r_Clock_Count_FDRE_Q_9_D_LUT6_O_I4_CARRY4_O_CI_CARRY4_CO_CI_CARRY4_CO_O_2_CARRY4_O_S_1_LUT6_O (LUT,site=dlut,dluto)} 
   r_Clock_Count_FDRE_Q_9_D_LUT6_O_I4_CARRY4_O_CI_CARRY4_CO_CI_CARRY4_CO_O_2_CARRY4_O_S_1  Net         151             (fanout=1)       1229                     -                                                                                                                                   
   RBB_8/A1                                                                                RBB_6L        8  [TILE 0 0, RBB 13 14]          -     r            6815                                                                                                                                   
   RBB_8/DMUX                                                                              RBB_6L        8  [TILE 0 0, RBB 13 14]       1342     r            8157     {inst60: r_Clock_Count_FDRE_Q_9_D_LUT6_O_I4_CARRY4_O_CI_CARRY4_CO_CI_CARRY4_CO_O_2_CARRY4_O (CARRY4)}                         
   r_Clock_Count_FDRE_Q_9_D_LUT6_O_I4_CARRY4_O_CI_CARRY4_CO_CI_CARRY4_CO_O_2[5]            Net          80            (fanout=13)        885                     -                                                                                                                                   
   RBB_21/D6                                                                               RBB_6L       21  [TILE 0 0, RBB 10 10]          -     r            9042                                                                                                                                   
   RBB_21/D                                                                                RBB_6L       21  [TILE 0 0, RBB 10 10]        527     r            9569     {inst90: r_RX_Byte_FDRE_Q_CE_LUT6_O (LUT,site=dlut,dluto)}                                                                    
   r_RX_Byte_FDRE_Q_CE                                                                     Net          73             (fanout=2)        749                     -                                                                                                                                   
   RBB_19/A6                                                                               RBB_6L       19   [TILE 0 0, RBB 13 8]          -     r           10318     {<CE>inst86: r_RX_Byte_FDRE_Q_4 (FDRE,site=aff)}                                                                              
   ----------------------------------------------------------------------------------------------------------------------------------------------------------------------------------------------------------------------------------------------------------------------------------------------------
   RBB_19/CLK                                                                              RBB_6L       19   [TILE 0 0, RBB 13 8]        876     r           11194                                                                                                                                   
   clk_BUFG_I_O                                                                            Clock net    82           (fanout=519)      -2336                     -                                                                                                                                   
   clk                                                                                     CLOCK-PORT    -                      -    capture     r            8858                                                                                                                                   
   ----------------------------------------------------------------------------------------------------------------------------------------------------------------------------------------------------------------------------------------------------------------------------------------------------


Path 262:
   Slack (met):                             10992ps
     Path type:                               SETUP
     Group:                               <DEFAULT>
     Launching clock:                           clk (rising edge)
     Capturing clock:                           clk (rising edge)

     Requested period:                      20000ps
   + Delay of the capturing clock:           2336ps
   - Clock uncertainty:                       150ps
   = Required time:                         22186ps
   - Propagation time:                       8709ps (47.7% logic, 52.3% route, logic stage 4)
   - Delay of the launching clock:           2485ps
   = Slack:                                 10992ps

   Instance/Pin or Net Name                                                                Type         ID     Location or Fanout   Delay(ps)  Edge  Arrival Time(ps)    Instance detail                                                                                                             
   ----------------------------------------------------------------------------------------------------------------------------------------------------------------------------------------------------------------------------------------------------------------------------------------------------
   clk                                                                                     CLOCK-PORT    -                      -     launch     r               0                                                                                                                                   
   clk_BUFG_I_O                                                                            Clock net    82           (fanout=519)       2485                     -                                                                                                                                   
   RBB_12/CLK                                                                              RBB_6L       12  [TILE 0 0, RBB 10 18]          -     r            2485                                                                                                                                   
   ----------------------------------------------------------------------------------------------------------------------------------------------------------------------------------------------------------------------------------------------------------------------------------------------------
   RBB_12/DQ                                                                               RBB_6L       12  [TILE 0 0, RBB 10 18]        800     r            3285     {inst45: r_Clock_Count_FDRE_Q_15 (FDRE,site=dff)}                                                                             
   r_Clock_Count[2]                                                                        Net          10             (fanout=4)       1693                     -                                                                                                                                   
   RBB_18/D4                                                                               RBB_6L       18  [TILE 0 0, RBB 10 20]          -     r            4978                                                                                                                                   
   RBB_18/D                                                                                RBB_6L       18  [TILE 0 0, RBB 10 20]        608     r            5586     {inst69: r_Clock_Count_FDRE_Q_9_D_LUT6_O_I4_CARRY4_O_CI_CARRY4_CO_CI_CARRY4_CO_O_2_CARRY4_O_S_1_LUT6_O (LUT,site=dlut,dluto)} 
   r_Clock_Count_FDRE_Q_9_D_LUT6_O_I4_CARRY4_O_CI_CARRY4_CO_CI_CARRY4_CO_O_2_CARRY4_O_S_1  Net         151             (fanout=1)       1229                     -                                                                                                                                   
   RBB_8/A1                                                                                RBB_6L        8  [TILE 0 0, RBB 13 14]          -     r            6815                                                                                                                                   
   RBB_8/DMUX                                                                              RBB_6L        8  [TILE 0 0, RBB 13 14]       1342     r            8157     {inst60: r_Clock_Count_FDRE_Q_9_D_LUT6_O_I4_CARRY4_O_CI_CARRY4_CO_CI_CARRY4_CO_O_2_CARRY4_O (CARRY4)}                         
   r_Clock_Count_FDRE_Q_9_D_LUT6_O_I4_CARRY4_O_CI_CARRY4_CO_CI_CARRY4_CO_O_2[5]            Net          80            (fanout=13)        885                     -                                                                                                                                   
   RBB_21/D6                                                                               RBB_6L       21  [TILE 0 0, RBB 10 10]          -     r            9042                                                                                                                                   
   RBB_21/D                                                                                RBB_6L       21  [TILE 0 0, RBB 10 10]        527     r            9569     {inst90: r_RX_Byte_FDRE_Q_CE_LUT6_O (LUT,site=dlut,dluto)}                                                                    
   r_RX_Byte_FDRE_Q_CE                                                                     Net          73             (fanout=2)        749                     -                                                                                                                                   
   RBB_19/A6                                                                               RBB_6L       19   [TILE 0 0, RBB 13 8]          -     r           10318     {<CE>inst84: r_RX_Byte_FDRE_Q_2 (FDRE,site=bff)}                                                                              
   ----------------------------------------------------------------------------------------------------------------------------------------------------------------------------------------------------------------------------------------------------------------------------------------------------
   RBB_19/CLK                                                                              RBB_6L       19   [TILE 0 0, RBB 13 8]        876     r           11194                                                                                                                                   
   clk_BUFG_I_O                                                                            Clock net    82           (fanout=519)      -2336                     -                                                                                                                                   
   clk                                                                                     CLOCK-PORT    -                      -    capture     r            8858                                                                                                                                   
   ----------------------------------------------------------------------------------------------------------------------------------------------------------------------------------------------------------------------------------------------------------------------------------------------------


Path 43:
   Slack (met):                             11297ps
     Path type:                               SETUP
     Group:                               <DEFAULT>
     Launching clock:                           clk (rising edge)
     Capturing clock:                           clk (rising edge)

     Requested period:                      20000ps
   + Delay of the capturing clock:           2443ps
   - Clock uncertainty:                       150ps
   = Required time:                         22293ps
   - Propagation time:                       8520ps (50.9% logic, 49.1% route, logic stage 3)
   - Delay of the launching clock:           2476ps
   = Slack:                                 11297ps

   Instance/Pin or Net Name                                                                  Type         ID     Location or Fanout   Delay(ps)  Edge  Arrival Time(ps)    Instance detail                                                                                                               
   --------------------------------------------------------------------------------------------------------------------------------------------------------------------------------------------------------------------------------------------------------------------------------------------------------
   clk                                                                                       CLOCK-PORT    -                      -     launch     r               0                                                                                                                                     
   clk_BUFG_I_O                                                                              Clock net    82           (fanout=519)       2476                     -                                                                                                                                     
   RBB_13/CLK                                                                                RBB_6L       13  [TILE 0 0, RBB 10 16]          -     r            2476                                                                                                                                     
   --------------------------------------------------------------------------------------------------------------------------------------------------------------------------------------------------------------------------------------------------------------------------------------------------------
   RBB_13/CQ                                                                                 RBB_6L       13  [TILE 0 0, RBB 10 16]        800     r            3276     {inst42: r_Clock_Count_FDRE_Q_12 (FDRE,site=cff)}                                                                               
   r_Clock_Count[5]                                                                          Net          13             (fanout=5)       1694                     -                                                                                                                                     
   RBB_24/D1                                                                                 RBB_6L       24  [TILE 0 0, RBB 10 22]          -     r            4970                                                                                                                                     
   RBB_24/D                                                                                  RBB_6L       24  [TILE 0 0, RBB 10 22]       1205     r            6175     {inst64: r_Clock_Count_FDRE_Q_9_D_LUT6_O_I4_CARRY4_O_CI_CARRY4_CO_CI_CARRY4_CO_O_2_CARRY4_O_1_S_1_LUT6_O (LUT,site=dlut,dluto)} 
   r_Clock_Count_FDRE_Q_9_D_LUT6_O_I4_CARRY4_O_CI_CARRY4_CO_CI_CARRY4_CO_O_2_CARRY4_O_1_S_1  Net         144             (fanout=1)        752                     -                                                                                                                                     
   RBB_9/A1                                                                                  RBB_6L        9  [TILE 0 0, RBB 13 20]          -     r            6927                                                                                                                                     
   RBB_9/DMUX                                                                                RBB_6L        9  [TILE 0 0, RBB 13 20]       1435     r            8362     {inst61: r_Clock_Count_FDRE_Q_9_D_LUT6_O_I4_CARRY4_O_CI_CARRY4_CO_CI_CARRY4_CO_O_2_CARRY4_O_1 (CARRY4)}                         
   r_Clock_Count_FDRE_Q_9_D_LUT6_O_I4_CARRY4_O_CI_CARRY4_CO_CI_CARRY4_CO_O_2[4]              Net          79            (fanout=11)       1739                     -                                                                                                                                     
   RBB_16/D5                                                                                 RBB_6L       16   [TILE 0 0, RBB 7 14]          -     r           10101     {inst21: r_Bit_Index_FDRE_Q_D_LUT2_O_I1_CARRY4_O_O_LUT6_I1 (LUT,site=dlut,dluto)} {inst100: r_SM_Main_FDRE_Q_2 (FD,site=dff)}   
   --------------------------------------------------------------------------------------------------------------------------------------------------------------------------------------------------------------------------------------------------------------------------------------------------------
   RBB_16/CLK                                                                                RBB_6L       16   [TILE 0 0, RBB 7 14]        895     r           10996                                                                                                                                     
   clk_BUFG_I_O                                                                              Clock net    82           (fanout=519)      -2443                     -                                                                                                                                     
   clk                                                                                       CLOCK-PORT    -                      -    capture     r            8553                                                                                                                                     
   --------------------------------------------------------------------------------------------------------------------------------------------------------------------------------------------------------------------------------------------------------------------------------------------------------


Path 266:
   Slack (met):                             11319ps
     Path type:                               SETUP
     Group:                               <DEFAULT>
     Launching clock:                           clk (rising edge)
     Capturing clock:                           clk (rising edge)

     Requested period:                      20000ps
   + Delay of the capturing clock:           2336ps
   - Clock uncertainty:                       150ps
   = Required time:                         22186ps
   - Propagation time:                       8382ps (47.7% logic, 52.3% route, logic stage 3)
   - Delay of the launching clock:           2485ps
   = Slack:                                 11319ps

   Instance/Pin or Net Name                                                                Type         ID     Location or Fanout   Delay(ps)  Edge  Arrival Time(ps)    Instance detail                                                                                                             
   ----------------------------------------------------------------------------------------------------------------------------------------------------------------------------------------------------------------------------------------------------------------------------------------------------
   clk                                                                                     CLOCK-PORT    -                      -     launch     r               0                                                                                                                                   
   clk_BUFG_I_O                                                                            Clock net    82           (fanout=519)       2485                     -                                                                                                                                   
   RBB_12/CLK                                                                              RBB_6L       12  [TILE 0 0, RBB 10 18]          -     r            2485                                                                                                                                   
   ----------------------------------------------------------------------------------------------------------------------------------------------------------------------------------------------------------------------------------------------------------------------------------------------------
   RBB_12/DQ                                                                               RBB_6L       12  [TILE 0 0, RBB 10 18]        800     r            3285     {inst45: r_Clock_Count_FDRE_Q_15 (FDRE,site=dff)}                                                                             
   r_Clock_Count[2]                                                                        Net          10             (fanout=4)       1693                     -                                                                                                                                   
   RBB_18/D4                                                                               RBB_6L       18  [TILE 0 0, RBB 10 20]          -     r            4978                                                                                                                                   
   RBB_18/D                                                                                RBB_6L       18  [TILE 0 0, RBB 10 20]        608     r            5586     {inst69: r_Clock_Count_FDRE_Q_9_D_LUT6_O_I4_CARRY4_O_CI_CARRY4_CO_CI_CARRY4_CO_O_2_CARRY4_O_S_1_LUT6_O (LUT,site=dlut,dluto)} 
   r_Clock_Count_FDRE_Q_9_D_LUT6_O_I4_CARRY4_O_CI_CARRY4_CO_CI_CARRY4_CO_O_2_CARRY4_O_S_1  Net         151             (fanout=1)       1229                     -                                                                                                                                   
   RBB_8/A1                                                                                RBB_6L        8  [TILE 0 0, RBB 13 14]          -     r            6815                                                                                                                                   
   RBB_8/DMUX                                                                              RBB_6L        8  [TILE 0 0, RBB 13 14]       1342     r            8157     {inst60: r_Clock_Count_FDRE_Q_9_D_LUT6_O_I4_CARRY4_O_CI_CARRY4_CO_CI_CARRY4_CO_O_2_CARRY4_O (CARRY4)}                         
   r_Clock_Count_FDRE_Q_9_D_LUT6_O_I4_CARRY4_O_CI_CARRY4_CO_CI_CARRY4_CO_O_2[5]            Net          80            (fanout=13)       1459                     -                                                                                                                                   
   RBB_23/D3                                                                               RBB_6L       23   [TILE 0 0, RBB 10 8]          -     r            9616     {inst102: r_SM_Main_FDRE_Q_3_D_LUT3_O (LUT,site=dlut)} {inst101: r_SM_Main_FDRE_Q_3 (FD,site=dff)}                            
   ----------------------------------------------------------------------------------------------------------------------------------------------------------------------------------------------------------------------------------------------------------------------------------------------------
   RBB_23/CLK                                                                              RBB_6L       23   [TILE 0 0, RBB 10 8]       1251     r           10867                                                                                                                                   
   clk_BUFG_I_O                                                                            Clock net    82           (fanout=519)      -2336                     -                                                                                                                                   
   clk                                                                                     CLOCK-PORT    -                      -    capture     r            8531                                                                                                                                   
   ----------------------------------------------------------------------------------------------------------------------------------------------------------------------------------------------------------------------------------------------------------------------------------------------------


Path 484:
   Slack (met):                             11432ps
     Path type:                               SETUP
     Group:                               <DEFAULT>
     Launching clock:                           clk (rising edge)
     Capturing clock:                           clk (rising edge)

     Requested period:                      20000ps
   + Delay of the capturing clock:           2336ps
   - Clock uncertainty:                       150ps
   = Required time:                         22186ps
   - Propagation time:                       8305ps (36.4% logic, 63.6% route, logic stage 2)
   - Delay of the launching clock:           2449ps
   = Slack:                                 11432ps

   Instance/Pin or Net Name   Type         ID     Location or Fanout   Delay(ps)  Edge  Arrival Time(ps)    Instance detail                                                                                  
   ------------------------------------------------------------------------------------------------------------------------------------------------------------------------------------------------------------
   clk                        CLOCK-PORT    -                      -     launch     r               0                                                                                                        
   clk_BUFG_I_O               Clock net    82           (fanout=519)       2449                     -                                                                                                        
   RBB_8/CLK                  RBB_6L        8  [TILE 0 0, RBB 13 14]          -     r            2449                                                                                                        
   ------------------------------------------------------------------------------------------------------------------------------------------------------------------------------------------------------------
   RBB_8/DQ                   RBB_6L        8  [TILE 0 0, RBB 13 14]        800     r            3249     {inst98: r_SM_Main_FDRE_Q (FD,site=dff)}                                                           
   r_SM_Main[4]               Net          39            (fanout=15)       3792                     -                                                                                                        
   RBB_22/D1                  RBB_6L       22   [TILE 0 0, RBB 16 8]          -     r            7041                                                                                                        
   RBB_22/D                   RBB_6L       22   [TILE 0 0, RBB 16 8]       1142     r            8183     {inst93: r_RX_DV_FDRE_Q_D_LUT2_O (LUT,site=dlut)}                                                  
   r_RX_DV_FDRE_Q_D[1]        Net         106             (fanout=1)       1489                     -                                                                                                        
   RBB_23/D2                  RBB_6L       23   [TILE 0 0, RBB 10 8]          -     r            9672     {inst102: r_SM_Main_FDRE_Q_3_D_LUT3_O (LUT,site=dlut)} {inst101: r_SM_Main_FDRE_Q_3 (FD,site=dff)} 
   ------------------------------------------------------------------------------------------------------------------------------------------------------------------------------------------------------------
   RBB_23/CLK                 RBB_6L       23   [TILE 0 0, RBB 10 8]       1082     r           10754                                                                                                        
   clk_BUFG_I_O               Clock net    82           (fanout=519)      -2336                     -                                                                                                        
   clk                        CLOCK-PORT    -                      -    capture     r            8418                                                                                                        
   ------------------------------------------------------------------------------------------------------------------------------------------------------------------------------------------------------------


Path 270:
   Slack (met):                             11463ps
     Path type:                               SETUP
     Group:                               <DEFAULT>
     Launching clock:                           clk (rising edge)
     Capturing clock:                           clk (rising edge)

     Requested period:                      20000ps
   + Delay of the capturing clock:           2443ps
   - Clock uncertainty:                       150ps
   = Required time:                         22293ps
   - Propagation time:                       8345ps (42.4% logic, 57.6% route, logic stage 3)
   - Delay of the launching clock:           2485ps
   = Slack:                                 11463ps

   Instance/Pin or Net Name                                                                Type         ID     Location or Fanout   Delay(ps)  Edge  Arrival Time(ps)    Instance detail                                                                                                             
   ----------------------------------------------------------------------------------------------------------------------------------------------------------------------------------------------------------------------------------------------------------------------------------------------------
   clk                                                                                     CLOCK-PORT    -                      -     launch     r               0                                                                                                                                   
   clk_BUFG_I_O                                                                            Clock net    82           (fanout=519)       2485                     -                                                                                                                                   
   RBB_12/CLK                                                                              RBB_6L       12  [TILE 0 0, RBB 10 18]          -     r            2485                                                                                                                                   
   ----------------------------------------------------------------------------------------------------------------------------------------------------------------------------------------------------------------------------------------------------------------------------------------------------
   RBB_12/DQ                                                                               RBB_6L       12  [TILE 0 0, RBB 10 18]        800     r            3285     {inst45: r_Clock_Count_FDRE_Q_15 (FDRE,site=dff)}                                                                             
   r_Clock_Count[2]                                                                        Net          10             (fanout=4)       1693                     -                                                                                                                                   
   RBB_18/D4                                                                               RBB_6L       18  [TILE 0 0, RBB 10 20]          -     r            4978                                                                                                                                   
   RBB_18/D                                                                                RBB_6L       18  [TILE 0 0, RBB 10 20]        608     r            5586     {inst69: r_Clock_Count_FDRE_Q_9_D_LUT6_O_I4_CARRY4_O_CI_CARRY4_CO_CI_CARRY4_CO_O_2_CARRY4_O_S_1_LUT6_O (LUT,site=dlut,dluto)} 
   r_Clock_Count_FDRE_Q_9_D_LUT6_O_I4_CARRY4_O_CI_CARRY4_CO_CI_CARRY4_CO_O_2_CARRY4_O_S_1  Net         151             (fanout=1)       1229                     -                                                                                                                                   
   RBB_8/A1                                                                                RBB_6L        8  [TILE 0 0, RBB 13 14]          -     r            6815                                                                                                                                   
   RBB_8/DMUX                                                                              RBB_6L        8  [TILE 0 0, RBB 13 14]       1342     r            8157     {inst60: r_Clock_Count_FDRE_Q_9_D_LUT6_O_I4_CARRY4_O_CI_CARRY4_CO_CI_CARRY4_CO_O_2_CARRY4_O (CARRY4)}                         
   r_Clock_Count_FDRE_Q_9_D_LUT6_O_I4_CARRY4_O_CI_CARRY4_CO_CI_CARRY4_CO_O_2[5]            Net          80            (fanout=13)       1886                     -                                                                                                                                   
   RBB_16/D6                                                                               RBB_6L       16   [TILE 0 0, RBB 7 14]          -     r           10043     {inst21: r_Bit_Index_FDRE_Q_D_LUT2_O_I1_CARRY4_O_O_LUT6_I1 (LUT,site=dlut,dluto)} {inst100: r_SM_Main_FDRE_Q_2 (FD,site=dff)} 
   ----------------------------------------------------------------------------------------------------------------------------------------------------------------------------------------------------------------------------------------------------------------------------------------------------
   RBB_16/CLK                                                                              RBB_6L       16   [TILE 0 0, RBB 7 14]        787     r           10830                                                                                                                                   
   clk_BUFG_I_O                                                                            Clock net    82           (fanout=519)      -2443                     -                                                                                                                                   
   clk                                                                                     CLOCK-PORT    -                      -    capture     r            8387                                                                                                                                   
   ----------------------------------------------------------------------------------------------------------------------------------------------------------------------------------------------------------------------------------------------------------------------------------------------------


Path 40:
   Slack (met):                             11469ps
     Path type:                               SETUP
     Group:                               <DEFAULT>
     Launching clock:                           clk (rising edge)
     Capturing clock:                           clk (rising edge)

     Requested period:                      20000ps
   + Delay of the capturing clock:           2463ps
   - Clock uncertainty:                       150ps
   = Required time:                         22313ps
   - Propagation time:                       8368ps (51.8% logic, 48.2% route, logic stage 3)
   - Delay of the launching clock:           2476ps
   = Slack:                                 11469ps

   Instance/Pin or Net Name                                                                  Type         ID     Location or Fanout   Delay(ps)  Edge  Arrival Time(ps)    Instance detail                                                                                                               
   --------------------------------------------------------------------------------------------------------------------------------------------------------------------------------------------------------------------------------------------------------------------------------------------------------
   clk                                                                                       CLOCK-PORT    -                      -     launch     r               0                                                                                                                                     
   clk_BUFG_I_O                                                                              Clock net    82           (fanout=519)       2476                     -                                                                                                                                     
   RBB_13/CLK                                                                                RBB_6L       13  [TILE 0 0, RBB 10 16]          -     r            2476                                                                                                                                     
   --------------------------------------------------------------------------------------------------------------------------------------------------------------------------------------------------------------------------------------------------------------------------------------------------------
   RBB_13/CQ                                                                                 RBB_6L       13  [TILE 0 0, RBB 10 16]        800     r            3276     {inst42: r_Clock_Count_FDRE_Q_12 (FDRE,site=cff)}                                                                               
   r_Clock_Count[5]                                                                          Net          13             (fanout=5)       1694                     -                                                                                                                                     
   RBB_24/D1                                                                                 RBB_6L       24  [TILE 0 0, RBB 10 22]          -     r            4970                                                                                                                                     
   RBB_24/D                                                                                  RBB_6L       24  [TILE 0 0, RBB 10 22]       1205     r            6175     {inst64: r_Clock_Count_FDRE_Q_9_D_LUT6_O_I4_CARRY4_O_CI_CARRY4_CO_CI_CARRY4_CO_O_2_CARRY4_O_1_S_1_LUT6_O (LUT,site=dlut,dluto)} 
   r_Clock_Count_FDRE_Q_9_D_LUT6_O_I4_CARRY4_O_CI_CARRY4_CO_CI_CARRY4_CO_O_2_CARRY4_O_1_S_1  Net         144             (fanout=1)        752                     -                                                                                                                                     
   RBB_9/A1                                                                                  RBB_6L        9  [TILE 0 0, RBB 13 20]          -     r            6927                                                                                                                                     
   RBB_9/DMUX                                                                                RBB_6L        9  [TILE 0 0, RBB 13 20]       1435     r            8362     {inst61: r_Clock_Count_FDRE_Q_9_D_LUT6_O_I4_CARRY4_O_CI_CARRY4_CO_CI_CARRY4_CO_O_2_CARRY4_O_1 (CARRY4)}                         
   r_Clock_Count_FDRE_Q_9_D_LUT6_O_I4_CARRY4_O_CI_CARRY4_CO_CI_CARRY4_CO_O_2[4]              Net          79            (fanout=11)       1587                     -                                                                                                                                     
   RBB_17/D5                                                                                 RBB_6L       17   [TILE 0 0, RBB 7 16]          -     r            9949     {inst22: r_Bit_Index_FDRE_Q_D_LUT2_O_I1_CARRY4_O_O_LUT6_I2 (LUT,site=dlut,dluto)} {inst103: r_SM_Main_FDRE_Q_4 (FD,site=dff)}   
   --------------------------------------------------------------------------------------------------------------------------------------------------------------------------------------------------------------------------------------------------------------------------------------------------------
   RBB_17/CLK                                                                                RBB_6L       17   [TILE 0 0, RBB 7 16]        895     r           10844                                                                                                                                     
   clk_BUFG_I_O                                                                              Clock net    82           (fanout=519)      -2463                     -                                                                                                                                     
   clk                                                                                       CLOCK-PORT    -                      -    capture     r            8381                                                                                                                                     
   --------------------------------------------------------------------------------------------------------------------------------------------------------------------------------------------------------------------------------------------------------------------------------------------------------


Path 264:
   Slack (met):                             11489ps
     Path type:                               SETUP
     Group:                               <DEFAULT>
     Launching clock:                           clk (rising edge)
     Capturing clock:                           clk (rising edge)

     Requested period:                      20000ps
   + Delay of the capturing clock:           2449ps
   - Clock uncertainty:                       150ps
   = Required time:                         22299ps
   - Propagation time:                       8325ps (49.2% logic, 50.8% route, logic stage 4)
   - Delay of the launching clock:           2485ps
   = Slack:                                 11489ps

   Instance/Pin or Net Name                                                                Type         ID     Location or Fanout   Delay(ps)  Edge  Arrival Time(ps)    Instance detail                                                                                                             
   ----------------------------------------------------------------------------------------------------------------------------------------------------------------------------------------------------------------------------------------------------------------------------------------------------
   clk                                                                                     CLOCK-PORT    -                      -     launch     r               0                                                                                                                                   
   clk_BUFG_I_O                                                                            Clock net    82           (fanout=519)       2485                     -                                                                                                                                   
   RBB_12/CLK                                                                              RBB_6L       12  [TILE 0 0, RBB 10 18]          -     r            2485                                                                                                                                   
   ----------------------------------------------------------------------------------------------------------------------------------------------------------------------------------------------------------------------------------------------------------------------------------------------------
   RBB_12/DQ                                                                               RBB_6L       12  [TILE 0 0, RBB 10 18]        800     r            3285     {inst45: r_Clock_Count_FDRE_Q_15 (FDRE,site=dff)}                                                                             
   r_Clock_Count[2]                                                                        Net          10             (fanout=4)       1693                     -                                                                                                                                   
   RBB_18/D4                                                                               RBB_6L       18  [TILE 0 0, RBB 10 20]          -     r            4978                                                                                                                                   
   RBB_18/D                                                                                RBB_6L       18  [TILE 0 0, RBB 10 20]        608     r            5586     {inst69: r_Clock_Count_FDRE_Q_9_D_LUT6_O_I4_CARRY4_O_CI_CARRY4_CO_CI_CARRY4_CO_O_2_CARRY4_O_S_1_LUT6_O (LUT,site=dlut,dluto)} 
   r_Clock_Count_FDRE_Q_9_D_LUT6_O_I4_CARRY4_O_CI_CARRY4_CO_CI_CARRY4_CO_O_2_CARRY4_O_S_1  Net         151             (fanout=1)       1229                     -                                                                                                                                   
   RBB_8/A1                                                                                RBB_6L        8  [TILE 0 0, RBB 13 14]          -     r            6815                                                                                                                                   
   RBB_8/DMUX                                                                              RBB_6L        8  [TILE 0 0, RBB 13 14]       1342     r            8157     {inst60: r_Clock_Count_FDRE_Q_9_D_LUT6_O_I4_CARRY4_O_CI_CARRY4_CO_CI_CARRY4_CO_O_2_CARRY4_O (CARRY4)}                         
   r_Clock_Count_FDRE_Q_9_D_LUT6_O_I4_CARRY4_O_CI_CARRY4_CO_CI_CARRY4_CO_O_2[5]            Net          80            (fanout=13)        626                     -                                                                                                                                   
   RBB_15/C4                                                                               RBB_6L       15  [TILE 0 0, RBB 13 12]          -     r            8783                                                                                                                                   
   RBB_15/C                                                                                RBB_6L       15  [TILE 0 0, RBB 13 12]        611     r            9394     {inst13: r_Bit_Index_FDRE_Q_CE_LUT5_O (LUT,site=clut)}                                                                        
   r_Bit_Index_FDRE_Q_CE                                                                   Net          75             (fanout=1)        682                     -                                                                                                                                   
   RBB_15/A6                                                                               RBB_6L       15  [TILE 0 0, RBB 13 12]          -     r           10076     {<CE>inst9: r_Bit_Index_FDRE_Q (FDRE,site=dff)}                                                                               
   ----------------------------------------------------------------------------------------------------------------------------------------------------------------------------------------------------------------------------------------------------------------------------------------------------
   RBB_15/CLK                                                                              RBB_6L       15  [TILE 0 0, RBB 13 12]        734     r           10810                                                                                                                                   
   clk_BUFG_I_O                                                                            Clock net    82           (fanout=519)      -2449                     -                                                                                                                                   
   clk                                                                                     CLOCK-PORT    -                      -    capture     r            8361                                                                                                                                   
   ----------------------------------------------------------------------------------------------------------------------------------------------------------------------------------------------------------------------------------------------------------------------------------------------------


Path 268:
   Slack (met):                             11695ps
     Path type:                               SETUP
     Group:                               <DEFAULT>
     Launching clock:                           clk (rising edge)
     Capturing clock:                           clk (rising edge)

     Requested period:                      20000ps
   + Delay of the capturing clock:           2462ps
   - Clock uncertainty:                       150ps
   = Required time:                         22312ps
   - Propagation time:                       8132ps (43.5% logic, 56.5% route, logic stage 3)
   - Delay of the launching clock:           2485ps
   = Slack:                                 11695ps

   Instance/Pin or Net Name                                                                Type         ID     Location or Fanout   Delay(ps)  Edge  Arrival Time(ps)    Instance detail                                                                                                                                               
   --------------------------------------------------------------------------------------------------------------------------------------------------------------------------------------------------------------------------------------------------------------------------------------------------------------------------------------
   clk                                                                                     CLOCK-PORT    -                      -     launch     r               0                                                                                                                                                                     
   clk_BUFG_I_O                                                                            Clock net    82           (fanout=519)       2485                     -                                                                                                                                                                     
   RBB_12/CLK                                                                              RBB_6L       12  [TILE 0 0, RBB 10 18]          -     r            2485                                                                                                                                                                     
   --------------------------------------------------------------------------------------------------------------------------------------------------------------------------------------------------------------------------------------------------------------------------------------------------------------------------------------
   RBB_12/DQ                                                                               RBB_6L       12  [TILE 0 0, RBB 10 18]        800     r            3285     {inst45: r_Clock_Count_FDRE_Q_15 (FDRE,site=dff)}                                                                                                               
   r_Clock_Count[2]                                                                        Net          10             (fanout=4)       1693                     -                                                                                                                                                                     
   RBB_18/D4                                                                               RBB_6L       18  [TILE 0 0, RBB 10 20]          -     r            4978                                                                                                                                                                     
   RBB_18/D                                                                                RBB_6L       18  [TILE 0 0, RBB 10 20]        608     r            5586     {inst69: r_Clock_Count_FDRE_Q_9_D_LUT6_O_I4_CARRY4_O_CI_CARRY4_CO_CI_CARRY4_CO_O_2_CARRY4_O_S_1_LUT6_O (LUT,site=dlut,dluto)}                                   
   r_Clock_Count_FDRE_Q_9_D_LUT6_O_I4_CARRY4_O_CI_CARRY4_CO_CI_CARRY4_CO_O_2_CARRY4_O_S_1  Net         151             (fanout=1)       1229                     -                                                                                                                                                                     
   RBB_8/A1                                                                                RBB_6L        8  [TILE 0 0, RBB 13 14]          -     r            6815                                                                                                                                                                     
   RBB_8/DMUX                                                                              RBB_6L        8  [TILE 0 0, RBB 13 14]       1342     r            8157     {inst60: r_Clock_Count_FDRE_Q_9_D_LUT6_O_I4_CARRY4_O_CI_CARRY4_CO_CI_CARRY4_CO_O_2_CARRY4_O (CARRY4)}                                                           
   r_Clock_Count_FDRE_Q_9_D_LUT6_O_I4_CARRY4_O_CI_CARRY4_CO_CI_CARRY4_CO_O_2[5]            Net          80            (fanout=13)       1673                     -                                                                                                                                                                     
   RBB_14/C6                                                                               RBB_6L       14   [TILE 0 0, RBB 7 18]          -     r            9830     {inst80: r_Clock_Count_FDRE_Q_9_D_LUT6_O_I4_CARRY4_O_CI_CARRY4_CO_O_LUT6_I3_O_LUT6_O_3 (LUT,site=dlut,dluto)} {inst47: r_Clock_Count_FDRE_Q_17 (FDRE,site=dff)} 
   --------------------------------------------------------------------------------------------------------------------------------------------------------------------------------------------------------------------------------------------------------------------------------------------------------------------------------------
   RBB_14/CLK                                                                              RBB_6L       14   [TILE 0 0, RBB 7 18]        787     r           10617                                                                                                                                                                     
   clk_BUFG_I_O                                                                            Clock net    82           (fanout=519)      -2462                     -                                                                                                                                                                     
   clk                                                                                     CLOCK-PORT    -                      -    capture     r            8155                                                                                                                                                                     
   --------------------------------------------------------------------------------------------------------------------------------------------------------------------------------------------------------------------------------------------------------------------------------------------------------------------------------------


Path 64:
   Slack (met):                             11711ps
     Path type:                               SETUP
     Group:                               <DEFAULT>
     Launching clock:                           clk (rising edge)
     Capturing clock:                           clk (rising edge)

     Requested period:                      20000ps
   + Delay of the capturing clock:           2476ps
   - Clock uncertainty:                       150ps
   = Required time:                         22326ps
   - Propagation time:                       8139ps (52.1% logic, 47.9% route, logic stage 3)
   - Delay of the launching clock:           2476ps
   = Slack:                                 11711ps

   Instance/Pin or Net Name                                                                  Type         ID     Location or Fanout   Delay(ps)  Edge  Arrival Time(ps)    Instance detail                                                                                                                                      
   -------------------------------------------------------------------------------------------------------------------------------------------------------------------------------------------------------------------------------------------------------------------------------------------------------------------------------
   clk                                                                                       CLOCK-PORT    -                      -     launch     r               0                                                                                                                                                            
   clk_BUFG_I_O                                                                              Clock net    82           (fanout=519)       2476                     -                                                                                                                                                            
   RBB_13/CLK                                                                                RBB_6L       13  [TILE 0 0, RBB 10 16]          -     r            2476                                                                                                                                                            
   -------------------------------------------------------------------------------------------------------------------------------------------------------------------------------------------------------------------------------------------------------------------------------------------------------------------------------
   RBB_13/CQ                                                                                 RBB_6L       13  [TILE 0 0, RBB 10 16]        800     r            3276     {inst42: r_Clock_Count_FDRE_Q_12 (FDRE,site=cff)}                                                                                                      
   r_Clock_Count[5]                                                                          Net          13             (fanout=5)       1694                     -                                                                                                                                                            
   RBB_24/D1                                                                                 RBB_6L       24  [TILE 0 0, RBB 10 22]          -     r            4970                                                                                                                                                            
   RBB_24/D                                                                                  RBB_6L       24  [TILE 0 0, RBB 10 22]       1205     r            6175     {inst64: r_Clock_Count_FDRE_Q_9_D_LUT6_O_I4_CARRY4_O_CI_CARRY4_CO_CI_CARRY4_CO_O_2_CARRY4_O_1_S_1_LUT6_O (LUT,site=dlut,dluto)}                        
   r_Clock_Count_FDRE_Q_9_D_LUT6_O_I4_CARRY4_O_CI_CARRY4_CO_CI_CARRY4_CO_O_2_CARRY4_O_1_S_1  Net         144             (fanout=1)        752                     -                                                                                                                                                            
   RBB_9/A1                                                                                  RBB_6L        9  [TILE 0 0, RBB 13 20]          -     r            6927                                                                                                                                                            
   RBB_9/DMUX                                                                                RBB_6L        9  [TILE 0 0, RBB 13 20]       1435     r            8362     {inst61: r_Clock_Count_FDRE_Q_9_D_LUT6_O_I4_CARRY4_O_CI_CARRY4_CO_CI_CARRY4_CO_O_2_CARRY4_O_1 (CARRY4)}                                                
   r_Clock_Count_FDRE_Q_9_D_LUT6_O_I4_CARRY4_O_CI_CARRY4_CO_CI_CARRY4_CO_O_2[4]              Net          79            (fanout=11)       1449                     -                                                                                                                                                            
   RBB_13/C2                                                                                 RBB_6L       13  [TILE 0 0, RBB 10 16]          -     r            9811     {inst74: r_Clock_Count_FDRE_Q_9_D_LUT6_O_I4_CARRY4_O_CI_CARRY4_CO_O_2_LUT6_I3 (LUT,site=clut,cluto)} {inst42: r_Clock_Count_FDRE_Q_12 (FDRE,site=cff)} 
   -------------------------------------------------------------------------------------------------------------------------------------------------------------------------------------------------------------------------------------------------------------------------------------------------------------------------------
   RBB_13/CLK                                                                                RBB_6L       13  [TILE 0 0, RBB 10 16]        804     r           10615                                                                                                                                                            
   clk_BUFG_I_O                                                                              Clock net    82           (fanout=519)      -2476                     -                                                                                                                                                            
   clk                                                                                       CLOCK-PORT    -                      -    capture     r            8139                                                                                                                                                            
   -------------------------------------------------------------------------------------------------------------------------------------------------------------------------------------------------------------------------------------------------------------------------------------------------------------------------------


Path 49:
   Slack (met):                             11716ps
     Path type:                               SETUP
     Group:                               <DEFAULT>
     Launching clock:                           clk (rising edge)
     Capturing clock:                           clk (rising edge)

     Requested period:                      20000ps
   + Delay of the capturing clock:           2476ps
   - Clock uncertainty:                       150ps
   = Required time:                         22326ps
   - Propagation time:                       8134ps (52.1% logic, 47.9% route, logic stage 3)
   - Delay of the launching clock:           2476ps
   = Slack:                                 11716ps

   Instance/Pin or Net Name                                                                  Type         ID     Location or Fanout   Delay(ps)  Edge  Arrival Time(ps)    Instance detail                                                                                                                                               
   ----------------------------------------------------------------------------------------------------------------------------------------------------------------------------------------------------------------------------------------------------------------------------------------------------------------------------------------
   clk                                                                                       CLOCK-PORT    -                      -     launch     r               0                                                                                                                                                                     
   clk_BUFG_I_O                                                                              Clock net    82           (fanout=519)       2476                     -                                                                                                                                                                     
   RBB_13/CLK                                                                                RBB_6L       13  [TILE 0 0, RBB 10 16]          -     r            2476                                                                                                                                                                     
   ----------------------------------------------------------------------------------------------------------------------------------------------------------------------------------------------------------------------------------------------------------------------------------------------------------------------------------------
   RBB_13/CQ                                                                                 RBB_6L       13  [TILE 0 0, RBB 10 16]        800     r            3276     {inst42: r_Clock_Count_FDRE_Q_12 (FDRE,site=cff)}                                                                                                               
   r_Clock_Count[5]                                                                          Net          13             (fanout=5)       1694                     -                                                                                                                                                                     
   RBB_24/D1                                                                                 RBB_6L       24  [TILE 0 0, RBB 10 22]          -     r            4970                                                                                                                                                                     
   RBB_24/D                                                                                  RBB_6L       24  [TILE 0 0, RBB 10 22]       1205     r            6175     {inst64: r_Clock_Count_FDRE_Q_9_D_LUT6_O_I4_CARRY4_O_CI_CARRY4_CO_CI_CARRY4_CO_O_2_CARRY4_O_1_S_1_LUT6_O (LUT,site=dlut,dluto)}                                 
   r_Clock_Count_FDRE_Q_9_D_LUT6_O_I4_CARRY4_O_CI_CARRY4_CO_CI_CARRY4_CO_O_2_CARRY4_O_1_S_1  Net         144             (fanout=1)        752                     -                                                                                                                                                                     
   RBB_9/A1                                                                                  RBB_6L        9  [TILE 0 0, RBB 13 20]          -     r            6927                                                                                                                                                                     
   RBB_9/DMUX                                                                                RBB_6L        9  [TILE 0 0, RBB 13 20]       1435     r            8362     {inst61: r_Clock_Count_FDRE_Q_9_D_LUT6_O_I4_CARRY4_O_CI_CARRY4_CO_CI_CARRY4_CO_O_2_CARRY4_O_1 (CARRY4)}                                                         
   r_Clock_Count_FDRE_Q_9_D_LUT6_O_I4_CARRY4_O_CI_CARRY4_CO_CI_CARRY4_CO_O_2[4]              Net          79            (fanout=11)       1447                     -                                                                                                                                                                     
   RBB_13/D2                                                                                 RBB_6L       13  [TILE 0 0, RBB 10 16]          -     r            9809     {inst79: r_Clock_Count_FDRE_Q_9_D_LUT6_O_I4_CARRY4_O_CI_CARRY4_CO_O_LUT6_I3_O_LUT6_O_2 (LUT,site=dlut,dluto)} {inst46: r_Clock_Count_FDRE_Q_16 (FDRE,site=dff)} 
   ----------------------------------------------------------------------------------------------------------------------------------------------------------------------------------------------------------------------------------------------------------------------------------------------------------------------------------------
   RBB_13/CLK                                                                                RBB_6L       13  [TILE 0 0, RBB 10 16]        801     r           10610                                                                                                                                                                     
   clk_BUFG_I_O                                                                              Clock net    82           (fanout=519)      -2476                     -                                                                                                                                                                     
   clk                                                                                       CLOCK-PORT    -                      -    capture     r            8134                                                                                                                                                                     
   ----------------------------------------------------------------------------------------------------------------------------------------------------------------------------------------------------------------------------------------------------------------------------------------------------------------------------------------


Path 485:
   Slack (met):                             11751ps
     Path type:                               SETUP
     Group:                               <DEFAULT>
     Launching clock:                           clk (rising edge)
     Capturing clock:                           clk (rising edge)

     Requested period:                      20000ps
   + Delay of the capturing clock:           2456ps
   - Clock uncertainty:                       150ps
   = Required time:                         22306ps
   - Propagation time:                       8219ps (43.7% logic, 56.3% route, logic stage 3)
   - Delay of the launching clock:           2336ps
   = Slack:                                 11751ps

   Instance/Pin or Net Name   Type         ID    Location or Fanout   Delay(ps)  Edge  Arrival Time(ps)    Instance detail                                                                
   -----------------------------------------------------------------------------------------------------------------------------------------------------------------------------------------
   clk                        CLOCK-PORT    -                     -     launch     r               0                                                                                      
   clk_BUFG_I_O               Clock net    82          (fanout=519)       2336                     -                                                                                      
   RBB_19/CLK                 RBB_6L       19  [TILE 0 0, RBB 13 8]          -     r            2336                                                                                      
   -----------------------------------------------------------------------------------------------------------------------------------------------------------------------------------------
   RBB_19/DQ                  RBB_6L       19  [TILE 0 0, RBB 13 8]        800     r            3136     {inst82: r_RX_Byte_FDRE_Q (FDRE,site=dff)}                                       
   r_RX_Byte[7]               Net          31            (fanout=2)       1718                     -                                                                                      
   RBB_22/B1                  RBB_6L       22  [TILE 0 0, RBB 16 8]          -     r            4854                                                                                      
   RBB_22/BMUX                RBB_6L       22  [TILE 0 0, RBB 16 8]       1237     r            6091     {inst96: r_RX_DV_LUT6_I2_I3_LUT4_O (LUT,site=bluto)}                             
   r_RX_DV_LUT6_I2_I3[4]      Net         103            (fanout=1)        841                     -                                                                                      
   RBB_22/C6                  RBB_6L       22  [TILE 0 0, RBB 16 8]          -     r            6932                                                                                      
   RBB_22/C                   RBB_6L       22  [TILE 0 0, RBB 16 8]        713     r            7645     {inst94: r_RX_DV_LUT6_I2 (LUT,site=clut,cluto)}                                  
   led_internal_FDRE_Q_CE     Net          90            (fanout=1)       2069                     -                                                                                      
   RBB_2/CE                   IOB           2  [TILE 0 0, RBB 31 6]          -     r            9714     {inst7: led_internal_FDRE_Q (FDRE)} {(output_port) inst111: g_111_led_obuf (IO)} 
   -----------------------------------------------------------------------------------------------------------------------------------------------------------------------------------------
   RBB_2/CLK                  IOB           2  [TILE 0 0, RBB 31 6]        841     r           10555                                                                                      
   clk_BUFG_I_O               Clock net    82          (fanout=519)      -2456                     -                                                                                      
   clk                        CLOCK-PORT    -                     -    capture     r            8099                                                                                      
   -----------------------------------------------------------------------------------------------------------------------------------------------------------------------------------------


Path 267:
   Slack (met):                             11769ps
     Path type:                               SETUP
     Group:                               <DEFAULT>
     Launching clock:                           clk (rising edge)
     Capturing clock:                           clk (rising edge)

     Requested period:                      20000ps
   + Delay of the capturing clock:           2463ps
   - Clock uncertainty:                       150ps
   = Required time:                         22313ps
   - Propagation time:                       8059ps (43.9% logic, 56.1% route, logic stage 3)
   - Delay of the launching clock:           2485ps
   = Slack:                                 11769ps

   Instance/Pin or Net Name                                                                Type         ID     Location or Fanout   Delay(ps)  Edge  Arrival Time(ps)    Instance detail                                                                                                             
   ----------------------------------------------------------------------------------------------------------------------------------------------------------------------------------------------------------------------------------------------------------------------------------------------------
   clk                                                                                     CLOCK-PORT    -                      -     launch     r               0                                                                                                                                   
   clk_BUFG_I_O                                                                            Clock net    82           (fanout=519)       2485                     -                                                                                                                                   
   RBB_12/CLK                                                                              RBB_6L       12  [TILE 0 0, RBB 10 18]          -     r            2485                                                                                                                                   
   ----------------------------------------------------------------------------------------------------------------------------------------------------------------------------------------------------------------------------------------------------------------------------------------------------
   RBB_12/DQ                                                                               RBB_6L       12  [TILE 0 0, RBB 10 18]        800     r            3285     {inst45: r_Clock_Count_FDRE_Q_15 (FDRE,site=dff)}                                                                             
   r_Clock_Count[2]                                                                        Net          10             (fanout=4)       1693                     -                                                                                                                                   
   RBB_18/D4                                                                               RBB_6L       18  [TILE 0 0, RBB 10 20]          -     r            4978                                                                                                                                   
   RBB_18/D                                                                                RBB_6L       18  [TILE 0 0, RBB 10 20]        608     r            5586     {inst69: r_Clock_Count_FDRE_Q_9_D_LUT6_O_I4_CARRY4_O_CI_CARRY4_CO_CI_CARRY4_CO_O_2_CARRY4_O_S_1_LUT6_O (LUT,site=dlut,dluto)} 
   r_Clock_Count_FDRE_Q_9_D_LUT6_O_I4_CARRY4_O_CI_CARRY4_CO_CI_CARRY4_CO_O_2_CARRY4_O_S_1  Net         151             (fanout=1)       1229                     -                                                                                                                                   
   RBB_8/A1                                                                                RBB_6L        8  [TILE 0 0, RBB 13 14]          -     r            6815                                                                                                                                   
   RBB_8/DMUX                                                                              RBB_6L        8  [TILE 0 0, RBB 13 14]       1342     r            8157     {inst60: r_Clock_Count_FDRE_Q_9_D_LUT6_O_I4_CARRY4_O_CI_CARRY4_CO_CI_CARRY4_CO_O_2_CARRY4_O (CARRY4)}                         
   r_Clock_Count_FDRE_Q_9_D_LUT6_O_I4_CARRY4_O_CI_CARRY4_CO_CI_CARRY4_CO_O_2[5]            Net          80            (fanout=13)       1600                     -                                                                                                                                   
   RBB_17/D6                                                                               RBB_6L       17   [TILE 0 0, RBB 7 16]          -     r            9757     {inst22: r_Bit_Index_FDRE_Q_D_LUT2_O_I1_CARRY4_O_O_LUT6_I2 (LUT,site=dlut,dluto)} {inst103: r_SM_Main_FDRE_Q_4 (FD,site=dff)} 
   ----------------------------------------------------------------------------------------------------------------------------------------------------------------------------------------------------------------------------------------------------------------------------------------------------
   RBB_17/CLK                                                                              RBB_6L       17   [TILE 0 0, RBB 7 16]        787     r           10544                                                                                                                                   
   clk_BUFG_I_O                                                                            Clock net    82           (fanout=519)      -2463                     -                                                                                                                                   
   clk                                                                                     CLOCK-PORT    -                      -    capture     r            8081                                                                                                                                   
   ----------------------------------------------------------------------------------------------------------------------------------------------------------------------------------------------------------------------------------------------------------------------------------------------------


Path 61:
   Slack (met):                             11783ps
     Path type:                               SETUP
     Group:                               <DEFAULT>
     Launching clock:                           clk (rising edge)
     Capturing clock:                           clk (rising edge)

     Requested period:                      20000ps
   + Delay of the capturing clock:           2485ps
   - Clock uncertainty:                       150ps
   = Required time:                         22335ps
   - Propagation time:                       8076ps (52.6% logic, 47.4% route, logic stage 3)
   - Delay of the launching clock:           2476ps
   = Slack:                                 11783ps

   Instance/Pin or Net Name                                                                  Type         ID     Location or Fanout   Delay(ps)  Edge  Arrival Time(ps)    Instance detail                                                                                                                                      
   -------------------------------------------------------------------------------------------------------------------------------------------------------------------------------------------------------------------------------------------------------------------------------------------------------------------------------
   clk                                                                                       CLOCK-PORT    -                      -     launch     r               0                                                                                                                                                            
   clk_BUFG_I_O                                                                              Clock net    82           (fanout=519)       2476                     -                                                                                                                                                            
   RBB_13/CLK                                                                                RBB_6L       13  [TILE 0 0, RBB 10 16]          -     r            2476                                                                                                                                                            
   -------------------------------------------------------------------------------------------------------------------------------------------------------------------------------------------------------------------------------------------------------------------------------------------------------------------------------
   RBB_13/CQ                                                                                 RBB_6L       13  [TILE 0 0, RBB 10 16]        800     r            3276     {inst42: r_Clock_Count_FDRE_Q_12 (FDRE,site=cff)}                                                                                                      
   r_Clock_Count[5]                                                                          Net          13             (fanout=5)       1694                     -                                                                                                                                                            
   RBB_24/D1                                                                                 RBB_6L       24  [TILE 0 0, RBB 10 22]          -     r            4970                                                                                                                                                            
   RBB_24/D                                                                                  RBB_6L       24  [TILE 0 0, RBB 10 22]       1205     r            6175     {inst64: r_Clock_Count_FDRE_Q_9_D_LUT6_O_I4_CARRY4_O_CI_CARRY4_CO_CI_CARRY4_CO_O_2_CARRY4_O_1_S_1_LUT6_O (LUT,site=dlut,dluto)}                        
   r_Clock_Count_FDRE_Q_9_D_LUT6_O_I4_CARRY4_O_CI_CARRY4_CO_CI_CARRY4_CO_O_2_CARRY4_O_1_S_1  Net         144             (fanout=1)        752                     -                                                                                                                                                            
   RBB_9/A1                                                                                  RBB_6L        9  [TILE 0 0, RBB 13 20]          -     r            6927                                                                                                                                                            
   RBB_9/DMUX                                                                                RBB_6L        9  [TILE 0 0, RBB 13 20]       1435     r            8362     {inst61: r_Clock_Count_FDRE_Q_9_D_LUT6_O_I4_CARRY4_O_CI_CARRY4_CO_CI_CARRY4_CO_O_2_CARRY4_O_1 (CARRY4)}                                                
   r_Clock_Count_FDRE_Q_9_D_LUT6_O_I4_CARRY4_O_CI_CARRY4_CO_CI_CARRY4_CO_O_2[4]              Net          79            (fanout=11)       1386                     -                                                                                                                                                            
   RBB_12/C2                                                                                 RBB_6L       12  [TILE 0 0, RBB 10 18]          -     r            9748     {inst73: r_Clock_Count_FDRE_Q_9_D_LUT6_O_I4_CARRY4_O_CI_CARRY4_CO_O_1_LUT6_I3 (LUT,site=clut,cluto)} {inst41: r_Clock_Count_FDRE_Q_11 (FDRE,site=cff)} 
   -------------------------------------------------------------------------------------------------------------------------------------------------------------------------------------------------------------------------------------------------------------------------------------------------------------------------------
   RBB_12/CLK                                                                                RBB_6L       12  [TILE 0 0, RBB 10 18]        804     r           10552                                                                                                                                                            
   clk_BUFG_I_O                                                                              Clock net    82           (fanout=519)      -2485                     -                                                                                                                                                            
   clk                                                                                       CLOCK-PORT    -                      -    capture     r            8067                                                                                                                                                            
   -------------------------------------------------------------------------------------------------------------------------------------------------------------------------------------------------------------------------------------------------------------------------------------------------------------------------------


Path 58:
   Slack (met):                             11788ps
     Path type:                               SETUP
     Group:                               <DEFAULT>
     Launching clock:                           clk (rising edge)
     Capturing clock:                           clk (rising edge)

     Requested period:                      20000ps
   + Delay of the capturing clock:           2485ps
   - Clock uncertainty:                       150ps
   = Required time:                         22335ps
   - Propagation time:                       8071ps (52.5% logic, 47.5% route, logic stage 3)
   - Delay of the launching clock:           2476ps
   = Slack:                                 11788ps

   Instance/Pin or Net Name                                                                  Type         ID     Location or Fanout   Delay(ps)  Edge  Arrival Time(ps)    Instance detail                                                                                                                                               
   ----------------------------------------------------------------------------------------------------------------------------------------------------------------------------------------------------------------------------------------------------------------------------------------------------------------------------------------
   clk                                                                                       CLOCK-PORT    -                      -     launch     r               0                                                                                                                                                                     
   clk_BUFG_I_O                                                                              Clock net    82           (fanout=519)       2476                     -                                                                                                                                                                     
   RBB_13/CLK                                                                                RBB_6L       13  [TILE 0 0, RBB 10 16]          -     r            2476                                                                                                                                                                     
   ----------------------------------------------------------------------------------------------------------------------------------------------------------------------------------------------------------------------------------------------------------------------------------------------------------------------------------------
   RBB_13/CQ                                                                                 RBB_6L       13  [TILE 0 0, RBB 10 16]        800     r            3276     {inst42: r_Clock_Count_FDRE_Q_12 (FDRE,site=cff)}                                                                                                               
   r_Clock_Count[5]                                                                          Net          13             (fanout=5)       1694                     -                                                                                                                                                                     
   RBB_24/D1                                                                                 RBB_6L       24  [TILE 0 0, RBB 10 22]          -     r            4970                                                                                                                                                                     
   RBB_24/D                                                                                  RBB_6L       24  [TILE 0 0, RBB 10 22]       1205     r            6175     {inst64: r_Clock_Count_FDRE_Q_9_D_LUT6_O_I4_CARRY4_O_CI_CARRY4_CO_CI_CARRY4_CO_O_2_CARRY4_O_1_S_1_LUT6_O (LUT,site=dlut,dluto)}                                 
   r_Clock_Count_FDRE_Q_9_D_LUT6_O_I4_CARRY4_O_CI_CARRY4_CO_CI_CARRY4_CO_O_2_CARRY4_O_1_S_1  Net         144             (fanout=1)        752                     -                                                                                                                                                                     
   RBB_9/A1                                                                                  RBB_6L        9  [TILE 0 0, RBB 13 20]          -     r            6927                                                                                                                                                                     
   RBB_9/DMUX                                                                                RBB_6L        9  [TILE 0 0, RBB 13 20]       1435     r            8362     {inst61: r_Clock_Count_FDRE_Q_9_D_LUT6_O_I4_CARRY4_O_CI_CARRY4_CO_CI_CARRY4_CO_O_2_CARRY4_O_1 (CARRY4)}                                                         
   r_Clock_Count_FDRE_Q_9_D_LUT6_O_I4_CARRY4_O_CI_CARRY4_CO_CI_CARRY4_CO_O_2[4]              Net          79            (fanout=11)       1384                     -                                                                                                                                                                     
   RBB_12/D2                                                                                 RBB_6L       12  [TILE 0 0, RBB 10 18]          -     r            9746     {inst78: r_Clock_Count_FDRE_Q_9_D_LUT6_O_I4_CARRY4_O_CI_CARRY4_CO_O_LUT6_I3_O_LUT6_O_1 (LUT,site=dlut,dluto)} {inst45: r_Clock_Count_FDRE_Q_15 (FDRE,site=dff)} 
   ----------------------------------------------------------------------------------------------------------------------------------------------------------------------------------------------------------------------------------------------------------------------------------------------------------------------------------------
   RBB_12/CLK                                                                                RBB_6L       12  [TILE 0 0, RBB 10 18]        801     r           10547                                                                                                                                                                     
   clk_BUFG_I_O                                                                              Clock net    82           (fanout=519)      -2485                     -                                                                                                                                                                     
   clk                                                                                       CLOCK-PORT    -                      -    capture     r            8062                                                                                                                                                                     
   ----------------------------------------------------------------------------------------------------------------------------------------------------------------------------------------------------------------------------------------------------------------------------------------------------------------------------------------


Path 55:
   Slack (met):                             11791ps
     Path type:                               SETUP
     Group:                               <DEFAULT>
     Launching clock:                           clk (rising edge)
     Capturing clock:                           clk (rising edge)

     Requested period:                      20000ps
   + Delay of the capturing clock:           2462ps
   - Clock uncertainty:                       150ps
   = Required time:                         22312ps
   - Propagation time:                       8045ps (53.5% logic, 46.5% route, logic stage 3)
   - Delay of the launching clock:           2476ps
   = Slack:                                 11791ps

   Instance/Pin or Net Name                                                                  Type         ID     Location or Fanout   Delay(ps)  Edge  Arrival Time(ps)    Instance detail                                                                                                                                               
   ----------------------------------------------------------------------------------------------------------------------------------------------------------------------------------------------------------------------------------------------------------------------------------------------------------------------------------------
   clk                                                                                       CLOCK-PORT    -                      -     launch     r               0                                                                                                                                                                     
   clk_BUFG_I_O                                                                              Clock net    82           (fanout=519)       2476                     -                                                                                                                                                                     
   RBB_13/CLK                                                                                RBB_6L       13  [TILE 0 0, RBB 10 16]          -     r            2476                                                                                                                                                                     
   ----------------------------------------------------------------------------------------------------------------------------------------------------------------------------------------------------------------------------------------------------------------------------------------------------------------------------------------
   RBB_13/CQ                                                                                 RBB_6L       13  [TILE 0 0, RBB 10 16]        800     r            3276     {inst42: r_Clock_Count_FDRE_Q_12 (FDRE,site=cff)}                                                                                                               
   r_Clock_Count[5]                                                                          Net          13             (fanout=5)       1694                     -                                                                                                                                                                     
   RBB_24/D1                                                                                 RBB_6L       24  [TILE 0 0, RBB 10 22]          -     r            4970                                                                                                                                                                     
   RBB_24/D                                                                                  RBB_6L       24  [TILE 0 0, RBB 10 22]       1205     r            6175     {inst64: r_Clock_Count_FDRE_Q_9_D_LUT6_O_I4_CARRY4_O_CI_CARRY4_CO_CI_CARRY4_CO_O_2_CARRY4_O_1_S_1_LUT6_O (LUT,site=dlut,dluto)}                                 
   r_Clock_Count_FDRE_Q_9_D_LUT6_O_I4_CARRY4_O_CI_CARRY4_CO_CI_CARRY4_CO_O_2_CARRY4_O_1_S_1  Net         144             (fanout=1)        752                     -                                                                                                                                                                     
   RBB_9/A1                                                                                  RBB_6L        9  [TILE 0 0, RBB 13 20]          -     r            6927                                                                                                                                                                     
   RBB_9/DMUX                                                                                RBB_6L        9  [TILE 0 0, RBB 13 20]       1435     r            8362     {inst61: r_Clock_Count_FDRE_Q_9_D_LUT6_O_I4_CARRY4_O_CI_CARRY4_CO_CI_CARRY4_CO_O_2_CARRY4_O_1 (CARRY4)}                                                         
   r_Clock_Count_FDRE_Q_9_D_LUT6_O_I4_CARRY4_O_CI_CARRY4_CO_CI_CARRY4_CO_O_2[4]              Net          79            (fanout=11)       1295                     -                                                                                                                                                                     
   RBB_14/D2                                                                                 RBB_6L       14   [TILE 0 0, RBB 7 18]          -     r            9657     {inst80: r_Clock_Count_FDRE_Q_9_D_LUT6_O_I4_CARRY4_O_CI_CARRY4_CO_O_LUT6_I3_O_LUT6_O_3 (LUT,site=dlut,dluto)} {inst47: r_Clock_Count_FDRE_Q_17 (FDRE,site=dff)} 
   ----------------------------------------------------------------------------------------------------------------------------------------------------------------------------------------------------------------------------------------------------------------------------------------------------------------------------------------
   RBB_14/CLK                                                                                RBB_6L       14   [TILE 0 0, RBB 7 18]        864     r           10521                                                                                                                                                                     
   clk_BUFG_I_O                                                                              Clock net    82           (fanout=519)      -2462                     -                                                                                                                                                                     
   clk                                                                                       CLOCK-PORT    -                      -    capture     r            8059                                                                                                                                                                     
   ----------------------------------------------------------------------------------------------------------------------------------------------------------------------------------------------------------------------------------------------------------------------------------------------------------------------------------------


Path 269:
   Slack (met):                             11817ps
     Path type:                               SETUP
     Group:                               <DEFAULT>
     Launching clock:                           clk (rising edge)
     Capturing clock:                           clk (rising edge)

     Requested period:                      20000ps
   + Delay of the capturing clock:           2462ps
   - Clock uncertainty:                       150ps
   = Required time:                         22312ps
   - Propagation time:                       8010ps (42.6% logic, 57.4% route, logic stage 3)
   - Delay of the launching clock:           2485ps
   = Slack:                                 11817ps

   Instance/Pin or Net Name                                                                Type         ID     Location or Fanout   Delay(ps)  Edge  Arrival Time(ps)    Instance detail                                                                                                                                      
   -----------------------------------------------------------------------------------------------------------------------------------------------------------------------------------------------------------------------------------------------------------------------------------------------------------------------------
   clk                                                                                     CLOCK-PORT    -                      -     launch     r               0                                                                                                                                                            
   clk_BUFG_I_O                                                                            Clock net    82           (fanout=519)       2485                     -                                                                                                                                                            
   RBB_12/CLK                                                                              RBB_6L       12  [TILE 0 0, RBB 10 18]          -     r            2485                                                                                                                                                            
   -----------------------------------------------------------------------------------------------------------------------------------------------------------------------------------------------------------------------------------------------------------------------------------------------------------------------------
   RBB_12/DQ                                                                               RBB_6L       12  [TILE 0 0, RBB 10 18]        800     r            3285     {inst45: r_Clock_Count_FDRE_Q_15 (FDRE,site=dff)}                                                                                                      
   r_Clock_Count[2]                                                                        Net          10             (fanout=4)       1693                     -                                                                                                                                                            
   RBB_18/D4                                                                               RBB_6L       18  [TILE 0 0, RBB 10 20]          -     r            4978                                                                                                                                                            
   RBB_18/D                                                                                RBB_6L       18  [TILE 0 0, RBB 10 20]        608     r            5586     {inst69: r_Clock_Count_FDRE_Q_9_D_LUT6_O_I4_CARRY4_O_CI_CARRY4_CO_CI_CARRY4_CO_O_2_CARRY4_O_S_1_LUT6_O (LUT,site=dlut,dluto)}                          
   r_Clock_Count_FDRE_Q_9_D_LUT6_O_I4_CARRY4_O_CI_CARRY4_CO_CI_CARRY4_CO_O_2_CARRY4_O_S_1  Net         151             (fanout=1)       1229                     -                                                                                                                                                            
   RBB_8/A1                                                                                RBB_6L        8  [TILE 0 0, RBB 13 14]          -     r            6815                                                                                                                                                            
   RBB_8/DMUX                                                                              RBB_6L        8  [TILE 0 0, RBB 13 14]       1342     r            8157     {inst60: r_Clock_Count_FDRE_Q_9_D_LUT6_O_I4_CARRY4_O_CI_CARRY4_CO_CI_CARRY4_CO_O_2_CARRY4_O (CARRY4)}                                                  
   r_Clock_Count_FDRE_Q_9_D_LUT6_O_I4_CARRY4_O_CI_CARRY4_CO_CI_CARRY4_CO_O_2[5]            Net          80            (fanout=13)       1673                     -                                                                                                                                                            
   RBB_14/C6                                                                               RBB_6L       14   [TILE 0 0, RBB 7 18]          -     r            9830     {inst75: r_Clock_Count_FDRE_Q_9_D_LUT6_O_I4_CARRY4_O_CI_CARRY4_CO_O_3_LUT6_I3 (LUT,site=clut,cluto)} {inst43: r_Clock_Count_FDRE_Q_13 (FDRE,site=cff)} 
   -----------------------------------------------------------------------------------------------------------------------------------------------------------------------------------------------------------------------------------------------------------------------------------------------------------------------------
   RBB_14/CLK                                                                              RBB_6L       14   [TILE 0 0, RBB 7 18]        665     r           10495                                                                                                                                                            
   clk_BUFG_I_O                                                                            Clock net    82           (fanout=519)      -2462                     -                                                                                                                                                            
   clk                                                                                     CLOCK-PORT    -                      -    capture     r            8033                                                                                                                                                            
   -----------------------------------------------------------------------------------------------------------------------------------------------------------------------------------------------------------------------------------------------------------------------------------------------------------------------------


Path 265:
   Slack (met):                             11828ps
     Path type:                               SETUP
     Group:                               <DEFAULT>
     Launching clock:                           clk (rising edge)
     Capturing clock:                           clk (rising edge)

     Requested period:                      20000ps
   + Delay of the capturing clock:           2449ps
   - Clock uncertainty:                       150ps
   = Required time:                         22299ps
   - Propagation time:                       7986ps (47.0% logic, 53.0% route, logic stage 4)
   - Delay of the launching clock:           2485ps
   = Slack:                                 11828ps

   Instance/Pin or Net Name                                                                Type         ID     Location or Fanout   Delay(ps)  Edge  Arrival Time(ps)    Instance detail                                                                                                             
   ----------------------------------------------------------------------------------------------------------------------------------------------------------------------------------------------------------------------------------------------------------------------------------------------------
   clk                                                                                     CLOCK-PORT    -                      -     launch     r               0                                                                                                                                   
   clk_BUFG_I_O                                                                            Clock net    82           (fanout=519)       2485                     -                                                                                                                                   
   RBB_12/CLK                                                                              RBB_6L       12  [TILE 0 0, RBB 10 18]          -     r            2485                                                                                                                                   
   ----------------------------------------------------------------------------------------------------------------------------------------------------------------------------------------------------------------------------------------------------------------------------------------------------
   RBB_12/DQ                                                                               RBB_6L       12  [TILE 0 0, RBB 10 18]        800     r            3285     {inst45: r_Clock_Count_FDRE_Q_15 (FDRE,site=dff)}                                                                             
   r_Clock_Count[2]                                                                        Net          10             (fanout=4)       1693                     -                                                                                                                                   
   RBB_18/D4                                                                               RBB_6L       18  [TILE 0 0, RBB 10 20]          -     r            4978                                                                                                                                   
   RBB_18/D                                                                                RBB_6L       18  [TILE 0 0, RBB 10 20]        608     r            5586     {inst69: r_Clock_Count_FDRE_Q_9_D_LUT6_O_I4_CARRY4_O_CI_CARRY4_CO_CI_CARRY4_CO_O_2_CARRY4_O_S_1_LUT6_O (LUT,site=dlut,dluto)} 
   r_Clock_Count_FDRE_Q_9_D_LUT6_O_I4_CARRY4_O_CI_CARRY4_CO_CI_CARRY4_CO_O_2_CARRY4_O_S_1  Net         151             (fanout=1)       1229                     -                                                                                                                                   
   RBB_8/A1                                                                                RBB_6L        8  [TILE 0 0, RBB 13 14]          -     r            6815                                                                                                                                   
   RBB_8/DMUX                                                                              RBB_6L        8  [TILE 0 0, RBB 13 14]       1342     r            8157     {inst60: r_Clock_Count_FDRE_Q_9_D_LUT6_O_I4_CARRY4_O_CI_CARRY4_CO_CI_CARRY4_CO_O_2_CARRY4_O (CARRY4)}                         
   r_Clock_Count_FDRE_Q_9_D_LUT6_O_I4_CARRY4_O_CI_CARRY4_CO_CI_CARRY4_CO_O_2[5]            Net          80            (fanout=13)        626                     -                                                                                                                                   
   RBB_15/C4                                                                               RBB_6L       15  [TILE 0 0, RBB 13 12]          -     r            8783                                                                                                                                   
   RBB_15/C                                                                                RBB_6L       15  [TILE 0 0, RBB 13 12]        611     r            9394     {inst13: r_Bit_Index_FDRE_Q_CE_LUT5_O (LUT,site=clut)}                                                                        
   r_Bit_Index_FDRE_Q_CE                                                                   Net          75             (fanout=1)        682                     -                                                                                                                                   
   RBB_15/A6                                                                               RBB_6L       15  [TILE 0 0, RBB 13 12]          -     r           10076     {<CE>inst10: r_Bit_Index_FDRE_Q_1 (FDRE,site=dffo)}                                                                           
   ----------------------------------------------------------------------------------------------------------------------------------------------------------------------------------------------------------------------------------------------------------------------------------------------------
   RBB_15/CLK                                                                              RBB_6L       15  [TILE 0 0, RBB 13 12]        395     r           10471                                                                                                                                   
   clk_BUFG_I_O                                                                            Clock net    82           (fanout=519)      -2449                     -                                                                                                                                   
   clk                                                                                     CLOCK-PORT    -                      -    capture     r            8022                                                                                                                                   
   ----------------------------------------------------------------------------------------------------------------------------------------------------------------------------------------------------------------------------------------------------------------------------------------------------


Path 37:
   Slack (met):                             11850ps
     Path type:                               SETUP
     Group:                               <DEFAULT>
     Launching clock:                           clk (rising edge)
     Capturing clock:                           clk (rising edge)

     Requested period:                      20000ps
   + Delay of the capturing clock:           2475ps
   - Clock uncertainty:                       150ps
   = Required time:                         22325ps
   - Propagation time:                       7999ps (53.6% logic, 46.4% route, logic stage 3)
   - Delay of the launching clock:           2476ps
   = Slack:                                 11850ps

   Instance/Pin or Net Name                                                                  Type         ID     Location or Fanout   Delay(ps)  Edge  Arrival Time(ps)    Instance detail                                                                                                               
   --------------------------------------------------------------------------------------------------------------------------------------------------------------------------------------------------------------------------------------------------------------------------------------------------------
   clk                                                                                       CLOCK-PORT    -                      -     launch     r               0                                                                                                                                     
   clk_BUFG_I_O                                                                              Clock net    82           (fanout=519)       2476                     -                                                                                                                                     
   RBB_13/CLK                                                                                RBB_6L       13  [TILE 0 0, RBB 10 16]          -     r            2476                                                                                                                                     
   --------------------------------------------------------------------------------------------------------------------------------------------------------------------------------------------------------------------------------------------------------------------------------------------------------
   RBB_13/CQ                                                                                 RBB_6L       13  [TILE 0 0, RBB 10 16]        800     r            3276     {inst42: r_Clock_Count_FDRE_Q_12 (FDRE,site=cff)}                                                                               
   r_Clock_Count[5]                                                                          Net          13             (fanout=5)       1694                     -                                                                                                                                     
   RBB_24/D1                                                                                 RBB_6L       24  [TILE 0 0, RBB 10 22]          -     r            4970                                                                                                                                     
   RBB_24/D                                                                                  RBB_6L       24  [TILE 0 0, RBB 10 22]       1205     r            6175     {inst64: r_Clock_Count_FDRE_Q_9_D_LUT6_O_I4_CARRY4_O_CI_CARRY4_CO_CI_CARRY4_CO_O_2_CARRY4_O_1_S_1_LUT6_O (LUT,site=dlut,dluto)} 
   r_Clock_Count_FDRE_Q_9_D_LUT6_O_I4_CARRY4_O_CI_CARRY4_CO_CI_CARRY4_CO_O_2_CARRY4_O_1_S_1  Net         144             (fanout=1)        752                     -                                                                                                                                     
   RBB_9/A1                                                                                  RBB_6L        9  [TILE 0 0, RBB 13 20]          -     r            6927                                                                                                                                     
   RBB_9/DMUX                                                                                RBB_6L        9  [TILE 0 0, RBB 13 20]       1435     r            8362     {inst61: r_Clock_Count_FDRE_Q_9_D_LUT6_O_I4_CARRY4_O_CI_CARRY4_CO_CI_CARRY4_CO_O_2_CARRY4_O_1 (CARRY4)}                         
   r_Clock_Count_FDRE_Q_9_D_LUT6_O_I4_CARRY4_O_CI_CARRY4_CO_CI_CARRY4_CO_O_2[4]              Net          79            (fanout=11)       1264                     -                                                                                                                                     
   RBB_25/D5                                                                                 RBB_6L       25  [TILE 0 0, RBB 10 12]          -     r            9626     {inst109: rx_sync_LUT5_I2 (LUT,site=dlut)} {inst99: r_SM_Main_FDRE_Q_1 (FD,site=dff)}                                           
   --------------------------------------------------------------------------------------------------------------------------------------------------------------------------------------------------------------------------------------------------------------------------------------------------------
   RBB_25/CLK                                                                                RBB_6L       25  [TILE 0 0, RBB 10 12]        849     r           10475                                                                                                                                     
   clk_BUFG_I_O                                                                              Clock net    82           (fanout=519)      -2475                     -                                                                                                                                     
   clk                                                                                       CLOCK-PORT    -                      -    capture     r            8000                                                                                                                                     
   --------------------------------------------------------------------------------------------------------------------------------------------------------------------------------------------------------------------------------------------------------------------------------------------------------


Path 67:
   Slack (met):                             11892ps
     Path type:                               SETUP
     Group:                               <DEFAULT>
     Launching clock:                           clk (rising edge)
     Capturing clock:                           clk (rising edge)

     Requested period:                      20000ps
   + Delay of the capturing clock:           2462ps
   - Clock uncertainty:                       150ps
   = Required time:                         22312ps
   - Propagation time:                       7944ps (52.9% logic, 47.1% route, logic stage 3)
   - Delay of the launching clock:           2476ps
   = Slack:                                 11892ps

   Instance/Pin or Net Name                                                                  Type         ID     Location or Fanout   Delay(ps)  Edge  Arrival Time(ps)    Instance detail                                                                                                                                      
   -------------------------------------------------------------------------------------------------------------------------------------------------------------------------------------------------------------------------------------------------------------------------------------------------------------------------------
   clk                                                                                       CLOCK-PORT    -                      -     launch     r               0                                                                                                                                                            
   clk_BUFG_I_O                                                                              Clock net    82           (fanout=519)       2476                     -                                                                                                                                                            
   RBB_13/CLK                                                                                RBB_6L       13  [TILE 0 0, RBB 10 16]          -     r            2476                                                                                                                                                            
   -------------------------------------------------------------------------------------------------------------------------------------------------------------------------------------------------------------------------------------------------------------------------------------------------------------------------------
   RBB_13/CQ                                                                                 RBB_6L       13  [TILE 0 0, RBB 10 16]        800     r            3276     {inst42: r_Clock_Count_FDRE_Q_12 (FDRE,site=cff)}                                                                                                      
   r_Clock_Count[5]                                                                          Net          13             (fanout=5)       1694                     -                                                                                                                                                            
   RBB_24/D1                                                                                 RBB_6L       24  [TILE 0 0, RBB 10 22]          -     r            4970                                                                                                                                                            
   RBB_24/D                                                                                  RBB_6L       24  [TILE 0 0, RBB 10 22]       1205     r            6175     {inst64: r_Clock_Count_FDRE_Q_9_D_LUT6_O_I4_CARRY4_O_CI_CARRY4_CO_CI_CARRY4_CO_O_2_CARRY4_O_1_S_1_LUT6_O (LUT,site=dlut,dluto)}                        
   r_Clock_Count_FDRE_Q_9_D_LUT6_O_I4_CARRY4_O_CI_CARRY4_CO_CI_CARRY4_CO_O_2_CARRY4_O_1_S_1  Net         144             (fanout=1)        752                     -                                                                                                                                                            
   RBB_9/A1                                                                                  RBB_6L        9  [TILE 0 0, RBB 13 20]          -     r            6927                                                                                                                                                            
   RBB_9/DMUX                                                                                RBB_6L        9  [TILE 0 0, RBB 13 20]       1435     r            8362     {inst61: r_Clock_Count_FDRE_Q_9_D_LUT6_O_I4_CARRY4_O_CI_CARRY4_CO_CI_CARRY4_CO_O_2_CARRY4_O_1 (CARRY4)}                                                
   r_Clock_Count_FDRE_Q_9_D_LUT6_O_I4_CARRY4_O_CI_CARRY4_CO_CI_CARRY4_CO_O_2[4]              Net          79            (fanout=11)       1299                     -                                                                                                                                                            
   RBB_14/C2                                                                                 RBB_6L       14   [TILE 0 0, RBB 7 18]          -     r            9661     {inst75: r_Clock_Count_FDRE_Q_9_D_LUT6_O_I4_CARRY4_O_CI_CARRY4_CO_O_3_LUT6_I3 (LUT,site=clut,cluto)} {inst43: r_Clock_Count_FDRE_Q_13 (FDRE,site=cff)} 
   -------------------------------------------------------------------------------------------------------------------------------------------------------------------------------------------------------------------------------------------------------------------------------------------------------------------------------
   RBB_14/CLK                                                                                RBB_6L       14   [TILE 0 0, RBB 7 18]        759     r           10420                                                                                                                                                            
   clk_BUFG_I_O                                                                              Clock net    82           (fanout=519)      -2462                     -                                                                                                                                                            
   clk                                                                                       CLOCK-PORT    -                      -    capture     r            7958                                                                                                                                                            
   -------------------------------------------------------------------------------------------------------------------------------------------------------------------------------------------------------------------------------------------------------------------------------------------------------------------------------


Path 285:
   Slack (met):                             11979ps
     Path type:                               SETUP
     Group:                               <DEFAULT>
     Launching clock:                           clk (rising edge)
     Capturing clock:                           clk (rising edge)

     Requested period:                      20000ps
   + Delay of the capturing clock:           2456ps
   - Clock uncertainty:                       150ps
   = Required time:                         22306ps
   - Propagation time:                       7991ps (46.2% logic, 53.8% route, logic stage 3)
   - Delay of the launching clock:           2336ps
   = Slack:                                 11979ps

   Instance/Pin or Net Name   Type         ID    Location or Fanout   Delay(ps)  Edge  Arrival Time(ps)    Instance detail                                                                
   -----------------------------------------------------------------------------------------------------------------------------------------------------------------------------------------
   clk                        CLOCK-PORT    -                     -     launch     r               0                                                                                      
   clk_BUFG_I_O               Clock net    82          (fanout=519)       2336                     -                                                                                      
   RBB_19/CLK                 RBB_6L       19  [TILE 0 0, RBB 13 8]          -     r            2336                                                                                      
   -----------------------------------------------------------------------------------------------------------------------------------------------------------------------------------------
   RBB_19/DQ                  RBB_6L       19  [TILE 0 0, RBB 13 8]        800     r            3136     {inst82: r_RX_Byte_FDRE_Q (FDRE,site=dff)}                                       
   r_RX_Byte[7]               Net          31            (fanout=2)       1718                     -                                                                                      
   RBB_22/B1                  RBB_6L       22  [TILE 0 0, RBB 16 8]          -     r            4854                                                                                      
   RBB_22/B                   RBB_6L       22  [TILE 0 0, RBB 16 8]       1011     r            5865     {inst97: r_RX_DV_LUT6_I2_I3_LUT4_O_1 (LUT,site=blut)}                            
   r_RX_DV_LUT6_I2_I3[5]      Net         104            (fanout=2)        594                     -                                                                                      
   RBB_22/A2                  RBB_6L       22  [TILE 0 0, RBB 16 8]          -     r            6459                                                                                      
   RBB_22/A                   RBB_6L       22  [TILE 0 0, RBB 16 8]       1062     r            7521     {inst8: led_internal_FDRE_Q_D_LUT4_O (LUT,site=alut)}                            
   led_internal_FDRE_Q_D      Net          96            (fanout=1)       1986                     -                                                                                      
   RBB_2/O[0]                 IOB           2  [TILE 0 0, RBB 31 6]          -     r            9507     {inst7: led_internal_FDRE_Q (FDRE)} {(output_port) inst111: g_111_led_obuf (IO)} 
   -----------------------------------------------------------------------------------------------------------------------------------------------------------------------------------------
   RBB_2/CLK                  IOB           2  [TILE 0 0, RBB 31 6]        820     r           10327                                                                                      
   clk_BUFG_I_O               Clock net    82          (fanout=519)      -2456                     -                                                                                      
   clk                        CLOCK-PORT    -                     -    capture     r            7871                                                                                      
   -----------------------------------------------------------------------------------------------------------------------------------------------------------------------------------------


Path 52:
   Slack (met):                             12014ps
     Path type:                               SETUP
     Group:                               <DEFAULT>
     Launching clock:                           clk (rising edge)
     Capturing clock:                           clk (rising edge)

     Requested period:                      20000ps
   + Delay of the capturing clock:           2452ps
   - Clock uncertainty:                       150ps
   = Required time:                         22302ps
   - Propagation time:                       7812ps (55.1% logic, 44.9% route, logic stage 3)
   - Delay of the launching clock:           2476ps
   = Slack:                                 12014ps

   Instance/Pin or Net Name                                                                  Type         ID     Location or Fanout   Delay(ps)  Edge  Arrival Time(ps)    Instance detail                                                                                                                                             
   --------------------------------------------------------------------------------------------------------------------------------------------------------------------------------------------------------------------------------------------------------------------------------------------------------------------------------------
   clk                                                                                       CLOCK-PORT    -                      -     launch     r               0                                                                                                                                                                   
   clk_BUFG_I_O                                                                              Clock net    82           (fanout=519)       2476                     -                                                                                                                                                                   
   RBB_13/CLK                                                                                RBB_6L       13  [TILE 0 0, RBB 10 16]          -     r            2476                                                                                                                                                                   
   --------------------------------------------------------------------------------------------------------------------------------------------------------------------------------------------------------------------------------------------------------------------------------------------------------------------------------------
   RBB_13/CQ                                                                                 RBB_6L       13  [TILE 0 0, RBB 10 16]        800     r            3276     {inst42: r_Clock_Count_FDRE_Q_12 (FDRE,site=cff)}                                                                                                             
   r_Clock_Count[5]                                                                          Net          13             (fanout=5)       1694                     -                                                                                                                                                                   
   RBB_24/D1                                                                                 RBB_6L       24  [TILE 0 0, RBB 10 22]          -     r            4970                                                                                                                                                                   
   RBB_24/D                                                                                  RBB_6L       24  [TILE 0 0, RBB 10 22]       1205     r            6175     {inst64: r_Clock_Count_FDRE_Q_9_D_LUT6_O_I4_CARRY4_O_CI_CARRY4_CO_CI_CARRY4_CO_O_2_CARRY4_O_1_S_1_LUT6_O (LUT,site=dlut,dluto)}                               
   r_Clock_Count_FDRE_Q_9_D_LUT6_O_I4_CARRY4_O_CI_CARRY4_CO_CI_CARRY4_CO_O_2_CARRY4_O_1_S_1  Net         144             (fanout=1)        752                     -                                                                                                                                                                   
   RBB_9/A1                                                                                  RBB_6L        9  [TILE 0 0, RBB 13 20]          -     r            6927                                                                                                                                                                   
   RBB_9/DMUX                                                                                RBB_6L        9  [TILE 0 0, RBB 13 20]       1435     r            8362     {inst61: r_Clock_Count_FDRE_Q_9_D_LUT6_O_I4_CARRY4_O_CI_CARRY4_CO_CI_CARRY4_CO_O_2_CARRY4_O_1 (CARRY4)}                                                       
   r_Clock_Count_FDRE_Q_9_D_LUT6_O_I4_CARRY4_O_CI_CARRY4_CO_CI_CARRY4_CO_O_2[4]              Net          79            (fanout=11)       1062                     -                                                                                                                                                                   
   RBB_10/D2                                                                                 RBB_6L       10  [TILE 0 0, RBB 13 16]          -     r            9424     {inst77: r_Clock_Count_FDRE_Q_9_D_LUT6_O_I4_CARRY4_O_CI_CARRY4_CO_O_LUT6_I3_O_LUT6_O (LUT,site=dlut,dluto)} {inst44: r_Clock_Count_FDRE_Q_14 (FDRE,site=dff)} 
   --------------------------------------------------------------------------------------------------------------------------------------------------------------------------------------------------------------------------------------------------------------------------------------------------------------------------------------
   RBB_10/CLK                                                                                RBB_6L       10  [TILE 0 0, RBB 13 16]        864     r           10288                                                                                                                                                                   
   clk_BUFG_I_O                                                                              Clock net    82           (fanout=519)      -2452                     -                                                                                                                                                                   
   clk                                                                                       CLOCK-PORT    -                      -    capture     r            7836                                                                                                                                                                   
   --------------------------------------------------------------------------------------------------------------------------------------------------------------------------------------------------------------------------------------------------------------------------------------------------------------------------------------


Path 280:
   Slack (met):                             12112ps
     Path type:                               SETUP
     Group:                               <DEFAULT>
     Launching clock:                           clk (rising edge)
     Capturing clock:                           clk (rising edge)

     Requested period:                      20000ps
   + Delay of the capturing clock:           2434ps
   - Clock uncertainty:                       150ps
   = Required time:                         22284ps
   - Propagation time:                       7697ps (47.3% logic, 52.7% route, logic stage 3)
   - Delay of the launching clock:           2475ps
   = Slack:                                 12112ps

   Instance/Pin or Net Name                                                       Type         ID     Location or Fanout   Delay(ps)  Edge  Arrival Time(ps)    Instance detail                                                                                                                              
   ------------------------------------------------------------------------------------------------------------------------------------------------------------------------------------------------------------------------------------------------------------------------------------------------------------
   clk                                                                            CLOCK-PORT    -                      -     launch     r               0                                                                                                                                                    
   clk_BUFG_I_O                                                                   Clock net    82           (fanout=519)       2475                     -                                                                                                                                                    
   RBB_11/CLK                                                                     RBB_6L       11  [TILE 0 0, RBB 10 14]          -     r            2475                                                                                                                                                    
   ------------------------------------------------------------------------------------------------------------------------------------------------------------------------------------------------------------------------------------------------------------------------------------------------------------
   RBB_11/CQ                                                                      RBB_6L       11  [TILE 0 0, RBB 10 14]        800     r            3275     {inst11: r_Bit_Index_FDRE_Q_2 (FDR,site=cff)}                                                                                                  
   r_Bit_Index[0]                                                                 Net          26             (fanout=7)       1341                     -                                                                                                                                                    
   RBB_3/A5                                                                       RBB_6L        3  [TILE 0 0, RBB 13 10]          -     r            4616                                                                                                                                                    
   RBB_3/BQ                                                                       RBB_6L        3  [TILE 0 0, RBB 13 10]       1312     r            5928     {inst16: r_Bit_Index_FDRE_Q_D_LUT2_O_I1_CARRY4_O (CARRY4)}                                                                                     
   r_Bit_Index_FDRE_Q_D_LUT2_O_I1_CARRY4_O_O_1[1]                                 Net          91             (fanout=6)       1592                     -                                                                                                                                                    
   RBB_26/D2                                                                      RBB_6L       26  [TILE 0 0, RBB 16 14]          -     r            7520                                                                                                                                                    
   RBB_26/D                                                                       RBB_6L       26  [TILE 0 0, RBB 16 14]        659     r            8179     {inst30: r_Bit_Index_FDRE_Q_D_LUT2_O_I1_CARRY4_O_S_CARRY4_S_O_LUT4_I3_O_LUT4_O_2_I3_LUT3_O (LUT,site=dlut)}                                    
   r_Bit_Index_FDRE_Q_D_LUT2_O_I1_CARRY4_O_S_CARRY4_S_O_LUT4_I3_O_LUT4_O_2_I3[3]  Net          66             (fanout=1)       1122                     -                                                                                                                                                    
   RBB_20/C2                                                                      RBB_6L       20  [TILE 0 0, RBB 16 10]          -     r            9301     {inst29: r_Bit_Index_FDRE_Q_D_LUT2_O_I1_CARRY4_O_S_CARRY4_S_O_LUT4_I3_O_LUT4_O_2 (LUT,site=clut)} {inst87: r_RX_Byte_FDRE_Q_5 (FDRE,site=cff)} 
   ------------------------------------------------------------------------------------------------------------------------------------------------------------------------------------------------------------------------------------------------------------------------------------------------------------
   RBB_20/CLK                                                                     RBB_6L       20  [TILE 0 0, RBB 16 10]        871     r           10172                                                                                                                                                    
   clk_BUFG_I_O                                                                   Clock net    82           (fanout=519)      -2434                     -                                                                                                                                                    
   clk                                                                            CLOCK-PORT    -                      -    capture     r            7738                                                                                                                                                    
   ------------------------------------------------------------------------------------------------------------------------------------------------------------------------------------------------------------------------------------------------------------------------------------------------------------


Path 70:
   Slack (met):                             12121ps
     Path type:                               SETUP
     Group:                               <DEFAULT>
     Launching clock:                           clk (rising edge)
     Capturing clock:                           clk (rising edge)

     Requested period:                      20000ps
   + Delay of the capturing clock:           2452ps
   - Clock uncertainty:                       150ps
   = Required time:                         22302ps
   - Propagation time:                       7705ps (54.5% logic, 45.5% route, logic stage 3)
   - Delay of the launching clock:           2476ps
   = Slack:                                 12121ps

   Instance/Pin or Net Name                                                                  Type         ID     Location or Fanout   Delay(ps)  Edge  Arrival Time(ps)    Instance detail                                                                                                                                    
   -----------------------------------------------------------------------------------------------------------------------------------------------------------------------------------------------------------------------------------------------------------------------------------------------------------------------------
   clk                                                                                       CLOCK-PORT    -                      -     launch     r               0                                                                                                                                                          
   clk_BUFG_I_O                                                                              Clock net    82           (fanout=519)       2476                     -                                                                                                                                                          
   RBB_13/CLK                                                                                RBB_6L       13  [TILE 0 0, RBB 10 16]          -     r            2476                                                                                                                                                          
   -----------------------------------------------------------------------------------------------------------------------------------------------------------------------------------------------------------------------------------------------------------------------------------------------------------------------------
   RBB_13/CQ                                                                                 RBB_6L       13  [TILE 0 0, RBB 10 16]        800     r            3276     {inst42: r_Clock_Count_FDRE_Q_12 (FDRE,site=cff)}                                                                                                    
   r_Clock_Count[5]                                                                          Net          13             (fanout=5)       1694                     -                                                                                                                                                          
   RBB_24/D1                                                                                 RBB_6L       24  [TILE 0 0, RBB 10 22]          -     r            4970                                                                                                                                                          
   RBB_24/D                                                                                  RBB_6L       24  [TILE 0 0, RBB 10 22]       1205     r            6175     {inst64: r_Clock_Count_FDRE_Q_9_D_LUT6_O_I4_CARRY4_O_CI_CARRY4_CO_CI_CARRY4_CO_O_2_CARRY4_O_1_S_1_LUT6_O (LUT,site=dlut,dluto)}                      
   r_Clock_Count_FDRE_Q_9_D_LUT6_O_I4_CARRY4_O_CI_CARRY4_CO_CI_CARRY4_CO_O_2_CARRY4_O_1_S_1  Net         144             (fanout=1)        752                     -                                                                                                                                                          
   RBB_9/A1                                                                                  RBB_6L        9  [TILE 0 0, RBB 13 20]          -     r            6927                                                                                                                                                          
   RBB_9/DMUX                                                                                RBB_6L        9  [TILE 0 0, RBB 13 20]       1435     r            8362     {inst61: r_Clock_Count_FDRE_Q_9_D_LUT6_O_I4_CARRY4_O_CI_CARRY4_CO_CI_CARRY4_CO_O_2_CARRY4_O_1 (CARRY4)}                                              
   r_Clock_Count_FDRE_Q_9_D_LUT6_O_I4_CARRY4_O_CI_CARRY4_CO_CI_CARRY4_CO_O_2[4]              Net          79            (fanout=11)       1060                     -                                                                                                                                                          
   RBB_10/C2                                                                                 RBB_6L       10  [TILE 0 0, RBB 13 16]          -     r            9422     {inst76: r_Clock_Count_FDRE_Q_9_D_LUT6_O_I4_CARRY4_O_CI_CARRY4_CO_O_LUT6_I3 (LUT,site=clut,cluto)} {inst40: r_Clock_Count_FDRE_Q_10 (FDRE,site=cff)} 
   -----------------------------------------------------------------------------------------------------------------------------------------------------------------------------------------------------------------------------------------------------------------------------------------------------------------------------
   RBB_10/CLK                                                                                RBB_6L       10  [TILE 0 0, RBB 13 16]        759     r           10181                                                                                                                                                          
   clk_BUFG_I_O                                                                              Clock net    82           (fanout=519)      -2452                     -                                                                                                                                                          
   clk                                                                                       CLOCK-PORT    -                      -    capture     r            7729                                                                                                                                                          
   -----------------------------------------------------------------------------------------------------------------------------------------------------------------------------------------------------------------------------------------------------------------------------------------------------------------------------


Path 33:
   Slack (met):                             12127ps
     Path type:                               SETUP
     Group:                               <DEFAULT>
     Launching clock:                           clk (rising edge)
     Capturing clock:                           clk (rising edge)

     Requested period:                      20000ps
   + Delay of the capturing clock:           2336ps
   - Clock uncertainty:                       150ps
   = Required time:                         22186ps
   - Propagation time:                       7610ps (61.4% logic, 38.6% route, logic stage 3)
   - Delay of the launching clock:           2449ps
   = Slack:                                 12127ps

   Instance/Pin or Net Name                                                       Type         ID     Location or Fanout   Delay(ps)  Edge  Arrival Time(ps)    Instance detail                                                                                                                              
   ------------------------------------------------------------------------------------------------------------------------------------------------------------------------------------------------------------------------------------------------------------------------------------------------------------
   clk                                                                            CLOCK-PORT    -                      -     launch     r               0                                                                                                                                                    
   clk_BUFG_I_O                                                                   Clock net    82           (fanout=519)       2449                     -                                                                                                                                                    
   RBB_15/CLK                                                                     RBB_6L       15  [TILE 0 0, RBB 13 12]          -     r            2449                                                                                                                                                    
   ------------------------------------------------------------------------------------------------------------------------------------------------------------------------------------------------------------------------------------------------------------------------------------------------------------
   RBB_15/DMUX                                                                    RBB_6L       15  [TILE 0 0, RBB 13 12]       1466     r            3915     {inst10: r_Bit_Index_FDRE_Q_1 (FDRE,site=dffo)}                                                                                                
   r_Bit_Index[1]                                                                 Net          27             (fanout=2)       1089                     -                                                                                                                                                    
   RBB_4/B1                                                                       RBB_6L        4  [TILE 0 0, RBB 16 12]          -     r            5004                                                                                                                                                    
   RBB_4/CMUX                                                                     RBB_6L        4  [TILE 0 0, RBB 16 12]       1212     r            6216     {inst23: r_Bit_Index_FDRE_Q_D_LUT2_O_I1_CARRY4_O_S_CARRY4_S (CARRY4)}                                                                          
   r_Bit_Index_FDRE_Q_D_LUT2_O_I1_CARRY4_O_S_CARRY4_S_O_1[3]                      Net          87             (fanout=5)       1177                     -                                                                                                                                                    
   RBB_3/A1                                                                       RBB_6L        3  [TILE 0 0, RBB 13 10]          -     r            7393                                                                                                                                                    
   RBB_3/AMUX                                                                     RBB_6L        3  [TILE 0 0, RBB 13 10]        682     r            8075     {inst28: r_Bit_Index_FDRE_Q_D_LUT2_O_I1_CARRY4_O_S_CARRY4_S_O_LUT4_I3_O_LUT4_O_1_I3_LUT3_O (LUT,site=aluto)}                                   
   r_Bit_Index_FDRE_Q_D_LUT2_O_I1_CARRY4_O_S_CARRY4_S_O_LUT4_I3_O_LUT4_O_1_I3[3]  Net          94             (fanout=1)        674                     -                                                                                                                                                    
   RBB_19/C2                                                                      RBB_6L       19   [TILE 0 0, RBB 13 8]          -     r            8749     {inst27: r_Bit_Index_FDRE_Q_D_LUT2_O_I1_CARRY4_O_S_CARRY4_S_O_LUT4_I3_O_LUT4_O_1 (LUT,site=clut)} {inst83: r_RX_Byte_FDRE_Q_1 (FDRE,site=cff)} 
   ------------------------------------------------------------------------------------------------------------------------------------------------------------------------------------------------------------------------------------------------------------------------------------------------------------
   RBB_19/CLK                                                                     RBB_6L       19   [TILE 0 0, RBB 13 8]       1310     r           10059                                                                                                                                                    
   clk_BUFG_I_O                                                                   Clock net    82           (fanout=519)      -2336                     -                                                                                                                                                    
   clk                                                                            CLOCK-PORT    -                      -    capture     r            7723                                                                                                                                                    
   ------------------------------------------------------------------------------------------------------------------------------------------------------------------------------------------------------------------------------------------------------------------------------------------------------------


Path 271:
   Slack (met):                             12343ps
     Path type:                               SETUP
     Group:                               <DEFAULT>
     Launching clock:                           clk (rising edge)
     Capturing clock:                           clk (rising edge)

     Requested period:                      20000ps
   + Delay of the capturing clock:           2452ps
   - Clock uncertainty:                       150ps
   = Required time:                         22302ps
   - Propagation time:                       7474ps (47.3% logic, 52.7% route, logic stage 3)
   - Delay of the launching clock:           2485ps
   = Slack:                                 12343ps

   Instance/Pin or Net Name                                                                Type         ID     Location or Fanout   Delay(ps)  Edge  Arrival Time(ps)    Instance detail                                                                                                                                             
   ------------------------------------------------------------------------------------------------------------------------------------------------------------------------------------------------------------------------------------------------------------------------------------------------------------------------------------
   clk                                                                                     CLOCK-PORT    -                      -     launch     r               0                                                                                                                                                                   
   clk_BUFG_I_O                                                                            Clock net    82           (fanout=519)       2485                     -                                                                                                                                                                   
   RBB_12/CLK                                                                              RBB_6L       12  [TILE 0 0, RBB 10 18]          -     r            2485                                                                                                                                                                   
   ------------------------------------------------------------------------------------------------------------------------------------------------------------------------------------------------------------------------------------------------------------------------------------------------------------------------------------
   RBB_12/DQ                                                                               RBB_6L       12  [TILE 0 0, RBB 10 18]        800     r            3285     {inst45: r_Clock_Count_FDRE_Q_15 (FDRE,site=dff)}                                                                                                             
   r_Clock_Count[2]                                                                        Net          10             (fanout=4)       1693                     -                                                                                                                                                                   
   RBB_18/D4                                                                               RBB_6L       18  [TILE 0 0, RBB 10 20]          -     r            4978                                                                                                                                                                   
   RBB_18/D                                                                                RBB_6L       18  [TILE 0 0, RBB 10 20]        608     r            5586     {inst69: r_Clock_Count_FDRE_Q_9_D_LUT6_O_I4_CARRY4_O_CI_CARRY4_CO_CI_CARRY4_CO_O_2_CARRY4_O_S_1_LUT6_O (LUT,site=dlut,dluto)}                                 
   r_Clock_Count_FDRE_Q_9_D_LUT6_O_I4_CARRY4_O_CI_CARRY4_CO_CI_CARRY4_CO_O_2_CARRY4_O_S_1  Net         151             (fanout=1)       1229                     -                                                                                                                                                                   
   RBB_8/A1                                                                                RBB_6L        8  [TILE 0 0, RBB 13 14]          -     r            6815                                                                                                                                                                   
   RBB_8/DMUX                                                                              RBB_6L        8  [TILE 0 0, RBB 13 14]       1342     r            8157     {inst60: r_Clock_Count_FDRE_Q_9_D_LUT6_O_I4_CARRY4_O_CI_CARRY4_CO_CI_CARRY4_CO_O_2_CARRY4_O (CARRY4)}                                                         
   r_Clock_Count_FDRE_Q_9_D_LUT6_O_I4_CARRY4_O_CI_CARRY4_CO_CI_CARRY4_CO_O_2[5]            Net          80            (fanout=13)       1015                     -                                                                                                                                                                   
   RBB_10/C6                                                                               RBB_6L       10  [TILE 0 0, RBB 13 16]          -     r            9172     {inst77: r_Clock_Count_FDRE_Q_9_D_LUT6_O_I4_CARRY4_O_CI_CARRY4_CO_O_LUT6_I3_O_LUT6_O (LUT,site=dlut,dluto)} {inst44: r_Clock_Count_FDRE_Q_14 (FDRE,site=dff)} 
   ------------------------------------------------------------------------------------------------------------------------------------------------------------------------------------------------------------------------------------------------------------------------------------------------------------------------------------
   RBB_10/CLK                                                                              RBB_6L       10  [TILE 0 0, RBB 13 16]        787     r            9959                                                                                                                                                                   
   clk_BUFG_I_O                                                                            Clock net    82           (fanout=519)      -2452                     -                                                                                                                                                                   
   clk                                                                                     CLOCK-PORT    -                      -    capture     r            7507                                                                                                                                                                   
   ------------------------------------------------------------------------------------------------------------------------------------------------------------------------------------------------------------------------------------------------------------------------------------------------------------------------------------


Path 276:
   Slack (met):                             12346ps
     Path type:                               SETUP
     Group:                               <DEFAULT>
     Launching clock:                           clk (rising edge)
     Capturing clock:                           clk (rising edge)

     Requested period:                      20000ps
   + Delay of the capturing clock:           2485ps
   - Clock uncertainty:                       150ps
   = Required time:                         22335ps
   - Propagation time:                       7504ps (46.5% logic, 53.5% route, logic stage 3)
   - Delay of the launching clock:           2485ps
   = Slack:                                 12346ps

   Instance/Pin or Net Name                                                                Type         ID     Location or Fanout   Delay(ps)  Edge  Arrival Time(ps)    Instance detail                                                                                                                                      
   -----------------------------------------------------------------------------------------------------------------------------------------------------------------------------------------------------------------------------------------------------------------------------------------------------------------------------
   clk                                                                                     CLOCK-PORT    -                      -     launch     r               0                                                                                                                                                            
   clk_BUFG_I_O                                                                            Clock net    82           (fanout=519)       2485                     -                                                                                                                                                            
   RBB_12/CLK                                                                              RBB_6L       12  [TILE 0 0, RBB 10 18]          -     r            2485                                                                                                                                                            
   -----------------------------------------------------------------------------------------------------------------------------------------------------------------------------------------------------------------------------------------------------------------------------------------------------------------------------
   RBB_12/DQ                                                                               RBB_6L       12  [TILE 0 0, RBB 10 18]        800     r            3285     {inst45: r_Clock_Count_FDRE_Q_15 (FDRE,site=dff)}                                                                                                      
   r_Clock_Count[2]                                                                        Net          10             (fanout=4)       1693                     -                                                                                                                                                            
   RBB_18/D4                                                                               RBB_6L       18  [TILE 0 0, RBB 10 20]          -     r            4978                                                                                                                                                            
   RBB_18/D                                                                                RBB_6L       18  [TILE 0 0, RBB 10 20]        608     r            5586     {inst69: r_Clock_Count_FDRE_Q_9_D_LUT6_O_I4_CARRY4_O_CI_CARRY4_CO_CI_CARRY4_CO_O_2_CARRY4_O_S_1_LUT6_O (LUT,site=dlut,dluto)}                          
   r_Clock_Count_FDRE_Q_9_D_LUT6_O_I4_CARRY4_O_CI_CARRY4_CO_CI_CARRY4_CO_O_2_CARRY4_O_S_1  Net         151             (fanout=1)       1229                     -                                                                                                                                                            
   RBB_8/A1                                                                                RBB_6L        8  [TILE 0 0, RBB 13 14]          -     r            6815                                                                                                                                                            
   RBB_8/DMUX                                                                              RBB_6L        8  [TILE 0 0, RBB 13 14]       1342     r            8157     {inst60: r_Clock_Count_FDRE_Q_9_D_LUT6_O_I4_CARRY4_O_CI_CARRY4_CO_CI_CARRY4_CO_O_2_CARRY4_O (CARRY4)}                                                  
   r_Clock_Count_FDRE_Q_9_D_LUT6_O_I4_CARRY4_O_CI_CARRY4_CO_CI_CARRY4_CO_O_2[5]            Net          80            (fanout=13)       1092                     -                                                                                                                                                            
   RBB_12/C6                                                                               RBB_6L       12  [TILE 0 0, RBB 10 18]          -     r            9249     {inst73: r_Clock_Count_FDRE_Q_9_D_LUT6_O_I4_CARRY4_O_CI_CARRY4_CO_O_1_LUT6_I3 (LUT,site=clut,cluto)} {inst41: r_Clock_Count_FDRE_Q_11 (FDRE,site=cff)} 
   -----------------------------------------------------------------------------------------------------------------------------------------------------------------------------------------------------------------------------------------------------------------------------------------------------------------------------
   RBB_12/CLK                                                                              RBB_6L       12  [TILE 0 0, RBB 10 18]        740     r            9989                                                                                                                                                            
   clk_BUFG_I_O                                                                            Clock net    82           (fanout=519)      -2485                     -                                                                                                                                                            
   clk                                                                                     CLOCK-PORT    -                      -    capture     r            7504                                                                                                                                                            
   -----------------------------------------------------------------------------------------------------------------------------------------------------------------------------------------------------------------------------------------------------------------------------------------------------------------------------


Path 274:
   Slack (met):                             12354ps
     Path type:                               SETUP
     Group:                               <DEFAULT>
     Launching clock:                           clk (rising edge)
     Capturing clock:                           clk (rising edge)

     Requested period:                      20000ps
   + Delay of the capturing clock:           2485ps
   - Clock uncertainty:                       150ps
   = Required time:                         22335ps
   - Propagation time:                       7496ps (46.5% logic, 53.5% route, logic stage 3)
   - Delay of the launching clock:           2485ps
   = Slack:                                 12354ps

   Instance/Pin or Net Name                                                                Type         ID     Location or Fanout   Delay(ps)  Edge  Arrival Time(ps)    Instance detail                                                                                                                                               
   --------------------------------------------------------------------------------------------------------------------------------------------------------------------------------------------------------------------------------------------------------------------------------------------------------------------------------------
   clk                                                                                     CLOCK-PORT    -                      -     launch     r               0                                                                                                                                                                     
   clk_BUFG_I_O                                                                            Clock net    82           (fanout=519)       2485                     -                                                                                                                                                                     
   RBB_12/CLK                                                                              RBB_6L       12  [TILE 0 0, RBB 10 18]          -     r            2485                                                                                                                                                                     
   --------------------------------------------------------------------------------------------------------------------------------------------------------------------------------------------------------------------------------------------------------------------------------------------------------------------------------------
   RBB_12/DQ                                                                               RBB_6L       12  [TILE 0 0, RBB 10 18]        800     r            3285     {inst45: r_Clock_Count_FDRE_Q_15 (FDRE,site=dff)}                                                                                                               
   r_Clock_Count[2]                                                                        Net          10             (fanout=4)       1693                     -                                                                                                                                                                     
   RBB_18/D4                                                                               RBB_6L       18  [TILE 0 0, RBB 10 20]          -     r            4978                                                                                                                                                                     
   RBB_18/D                                                                                RBB_6L       18  [TILE 0 0, RBB 10 20]        608     r            5586     {inst69: r_Clock_Count_FDRE_Q_9_D_LUT6_O_I4_CARRY4_O_CI_CARRY4_CO_CI_CARRY4_CO_O_2_CARRY4_O_S_1_LUT6_O (LUT,site=dlut,dluto)}                                   
   r_Clock_Count_FDRE_Q_9_D_LUT6_O_I4_CARRY4_O_CI_CARRY4_CO_CI_CARRY4_CO_O_2_CARRY4_O_S_1  Net         151             (fanout=1)       1229                     -                                                                                                                                                                     
   RBB_8/A1                                                                                RBB_6L        8  [TILE 0 0, RBB 13 14]          -     r            6815                                                                                                                                                                     
   RBB_8/DMUX                                                                              RBB_6L        8  [TILE 0 0, RBB 13 14]       1342     r            8157     {inst60: r_Clock_Count_FDRE_Q_9_D_LUT6_O_I4_CARRY4_O_CI_CARRY4_CO_CI_CARRY4_CO_O_2_CARRY4_O (CARRY4)}                                                           
   r_Clock_Count_FDRE_Q_9_D_LUT6_O_I4_CARRY4_O_CI_CARRY4_CO_CI_CARRY4_CO_O_2[5]            Net          80            (fanout=13)       1092                     -                                                                                                                                                                     
   RBB_12/C6                                                                               RBB_6L       12  [TILE 0 0, RBB 10 18]          -     r            9249     {inst78: r_Clock_Count_FDRE_Q_9_D_LUT6_O_I4_CARRY4_O_CI_CARRY4_CO_O_LUT6_I3_O_LUT6_O_1 (LUT,site=dlut,dluto)} {inst45: r_Clock_Count_FDRE_Q_15 (FDRE,site=dff)} 
   --------------------------------------------------------------------------------------------------------------------------------------------------------------------------------------------------------------------------------------------------------------------------------------------------------------------------------------
   RBB_12/CLK                                                                              RBB_6L       12  [TILE 0 0, RBB 10 18]        732     r            9981                                                                                                                                                                     
   clk_BUFG_I_O                                                                            Clock net    82           (fanout=519)      -2485                     -                                                                                                                                                                     
   clk                                                                                     CLOCK-PORT    -                      -    capture     r            7496                                                                                                                                                                     
   --------------------------------------------------------------------------------------------------------------------------------------------------------------------------------------------------------------------------------------------------------------------------------------------------------------------------------------


Path 124:
   Slack (met):                             12372ps
     Path type:                               SETUP
     Group:                               <DEFAULT>
     Launching clock:                           clk (rising edge)
     Capturing clock:                           clk (rising edge)

     Requested period:                      20000ps
   + Delay of the capturing clock:           2475ps
   - Clock uncertainty:                       150ps
   = Required time:                         22325ps
   - Propagation time:                       7491ps (49.2% logic, 50.8% route, logic stage 4)
   - Delay of the launching clock:           2462ps
   = Slack:                                 12372ps

   Instance/Pin or Net Name                                     Type         ID     Location or Fanout   Delay(ps)  Edge  Arrival Time(ps)    Instance detail                                                                                               
   -----------------------------------------------------------------------------------------------------------------------------------------------------------------------------------------------------------------------------------------------------------
   clk                                                          CLOCK-PORT    -                      -     launch     r               0                                                                                                                     
   clk_BUFG_I_O                                                 Clock net    82           (fanout=519)       2462                     -                                                                                                                     
   RBB_14/CLK                                                   RBB_6L       14   [TILE 0 0, RBB 7 18]          -     r            2462                                                                                                                     
   -----------------------------------------------------------------------------------------------------------------------------------------------------------------------------------------------------------------------------------------------------------
   RBB_14/DQ                                                    RBB_6L       14   [TILE 0 0, RBB 7 18]        800     r            3262     {inst47: r_Clock_Count_FDRE_Q_17 (FDRE,site=dff)}                                                               
   r_Clock_Count[0]                                             Net           8             (fanout=4)       1469                     -                                                                                                                     
   RBB_5/A1                                                     RBB_6L        5  [TILE 0 0, RBB 13 18]          -     r            4731                                                                                                                     
   RBB_5/COUT                                                   RBB_6L        5  [TILE 0 0, RBB 13 18]       1287     r            6018     {inst59: r_Clock_Count_FDRE_Q_9_D_LUT6_O_I4_CARRY4_O_CI_CARRY4_CO_CI_CARRY4_CO (CARRY4)}                        
   r_Clock_Count_FDRE_Q_9_D_LUT6_O_I4_CARRY4_O_CI_CARRY4_CO_CI  Net         130             (fanout=1)          0                     -                                                                                                                     
   RBB_6/CIN                                                    RBB_6L        6  [TILE 0 0, RBB 16 18]          -     r            6018                                                                                                                     
   RBB_6/COUT                                                   RBB_6L        6  [TILE 0 0, RBB 16 18]        292     r            6310     {inst58: r_Clock_Count_FDRE_Q_9_D_LUT6_O_I4_CARRY4_O_CI_CARRY4_CO (CARRY4)}                                     
   r_Clock_Count_FDRE_Q_9_D_LUT6_O_I4_CARRY4_O_CI               Net         147             (fanout=1)          0                     -                                                                                                                     
   RBB_7/CIN                                                    RBB_6L        7  [TILE 0 0, RBB 19 18]          -     r            6310                                                                                                                     
   RBB_7/AMUX                                                   RBB_6L        7  [TILE 0 0, RBB 19 18]        497     r            6807     {inst57: r_Clock_Count_FDRE_Q_9_D_LUT6_O_I4_CARRY4_O (CARRY4)}                                                  
   r_Clock_Count_FDRE_Q_9_D_LUT6_O_I4[2]                        Net          89             (fanout=1)       2333                     -                                                                                                                     
   RBB_11/D2                                                    RBB_6L       11  [TILE 0 0, RBB 10 14]          -     r            9140     {inst56: r_Clock_Count_FDRE_Q_9_D_LUT6_O (LUT,site=dlut,dluto)} {inst55: r_Clock_Count_FDRE_Q_9 (FDR,site=dff)} 
   -----------------------------------------------------------------------------------------------------------------------------------------------------------------------------------------------------------------------------------------------------------
   RBB_11/CLK                                                   RBB_6L       11  [TILE 0 0, RBB 10 14]        813     r            9953                                                                                                                     
   clk_BUFG_I_O                                                 Clock net    82           (fanout=519)      -2475                     -                                                                                                                     
   clk                                                          CLOCK-PORT    -                      -    capture     r            7478                                                                                                                     
   -----------------------------------------------------------------------------------------------------------------------------------------------------------------------------------------------------------------------------------------------------------


Path 275:
   Slack (met):                             12422ps
     Path type:                               SETUP
     Group:                               <DEFAULT>
     Launching clock:                           clk (rising edge)
     Capturing clock:                           clk (rising edge)

     Requested period:                      20000ps
   + Delay of the capturing clock:           2476ps
   - Clock uncertainty:                       150ps
   = Required time:                         22326ps
   - Propagation time:                       7419ps (47.0% logic, 53.0% route, logic stage 3)
   - Delay of the launching clock:           2485ps
   = Slack:                                 12422ps

   Instance/Pin or Net Name                                                                Type         ID     Location or Fanout   Delay(ps)  Edge  Arrival Time(ps)    Instance detail                                                                                                                                      
   -----------------------------------------------------------------------------------------------------------------------------------------------------------------------------------------------------------------------------------------------------------------------------------------------------------------------------
   clk                                                                                     CLOCK-PORT    -                      -     launch     r               0                                                                                                                                                            
   clk_BUFG_I_O                                                                            Clock net    82           (fanout=519)       2485                     -                                                                                                                                                            
   RBB_12/CLK                                                                              RBB_6L       12  [TILE 0 0, RBB 10 18]          -     r            2485                                                                                                                                                            
   -----------------------------------------------------------------------------------------------------------------------------------------------------------------------------------------------------------------------------------------------------------------------------------------------------------------------------
   RBB_12/DQ                                                                               RBB_6L       12  [TILE 0 0, RBB 10 18]        800     r            3285     {inst45: r_Clock_Count_FDRE_Q_15 (FDRE,site=dff)}                                                                                                      
   r_Clock_Count[2]                                                                        Net          10             (fanout=4)       1693                     -                                                                                                                                                            
   RBB_18/D4                                                                               RBB_6L       18  [TILE 0 0, RBB 10 20]          -     r            4978                                                                                                                                                            
   RBB_18/D                                                                                RBB_6L       18  [TILE 0 0, RBB 10 20]        608     r            5586     {inst69: r_Clock_Count_FDRE_Q_9_D_LUT6_O_I4_CARRY4_O_CI_CARRY4_CO_CI_CARRY4_CO_O_2_CARRY4_O_S_1_LUT6_O (LUT,site=dlut,dluto)}                          
   r_Clock_Count_FDRE_Q_9_D_LUT6_O_I4_CARRY4_O_CI_CARRY4_CO_CI_CARRY4_CO_O_2_CARRY4_O_S_1  Net         151             (fanout=1)       1229                     -                                                                                                                                                            
   RBB_8/A1                                                                                RBB_6L        8  [TILE 0 0, RBB 13 14]          -     r            6815                                                                                                                                                            
   RBB_8/DMUX                                                                              RBB_6L        8  [TILE 0 0, RBB 13 14]       1342     r            8157     {inst60: r_Clock_Count_FDRE_Q_9_D_LUT6_O_I4_CARRY4_O_CI_CARRY4_CO_CI_CARRY4_CO_O_2_CARRY4_O (CARRY4)}                                                  
   r_Clock_Count_FDRE_Q_9_D_LUT6_O_I4_CARRY4_O_CI_CARRY4_CO_CI_CARRY4_CO_O_2[5]            Net          80            (fanout=13)       1007                     -                                                                                                                                                            
   RBB_13/C6                                                                               RBB_6L       13  [TILE 0 0, RBB 10 16]          -     r            9164     {inst74: r_Clock_Count_FDRE_Q_9_D_LUT6_O_I4_CARRY4_O_CI_CARRY4_CO_O_2_LUT6_I3 (LUT,site=clut,cluto)} {inst42: r_Clock_Count_FDRE_Q_12 (FDRE,site=cff)} 
   -----------------------------------------------------------------------------------------------------------------------------------------------------------------------------------------------------------------------------------------------------------------------------------------------------------------------------
   RBB_13/CLK                                                                              RBB_6L       13  [TILE 0 0, RBB 10 16]        740     r            9904                                                                                                                                                            
   clk_BUFG_I_O                                                                            Clock net    82           (fanout=519)      -2476                     -                                                                                                                                                            
   clk                                                                                     CLOCK-PORT    -                      -    capture     r            7428                                                                                                                                                            
   -----------------------------------------------------------------------------------------------------------------------------------------------------------------------------------------------------------------------------------------------------------------------------------------------------------------------------


Path 272:
   Slack (met):                             12430ps
     Path type:                               SETUP
     Group:                               <DEFAULT>
     Launching clock:                           clk (rising edge)
     Capturing clock:                           clk (rising edge)

     Requested period:                      20000ps
   + Delay of the capturing clock:           2476ps
   - Clock uncertainty:                       150ps
   = Required time:                         22326ps
   - Propagation time:                       7411ps (47.0% logic, 53.0% route, logic stage 3)
   - Delay of the launching clock:           2485ps
   = Slack:                                 12430ps

   Instance/Pin or Net Name                                                                Type         ID     Location or Fanout   Delay(ps)  Edge  Arrival Time(ps)    Instance detail                                                                                                                                               
   --------------------------------------------------------------------------------------------------------------------------------------------------------------------------------------------------------------------------------------------------------------------------------------------------------------------------------------
   clk                                                                                     CLOCK-PORT    -                      -     launch     r               0                                                                                                                                                                     
   clk_BUFG_I_O                                                                            Clock net    82           (fanout=519)       2485                     -                                                                                                                                                                     
   RBB_12/CLK                                                                              RBB_6L       12  [TILE 0 0, RBB 10 18]          -     r            2485                                                                                                                                                                     
   --------------------------------------------------------------------------------------------------------------------------------------------------------------------------------------------------------------------------------------------------------------------------------------------------------------------------------------
   RBB_12/DQ                                                                               RBB_6L       12  [TILE 0 0, RBB 10 18]        800     r            3285     {inst45: r_Clock_Count_FDRE_Q_15 (FDRE,site=dff)}                                                                                                               
   r_Clock_Count[2]                                                                        Net          10             (fanout=4)       1693                     -                                                                                                                                                                     
   RBB_18/D4                                                                               RBB_6L       18  [TILE 0 0, RBB 10 20]          -     r            4978                                                                                                                                                                     
   RBB_18/D                                                                                RBB_6L       18  [TILE 0 0, RBB 10 20]        608     r            5586     {inst69: r_Clock_Count_FDRE_Q_9_D_LUT6_O_I4_CARRY4_O_CI_CARRY4_CO_CI_CARRY4_CO_O_2_CARRY4_O_S_1_LUT6_O (LUT,site=dlut,dluto)}                                   
   r_Clock_Count_FDRE_Q_9_D_LUT6_O_I4_CARRY4_O_CI_CARRY4_CO_CI_CARRY4_CO_O_2_CARRY4_O_S_1  Net         151             (fanout=1)       1229                     -                                                                                                                                                                     
   RBB_8/A1                                                                                RBB_6L        8  [TILE 0 0, RBB 13 14]          -     r            6815                                                                                                                                                                     
   RBB_8/DMUX                                                                              RBB_6L        8  [TILE 0 0, RBB 13 14]       1342     r            8157     {inst60: r_Clock_Count_FDRE_Q_9_D_LUT6_O_I4_CARRY4_O_CI_CARRY4_CO_CI_CARRY4_CO_O_2_CARRY4_O (CARRY4)}                                                           
   r_Clock_Count_FDRE_Q_9_D_LUT6_O_I4_CARRY4_O_CI_CARRY4_CO_CI_CARRY4_CO_O_2[5]            Net          80            (fanout=13)       1007                     -                                                                                                                                                                     
   RBB_13/C6                                                                               RBB_6L       13  [TILE 0 0, RBB 10 16]          -     r            9164     {inst79: r_Clock_Count_FDRE_Q_9_D_LUT6_O_I4_CARRY4_O_CI_CARRY4_CO_O_LUT6_I3_O_LUT6_O_2 (LUT,site=dlut,dluto)} {inst46: r_Clock_Count_FDRE_Q_16 (FDRE,site=dff)} 
   --------------------------------------------------------------------------------------------------------------------------------------------------------------------------------------------------------------------------------------------------------------------------------------------------------------------------------------
   RBB_13/CLK                                                                              RBB_6L       13  [TILE 0 0, RBB 10 16]        732     r            9896                                                                                                                                                                     
   clk_BUFG_I_O                                                                            Clock net    82           (fanout=519)      -2476                     -                                                                                                                                                                     
   clk                                                                                     CLOCK-PORT    -                      -    capture     r            7420                                                                                                                                                                     
   --------------------------------------------------------------------------------------------------------------------------------------------------------------------------------------------------------------------------------------------------------------------------------------------------------------------------------------


Path 273:
   Slack (met):                             12465ps
     Path type:                               SETUP
     Group:                               <DEFAULT>
     Launching clock:                           clk (rising edge)
     Capturing clock:                           clk (rising edge)

     Requested period:                      20000ps
   + Delay of the capturing clock:           2452ps
   - Clock uncertainty:                       150ps
   = Required time:                         22302ps
   - Propagation time:                       7352ps (46.4% logic, 53.6% route, logic stage 3)
   - Delay of the launching clock:           2485ps
   = Slack:                                 12465ps

   Instance/Pin or Net Name                                                                Type         ID     Location or Fanout   Delay(ps)  Edge  Arrival Time(ps)    Instance detail                                                                                                                                    
   ---------------------------------------------------------------------------------------------------------------------------------------------------------------------------------------------------------------------------------------------------------------------------------------------------------------------------
   clk                                                                                     CLOCK-PORT    -                      -     launch     r               0                                                                                                                                                          
   clk_BUFG_I_O                                                                            Clock net    82           (fanout=519)       2485                     -                                                                                                                                                          
   RBB_12/CLK                                                                              RBB_6L       12  [TILE 0 0, RBB 10 18]          -     r            2485                                                                                                                                                          
   ---------------------------------------------------------------------------------------------------------------------------------------------------------------------------------------------------------------------------------------------------------------------------------------------------------------------------
   RBB_12/DQ                                                                               RBB_6L       12  [TILE 0 0, RBB 10 18]        800     r            3285     {inst45: r_Clock_Count_FDRE_Q_15 (FDRE,site=dff)}                                                                                                    
   r_Clock_Count[2]                                                                        Net          10             (fanout=4)       1693                     -                                                                                                                                                          
   RBB_18/D4                                                                               RBB_6L       18  [TILE 0 0, RBB 10 20]          -     r            4978                                                                                                                                                          
   RBB_18/D                                                                                RBB_6L       18  [TILE 0 0, RBB 10 20]        608     r            5586     {inst69: r_Clock_Count_FDRE_Q_9_D_LUT6_O_I4_CARRY4_O_CI_CARRY4_CO_CI_CARRY4_CO_O_2_CARRY4_O_S_1_LUT6_O (LUT,site=dlut,dluto)}                        
   r_Clock_Count_FDRE_Q_9_D_LUT6_O_I4_CARRY4_O_CI_CARRY4_CO_CI_CARRY4_CO_O_2_CARRY4_O_S_1  Net         151             (fanout=1)       1229                     -                                                                                                                                                          
   RBB_8/A1                                                                                RBB_6L        8  [TILE 0 0, RBB 13 14]          -     r            6815                                                                                                                                                          
   RBB_8/DMUX                                                                              RBB_6L        8  [TILE 0 0, RBB 13 14]       1342     r            8157     {inst60: r_Clock_Count_FDRE_Q_9_D_LUT6_O_I4_CARRY4_O_CI_CARRY4_CO_CI_CARRY4_CO_O_2_CARRY4_O (CARRY4)}                                                
   r_Clock_Count_FDRE_Q_9_D_LUT6_O_I4_CARRY4_O_CI_CARRY4_CO_CI_CARRY4_CO_O_2[5]            Net          80            (fanout=13)       1015                     -                                                                                                                                                          
   RBB_10/C6                                                                               RBB_6L       10  [TILE 0 0, RBB 13 16]          -     r            9172     {inst76: r_Clock_Count_FDRE_Q_9_D_LUT6_O_I4_CARRY4_O_CI_CARRY4_CO_O_LUT6_I3 (LUT,site=clut,cluto)} {inst40: r_Clock_Count_FDRE_Q_10 (FDRE,site=cff)} 
   ---------------------------------------------------------------------------------------------------------------------------------------------------------------------------------------------------------------------------------------------------------------------------------------------------------------------------
   RBB_10/CLK                                                                              RBB_6L       10  [TILE 0 0, RBB 13 16]        665     r            9837                                                                                                                                                          
   clk_BUFG_I_O                                                                            Clock net    82           (fanout=519)      -2452                     -                                                                                                                                                          
   clk                                                                                     CLOCK-PORT    -                      -    capture     r            7385                                                                                                                                                          
   ---------------------------------------------------------------------------------------------------------------------------------------------------------------------------------------------------------------------------------------------------------------------------------------------------------------------------


Path 281:
   Slack (met):                             12644ps
     Path type:                               SETUP
     Group:                               <DEFAULT>
     Launching clock:                           clk (rising edge)
     Capturing clock:                           clk (rising edge)

     Requested period:                      20000ps
   + Delay of the capturing clock:           2475ps
   - Clock uncertainty:                       150ps
   = Required time:                         22325ps
   - Propagation time:                       7196ps (48.5% logic, 51.5% route, logic stage 3)
   - Delay of the launching clock:           2485ps
   = Slack:                                 12644ps

   Instance/Pin or Net Name                                                                Type         ID     Location or Fanout   Delay(ps)  Edge  Arrival Time(ps)    Instance detail                                                                                                             
   ----------------------------------------------------------------------------------------------------------------------------------------------------------------------------------------------------------------------------------------------------------------------------------------------------
   clk                                                                                     CLOCK-PORT    -                      -     launch     r               0                                                                                                                                   
   clk_BUFG_I_O                                                                            Clock net    82           (fanout=519)       2485                     -                                                                                                                                   
   RBB_12/CLK                                                                              RBB_6L       12  [TILE 0 0, RBB 10 18]          -     r            2485                                                                                                                                   
   ----------------------------------------------------------------------------------------------------------------------------------------------------------------------------------------------------------------------------------------------------------------------------------------------------
   RBB_12/DQ                                                                               RBB_6L       12  [TILE 0 0, RBB 10 18]        800     r            3285     {inst45: r_Clock_Count_FDRE_Q_15 (FDRE,site=dff)}                                                                             
   r_Clock_Count[2]                                                                        Net          10             (fanout=4)       1693                     -                                                                                                                                   
   RBB_18/D4                                                                               RBB_6L       18  [TILE 0 0, RBB 10 20]          -     r            4978                                                                                                                                   
   RBB_18/D                                                                                RBB_6L       18  [TILE 0 0, RBB 10 20]        608     r            5586     {inst69: r_Clock_Count_FDRE_Q_9_D_LUT6_O_I4_CARRY4_O_CI_CARRY4_CO_CI_CARRY4_CO_O_2_CARRY4_O_S_1_LUT6_O (LUT,site=dlut,dluto)} 
   r_Clock_Count_FDRE_Q_9_D_LUT6_O_I4_CARRY4_O_CI_CARRY4_CO_CI_CARRY4_CO_O_2_CARRY4_O_S_1  Net         151             (fanout=1)       1229                     -                                                                                                                                   
   RBB_8/A1                                                                                RBB_6L        8  [TILE 0 0, RBB 13 14]          -     r            6815                                                                                                                                   
   RBB_8/DMUX                                                                              RBB_6L        8  [TILE 0 0, RBB 13 14]       1342     r            8157     {inst60: r_Clock_Count_FDRE_Q_9_D_LUT6_O_I4_CARRY4_O_CI_CARRY4_CO_CI_CARRY4_CO_O_2_CARRY4_O (CARRY4)}                         
   r_Clock_Count_FDRE_Q_9_D_LUT6_O_I4_CARRY4_O_CI_CARRY4_CO_CI_CARRY4_CO_O_2[5]            Net          80            (fanout=13)        784                     -                                                                                                                                   
   RBB_11/B6                                                                               RBB_6L       11  [TILE 0 0, RBB 10 14]          -     r            8941     {inst12: r_Bit_Index_FDRE_Q_2_D_LUT6_O (LUT,site=clut,cluto)} {inst11: r_Bit_Index_FDRE_Q_2 (FDR,site=cff)}                   
   ----------------------------------------------------------------------------------------------------------------------------------------------------------------------------------------------------------------------------------------------------------------------------------------------------
   RBB_11/CLK                                                                              RBB_6L       11  [TILE 0 0, RBB 10 14]        740     r            9681                                                                                                                                   
   clk_BUFG_I_O                                                                            Clock net    82           (fanout=519)      -2475                     -                                                                                                                                   
   clk                                                                                     CLOCK-PORT    -                      -    capture     r            7206                                                                                                                                   
   ----------------------------------------------------------------------------------------------------------------------------------------------------------------------------------------------------------------------------------------------------------------------------------------------------


Path 282:
   Slack (met):                             12644ps
     Path type:                               SETUP
     Group:                               <DEFAULT>
     Launching clock:                           clk (rising edge)
     Capturing clock:                           clk (rising edge)

     Requested period:                      20000ps
   + Delay of the capturing clock:           2475ps
   - Clock uncertainty:                       150ps
   = Required time:                         22325ps
   - Propagation time:                       7196ps (48.5% logic, 51.5% route, logic stage 3)
   - Delay of the launching clock:           2485ps
   = Slack:                                 12644ps

   Instance/Pin or Net Name                                                                Type         ID     Location or Fanout   Delay(ps)  Edge  Arrival Time(ps)    Instance detail                                                                                                             
   ----------------------------------------------------------------------------------------------------------------------------------------------------------------------------------------------------------------------------------------------------------------------------------------------------
   clk                                                                                     CLOCK-PORT    -                      -     launch     r               0                                                                                                                                   
   clk_BUFG_I_O                                                                            Clock net    82           (fanout=519)       2485                     -                                                                                                                                   
   RBB_12/CLK                                                                              RBB_6L       12  [TILE 0 0, RBB 10 18]          -     r            2485                                                                                                                                   
   ----------------------------------------------------------------------------------------------------------------------------------------------------------------------------------------------------------------------------------------------------------------------------------------------------
   RBB_12/DQ                                                                               RBB_6L       12  [TILE 0 0, RBB 10 18]        800     r            3285     {inst45: r_Clock_Count_FDRE_Q_15 (FDRE,site=dff)}                                                                             
   r_Clock_Count[2]                                                                        Net          10             (fanout=4)       1693                     -                                                                                                                                   
   RBB_18/D4                                                                               RBB_6L       18  [TILE 0 0, RBB 10 20]          -     r            4978                                                                                                                                   
   RBB_18/D                                                                                RBB_6L       18  [TILE 0 0, RBB 10 20]        608     r            5586     {inst69: r_Clock_Count_FDRE_Q_9_D_LUT6_O_I4_CARRY4_O_CI_CARRY4_CO_CI_CARRY4_CO_O_2_CARRY4_O_S_1_LUT6_O (LUT,site=dlut,dluto)} 
   r_Clock_Count_FDRE_Q_9_D_LUT6_O_I4_CARRY4_O_CI_CARRY4_CO_CI_CARRY4_CO_O_2_CARRY4_O_S_1  Net         151             (fanout=1)       1229                     -                                                                                                                                   
   RBB_8/A1                                                                                RBB_6L        8  [TILE 0 0, RBB 13 14]          -     r            6815                                                                                                                                   
   RBB_8/DMUX                                                                              RBB_6L        8  [TILE 0 0, RBB 13 14]       1342     r            8157     {inst60: r_Clock_Count_FDRE_Q_9_D_LUT6_O_I4_CARRY4_O_CI_CARRY4_CO_CI_CARRY4_CO_O_2_CARRY4_O (CARRY4)}                         
   r_Clock_Count_FDRE_Q_9_D_LUT6_O_I4_CARRY4_O_CI_CARRY4_CO_CI_CARRY4_CO_O_2[5]            Net          80            (fanout=13)        784                     -                                                                                                                                   
   RBB_11/D6                                                                               RBB_6L       11  [TILE 0 0, RBB 10 14]          -     r            8941     {inst12: r_Bit_Index_FDRE_Q_2_D_LUT6_O (LUT,site=clut,cluto)} {inst11: r_Bit_Index_FDRE_Q_2 (FDR,site=cff)}                   
   ----------------------------------------------------------------------------------------------------------------------------------------------------------------------------------------------------------------------------------------------------------------------------------------------------
   RBB_11/CLK                                                                              RBB_6L       11  [TILE 0 0, RBB 10 14]        740     r            9681                                                                                                                                   
   clk_BUFG_I_O                                                                            Clock net    82           (fanout=519)      -2475                     -                                                                                                                                   
   clk                                                                                     CLOCK-PORT    -                      -    capture     r            7206                                                                                                                                   
   ----------------------------------------------------------------------------------------------------------------------------------------------------------------------------------------------------------------------------------------------------------------------------------------------------


Path 279:
   Slack (met):                             12652ps
     Path type:                               SETUP
     Group:                               <DEFAULT>
     Launching clock:                           clk (rising edge)
     Capturing clock:                           clk (rising edge)

     Requested period:                      20000ps
   + Delay of the capturing clock:           2475ps
   - Clock uncertainty:                       150ps
   = Required time:                         22325ps
   - Propagation time:                       7188ps (48.4% logic, 51.6% route, logic stage 3)
   - Delay of the launching clock:           2485ps
   = Slack:                                 12652ps

   Instance/Pin or Net Name                                                                Type         ID     Location or Fanout   Delay(ps)  Edge  Arrival Time(ps)    Instance detail                                                                                                             
   ----------------------------------------------------------------------------------------------------------------------------------------------------------------------------------------------------------------------------------------------------------------------------------------------------
   clk                                                                                     CLOCK-PORT    -                      -     launch     r               0                                                                                                                                   
   clk_BUFG_I_O                                                                            Clock net    82           (fanout=519)       2485                     -                                                                                                                                   
   RBB_12/CLK                                                                              RBB_6L       12  [TILE 0 0, RBB 10 18]          -     r            2485                                                                                                                                   
   ----------------------------------------------------------------------------------------------------------------------------------------------------------------------------------------------------------------------------------------------------------------------------------------------------
   RBB_12/DQ                                                                               RBB_6L       12  [TILE 0 0, RBB 10 18]        800     r            3285     {inst45: r_Clock_Count_FDRE_Q_15 (FDRE,site=dff)}                                                                             
   r_Clock_Count[2]                                                                        Net          10             (fanout=4)       1693                     -                                                                                                                                   
   RBB_18/D4                                                                               RBB_6L       18  [TILE 0 0, RBB 10 20]          -     r            4978                                                                                                                                   
   RBB_18/D                                                                                RBB_6L       18  [TILE 0 0, RBB 10 20]        608     r            5586     {inst69: r_Clock_Count_FDRE_Q_9_D_LUT6_O_I4_CARRY4_O_CI_CARRY4_CO_CI_CARRY4_CO_O_2_CARRY4_O_S_1_LUT6_O (LUT,site=dlut,dluto)} 
   r_Clock_Count_FDRE_Q_9_D_LUT6_O_I4_CARRY4_O_CI_CARRY4_CO_CI_CARRY4_CO_O_2_CARRY4_O_S_1  Net         151             (fanout=1)       1229                     -                                                                                                                                   
   RBB_8/A1                                                                                RBB_6L        8  [TILE 0 0, RBB 13 14]          -     r            6815                                                                                                                                   
   RBB_8/DMUX                                                                              RBB_6L        8  [TILE 0 0, RBB 13 14]       1342     r            8157     {inst60: r_Clock_Count_FDRE_Q_9_D_LUT6_O_I4_CARRY4_O_CI_CARRY4_CO_CI_CARRY4_CO_O_2_CARRY4_O (CARRY4)}                         
   r_Clock_Count_FDRE_Q_9_D_LUT6_O_I4_CARRY4_O_CI_CARRY4_CO_CI_CARRY4_CO_O_2[5]            Net          80            (fanout=13)        784                     -                                                                                                                                   
   RBB_11/D6                                                                               RBB_6L       11  [TILE 0 0, RBB 10 14]          -     r            8941     {inst56: r_Clock_Count_FDRE_Q_9_D_LUT6_O (LUT,site=dlut,dluto)} {inst55: r_Clock_Count_FDRE_Q_9 (FDR,site=dff)}               
   ----------------------------------------------------------------------------------------------------------------------------------------------------------------------------------------------------------------------------------------------------------------------------------------------------
   RBB_11/CLK                                                                              RBB_6L       11  [TILE 0 0, RBB 10 14]        732     r            9673                                                                                                                                   
   clk_BUFG_I_O                                                                            Clock net    82           (fanout=519)      -2475                     -                                                                                                                                   
   clk                                                                                     CLOCK-PORT    -                      -    capture     r            7198                                                                                                                                   
   ----------------------------------------------------------------------------------------------------------------------------------------------------------------------------------------------------------------------------------------------------------------------------------------------------


Path 278:
   Slack (met):                             12652ps
     Path type:                               SETUP
     Group:                               <DEFAULT>
     Launching clock:                           clk (rising edge)
     Capturing clock:                           clk (rising edge)

     Requested period:                      20000ps
   + Delay of the capturing clock:           2475ps
   - Clock uncertainty:                       150ps
   = Required time:                         22325ps
   - Propagation time:                       7188ps (48.4% logic, 51.6% route, logic stage 3)
   - Delay of the launching clock:           2485ps
   = Slack:                                 12652ps

   Instance/Pin or Net Name                                                                Type         ID     Location or Fanout   Delay(ps)  Edge  Arrival Time(ps)    Instance detail                                                                                                             
   ----------------------------------------------------------------------------------------------------------------------------------------------------------------------------------------------------------------------------------------------------------------------------------------------------
   clk                                                                                     CLOCK-PORT    -                      -     launch     r               0                                                                                                                                   
   clk_BUFG_I_O                                                                            Clock net    82           (fanout=519)       2485                     -                                                                                                                                   
   RBB_12/CLK                                                                              RBB_6L       12  [TILE 0 0, RBB 10 18]          -     r            2485                                                                                                                                   
   ----------------------------------------------------------------------------------------------------------------------------------------------------------------------------------------------------------------------------------------------------------------------------------------------------
   RBB_12/DQ                                                                               RBB_6L       12  [TILE 0 0, RBB 10 18]        800     r            3285     {inst45: r_Clock_Count_FDRE_Q_15 (FDRE,site=dff)}                                                                             
   r_Clock_Count[2]                                                                        Net          10             (fanout=4)       1693                     -                                                                                                                                   
   RBB_18/D4                                                                               RBB_6L       18  [TILE 0 0, RBB 10 20]          -     r            4978                                                                                                                                   
   RBB_18/D                                                                                RBB_6L       18  [TILE 0 0, RBB 10 20]        608     r            5586     {inst69: r_Clock_Count_FDRE_Q_9_D_LUT6_O_I4_CARRY4_O_CI_CARRY4_CO_CI_CARRY4_CO_O_2_CARRY4_O_S_1_LUT6_O (LUT,site=dlut,dluto)} 
   r_Clock_Count_FDRE_Q_9_D_LUT6_O_I4_CARRY4_O_CI_CARRY4_CO_CI_CARRY4_CO_O_2_CARRY4_O_S_1  Net         151             (fanout=1)       1229                     -                                                                                                                                   
   RBB_8/A1                                                                                RBB_6L        8  [TILE 0 0, RBB 13 14]          -     r            6815                                                                                                                                   
   RBB_8/DMUX                                                                              RBB_6L        8  [TILE 0 0, RBB 13 14]       1342     r            8157     {inst60: r_Clock_Count_FDRE_Q_9_D_LUT6_O_I4_CARRY4_O_CI_CARRY4_CO_CI_CARRY4_CO_O_2_CARRY4_O (CARRY4)}                         
   r_Clock_Count_FDRE_Q_9_D_LUT6_O_I4_CARRY4_O_CI_CARRY4_CO_CI_CARRY4_CO_O_2[5]            Net          80            (fanout=13)        784                     -                                                                                                                                   
   RBB_11/B6                                                                               RBB_6L       11  [TILE 0 0, RBB 10 14]          -     r            8941     {inst56: r_Clock_Count_FDRE_Q_9_D_LUT6_O (LUT,site=dlut,dluto)} {inst55: r_Clock_Count_FDRE_Q_9 (FDR,site=dff)}               
   ----------------------------------------------------------------------------------------------------------------------------------------------------------------------------------------------------------------------------------------------------------------------------------------------------
   RBB_11/CLK                                                                              RBB_6L       11  [TILE 0 0, RBB 10 14]        732     r            9673                                                                                                                                   
   clk_BUFG_I_O                                                                            Clock net    82           (fanout=519)      -2475                     -                                                                                                                                   
   clk                                                                                     CLOCK-PORT    -                      -    capture     r            7198                                                                                                                                   
   ----------------------------------------------------------------------------------------------------------------------------------------------------------------------------------------------------------------------------------------------------------------------------------------------------


Path 284:
   Slack (met):                             12669ps
     Path type:                               SETUP
     Group:                               <DEFAULT>
     Launching clock:                           clk (rising edge)
     Capturing clock:                           clk (rising edge)

     Requested period:                      20000ps
   + Delay of the capturing clock:           2336ps
   - Clock uncertainty:                       150ps
   = Required time:                         22186ps
   - Propagation time:                       7042ps (56.7% logic, 43.3% route, logic stage 3)
   - Delay of the launching clock:           2475ps
   = Slack:                                 12669ps

   Instance/Pin or Net Name                         Type         ID     Location or Fanout   Delay(ps)  Edge  Arrival Time(ps)    Instance detail                                                                                                                          
   --------------------------------------------------------------------------------------------------------------------------------------------------------------------------------------------------------------------------------------------------------------------------
   clk                                              CLOCK-PORT    -                      -     launch     r               0                                                                                                                                                
   clk_BUFG_I_O                                     Clock net    82           (fanout=519)       2475                     -                                                                                                                                                
   RBB_11/CLK                                       RBB_6L       11  [TILE 0 0, RBB 10 14]          -     r            2475                                                                                                                                                
   --------------------------------------------------------------------------------------------------------------------------------------------------------------------------------------------------------------------------------------------------------------------------
   RBB_11/CQ                                        RBB_6L       11  [TILE 0 0, RBB 10 14]        800     r            3275     {inst11: r_Bit_Index_FDRE_Q_2 (FDR,site=cff)}                                                                                              
   r_Bit_Index[0]                                   Net          26             (fanout=7)       1341                     -                                                                                                                                                
   RBB_3/A5                                         RBB_6L        3  [TILE 0 0, RBB 13 10]          -     r            4616                                                                                                                                                
   RBB_3/BQ                                         RBB_6L        3  [TILE 0 0, RBB 13 10]       1312     r            5928     {inst16: r_Bit_Index_FDRE_Q_D_LUT2_O_I1_CARRY4_O (CARRY4)}                                                                                 
   r_Bit_Index_FDRE_Q_D_LUT2_O_I1_CARRY4_O_O_1[1]   Net          91             (fanout=6)        904                     -                                                                                                                                                
   RBB_3/D4                                         RBB_6L        3  [TILE 0 0, RBB 13 10]          -     r            6832                                                                                                                                                
   RBB_3/DMUX                                       RBB_6L        3  [TILE 0 0, RBB 13 10]        608     r            7440     {inst17: r_Bit_Index_FDRE_Q_D_LUT2_O_I1_CARRY4_O_CO_2_LUT3_O (LUT,site=dluto)}                                                             
   r_Bit_Index_FDRE_Q_D_LUT2_O_I1_CARRY4_O_CO_2[4]  Net         122             (fanout=2)        801                     -                                                                                                                                                
   RBB_19/D3                                        RBB_6L       19   [TILE 0 0, RBB 13 8]          -     r            8241     {inst26: r_Bit_Index_FDRE_Q_D_LUT2_O_I1_CARRY4_O_S_CARRY4_S_O_LUT4_I3_O_LUT4_O (LUT,site=dlut)} {inst82: r_RX_Byte_FDRE_Q (FDRE,site=dff)} 
   --------------------------------------------------------------------------------------------------------------------------------------------------------------------------------------------------------------------------------------------------------------------------
   RBB_19/CLK                                       RBB_6L       19   [TILE 0 0, RBB 13 8]       1276     r            9517                                                                                                                                                
   clk_BUFG_I_O                                     Clock net    82           (fanout=519)      -2336                     -                                                                                                                                                
   clk                                              CLOCK-PORT    -                      -    capture     r            7181                                                                                                                                                
   --------------------------------------------------------------------------------------------------------------------------------------------------------------------------------------------------------------------------------------------------------------------------


Path 283:
   Slack (met):                             12673ps
     Path type:                               SETUP
     Group:                               <DEFAULT>
     Launching clock:                           clk (rising edge)
     Capturing clock:                           clk (rising edge)

     Requested period:                      20000ps
   + Delay of the capturing clock:           2336ps
   - Clock uncertainty:                       150ps
   = Required time:                         22186ps
   - Propagation time:                       7038ps (57.2% logic, 42.8% route, logic stage 3)
   - Delay of the launching clock:           2475ps
   = Slack:                                 12673ps

   Instance/Pin or Net Name                         Type         ID     Location or Fanout   Delay(ps)  Edge  Arrival Time(ps)    Instance detail                                                                                                                              
   ------------------------------------------------------------------------------------------------------------------------------------------------------------------------------------------------------------------------------------------------------------------------------
   clk                                              CLOCK-PORT    -                      -     launch     r               0                                                                                                                                                    
   clk_BUFG_I_O                                     Clock net    82           (fanout=519)       2475                     -                                                                                                                                                    
   RBB_11/CLK                                       RBB_6L       11  [TILE 0 0, RBB 10 14]          -     r            2475                                                                                                                                                    
   ------------------------------------------------------------------------------------------------------------------------------------------------------------------------------------------------------------------------------------------------------------------------------
   RBB_11/CQ                                        RBB_6L       11  [TILE 0 0, RBB 10 14]        800     r            3275     {inst11: r_Bit_Index_FDRE_Q_2 (FDR,site=cff)}                                                                                                  
   r_Bit_Index[0]                                   Net          26             (fanout=7)       1341                     -                                                                                                                                                    
   RBB_3/A5                                         RBB_6L        3  [TILE 0 0, RBB 13 10]          -     r            4616                                                                                                                                                    
   RBB_3/BQ                                         RBB_6L        3  [TILE 0 0, RBB 13 10]       1312     r            5928     {inst16: r_Bit_Index_FDRE_Q_D_LUT2_O_I1_CARRY4_O (CARRY4)}                                                                                     
   r_Bit_Index_FDRE_Q_D_LUT2_O_I1_CARRY4_O_O_1[1]   Net          91             (fanout=6)        904                     -                                                                                                                                                    
   RBB_3/D4                                         RBB_6L        3  [TILE 0 0, RBB 13 10]          -     r            6832                                                                                                                                                    
   RBB_3/DMUX                                       RBB_6L        3  [TILE 0 0, RBB 13 10]        608     r            7440     {inst17: r_Bit_Index_FDRE_Q_D_LUT2_O_I1_CARRY4_O_CO_2_LUT3_O (LUT,site=dluto)}                                                                 
   r_Bit_Index_FDRE_Q_D_LUT2_O_I1_CARRY4_O_CO_2[4]  Net         122             (fanout=2)        765                     -                                                                                                                                                    
   RBB_19/A3                                        RBB_6L       19   [TILE 0 0, RBB 13 8]          -     r            8205     {inst32: r_Bit_Index_FDRE_Q_D_LUT2_O_I1_CARRY4_O_S_CARRY4_S_O_LUT4_I3_O_LUT5_O_1 (LUT,site=alut)} {inst86: r_RX_Byte_FDRE_Q_4 (FDRE,site=aff)} 
   ------------------------------------------------------------------------------------------------------------------------------------------------------------------------------------------------------------------------------------------------------------------------------
   RBB_19/CLK                                       RBB_6L       19   [TILE 0 0, RBB 13 8]       1308     r            9513                                                                                                                                                    
   clk_BUFG_I_O                                     Clock net    82           (fanout=519)      -2336                     -                                                                                                                                                    
   clk                                              CLOCK-PORT    -                      -    capture     r            7177                                                                                                                                                    
   ------------------------------------------------------------------------------------------------------------------------------------------------------------------------------------------------------------------------------------------------------------------------------


Path 137:
   Slack (met):                             12705ps
     Path type:                               SETUP
     Group:                               <DEFAULT>
     Launching clock:                           clk (rising edge)
     Capturing clock:                           clk (rising edge)

     Requested period:                      20000ps
   + Delay of the capturing clock:           2434ps
   - Clock uncertainty:                       150ps
   = Required time:                         22284ps
   - Propagation time:                       7130ps (47.6% logic, 52.4% route, logic stage 2)
   - Delay of the launching clock:           2449ps
   = Slack:                                 12705ps

   Instance/Pin or Net Name                                   Type         ID     Location or Fanout   Delay(ps)  Edge  Arrival Time(ps)    Instance detail                                                                                                                              
   ----------------------------------------------------------------------------------------------------------------------------------------------------------------------------------------------------------------------------------------------------------------------------------------
   clk                                                        CLOCK-PORT    -                      -     launch     r               0                                                                                                                                                    
   clk_BUFG_I_O                                               Clock net    82           (fanout=519)       2449                     -                                                                                                                                                    
   RBB_15/CLK                                                 RBB_6L       15  [TILE 0 0, RBB 13 12]          -     r            2449                                                                                                                                                    
   ----------------------------------------------------------------------------------------------------------------------------------------------------------------------------------------------------------------------------------------------------------------------------------------
   RBB_15/DMUX                                                RBB_6L       15  [TILE 0 0, RBB 13 12]       1466     r            3915     {inst10: r_Bit_Index_FDRE_Q_1 (FDRE,site=dffo)}                                                                                                
   r_Bit_Index[1]                                             Net          27             (fanout=2)       1089                     -                                                                                                                                                    
   RBB_4/B1                                                   RBB_6L        4  [TILE 0 0, RBB 16 12]          -     r            5004                                                                                                                                                    
   RBB_4/CMUX                                                 RBB_6L        4  [TILE 0 0, RBB 16 12]       1212     r            6216     {inst23: r_Bit_Index_FDRE_Q_D_LUT2_O_I1_CARRY4_O_S_CARRY4_S (CARRY4)}                                                                          
   r_Bit_Index_FDRE_Q_D_LUT2_O_I1_CARRY4_O_S_CARRY4_S_O_1[3]  Net          87             (fanout=5)       2649                     -                                                                                                                                                    
   RBB_20/B1                                                  RBB_6L       20  [TILE 0 0, RBB 16 10]          -     r            8865     {inst33: r_Bit_Index_FDRE_Q_D_LUT2_O_I1_CARRY4_O_S_CARRY4_S_O_LUT4_I3_O_LUT5_O_2 (LUT,site=blut)} {inst88: r_RX_Byte_FDRE_Q_6 (FDRE,site=bff)} 
   ----------------------------------------------------------------------------------------------------------------------------------------------------------------------------------------------------------------------------------------------------------------------------------------
   RBB_20/CLK                                                 RBB_6L       20  [TILE 0 0, RBB 16 10]        714     r            9579                                                                                                                                                    
   clk_BUFG_I_O                                               Clock net    82           (fanout=519)      -2434                     -                                                                                                                                                    
   clk                                                        CLOCK-PORT    -                      -    capture     r            7145                                                                                                                                                    
   ----------------------------------------------------------------------------------------------------------------------------------------------------------------------------------------------------------------------------------------------------------------------------------------


Path 134:
   Slack (met):                             12904ps
     Path type:                               SETUP
     Group:                               <DEFAULT>
     Launching clock:                           clk (rising edge)
     Capturing clock:                           clk (rising edge)

     Requested period:                      20000ps
   + Delay of the capturing clock:           2476ps
   - Clock uncertainty:                       150ps
   = Required time:                         22326ps
   - Propagation time:                       6960ps (52.1% logic, 47.9% route, logic stage 3)
   - Delay of the launching clock:           2462ps
   = Slack:                                 12904ps

   Instance/Pin or Net Name                                         Type         ID     Location or Fanout   Delay(ps)  Edge  Arrival Time(ps)    Instance detail                                                                                                                                      
   ------------------------------------------------------------------------------------------------------------------------------------------------------------------------------------------------------------------------------------------------------------------------------------------------------
   clk                                                              CLOCK-PORT    -                      -     launch     r               0                                                                                                                                                            
   clk_BUFG_I_O                                                     Clock net    82           (fanout=519)       2462                     -                                                                                                                                                            
   RBB_14/CLK                                                       RBB_6L       14   [TILE 0 0, RBB 7 18]          -     r            2462                                                                                                                                                            
   ------------------------------------------------------------------------------------------------------------------------------------------------------------------------------------------------------------------------------------------------------------------------------------------------------
   RBB_14/DQ                                                        RBB_6L       14   [TILE 0 0, RBB 7 18]        800     r            3262     {inst47: r_Clock_Count_FDRE_Q_17 (FDRE,site=dff)}                                                                                                      
   r_Clock_Count[0]                                                 Net           8             (fanout=4)       1469                     -                                                                                                                                                            
   RBB_5/A1                                                         RBB_6L        5  [TILE 0 0, RBB 13 18]          -     r            4731                                                                                                                                                            
   RBB_5/COUT                                                       RBB_6L        5  [TILE 0 0, RBB 13 18]       1287     r            6018     {inst59: r_Clock_Count_FDRE_Q_9_D_LUT6_O_I4_CARRY4_O_CI_CARRY4_CO_CI_CARRY4_CO (CARRY4)}                                                               
   r_Clock_Count_FDRE_Q_9_D_LUT6_O_I4_CARRY4_O_CI_CARRY4_CO_CI      Net         130             (fanout=1)          0                     -                                                                                                                                                            
   RBB_6/CIN                                                        RBB_6L        6  [TILE 0 0, RBB 16 18]          -     r            6018                                                                                                                                                            
   RBB_6/BMUX                                                       RBB_6L        6  [TILE 0 0, RBB 16 18]        653     r            6671     {inst58: r_Clock_Count_FDRE_Q_9_D_LUT6_O_I4_CARRY4_O_CI_CARRY4_CO (CARRY4)}                                                                            
   r_Clock_Count_FDRE_Q_9_D_LUT6_O_I4_CARRY4_O_CI_CARRY4_CO_O_2[3]  Net          64             (fanout=1)       1866                     -                                                                                                                                                            
   RBB_13/C1                                                        RBB_6L       13  [TILE 0 0, RBB 10 16]          -     r            8537     {inst74: r_Clock_Count_FDRE_Q_9_D_LUT6_O_I4_CARRY4_O_CI_CARRY4_CO_O_2_LUT6_I3 (LUT,site=clut,cluto)} {inst42: r_Clock_Count_FDRE_Q_12 (FDRE,site=cff)} 
   ------------------------------------------------------------------------------------------------------------------------------------------------------------------------------------------------------------------------------------------------------------------------------------------------------
   RBB_13/CLK                                                       RBB_6L       13  [TILE 0 0, RBB 10 16]        885     r            9422                                                                                                                                                            
   clk_BUFG_I_O                                                     Clock net    82           (fanout=519)      -2476                     -                                                                                                                                                            
   clk                                                              CLOCK-PORT    -                      -    capture     r            6946                                                                                                                                                            
   ------------------------------------------------------------------------------------------------------------------------------------------------------------------------------------------------------------------------------------------------------------------------------------------------------


Path 288:
   Slack (met):                             13032ps
     Path type:                               SETUP
     Group:                               <DEFAULT>
     Launching clock:                           clk (rising edge)
     Capturing clock:                           clk (rising edge)

     Requested period:                      20000ps
   + Delay of the capturing clock:           2336ps
   - Clock uncertainty:                       150ps
   = Required time:                         22186ps
   - Propagation time:                       6679ps (58.1% logic, 41.9% route, logic stage 3)
   - Delay of the launching clock:           2475ps
   = Slack:                                 13032ps

   Instance/Pin or Net Name                                   Type         ID     Location or Fanout   Delay(ps)  Edge  Arrival Time(ps)    Instance detail                                                                                                                            
   --------------------------------------------------------------------------------------------------------------------------------------------------------------------------------------------------------------------------------------------------------------------------------------
   clk                                                        CLOCK-PORT    -                      -     launch     r               0                                                                                                                                                  
   clk_BUFG_I_O                                               Clock net    82           (fanout=519)       2475                     -                                                                                                                                                  
   RBB_11/CLK                                                 RBB_6L       11  [TILE 0 0, RBB 10 14]          -     r            2475                                                                                                                                                  
   --------------------------------------------------------------------------------------------------------------------------------------------------------------------------------------------------------------------------------------------------------------------------------------
   RBB_11/CQ                                                  RBB_6L       11  [TILE 0 0, RBB 10 14]        800     r            3275     {inst11: r_Bit_Index_FDRE_Q_2 (FDR,site=cff)}                                                                                                
   r_Bit_Index[0]                                             Net          26             (fanout=7)       1341                     -                                                                                                                                                  
   RBB_3/A5                                                   RBB_6L        3  [TILE 0 0, RBB 13 10]          -     r            4616                                                                                                                                                  
   RBB_3/BQ                                                   RBB_6L        3  [TILE 0 0, RBB 13 10]       1312     r            5928     {inst16: r_Bit_Index_FDRE_Q_D_LUT2_O_I1_CARRY4_O (CARRY4)}                                                                                   
   r_Bit_Index_FDRE_Q_D_LUT2_O_I1_CARRY4_O_O_1[1]             Net          91             (fanout=6)        838                     -                                                                                                                                                  
   RBB_3/C4                                                   RBB_6L        3  [TILE 0 0, RBB 13 10]          -     r            6766                                                                                                                                                  
   RBB_3/CMUX                                                 RBB_6L        3  [TILE 0 0, RBB 13 10]        657     r            7423     {inst24: r_Bit_Index_FDRE_Q_D_LUT2_O_I1_CARRY4_O_S_CARRY4_S_O_1_LUT2_O (LUT,site=cluto)}                                                     
   r_Bit_Index_FDRE_Q_D_LUT2_O_I1_CARRY4_O_S_CARRY4_S_O_1[4]  Net          88             (fanout=2)        618                     -                                                                                                                                                  
   RBB_19/B2                                                  RBB_6L       19   [TILE 0 0, RBB 13 8]          -     r            8041     {inst31: r_Bit_Index_FDRE_Q_D_LUT2_O_I1_CARRY4_O_S_CARRY4_S_O_LUT4_I3_O_LUT5_O (LUT,site=blut)} {inst84: r_RX_Byte_FDRE_Q_2 (FDRE,site=bff)} 
   --------------------------------------------------------------------------------------------------------------------------------------------------------------------------------------------------------------------------------------------------------------------------------------
   RBB_19/CLK                                                 RBB_6L       19   [TILE 0 0, RBB 13 8]       1113     r            9154                                                                                                                                                  
   clk_BUFG_I_O                                               Clock net    82           (fanout=519)      -2336                     -                                                                                                                                                  
   clk                                                        CLOCK-PORT    -                      -    capture     r            6818                                                                                                                                                  
   --------------------------------------------------------------------------------------------------------------------------------------------------------------------------------------------------------------------------------------------------------------------------------------


Path 136:
   Slack (met):                             13100ps
     Path type:                               SETUP
     Group:                               <DEFAULT>
     Launching clock:                           clk (rising edge)
     Capturing clock:                           clk (rising edge)

     Requested period:                      20000ps
   + Delay of the capturing clock:           2462ps
   - Clock uncertainty:                       150ps
   = Required time:                         22312ps
   - Propagation time:                       6750ps (52.8% logic, 47.2% route, logic stage 3)
   - Delay of the launching clock:           2462ps
   = Slack:                                 13100ps

   Instance/Pin or Net Name                                         Type         ID     Location or Fanout   Delay(ps)  Edge  Arrival Time(ps)    Instance detail                                                                                                                                      
   ------------------------------------------------------------------------------------------------------------------------------------------------------------------------------------------------------------------------------------------------------------------------------------------------------
   clk                                                              CLOCK-PORT    -                      -     launch     r               0                                                                                                                                                            
   clk_BUFG_I_O                                                     Clock net    82           (fanout=519)       2462                     -                                                                                                                                                            
   RBB_14/CLK                                                       RBB_6L       14   [TILE 0 0, RBB 7 18]          -     r            2462                                                                                                                                                            
   ------------------------------------------------------------------------------------------------------------------------------------------------------------------------------------------------------------------------------------------------------------------------------------------------------
   RBB_14/DQ                                                        RBB_6L       14   [TILE 0 0, RBB 7 18]        800     r            3262     {inst47: r_Clock_Count_FDRE_Q_17 (FDRE,site=dff)}                                                                                                      
   r_Clock_Count[0]                                                 Net           8             (fanout=4)       1469                     -                                                                                                                                                            
   RBB_5/A1                                                         RBB_6L        5  [TILE 0 0, RBB 13 18]          -     r            4731                                                                                                                                                            
   RBB_5/COUT                                                       RBB_6L        5  [TILE 0 0, RBB 13 18]       1287     r            6018     {inst59: r_Clock_Count_FDRE_Q_9_D_LUT6_O_I4_CARRY4_O_CI_CARRY4_CO_CI_CARRY4_CO (CARRY4)}                                                               
   r_Clock_Count_FDRE_Q_9_D_LUT6_O_I4_CARRY4_O_CI_CARRY4_CO_CI      Net         130             (fanout=1)          0                     -                                                                                                                                                            
   RBB_6/CIN                                                        RBB_6L        6  [TILE 0 0, RBB 16 18]          -     r            6018                                                                                                                                                            
   RBB_6/AMUX                                                       RBB_6L        6  [TILE 0 0, RBB 16 18]        595     r            6613     {inst58: r_Clock_Count_FDRE_Q_9_D_LUT6_O_I4_CARRY4_O_CI_CARRY4_CO (CARRY4)}                                                                            
   r_Clock_Count_FDRE_Q_9_D_LUT6_O_I4_CARRY4_O_CI_CARRY4_CO_O_3[3]  Net          67             (fanout=1)       1718                     -                                                                                                                                                            
   RBB_14/C1                                                        RBB_6L       14   [TILE 0 0, RBB 7 18]          -     r            8331     {inst75: r_Clock_Count_FDRE_Q_9_D_LUT6_O_I4_CARRY4_O_CI_CARRY4_CO_O_3_LUT6_I3 (LUT,site=clut,cluto)} {inst43: r_Clock_Count_FDRE_Q_13 (FDRE,site=cff)} 
   ------------------------------------------------------------------------------------------------------------------------------------------------------------------------------------------------------------------------------------------------------------------------------------------------------
   RBB_14/CLK                                                       RBB_6L       14   [TILE 0 0, RBB 7 18]        881     r            9212                                                                                                                                                            
   clk_BUFG_I_O                                                     Clock net    82           (fanout=519)      -2462                     -                                                                                                                                                            
   clk                                                              CLOCK-PORT    -                      -    capture     r            6750                                                                                                                                                            
   ------------------------------------------------------------------------------------------------------------------------------------------------------------------------------------------------------------------------------------------------------------------------------------------------------


Path 286:
   Slack (met):                             13212ps
     Path type:                               SETUP
     Group:                               <DEFAULT>
     Launching clock:                           clk (rising edge)
     Capturing clock:                           clk (rising edge)

     Requested period:                      20000ps
   + Delay of the capturing clock:           2434ps
   - Clock uncertainty:                       150ps
   = Required time:                         22284ps
   - Propagation time:                       6597ps (52.9% logic, 47.1% route, logic stage 3)
   - Delay of the launching clock:           2475ps
   = Slack:                                 13212ps

   Instance/Pin or Net Name                                   Type         ID     Location or Fanout   Delay(ps)  Edge  Arrival Time(ps)    Instance detail                                                                                                                              
   ----------------------------------------------------------------------------------------------------------------------------------------------------------------------------------------------------------------------------------------------------------------------------------------
   clk                                                        CLOCK-PORT    -                      -     launch     r               0                                                                                                                                                    
   clk_BUFG_I_O                                               Clock net    82           (fanout=519)       2475                     -                                                                                                                                                    
   RBB_11/CLK                                                 RBB_6L       11  [TILE 0 0, RBB 10 14]          -     r            2475                                                                                                                                                    
   ----------------------------------------------------------------------------------------------------------------------------------------------------------------------------------------------------------------------------------------------------------------------------------------
   RBB_11/CQ                                                  RBB_6L       11  [TILE 0 0, RBB 10 14]        800     r            3275     {inst11: r_Bit_Index_FDRE_Q_2 (FDR,site=cff)}                                                                                                  
   r_Bit_Index[0]                                             Net          26             (fanout=7)       1341                     -                                                                                                                                                    
   RBB_3/A5                                                   RBB_6L        3  [TILE 0 0, RBB 13 10]          -     r            4616                                                                                                                                                    
   RBB_3/BQ                                                   RBB_6L        3  [TILE 0 0, RBB 13 10]       1312     r            5928     {inst16: r_Bit_Index_FDRE_Q_D_LUT2_O_I1_CARRY4_O (CARRY4)}                                                                                     
   r_Bit_Index_FDRE_Q_D_LUT2_O_I1_CARRY4_O_O_1[1]             Net          91             (fanout=6)        838                     -                                                                                                                                                    
   RBB_3/C4                                                   RBB_6L        3  [TILE 0 0, RBB 13 10]          -     r            6766                                                                                                                                                    
   RBB_3/CMUX                                                 RBB_6L        3  [TILE 0 0, RBB 13 10]        657     r            7423     {inst24: r_Bit_Index_FDRE_Q_D_LUT2_O_I1_CARRY4_O_S_CARRY4_S_O_1_LUT2_O (LUT,site=cluto)}                                                       
   r_Bit_Index_FDRE_Q_D_LUT2_O_I1_CARRY4_O_S_CARRY4_S_O_1[4]  Net          88             (fanout=2)        927                     -                                                                                                                                                    
   RBB_20/B3                                                  RBB_6L       20  [TILE 0 0, RBB 16 10]          -     r            8350     {inst33: r_Bit_Index_FDRE_Q_D_LUT2_O_I1_CARRY4_O_S_CARRY4_S_O_LUT4_I3_O_LUT5_O_2 (LUT,site=blut)} {inst88: r_RX_Byte_FDRE_Q_6 (FDRE,site=bff)} 
   ----------------------------------------------------------------------------------------------------------------------------------------------------------------------------------------------------------------------------------------------------------------------------------------
   RBB_20/CLK                                                 RBB_6L       20  [TILE 0 0, RBB 16 10]        722     r            9072                                                                                                                                                    
   clk_BUFG_I_O                                               Clock net    82           (fanout=519)      -2434                     -                                                                                                                                                    
   clk                                                        CLOCK-PORT    -                      -    capture     r            6638                                                                                                                                                    
   ----------------------------------------------------------------------------------------------------------------------------------------------------------------------------------------------------------------------------------------------------------------------------------------


Path 130:
   Slack (met):                             13351ps
     Path type:                               SETUP
     Group:                               <DEFAULT>
     Launching clock:                           clk (rising edge)
     Capturing clock:                           clk (rising edge)

     Requested period:                      20000ps
   + Delay of the capturing clock:           2485ps
   - Clock uncertainty:                       150ps
   = Required time:                         22335ps
   - Propagation time:                       6522ps (57.1% logic, 42.9% route, logic stage 3)
   - Delay of the launching clock:           2462ps
   = Slack:                                 13351ps

   Instance/Pin or Net Name                                         Type         ID     Location or Fanout   Delay(ps)  Edge  Arrival Time(ps)    Instance detail                                                                                                                                      
   ------------------------------------------------------------------------------------------------------------------------------------------------------------------------------------------------------------------------------------------------------------------------------------------------------
   clk                                                              CLOCK-PORT    -                      -     launch     r               0                                                                                                                                                            
   clk_BUFG_I_O                                                     Clock net    82           (fanout=519)       2462                     -                                                                                                                                                            
   RBB_14/CLK                                                       RBB_6L       14   [TILE 0 0, RBB 7 18]          -     r            2462                                                                                                                                                            
   ------------------------------------------------------------------------------------------------------------------------------------------------------------------------------------------------------------------------------------------------------------------------------------------------------
   RBB_14/DQ                                                        RBB_6L       14   [TILE 0 0, RBB 7 18]        800     r            3262     {inst47: r_Clock_Count_FDRE_Q_17 (FDRE,site=dff)}                                                                                                      
   r_Clock_Count[0]                                                 Net           8             (fanout=4)       1469                     -                                                                                                                                                            
   RBB_5/A1                                                         RBB_6L        5  [TILE 0 0, RBB 13 18]          -     r            4731                                                                                                                                                            
   RBB_5/COUT                                                       RBB_6L        5  [TILE 0 0, RBB 13 18]       1287     r            6018     {inst59: r_Clock_Count_FDRE_Q_9_D_LUT6_O_I4_CARRY4_O_CI_CARRY4_CO_CI_CARRY4_CO (CARRY4)}                                                               
   r_Clock_Count_FDRE_Q_9_D_LUT6_O_I4_CARRY4_O_CI_CARRY4_CO_CI      Net         130             (fanout=1)          0                     -                                                                                                                                                            
   RBB_6/CIN                                                        RBB_6L        6  [TILE 0 0, RBB 16 18]          -     r            6018                                                                                                                                                            
   RBB_6/CMUX                                                       RBB_6L        6  [TILE 0 0, RBB 16 18]        752     r            6770     {inst58: r_Clock_Count_FDRE_Q_9_D_LUT6_O_I4_CARRY4_O_CI_CARRY4_CO (CARRY4)}                                                                            
   r_Clock_Count_FDRE_Q_9_D_LUT6_O_I4_CARRY4_O_CI_CARRY4_CO_O_1[3]  Net          63             (fanout=1)       1329                     -                                                                                                                                                            
   RBB_12/C1                                                        RBB_6L       12  [TILE 0 0, RBB 10 18]          -     r            8099     {inst73: r_Clock_Count_FDRE_Q_9_D_LUT6_O_I4_CARRY4_O_CI_CARRY4_CO_O_1_LUT6_I3 (LUT,site=clut,cluto)} {inst41: r_Clock_Count_FDRE_Q_11 (FDRE,site=cff)} 
   ------------------------------------------------------------------------------------------------------------------------------------------------------------------------------------------------------------------------------------------------------------------------------------------------------
   RBB_12/CLK                                                       RBB_6L       12  [TILE 0 0, RBB 10 18]        885     r            8984                                                                                                                                                            
   clk_BUFG_I_O                                                     Clock net    82           (fanout=519)      -2485                     -                                                                                                                                                            
   clk                                                              CLOCK-PORT    -                      -    capture     r            6499                                                                                                                                                            
   ------------------------------------------------------------------------------------------------------------------------------------------------------------------------------------------------------------------------------------------------------------------------------------------------------


Path 138:
   Slack (met):                             13414ps
     Path type:                               SETUP
     Group:                               <DEFAULT>
     Launching clock:                           clk (rising edge)
     Capturing clock:                           clk (rising edge)

     Requested period:                      20000ps
   + Delay of the capturing clock:           2336ps
   - Clock uncertainty:                       150ps
   = Required time:                         22186ps
   - Propagation time:                       6323ps (62.4% logic, 37.6% route, logic stage 2)
   - Delay of the launching clock:           2449ps
   = Slack:                                 13414ps

   Instance/Pin or Net Name                                   Type         ID     Location or Fanout   Delay(ps)  Edge  Arrival Time(ps)    Instance detail                                                                                                                            
   --------------------------------------------------------------------------------------------------------------------------------------------------------------------------------------------------------------------------------------------------------------------------------------
   clk                                                        CLOCK-PORT    -                      -     launch     r               0                                                                                                                                                  
   clk_BUFG_I_O                                               Clock net    82           (fanout=519)       2449                     -                                                                                                                                                  
   RBB_15/CLK                                                 RBB_6L       15  [TILE 0 0, RBB 13 12]          -     r            2449                                                                                                                                                  
   --------------------------------------------------------------------------------------------------------------------------------------------------------------------------------------------------------------------------------------------------------------------------------------
   RBB_15/DMUX                                                RBB_6L       15  [TILE 0 0, RBB 13 12]       1466     r            3915     {inst10: r_Bit_Index_FDRE_Q_1 (FDRE,site=dffo)}                                                                                              
   r_Bit_Index[1]                                             Net          27             (fanout=2)       1089                     -                                                                                                                                                  
   RBB_4/B1                                                   RBB_6L        4  [TILE 0 0, RBB 16 12]          -     r            5004                                                                                                                                                  
   RBB_4/CMUX                                                 RBB_6L        4  [TILE 0 0, RBB 16 12]       1212     r            6216     {inst23: r_Bit_Index_FDRE_Q_D_LUT2_O_I1_CARRY4_O_S_CARRY4_S (CARRY4)}                                                                        
   r_Bit_Index_FDRE_Q_D_LUT2_O_I1_CARRY4_O_S_CARRY4_S_O_1[3]  Net          87             (fanout=5)       1287                     -                                                                                                                                                  
   RBB_19/B4                                                  RBB_6L       19   [TILE 0 0, RBB 13 8]          -     r            7503     {inst31: r_Bit_Index_FDRE_Q_D_LUT2_O_I1_CARRY4_O_S_CARRY4_S_O_LUT4_I3_O_LUT5_O (LUT,site=blut)} {inst84: r_RX_Byte_FDRE_Q_2 (FDRE,site=bff)} 
   --------------------------------------------------------------------------------------------------------------------------------------------------------------------------------------------------------------------------------------------------------------------------------------
   RBB_19/CLK                                                 RBB_6L       19   [TILE 0 0, RBB 13 8]       1269     r            8772                                                                                                                                                  
   clk_BUFG_I_O                                               Clock net    82           (fanout=519)      -2336                     -                                                                                                                                                  
   clk                                                        CLOCK-PORT    -                      -    capture     r            6436                                                                                                                                                  
   --------------------------------------------------------------------------------------------------------------------------------------------------------------------------------------------------------------------------------------------------------------------------------------


Path 131:
   Slack (met):                             13526ps
     Path type:                               SETUP
     Group:                               <DEFAULT>
     Launching clock:                           clk (rising edge)
     Capturing clock:                           clk (rising edge)

     Requested period:                      20000ps
   + Delay of the capturing clock:           2336ps
   - Clock uncertainty:                       150ps
   = Required time:                         22186ps
   - Propagation time:                       6211ps (62.0% logic, 38.0% route, logic stage 2)
   - Delay of the launching clock:           2449ps
   = Slack:                                 13526ps

   Instance/Pin or Net Name                                   Type         ID     Location or Fanout   Delay(ps)  Edge  Arrival Time(ps)    Instance detail                                                                                                                              
   ----------------------------------------------------------------------------------------------------------------------------------------------------------------------------------------------------------------------------------------------------------------------------------------
   clk                                                        CLOCK-PORT    -                      -     launch     r               0                                                                                                                                                    
   clk_BUFG_I_O                                               Clock net    82           (fanout=519)       2449                     -                                                                                                                                                    
   RBB_15/CLK                                                 RBB_6L       15  [TILE 0 0, RBB 13 12]          -     r            2449                                                                                                                                                    
   ----------------------------------------------------------------------------------------------------------------------------------------------------------------------------------------------------------------------------------------------------------------------------------------
   RBB_15/DMUX                                                RBB_6L       15  [TILE 0 0, RBB 13 12]       1466     r            3915     {inst10: r_Bit_Index_FDRE_Q_1 (FDRE,site=dffo)}                                                                                                
   r_Bit_Index[1]                                             Net          27             (fanout=2)       1089                     -                                                                                                                                                    
   RBB_4/B1                                                   RBB_6L        4  [TILE 0 0, RBB 16 12]          -     r            5004                                                                                                                                                    
   RBB_4/CMUX                                                 RBB_6L        4  [TILE 0 0, RBB 16 12]       1212     r            6216     {inst23: r_Bit_Index_FDRE_Q_D_LUT2_O_I1_CARRY4_O_S_CARRY4_S (CARRY4)}                                                                          
   r_Bit_Index_FDRE_Q_D_LUT2_O_I1_CARRY4_O_S_CARRY4_S_O_1[3]  Net          87             (fanout=5)       1274                     -                                                                                                                                                    
   RBB_19/A4                                                  RBB_6L       19   [TILE 0 0, RBB 13 8]          -     r            7490     {inst32: r_Bit_Index_FDRE_Q_D_LUT2_O_I1_CARRY4_O_S_CARRY4_S_O_LUT4_I3_O_LUT5_O_1 (LUT,site=alut)} {inst86: r_RX_Byte_FDRE_Q_4 (FDRE,site=aff)} 
   ----------------------------------------------------------------------------------------------------------------------------------------------------------------------------------------------------------------------------------------------------------------------------------------
   RBB_19/CLK                                                 RBB_6L       19   [TILE 0 0, RBB 13 8]       1170     r            8660                                                                                                                                                    
   clk_BUFG_I_O                                               Clock net    82           (fanout=519)      -2336                     -                                                                                                                                                    
   clk                                                        CLOCK-PORT    -                      -    capture     r            6324                                                                                                                                                    
   ----------------------------------------------------------------------------------------------------------------------------------------------------------------------------------------------------------------------------------------------------------------------------------------


Path 125:
   Slack (met):                             13606ps
     Path type:                               SETUP
     Group:                               <DEFAULT>
     Launching clock:                           clk (rising edge)
     Capturing clock:                           clk (rising edge)

     Requested period:                      20000ps
   + Delay of the capturing clock:           2452ps
   - Clock uncertainty:                       150ps
   = Required time:                         22302ps
   - Propagation time:                       6234ps (60.3% logic, 39.7% route, logic stage 3)
   - Delay of the launching clock:           2462ps
   = Slack:                                 13606ps

   Instance/Pin or Net Name                                       Type         ID     Location or Fanout   Delay(ps)  Edge  Arrival Time(ps)    Instance detail                                                                                                                                    
   --------------------------------------------------------------------------------------------------------------------------------------------------------------------------------------------------------------------------------------------------------------------------------------------------
   clk                                                            CLOCK-PORT    -                      -     launch     r               0                                                                                                                                                          
   clk_BUFG_I_O                                                   Clock net    82           (fanout=519)       2462                     -                                                                                                                                                          
   RBB_14/CLK                                                     RBB_6L       14   [TILE 0 0, RBB 7 18]          -     r            2462                                                                                                                                                          
   --------------------------------------------------------------------------------------------------------------------------------------------------------------------------------------------------------------------------------------------------------------------------------------------------
   RBB_14/DQ                                                      RBB_6L       14   [TILE 0 0, RBB 7 18]        800     r            3262     {inst47: r_Clock_Count_FDRE_Q_17 (FDRE,site=dff)}                                                                                                    
   r_Clock_Count[0]                                               Net           8             (fanout=4)       1469                     -                                                                                                                                                          
   RBB_5/A1                                                       RBB_6L        5  [TILE 0 0, RBB 13 18]          -     r            4731                                                                                                                                                          
   RBB_5/COUT                                                     RBB_6L        5  [TILE 0 0, RBB 13 18]       1287     r            6018     {inst59: r_Clock_Count_FDRE_Q_9_D_LUT6_O_I4_CARRY4_O_CI_CARRY4_CO_CI_CARRY4_CO (CARRY4)}                                                             
   r_Clock_Count_FDRE_Q_9_D_LUT6_O_I4_CARRY4_O_CI_CARRY4_CO_CI    Net         130             (fanout=1)          0                     -                                                                                                                                                          
   RBB_6/CIN                                                      RBB_6L        6  [TILE 0 0, RBB 16 18]          -     r            6018                                                                                                                                                          
   RBB_6/DMUX                                                     RBB_6L        6  [TILE 0 0, RBB 16 18]        790     r            6808     {inst58: r_Clock_Count_FDRE_Q_9_D_LUT6_O_I4_CARRY4_O_CI_CARRY4_CO (CARRY4)}                                                                          
   r_Clock_Count_FDRE_Q_9_D_LUT6_O_I4_CARRY4_O_CI_CARRY4_CO_O[3]  Net          42             (fanout=1)       1007                     -                                                                                                                                                          
   RBB_10/C1                                                      RBB_6L       10  [TILE 0 0, RBB 13 16]          -     r            7815     {inst76: r_Clock_Count_FDRE_Q_9_D_LUT6_O_I4_CARRY4_O_CI_CARRY4_CO_O_LUT6_I3 (LUT,site=clut,cluto)} {inst40: r_Clock_Count_FDRE_Q_10 (FDRE,site=cff)} 
   --------------------------------------------------------------------------------------------------------------------------------------------------------------------------------------------------------------------------------------------------------------------------------------------------
   RBB_10/CLK                                                     RBB_6L       10  [TILE 0 0, RBB 13 16]        881     r            8696                                                                                                                                                          
   clk_BUFG_I_O                                                   Clock net    82           (fanout=519)      -2452                     -                                                                                                                                                          
   clk                                                            CLOCK-PORT    -                      -    capture     r            6244                                                                                                                                                          
   --------------------------------------------------------------------------------------------------------------------------------------------------------------------------------------------------------------------------------------------------------------------------------------------------


Path 254:
   Slack (met):                             13789ps
     Path type:                               SETUP
     Group:                               <DEFAULT>
     Launching clock:                           clk (rising edge)
     Capturing clock:                           clk (rising edge)

     Requested period:                      20000ps
   + Delay of the capturing clock:           2449ps
   - Clock uncertainty:                       150ps
   = Required time:                         22299ps
   - Propagation time:                       6061ps (25.8% logic, 74.2% route, logic stage 1)
   - Delay of the launching clock:           2449ps
   = Slack:                                 13789ps

   Instance/Pin or Net Name   Type         ID     Location or Fanout   Delay(ps)  Edge  Arrival Time(ps)    Instance detail                                                                                                     
   -------------------------------------------------------------------------------------------------------------------------------------------------------------------------------------------------------------------------------
   clk                        CLOCK-PORT    -                      -     launch     r               0                                                                                                                           
   clk_BUFG_I_O               Clock net    82           (fanout=519)       2449                     -                                                                                                                           
   RBB_8/CLK                  RBB_6L        8  [TILE 0 0, RBB 13 14]          -     r            2449                                                                                                                           
   -------------------------------------------------------------------------------------------------------------------------------------------------------------------------------------------------------------------------------
   RBB_8/DQ                   RBB_6L        8  [TILE 0 0, RBB 13 14]        800     r            3249     {inst98: r_SM_Main_FDRE_Q (FD,site=dff)}                                                                              
   r_SM_Main[4]               Net          39            (fanout=15)       4497                     -                                                                                                                           
   RBB_8/D1                   RBB_6L        8  [TILE 0 0, RBB 13 14]          -     r            7746     {inst20: r_Bit_Index_FDRE_Q_D_LUT2_O_I1_CARRY4_O_O_LUT5_I3 (LUT,site=dluto)} {inst98: r_SM_Main_FDRE_Q (FD,site=dff)} 
   -------------------------------------------------------------------------------------------------------------------------------------------------------------------------------------------------------------------------------
   RBB_8/CLK                  RBB_6L        8  [TILE 0 0, RBB 13 14]        764     r            8510                                                                                                                           
   clk_BUFG_I_O               Clock net    82           (fanout=519)      -2449                     -                                                                                                                           
   clk                        CLOCK-PORT    -                      -    capture     r            6061                                                                                                                           
   -------------------------------------------------------------------------------------------------------------------------------------------------------------------------------------------------------------------------------


Path 493:
   Slack (met):                             13875ps
     Path type:                               SETUP
     Group:                               <DEFAULT>
     Launching clock:                           clk (rising edge)
     Capturing clock:                           clk (rising edge)

     Requested period:                      20000ps
   + Delay of the capturing clock:           2443ps
   - Clock uncertainty:                       150ps
   = Required time:                         22293ps
   - Propagation time:                       5969ps (50.5% logic, 49.5% route, logic stage 2)
   - Delay of the launching clock:           2449ps
   = Slack:                                 13875ps

   Instance/Pin or Net Name                      Type         ID     Location or Fanout   Delay(ps)  Edge  Arrival Time(ps)    Instance detail                                                                                                             
   ----------------------------------------------------------------------------------------------------------------------------------------------------------------------------------------------------------------------------------------------------------
   clk                                           CLOCK-PORT    -                      -     launch     r               0                                                                                                                                   
   clk_BUFG_I_O                                  Clock net    82           (fanout=519)       2449                     -                                                                                                                                   
   RBB_15/CLK                                    RBB_6L       15  [TILE 0 0, RBB 13 12]          -     r            2449                                                                                                                                   
   ----------------------------------------------------------------------------------------------------------------------------------------------------------------------------------------------------------------------------------------------------------
   RBB_15/DQ                                     RBB_6L       15  [TILE 0 0, RBB 13 12]        800     r            3249     {inst9: r_Bit_Index_FDRE_Q (FDRE,site=dff)}                                                                                   
   r_Bit_Index[2]                                Net          28             (fanout=2)       1499                     -                                                                                                                                   
   RBB_3/C1                                      RBB_6L        3  [TILE 0 0, RBB 13 10]          -     r            4748                                                                                                                                   
   RBB_3/DQ                                      RBB_6L        3  [TILE 0 0, RBB 13 10]       1291     r            6039     {inst16: r_Bit_Index_FDRE_Q_D_LUT2_O_I1_CARRY4_O (CARRY4)}                                                                    
   r_Bit_Index_FDRE_Q_D_LUT2_O_I1_CARRY4_O_O[3]  Net          34             (fanout=3)       1454                     -                                                                                                                                   
   RBB_16/D4                                     RBB_6L       16   [TILE 0 0, RBB 7 14]          -     r            7493     {inst21: r_Bit_Index_FDRE_Q_D_LUT2_O_I1_CARRY4_O_O_LUT6_I1 (LUT,site=dlut,dluto)} {inst100: r_SM_Main_FDRE_Q_2 (FD,site=dff)} 
   ----------------------------------------------------------------------------------------------------------------------------------------------------------------------------------------------------------------------------------------------------------
   RBB_16/CLK                                    RBB_6L       16   [TILE 0 0, RBB 7 14]        925     r            8418                                                                                                                                   
   clk_BUFG_I_O                                  Clock net    82           (fanout=519)      -2443                     -                                                                                                                                   
   clk                                           CLOCK-PORT    -                      -    capture     r            5975                                                                                                                                   
   ----------------------------------------------------------------------------------------------------------------------------------------------------------------------------------------------------------------------------------------------------------


Path 494:
   Slack (met):                             13903ps
     Path type:                               SETUP
     Group:                               <DEFAULT>
     Launching clock:                           clk (rising edge)
     Capturing clock:                           clk (rising edge)

     Requested period:                      20000ps
   + Delay of the capturing clock:           2449ps
   - Clock uncertainty:                       150ps
   = Required time:                         22299ps
   - Propagation time:                       5947ps (43.9% logic, 56.1% route, logic stage 2)
   - Delay of the launching clock:           2449ps
   = Slack:                                 13903ps

   Instance/Pin or Net Name                      Type         ID     Location or Fanout   Delay(ps)  Edge  Arrival Time(ps)    Instance detail                                                                                                     
   --------------------------------------------------------------------------------------------------------------------------------------------------------------------------------------------------------------------------------------------------
   clk                                           CLOCK-PORT    -                      -     launch     r               0                                                                                                                           
   clk_BUFG_I_O                                  Clock net    82           (fanout=519)       2449                     -                                                                                                                           
   RBB_15/CLK                                    RBB_6L       15  [TILE 0 0, RBB 13 12]          -     r            2449                                                                                                                           
   --------------------------------------------------------------------------------------------------------------------------------------------------------------------------------------------------------------------------------------------------
   RBB_15/DQ                                     RBB_6L       15  [TILE 0 0, RBB 13 12]        800     r            3249     {inst9: r_Bit_Index_FDRE_Q (FDRE,site=dff)}                                                                           
   r_Bit_Index[2]                                Net          28             (fanout=2)       1499                     -                                                                                                                           
   RBB_3/C1                                      RBB_6L        3  [TILE 0 0, RBB 13 10]          -     r            4748                                                                                                                           
   RBB_3/DQ                                      RBB_6L        3  [TILE 0 0, RBB 13 10]       1291     r            6039     {inst16: r_Bit_Index_FDRE_Q_D_LUT2_O_I1_CARRY4_O (CARRY4)}                                                            
   r_Bit_Index_FDRE_Q_D_LUT2_O_I1_CARRY4_O_O[3]  Net          34             (fanout=3)       1840                     -                                                                                                                           
   RBB_8/D4                                      RBB_6L        8  [TILE 0 0, RBB 13 14]          -     r            7879     {inst20: r_Bit_Index_FDRE_Q_D_LUT2_O_I1_CARRY4_O_O_LUT5_I3 (LUT,site=dluto)} {inst98: r_SM_Main_FDRE_Q (FD,site=dff)} 
   --------------------------------------------------------------------------------------------------------------------------------------------------------------------------------------------------------------------------------------------------
   RBB_8/CLK                                     RBB_6L        8  [TILE 0 0, RBB 13 14]        517     r            8396                                                                                                                           
   clk_BUFG_I_O                                  Clock net    82           (fanout=519)      -2449                     -                                                                                                                           
   clk                                           CLOCK-PORT    -                      -    capture     r            5947                                                                                                                           
   --------------------------------------------------------------------------------------------------------------------------------------------------------------------------------------------------------------------------------------------------


Path 200:
   Slack (met):                             13980ps
     Path type:                               SETUP
     Group:                               <DEFAULT>
     Launching clock:                           clk (rising edge)
     Capturing clock:                           clk (rising edge)

     Requested period:                      20000ps
   + Delay of the capturing clock:           2422ps
   - Clock uncertainty:                       150ps
   = Required time:                         22272ps
   - Propagation time:                       5843ps (35.1% logic, 64.9% route, logic stage 1)
   - Delay of the launching clock:           2449ps
   = Slack:                                 13980ps

   Instance/Pin or Net Name   Type         ID     Location or Fanout   Delay(ps)  Edge  Arrival Time(ps)    Instance detail                                                                          
   ----------------------------------------------------------------------------------------------------------------------------------------------------------------------------------------------------
   clk                        CLOCK-PORT    -                      -     launch     r               0                                                                                                
   clk_BUFG_I_O               Clock net    82           (fanout=519)       2449                     -                                                                                                
   RBB_8/CLK                  RBB_6L        8  [TILE 0 0, RBB 13 14]          -     r            2449                                                                                                
   ----------------------------------------------------------------------------------------------------------------------------------------------------------------------------------------------------
   RBB_8/DQ                   RBB_6L        8  [TILE 0 0, RBB 13 14]        800     r            3249     {inst98: r_SM_Main_FDRE_Q (FD,site=dff)}                                                   
   r_SM_Main[4]               Net          39            (fanout=15)       3792                     -                                                                                                
   RBB_22/D1                  RBB_6L       22   [TILE 0 0, RBB 16 8]          -     r            7041     {inst93: r_RX_DV_FDRE_Q_D_LUT2_O (LUT,site=dlut)} {inst91: r_RX_DV_FDRE_Q (FDRE,site=dff)} 
   ----------------------------------------------------------------------------------------------------------------------------------------------------------------------------------------------------
   RBB_22/CLK                 RBB_6L       22   [TILE 0 0, RBB 16 8]       1251     r            8292                                                                                                
   clk_BUFG_I_O               Clock net    82           (fanout=519)      -2422                     -                                                                                                
   clk                        CLOCK-PORT    -                      -    capture     r            5870                                                                                                
   ----------------------------------------------------------------------------------------------------------------------------------------------------------------------------------------------------


Path 148:
   Slack (met):                             13986ps
     Path type:                               SETUP
     Group:                               <DEFAULT>
     Launching clock:                           clk (rising edge)
     Capturing clock:                           clk (rising edge)

     Requested period:                      20000ps
   + Delay of the capturing clock:           2462ps
   - Clock uncertainty:                       150ps
   = Required time:                         22312ps
   - Propagation time:                       5990ps (39.4% logic, 60.6% route, logic stage 2)
   - Delay of the launching clock:           2336ps
   = Slack:                                 13986ps

   Instance/Pin or Net Name   Type         ID     Location or Fanout   Delay(ps)  Edge  Arrival Time(ps)    Instance detail                                       
   -----------------------------------------------------------------------------------------------------------------------------------------------------------------
   clk                        CLOCK-PORT    -                      -     launch     r               0                                                             
   clk_BUFG_I_O               Clock net    82           (fanout=519)       2336                     -                                                             
   RBB_23/CLK                 RBB_6L       23   [TILE 0 0, RBB 10 8]          -     r            2336                                                             
   -----------------------------------------------------------------------------------------------------------------------------------------------------------------
   RBB_23/DQ                  RBB_6L       23   [TILE 0 0, RBB 10 8]        800     r            3136     {inst101: r_SM_Main_FDRE_Q_3 (FD,site=dff)}             
   r_SM_Main[1]               Net          36             (fanout=5)       2384                     -                                                             
   RBB_10/A1                  RBB_6L       10  [TILE 0 0, RBB 13 16]          -     r            5520                                                             
   RBB_10/A                   RBB_6L       10  [TILE 0 0, RBB 13 16]        759     r            6279     {inst81: r_Clock_Count_FDRE_Q_CE_INV_O (LUT,site=alut)} 
   r_Clock_Count_FDRE_Q_CE    Net          77             (fanout=4)       1243                     -                                                             
   RBB_14/A6                  RBB_6L       14   [TILE 0 0, RBB 7 18]          -     r            7522     {<CE>inst43: r_Clock_Count_FDRE_Q_13 (FDRE,site=cff)}   
   -----------------------------------------------------------------------------------------------------------------------------------------------------------------
   RBB_14/CLK                 RBB_6L       14   [TILE 0 0, RBB 7 18]        804     r            8326                                                             
   clk_BUFG_I_O               Clock net    82           (fanout=519)      -2462                     -                                                             
   clk                        CLOCK-PORT    -                      -    capture     r            5864                                                             
   -----------------------------------------------------------------------------------------------------------------------------------------------------------------


Path 149:
   Slack (met):                             13986ps
     Path type:                               SETUP
     Group:                               <DEFAULT>
     Launching clock:                           clk (rising edge)
     Capturing clock:                           clk (rising edge)

     Requested period:                      20000ps
   + Delay of the capturing clock:           2462ps
   - Clock uncertainty:                       150ps
   = Required time:                         22312ps
   - Propagation time:                       5990ps (39.4% logic, 60.6% route, logic stage 2)
   - Delay of the launching clock:           2336ps
   = Slack:                                 13986ps

   Instance/Pin or Net Name   Type         ID     Location or Fanout   Delay(ps)  Edge  Arrival Time(ps)    Instance detail                                       
   -----------------------------------------------------------------------------------------------------------------------------------------------------------------
   clk                        CLOCK-PORT    -                      -     launch     r               0                                                             
   clk_BUFG_I_O               Clock net    82           (fanout=519)       2336                     -                                                             
   RBB_23/CLK                 RBB_6L       23   [TILE 0 0, RBB 10 8]          -     r            2336                                                             
   -----------------------------------------------------------------------------------------------------------------------------------------------------------------
   RBB_23/DQ                  RBB_6L       23   [TILE 0 0, RBB 10 8]        800     r            3136     {inst101: r_SM_Main_FDRE_Q_3 (FD,site=dff)}             
   r_SM_Main[1]               Net          36             (fanout=5)       2384                     -                                                             
   RBB_10/A1                  RBB_6L       10  [TILE 0 0, RBB 13 16]          -     r            5520                                                             
   RBB_10/A                   RBB_6L       10  [TILE 0 0, RBB 13 16]        759     r            6279     {inst81: r_Clock_Count_FDRE_Q_CE_INV_O (LUT,site=alut)} 
   r_Clock_Count_FDRE_Q_CE    Net          77             (fanout=4)       1243                     -                                                             
   RBB_14/A6                  RBB_6L       14   [TILE 0 0, RBB 7 18]          -     r            7522     {<CE>inst47: r_Clock_Count_FDRE_Q_17 (FDRE,site=dff)}   
   -----------------------------------------------------------------------------------------------------------------------------------------------------------------
   RBB_14/CLK                 RBB_6L       14   [TILE 0 0, RBB 7 18]        804     r            8326                                                             
   clk_BUFG_I_O               Clock net    82           (fanout=519)      -2462                     -                                                             
   clk                        CLOCK-PORT    -                      -    capture     r            5864                                                             
   -----------------------------------------------------------------------------------------------------------------------------------------------------------------


Path 492:
   Slack (met):                             13989ps
     Path type:                               SETUP
     Group:                               <DEFAULT>
     Launching clock:                           clk (rising edge)
     Capturing clock:                           clk (rising edge)

     Requested period:                      20000ps
   + Delay of the capturing clock:           2463ps
   - Clock uncertainty:                       150ps
   = Required time:                         22313ps
   - Propagation time:                       5988ps (41.5% logic, 58.5% route, logic stage 2)
   - Delay of the launching clock:           2336ps
   = Slack:                                 13989ps

   Instance/Pin or Net Name   Type         ID     Location or Fanout   Delay(ps)  Edge  Arrival Time(ps)    Instance detail                                                                                                             
   ---------------------------------------------------------------------------------------------------------------------------------------------------------------------------------------------------------------------------------------
   clk                        CLOCK-PORT    -                      -     launch     r               0                                                                                                                                   
   clk_BUFG_I_O               Clock net    82           (fanout=519)       2336                     -                                                                                                                                   
   RBB_23/CLK                 RBB_6L       23   [TILE 0 0, RBB 10 8]          -     r            2336                                                                                                                                   
   ---------------------------------------------------------------------------------------------------------------------------------------------------------------------------------------------------------------------------------------
   RBB_23/DQ                  RBB_6L       23   [TILE 0 0, RBB 10 8]        800     r            3136     {inst101: r_SM_Main_FDRE_Q_3 (FD,site=dff)}                                                                                   
   r_SM_Main[1]               Net          36             (fanout=5)       2384                     -                                                                                                                                   
   RBB_10/A1                  RBB_6L       10  [TILE 0 0, RBB 13 16]          -     r            5520                                                                                                                                   
   RBB_10/AMUX                RBB_6L       10  [TILE 0 0, RBB 13 16]        825     r            6345     {inst108: rx_sync_LUT4_I2 (LUT,site=aluto)}                                                                                   
   rx_sync_LUT4_I2_O[3]       Net          76             (fanout=1)       1120                     -                                                                                                                                   
   RBB_17/D4                  RBB_6L       17   [TILE 0 0, RBB 7 16]          -     r            7465     {inst22: r_Bit_Index_FDRE_Q_D_LUT2_O_I1_CARRY4_O_O_LUT6_I2 (LUT,site=dlut,dluto)} {inst103: r_SM_Main_FDRE_Q_4 (FD,site=dff)} 
   ---------------------------------------------------------------------------------------------------------------------------------------------------------------------------------------------------------------------------------------
   RBB_17/CLK                 RBB_6L       17   [TILE 0 0, RBB 7 16]        859     r            8324                                                                                                                                   
   clk_BUFG_I_O               Clock net    82           (fanout=519)      -2463                     -                                                                                                                                   
   clk                        CLOCK-PORT    -                      -    capture     r            5861                                                                                                                                   
   ---------------------------------------------------------------------------------------------------------------------------------------------------------------------------------------------------------------------------------------


Path 495:
   Slack (met):                             14016ps
     Path type:                               SETUP
     Group:                               <DEFAULT>
     Launching clock:                           clk (rising edge)
     Capturing clock:                           clk (rising edge)

     Requested period:                      20000ps
   + Delay of the capturing clock:           2336ps
   - Clock uncertainty:                       150ps
   = Required time:                         22186ps
   - Propagation time:                       5721ps (56.9% logic, 43.1% route, logic stage 2)
   - Delay of the launching clock:           2449ps
   = Slack:                                 14016ps

   Instance/Pin or Net Name                      Type         ID     Location or Fanout   Delay(ps)  Edge  Arrival Time(ps)    Instance detail                                                                                                                          
   -----------------------------------------------------------------------------------------------------------------------------------------------------------------------------------------------------------------------------------------------------------------------
   clk                                           CLOCK-PORT    -                      -     launch     r               0                                                                                                                                                
   clk_BUFG_I_O                                  Clock net    82           (fanout=519)       2449                     -                                                                                                                                                
   RBB_15/CLK                                    RBB_6L       15  [TILE 0 0, RBB 13 12]          -     r            2449                                                                                                                                                
   -----------------------------------------------------------------------------------------------------------------------------------------------------------------------------------------------------------------------------------------------------------------------
   RBB_15/DQ                                     RBB_6L       15  [TILE 0 0, RBB 13 12]        800     r            3249     {inst9: r_Bit_Index_FDRE_Q (FDRE,site=dff)}                                                                                                
   r_Bit_Index[2]                                Net          28             (fanout=2)       1499                     -                                                                                                                                                
   RBB_3/C1                                      RBB_6L        3  [TILE 0 0, RBB 13 10]          -     r            4748                                                                                                                                                
   RBB_3/DQ                                      RBB_6L        3  [TILE 0 0, RBB 13 10]       1291     r            6039     {inst16: r_Bit_Index_FDRE_Q_D_LUT2_O_I1_CARRY4_O (CARRY4)}                                                                                 
   r_Bit_Index_FDRE_Q_D_LUT2_O_I1_CARRY4_O_O[3]  Net          34             (fanout=3)        966                     -                                                                                                                                                
   RBB_19/D2                                     RBB_6L       19   [TILE 0 0, RBB 13 8]          -     r            7005     {inst26: r_Bit_Index_FDRE_Q_D_LUT2_O_I1_CARRY4_O_S_CARRY4_S_O_LUT4_I3_O_LUT4_O (LUT,site=dlut)} {inst82: r_RX_Byte_FDRE_Q (FDRE,site=dff)} 
   -----------------------------------------------------------------------------------------------------------------------------------------------------------------------------------------------------------------------------------------------------------------------
   RBB_19/CLK                                    RBB_6L       19   [TILE 0 0, RBB 13 8]       1165     r            8170                                                                                                                                                
   clk_BUFG_I_O                                  Clock net    82           (fanout=519)      -2336                     -                                                                                                                                                
   clk                                           CLOCK-PORT    -                      -    capture     r            5834                                                                                                                                                
   -----------------------------------------------------------------------------------------------------------------------------------------------------------------------------------------------------------------------------------------------------------------------


Path 129:
   Slack (met):                             14188ps
     Path type:                               SETUP
     Group:                               <DEFAULT>
     Launching clock:                           clk (rising edge)
     Capturing clock:                           clk (rising edge)

     Requested period:                      20000ps
   + Delay of the capturing clock:           2434ps
   - Clock uncertainty:                       150ps
   = Required time:                         22284ps
   - Propagation time:                       5647ps (61.4% logic, 38.6% route, logic stage 2)
   - Delay of the launching clock:           2449ps
   = Slack:                                 14188ps

   Instance/Pin or Net Name                                 Type         ID     Location or Fanout   Delay(ps)  Edge  Arrival Time(ps)    Instance detail                                                                                                                         
   ---------------------------------------------------------------------------------------------------------------------------------------------------------------------------------------------------------------------------------------------------------------------------------
   clk                                                      CLOCK-PORT    -                      -     launch     r               0                                                                                                                                               
   clk_BUFG_I_O                                             Clock net    82           (fanout=519)       2449                     -                                                                                                                                               
   RBB_15/CLK                                               RBB_6L       15  [TILE 0 0, RBB 13 12]          -     r            2449                                                                                                                                               
   ---------------------------------------------------------------------------------------------------------------------------------------------------------------------------------------------------------------------------------------------------------------------------------
   RBB_15/DMUX                                              RBB_6L       15  [TILE 0 0, RBB 13 12]       1466     r            3915     {inst10: r_Bit_Index_FDRE_Q_1 (FDRE,site=dffo)}                                                                                           
   r_Bit_Index[1]                                           Net          27             (fanout=2)       1089                     -                                                                                                                                               
   RBB_4/B1                                                 RBB_6L        4  [TILE 0 0, RBB 16 12]          -     r            5004                                                                                                                                               
   RBB_4/DMUX                                               RBB_6L        4  [TILE 0 0, RBB 16 12]       1169     r            6173     {inst23: r_Bit_Index_FDRE_Q_D_LUT2_O_I1_CARRY4_O_S_CARRY4_S (CARRY4)}                                                                     
   r_Bit_Index_FDRE_Q_D_LUT2_O_I1_CARRY4_O_S_CARRY4_S_O[3]  Net         150             (fanout=2)       1089                     -                                                                                                                                               
   RBB_20/D3                                                RBB_6L       20  [TILE 0 0, RBB 16 10]          -     r            7262     {inst34: r_Bit_Index_FDRE_Q_D_LUT2_O_I1_CARRY4_O_S_CARRY4_S_O_LUT6_I5 (LUT,site=dlut,dluto)} {inst85: r_RX_Byte_FDRE_Q_3 (FDRE,site=dff)} 
   ---------------------------------------------------------------------------------------------------------------------------------------------------------------------------------------------------------------------------------------------------------------------------------
   RBB_20/CLK                                               RBB_6L       20  [TILE 0 0, RBB 16 10]        834     r            8096                                                                                                                                               
   clk_BUFG_I_O                                             Clock net    82           (fanout=519)      -2434                     -                                                                                                                                               
   clk                                                      CLOCK-PORT    -                      -    capture     r            5662                                                                                                                                               
   ---------------------------------------------------------------------------------------------------------------------------------------------------------------------------------------------------------------------------------------------------------------------------------


Path 133:
   Slack (met):                             14191ps
     Path type:                               SETUP
     Group:                               <DEFAULT>
     Launching clock:                           clk (rising edge)
     Capturing clock:                           clk (rising edge)

     Requested period:                      20000ps
   + Delay of the capturing clock:           2449ps
   - Clock uncertainty:                       150ps
   = Required time:                         22299ps
   - Propagation time:                       5659ps (62.7% logic, 37.3% route, logic stage 2)
   - Delay of the launching clock:           2449ps
   = Slack:                                 14191ps

   Instance/Pin or Net Name           Type         ID     Location or Fanout   Delay(ps)  Edge  Arrival Time(ps)    Instance detail                                                                                 
   -------------------------------------------------------------------------------------------------------------------------------------------------------------------------------------------------------------------
   clk                                CLOCK-PORT    -                      -     launch     r               0                                                                                                       
   clk_BUFG_I_O                       Clock net    82           (fanout=519)       2449                     -                                                                                                       
   RBB_15/CLK                         RBB_6L       15  [TILE 0 0, RBB 13 12]          -     r            2449                                                                                                       
   -------------------------------------------------------------------------------------------------------------------------------------------------------------------------------------------------------------------
   RBB_15/DMUX                        RBB_6L       15  [TILE 0 0, RBB 13 12]       1466     r            3915     {inst10: r_Bit_Index_FDRE_Q_1 (FDRE,site=dffo)}                                                   
   r_Bit_Index[1]                     Net          27             (fanout=2)        821                     -                                                                                                       
   RBB_3/B1                           RBB_6L        3  [TILE 0 0, RBB 13 10]          -     r            4736                                                                                                       
   RBB_3/CQ                           RBB_6L        3  [TILE 0 0, RBB 13 10]       1226     r            5962     {inst16: r_Bit_Index_FDRE_Q_D_LUT2_O_I1_CARRY4_O (CARRY4)}                                        
   r_Bit_Index_FDRE_Q_D_LUT2_O_I1[1]  Net         110             (fanout=1)       1287                     -                                                                                                       
   RBB_15/D1                          RBB_6L       15  [TILE 0 0, RBB 13 12]          -     r            7249     {inst14: r_Bit_Index_FDRE_Q_D_LUT2_O (LUT,site=dlut)} {inst9: r_Bit_Index_FDRE_Q (FDRE,site=dff)} 
   -------------------------------------------------------------------------------------------------------------------------------------------------------------------------------------------------------------------
   RBB_15/CLK                         RBB_6L       15  [TILE 0 0, RBB 13 12]        859     r            8108                                                                                                       
   clk_BUFG_I_O                       Clock net    82           (fanout=519)      -2449                     -                                                                                                       
   clk                                CLOCK-PORT    -                      -    capture     r            5659                                                                                                       
   -------------------------------------------------------------------------------------------------------------------------------------------------------------------------------------------------------------------


Path 126:
   Slack (met):                             14256ps
     Path type:                               SETUP
     Group:                               <DEFAULT>
     Launching clock:                           clk (rising edge)
     Capturing clock:                           clk (rising edge)

     Requested period:                      20000ps
   + Delay of the capturing clock:           2434ps
   - Clock uncertainty:                       150ps
   = Required time:                         22284ps
   - Propagation time:                       5579ps (61.2% logic, 38.8% route, logic stage 2)
   - Delay of the launching clock:           2449ps
   = Slack:                                 14256ps

   Instance/Pin or Net Name                                 Type         ID     Location or Fanout   Delay(ps)  Edge  Arrival Time(ps)    Instance detail                                                                                                                   
   ---------------------------------------------------------------------------------------------------------------------------------------------------------------------------------------------------------------------------------------------------------------------------
   clk                                                      CLOCK-PORT    -                      -     launch     r               0                                                                                                                                         
   clk_BUFG_I_O                                             Clock net    82           (fanout=519)       2449                     -                                                                                                                                         
   RBB_15/CLK                                               RBB_6L       15  [TILE 0 0, RBB 13 12]          -     r            2449                                                                                                                                         
   ---------------------------------------------------------------------------------------------------------------------------------------------------------------------------------------------------------------------------------------------------------------------------
   RBB_15/DMUX                                              RBB_6L       15  [TILE 0 0, RBB 13 12]       1466     r            3915     {inst10: r_Bit_Index_FDRE_Q_1 (FDRE,site=dffo)}                                                                                     
   r_Bit_Index[1]                                           Net          27             (fanout=2)       1089                     -                                                                                                                                         
   RBB_4/B1                                                 RBB_6L        4  [TILE 0 0, RBB 16 12]          -     r            5004                                                                                                                                         
   RBB_4/DMUX                                               RBB_6L        4  [TILE 0 0, RBB 16 12]       1169     r            6173     {inst23: r_Bit_Index_FDRE_Q_D_LUT2_O_I1_CARRY4_O_S_CARRY4_S (CARRY4)}                                                               
   r_Bit_Index_FDRE_Q_D_LUT2_O_I1_CARRY4_O_S_CARRY4_S_O[3]  Net         150             (fanout=2)       1077                     -                                                                                                                                         
   RBB_20/A3                                                RBB_6L       20  [TILE 0 0, RBB 16 10]          -     r            7250     {inst25: r_Bit_Index_FDRE_Q_D_LUT2_O_I1_CARRY4_O_S_CARRY4_S_O_LUT4_I3 (LUT,site=alut)} {inst89: r_RX_Byte_FDRE_Q_7 (FDRE,site=aff)} 
   ---------------------------------------------------------------------------------------------------------------------------------------------------------------------------------------------------------------------------------------------------------------------------
   RBB_20/CLK                                               RBB_6L       20  [TILE 0 0, RBB 16 10]        778     r            8028                                                                                                                                         
   clk_BUFG_I_O                                             Clock net    82           (fanout=519)      -2434                     -                                                                                                                                         
   clk                                                      CLOCK-PORT    -                      -    capture     r            5594                                                                                                                                         
   ---------------------------------------------------------------------------------------------------------------------------------------------------------------------------------------------------------------------------------------------------------------------------


Path 132:
   Slack (met):                             14265ps
     Path type:                               SETUP
     Group:                               <DEFAULT>
     Launching clock:                           clk (rising edge)
     Capturing clock:                           clk (rising edge)

     Requested period:                      20000ps
   + Delay of the capturing clock:           2336ps
   - Clock uncertainty:                       150ps
   = Required time:                         22186ps
   - Propagation time:                       5472ps (72.2% logic, 27.8% route, logic stage 2)
   - Delay of the launching clock:           2449ps
   = Slack:                                 14265ps

   Instance/Pin or Net Name                         Type         ID     Location or Fanout   Delay(ps)  Edge  Arrival Time(ps)    Instance detail                                                                                                                              
   ------------------------------------------------------------------------------------------------------------------------------------------------------------------------------------------------------------------------------------------------------------------------------
   clk                                              CLOCK-PORT    -                      -     launch     r               0                                                                                                                                                    
   clk_BUFG_I_O                                     Clock net    82           (fanout=519)       2449                     -                                                                                                                                                    
   RBB_15/CLK                                       RBB_6L       15  [TILE 0 0, RBB 13 12]          -     r            2449                                                                                                                                                    
   ------------------------------------------------------------------------------------------------------------------------------------------------------------------------------------------------------------------------------------------------------------------------------
   RBB_15/DMUX                                      RBB_6L       15  [TILE 0 0, RBB 13 12]       1466     r            3915     {inst10: r_Bit_Index_FDRE_Q_1 (FDRE,site=dffo)}                                                                                                
   r_Bit_Index[1]                                   Net          27             (fanout=2)        821                     -                                                                                                                                                    
   RBB_3/B1                                         RBB_6L        3  [TILE 0 0, RBB 13 10]          -     r            4736                                                                                                                                                    
   RBB_3/BMUX                                       RBB_6L        3  [TILE 0 0, RBB 13 10]       1192     r            5928     {inst16: r_Bit_Index_FDRE_Q_D_LUT2_O_I1_CARRY4_O (CARRY4)}                                                                                     
   r_Bit_Index_FDRE_Q_D_LUT2_O_I1_CARRY4_O_CO_2[2]  Net         121             (fanout=1)        701                     -                                                                                                                                                    
   RBB_19/A2                                        RBB_6L       19   [TILE 0 0, RBB 13 8]          -     r            6629     {inst32: r_Bit_Index_FDRE_Q_D_LUT2_O_I1_CARRY4_O_S_CARRY4_S_O_LUT4_I3_O_LUT5_O_1 (LUT,site=alut)} {inst86: r_RX_Byte_FDRE_Q_4 (FDRE,site=aff)} 
   ------------------------------------------------------------------------------------------------------------------------------------------------------------------------------------------------------------------------------------------------------------------------------
   RBB_19/CLK                                       RBB_6L       19   [TILE 0 0, RBB 13 8]       1292     r            7921                                                                                                                                                    
   clk_BUFG_I_O                                     Clock net    82           (fanout=519)      -2336                     -                                                                                                                                                    
   clk                                              CLOCK-PORT    -                      -    capture     r            5585                                                                                                                                                    
   ------------------------------------------------------------------------------------------------------------------------------------------------------------------------------------------------------------------------------------------------------------------------------


Path 289:
   Slack (met):                             14302ps
     Path type:                               SETUP
     Group:                               <DEFAULT>
     Launching clock:                           clk (rising edge)
     Capturing clock:                           clk (rising edge)

     Requested period:                      20000ps
   + Delay of the capturing clock:           2449ps
   - Clock uncertainty:                       150ps
   = Required time:                         22299ps
   - Propagation time:                       5522ps (55.0% logic, 45.0% route, logic stage 2)
   - Delay of the launching clock:           2475ps
   = Slack:                                 14302ps

   Instance/Pin or Net Name                        Type         ID     Location or Fanout   Delay(ps)  Edge  Arrival Time(ps)    Instance detail                                                                                        
   ---------------------------------------------------------------------------------------------------------------------------------------------------------------------------------------------------------------------------------------
   clk                                             CLOCK-PORT    -                      -     launch     r               0                                                                                                              
   clk_BUFG_I_O                                    Clock net    82           (fanout=519)       2475                     -                                                                                                              
   RBB_11/CLK                                      RBB_6L       11  [TILE 0 0, RBB 10 14]          -     r            2475                                                                                                              
   ---------------------------------------------------------------------------------------------------------------------------------------------------------------------------------------------------------------------------------------
   RBB_11/CQ                                       RBB_6L       11  [TILE 0 0, RBB 10 14]        800     r            3275     {inst11: r_Bit_Index_FDRE_Q_2 (FDR,site=cff)}                                                            
   r_Bit_Index[0]                                  Net          26             (fanout=7)       1341                     -                                                                                                              
   RBB_3/A5                                        RBB_6L        3  [TILE 0 0, RBB 13 10]          -     r            4616                                                                                                              
   RBB_3/BQ                                        RBB_6L        3  [TILE 0 0, RBB 13 10]       1312     r            5928     {inst16: r_Bit_Index_FDRE_Q_D_LUT2_O_I1_CARRY4_O (CARRY4)}                                               
   r_Bit_Index_FDRE_Q_D_LUT2_O_I1_CARRY4_O_O_1[1]  Net          91             (fanout=6)       1144                     -                                                                                                              
   RBB_15/D2                                       RBB_6L       15  [TILE 0 0, RBB 13 12]          -     r            7072     {inst15: r_Bit_Index_FDRE_Q_D_LUT2_O_1 (LUT,site=dluto)} {inst10: r_Bit_Index_FDRE_Q_1 (FDRE,site=dffo)} 
   ---------------------------------------------------------------------------------------------------------------------------------------------------------------------------------------------------------------------------------------
   RBB_15/CLK                                      RBB_6L       15  [TILE 0 0, RBB 13 12]        925     r            7997                                                                                                              
   clk_BUFG_I_O                                    Clock net    82           (fanout=519)      -2449                     -                                                                                                              
   clk                                             CLOCK-PORT    -                      -    capture     r            5548                                                                                                              
   ---------------------------------------------------------------------------------------------------------------------------------------------------------------------------------------------------------------------------------------


Path 143:
   Slack (met):                             14324ps
     Path type:                               SETUP
     Group:                               <DEFAULT>
     Launching clock:                           clk (rising edge)
     Capturing clock:                           clk (rising edge)

     Requested period:                      20000ps
   + Delay of the capturing clock:           2485ps
   - Clock uncertainty:                       150ps
   = Required time:                         22335ps
   - Propagation time:                       5549ps (52.4% logic, 47.6% route, logic stage 2)
   - Delay of the launching clock:           2462ps
   = Slack:                                 14324ps

   Instance/Pin or Net Name                                                      Type         ID     Location or Fanout   Delay(ps)  Edge  Arrival Time(ps)    Instance detail                                                                                                                                               
   ----------------------------------------------------------------------------------------------------------------------------------------------------------------------------------------------------------------------------------------------------------------------------------------------------------------------------
   clk                                                                           CLOCK-PORT    -                      -     launch     r               0                                                                                                                                                                     
   clk_BUFG_I_O                                                                  Clock net    82           (fanout=519)       2462                     -                                                                                                                                                                     
   RBB_14/CLK                                                                    RBB_6L       14   [TILE 0 0, RBB 7 18]          -     r            2462                                                                                                                                                                     
   ----------------------------------------------------------------------------------------------------------------------------------------------------------------------------------------------------------------------------------------------------------------------------------------------------------------------------
   RBB_14/DQ                                                                     RBB_6L       14   [TILE 0 0, RBB 7 18]        800     r            3262     {inst47: r_Clock_Count_FDRE_Q_17 (FDRE,site=dff)}                                                                                                               
   r_Clock_Count[0]                                                              Net           8             (fanout=4)       1469                     -                                                                                                                                                                     
   RBB_5/A1                                                                      RBB_6L        5  [TILE 0 0, RBB 13 18]          -     r            4731                                                                                                                                                                     
   RBB_5/CMUX                                                                    RBB_6L        5  [TILE 0 0, RBB 13 18]       1293     r            6024     {inst59: r_Clock_Count_FDRE_Q_9_D_LUT6_O_I4_CARRY4_O_CI_CARRY4_CO_CI_CARRY4_CO (CARRY4)}                                                                        
   r_Clock_Count_FDRE_Q_9_D_LUT6_O_I4_CARRY4_O_CI_CARRY4_CO_CI_CARRY4_CO_O_1[3]  Net          72             (fanout=1)       1174                     -                                                                                                                                                                     
   RBB_12/D1                                                                     RBB_6L       12  [TILE 0 0, RBB 10 18]          -     r            7198     {inst78: r_Clock_Count_FDRE_Q_9_D_LUT6_O_I4_CARRY4_O_CI_CARRY4_CO_O_LUT6_I3_O_LUT6_O_1 (LUT,site=dlut,dluto)} {inst45: r_Clock_Count_FDRE_Q_15 (FDRE,site=dff)} 
   ----------------------------------------------------------------------------------------------------------------------------------------------------------------------------------------------------------------------------------------------------------------------------------------------------------------------------
   RBB_12/CLK                                                                    RBB_6L       12  [TILE 0 0, RBB 10 18]        813     r            8011                                                                                                                                                                     
   clk_BUFG_I_O                                                                  Clock net    82           (fanout=519)      -2485                     -                                                                                                                                                                     
   clk                                                                           CLOCK-PORT    -                      -    capture     r            5526                                                                                                                                                                     
   ----------------------------------------------------------------------------------------------------------------------------------------------------------------------------------------------------------------------------------------------------------------------------------------------------------------------------


Path 290:
   Slack (met):                             14399ps
     Path type:                               SETUP
     Group:                               <DEFAULT>
     Launching clock:                           clk (rising edge)
     Capturing clock:                           clk (rising edge)

     Requested period:                      20000ps
   + Delay of the capturing clock:           2434ps
   - Clock uncertainty:                       150ps
   = Required time:                         22284ps
   - Propagation time:                       5410ps (52.1% logic, 47.9% route, logic stage 2)
   - Delay of the launching clock:           2475ps
   = Slack:                                 14399ps

   Instance/Pin or Net Name                        Type         ID     Location or Fanout   Delay(ps)  Edge  Arrival Time(ps)    Instance detail                                                                                                                         
   ------------------------------------------------------------------------------------------------------------------------------------------------------------------------------------------------------------------------------------------------------------------------
   clk                                             CLOCK-PORT    -                      -     launch     r               0                                                                                                                                               
   clk_BUFG_I_O                                    Clock net    82           (fanout=519)       2475                     -                                                                                                                                               
   RBB_11/CLK                                      RBB_6L       11  [TILE 0 0, RBB 10 14]          -     r            2475                                                                                                                                               
   ------------------------------------------------------------------------------------------------------------------------------------------------------------------------------------------------------------------------------------------------------------------------
   RBB_11/CQ                                       RBB_6L       11  [TILE 0 0, RBB 10 14]        800     r            3275     {inst11: r_Bit_Index_FDRE_Q_2 (FDR,site=cff)}                                                                                             
   r_Bit_Index[0]                                  Net          26             (fanout=7)       1341                     -                                                                                                                                               
   RBB_3/A5                                        RBB_6L        3  [TILE 0 0, RBB 13 10]          -     r            4616                                                                                                                                               
   RBB_3/BQ                                        RBB_6L        3  [TILE 0 0, RBB 13 10]       1312     r            5928     {inst16: r_Bit_Index_FDRE_Q_D_LUT2_O_I1_CARRY4_O (CARRY4)}                                                                                
   r_Bit_Index_FDRE_Q_D_LUT2_O_I1_CARRY4_O_O_1[1]  Net          91             (fanout=6)       1253                     -                                                                                                                                               
   RBB_20/D6                                       RBB_6L       20  [TILE 0 0, RBB 16 10]          -     r            7181     {inst34: r_Bit_Index_FDRE_Q_D_LUT2_O_I1_CARRY4_O_S_CARRY4_S_O_LUT6_I5 (LUT,site=dlut,dluto)} {inst85: r_RX_Byte_FDRE_Q_3 (FDRE,site=dff)} 
   ------------------------------------------------------------------------------------------------------------------------------------------------------------------------------------------------------------------------------------------------------------------------
   RBB_20/CLK                                      RBB_6L       20  [TILE 0 0, RBB 16 10]        704     r            7885                                                                                                                                               
   clk_BUFG_I_O                                    Clock net    82           (fanout=519)      -2434                     -                                                                                                                                               
   clk                                             CLOCK-PORT    -                      -    capture     r            5451                                                                                                                                               
   ------------------------------------------------------------------------------------------------------------------------------------------------------------------------------------------------------------------------------------------------------------------------


Path 157:
   Slack (met):                             14440ps
     Path type:                               SETUP
     Group:                               <DEFAULT>
     Launching clock:                           clk (rising edge)
     Capturing clock:                           clk (rising edge)

     Requested period:                      20000ps
   + Delay of the capturing clock:           2452ps
   - Clock uncertainty:                       150ps
   = Required time:                         22302ps
   - Propagation time:                       5526ps (42.8% logic, 57.2% route, logic stage 2)
   - Delay of the launching clock:           2336ps
   = Slack:                                 14440ps

   Instance/Pin or Net Name   Type         ID     Location or Fanout   Delay(ps)  Edge  Arrival Time(ps)    Instance detail                                       
   -----------------------------------------------------------------------------------------------------------------------------------------------------------------
   clk                        CLOCK-PORT    -                      -     launch     r               0                                                             
   clk_BUFG_I_O               Clock net    82           (fanout=519)       2336                     -                                                             
   RBB_23/CLK                 RBB_6L       23   [TILE 0 0, RBB 10 8]          -     r            2336                                                             
   -----------------------------------------------------------------------------------------------------------------------------------------------------------------
   RBB_23/DQ                  RBB_6L       23   [TILE 0 0, RBB 10 8]        800     r            3136     {inst101: r_SM_Main_FDRE_Q_3 (FD,site=dff)}             
   r_SM_Main[1]               Net          36             (fanout=5)       2384                     -                                                             
   RBB_10/A1                  RBB_6L       10  [TILE 0 0, RBB 13 16]          -     r            5520                                                             
   RBB_10/A                   RBB_6L       10  [TILE 0 0, RBB 13 16]        759     r            6279     {inst81: r_Clock_Count_FDRE_Q_CE_INV_O (LUT,site=alut)} 
   r_Clock_Count_FDRE_Q_CE    Net          77             (fanout=4)        779                     -                                                             
   RBB_10/A6                  RBB_6L       10  [TILE 0 0, RBB 13 16]          -     r            7058     {<CE>inst40: r_Clock_Count_FDRE_Q_10 (FDRE,site=cff)}   
   -----------------------------------------------------------------------------------------------------------------------------------------------------------------
   RBB_10/CLK                 RBB_6L       10  [TILE 0 0, RBB 13 16]        804     r            7862                                                             
   clk_BUFG_I_O               Clock net    82           (fanout=519)      -2452                     -                                                             
   clk                        CLOCK-PORT    -                      -    capture     r            5410                                                             
   -----------------------------------------------------------------------------------------------------------------------------------------------------------------


Path 155:
   Slack (met):                             14440ps
     Path type:                               SETUP
     Group:                               <DEFAULT>
     Launching clock:                           clk (rising edge)
     Capturing clock:                           clk (rising edge)

     Requested period:                      20000ps
   + Delay of the capturing clock:           2452ps
   - Clock uncertainty:                       150ps
   = Required time:                         22302ps
   - Propagation time:                       5526ps (42.8% logic, 57.2% route, logic stage 2)
   - Delay of the launching clock:           2336ps
   = Slack:                                 14440ps

   Instance/Pin or Net Name   Type         ID     Location or Fanout   Delay(ps)  Edge  Arrival Time(ps)    Instance detail                                       
   -----------------------------------------------------------------------------------------------------------------------------------------------------------------
   clk                        CLOCK-PORT    -                      -     launch     r               0                                                             
   clk_BUFG_I_O               Clock net    82           (fanout=519)       2336                     -                                                             
   RBB_23/CLK                 RBB_6L       23   [TILE 0 0, RBB 10 8]          -     r            2336                                                             
   -----------------------------------------------------------------------------------------------------------------------------------------------------------------
   RBB_23/DQ                  RBB_6L       23   [TILE 0 0, RBB 10 8]        800     r            3136     {inst101: r_SM_Main_FDRE_Q_3 (FD,site=dff)}             
   r_SM_Main[1]               Net          36             (fanout=5)       2384                     -                                                             
   RBB_10/A1                  RBB_6L       10  [TILE 0 0, RBB 13 16]          -     r            5520                                                             
   RBB_10/A                   RBB_6L       10  [TILE 0 0, RBB 13 16]        759     r            6279     {inst81: r_Clock_Count_FDRE_Q_CE_INV_O (LUT,site=alut)} 
   r_Clock_Count_FDRE_Q_CE    Net          77             (fanout=4)        779                     -                                                             
   RBB_10/A6                  RBB_6L       10  [TILE 0 0, RBB 13 16]          -     r            7058     {<CE>inst38: r_Clock_Count_FDRE_Q (FDRE,site=cffo)}     
   -----------------------------------------------------------------------------------------------------------------------------------------------------------------
   RBB_10/CLK                 RBB_6L       10  [TILE 0 0, RBB 13 16]        804     r            7862                                                             
   clk_BUFG_I_O               Clock net    82           (fanout=519)      -2452                     -                                                             
   clk                        CLOCK-PORT    -                      -    capture     r            5410                                                             
   -----------------------------------------------------------------------------------------------------------------------------------------------------------------


Path 156:
   Slack (met):                             14440ps
     Path type:                               SETUP
     Group:                               <DEFAULT>
     Launching clock:                           clk (rising edge)
     Capturing clock:                           clk (rising edge)

     Requested period:                      20000ps
   + Delay of the capturing clock:           2452ps
   - Clock uncertainty:                       150ps
   = Required time:                         22302ps
   - Propagation time:                       5526ps (42.8% logic, 57.2% route, logic stage 2)
   - Delay of the launching clock:           2336ps
   = Slack:                                 14440ps

   Instance/Pin or Net Name   Type         ID     Location or Fanout   Delay(ps)  Edge  Arrival Time(ps)    Instance detail                                       
   -----------------------------------------------------------------------------------------------------------------------------------------------------------------
   clk                        CLOCK-PORT    -                      -     launch     r               0                                                             
   clk_BUFG_I_O               Clock net    82           (fanout=519)       2336                     -                                                             
   RBB_23/CLK                 RBB_6L       23   [TILE 0 0, RBB 10 8]          -     r            2336                                                             
   -----------------------------------------------------------------------------------------------------------------------------------------------------------------
   RBB_23/DQ                  RBB_6L       23   [TILE 0 0, RBB 10 8]        800     r            3136     {inst101: r_SM_Main_FDRE_Q_3 (FD,site=dff)}             
   r_SM_Main[1]               Net          36             (fanout=5)       2384                     -                                                             
   RBB_10/A1                  RBB_6L       10  [TILE 0 0, RBB 13 16]          -     r            5520                                                             
   RBB_10/A                   RBB_6L       10  [TILE 0 0, RBB 13 16]        759     r            6279     {inst81: r_Clock_Count_FDRE_Q_CE_INV_O (LUT,site=alut)} 
   r_Clock_Count_FDRE_Q_CE    Net          77             (fanout=4)        779                     -                                                             
   RBB_10/A6                  RBB_6L       10  [TILE 0 0, RBB 13 16]          -     r            7058     {<CE>inst44: r_Clock_Count_FDRE_Q_14 (FDRE,site=dff)}   
   -----------------------------------------------------------------------------------------------------------------------------------------------------------------
   RBB_10/CLK                 RBB_6L       10  [TILE 0 0, RBB 13 16]        804     r            7862                                                             
   clk_BUFG_I_O               Clock net    82           (fanout=519)      -2452                     -                                                             
   clk                        CLOCK-PORT    -                      -    capture     r            5410                                                             
   -----------------------------------------------------------------------------------------------------------------------------------------------------------------


Path 150:
   Slack (met):                             14442ps
     Path type:                               SETUP
     Group:                               <DEFAULT>
     Launching clock:                           clk (rising edge)
     Capturing clock:                           clk (rising edge)

     Requested period:                      20000ps
   + Delay of the capturing clock:           2476ps
   - Clock uncertainty:                       150ps
   = Required time:                         22326ps
   - Propagation time:                       5548ps (42.8% logic, 57.2% route, logic stage 2)
   - Delay of the launching clock:           2336ps
   = Slack:                                 14442ps

   Instance/Pin or Net Name   Type         ID     Location or Fanout   Delay(ps)  Edge  Arrival Time(ps)    Instance detail                                       
   -----------------------------------------------------------------------------------------------------------------------------------------------------------------
   clk                        CLOCK-PORT    -                      -     launch     r               0                                                             
   clk_BUFG_I_O               Clock net    82           (fanout=519)       2336                     -                                                             
   RBB_23/CLK                 RBB_6L       23   [TILE 0 0, RBB 10 8]          -     r            2336                                                             
   -----------------------------------------------------------------------------------------------------------------------------------------------------------------
   RBB_23/DQ                  RBB_6L       23   [TILE 0 0, RBB 10 8]        800     r            3136     {inst101: r_SM_Main_FDRE_Q_3 (FD,site=dff)}             
   r_SM_Main[1]               Net          36             (fanout=5)       2384                     -                                                             
   RBB_10/A1                  RBB_6L       10  [TILE 0 0, RBB 13 16]          -     r            5520                                                             
   RBB_10/A                   RBB_6L       10  [TILE 0 0, RBB 13 16]        759     r            6279     {inst81: r_Clock_Count_FDRE_Q_CE_INV_O (LUT,site=alut)} 
   r_Clock_Count_FDRE_Q_CE    Net          77             (fanout=4)        788                     -                                                             
   RBB_13/A6                  RBB_6L       13  [TILE 0 0, RBB 10 16]          -     r            7067     {<CE>inst42: r_Clock_Count_FDRE_Q_12 (FDRE,site=cff)}   
   -----------------------------------------------------------------------------------------------------------------------------------------------------------------
   RBB_13/CLK                 RBB_6L       13  [TILE 0 0, RBB 10 16]        817     r            7884                                                             
   clk_BUFG_I_O               Clock net    82           (fanout=519)      -2476                     -                                                             
   clk                        CLOCK-PORT    -                      -    capture     r            5408                                                             
   -----------------------------------------------------------------------------------------------------------------------------------------------------------------


Path 151:
   Slack (met):                             14442ps
     Path type:                               SETUP
     Group:                               <DEFAULT>
     Launching clock:                           clk (rising edge)
     Capturing clock:                           clk (rising edge)

     Requested period:                      20000ps
   + Delay of the capturing clock:           2476ps
   - Clock uncertainty:                       150ps
   = Required time:                         22326ps
   - Propagation time:                       5548ps (42.8% logic, 57.2% route, logic stage 2)
   - Delay of the launching clock:           2336ps
   = Slack:                                 14442ps

   Instance/Pin or Net Name   Type         ID     Location or Fanout   Delay(ps)  Edge  Arrival Time(ps)    Instance detail                                       
   -----------------------------------------------------------------------------------------------------------------------------------------------------------------
   clk                        CLOCK-PORT    -                      -     launch     r               0                                                             
   clk_BUFG_I_O               Clock net    82           (fanout=519)       2336                     -                                                             
   RBB_23/CLK                 RBB_6L       23   [TILE 0 0, RBB 10 8]          -     r            2336                                                             
   -----------------------------------------------------------------------------------------------------------------------------------------------------------------
   RBB_23/DQ                  RBB_6L       23   [TILE 0 0, RBB 10 8]        800     r            3136     {inst101: r_SM_Main_FDRE_Q_3 (FD,site=dff)}             
   r_SM_Main[1]               Net          36             (fanout=5)       2384                     -                                                             
   RBB_10/A1                  RBB_6L       10  [TILE 0 0, RBB 13 16]          -     r            5520                                                             
   RBB_10/A                   RBB_6L       10  [TILE 0 0, RBB 13 16]        759     r            6279     {inst81: r_Clock_Count_FDRE_Q_CE_INV_O (LUT,site=alut)} 
   r_Clock_Count_FDRE_Q_CE    Net          77             (fanout=4)        788                     -                                                             
   RBB_13/A6                  RBB_6L       13  [TILE 0 0, RBB 10 16]          -     r            7067     {<CE>inst46: r_Clock_Count_FDRE_Q_16 (FDRE,site=dff)}   
   -----------------------------------------------------------------------------------------------------------------------------------------------------------------
   RBB_13/CLK                 RBB_6L       13  [TILE 0 0, RBB 10 16]        817     r            7884                                                             
   clk_BUFG_I_O               Clock net    82           (fanout=519)      -2476                     -                                                             
   clk                        CLOCK-PORT    -                      -    capture     r            5408                                                             
   -----------------------------------------------------------------------------------------------------------------------------------------------------------------


Path 144:
   Slack (met):                             14453ps
     Path type:                               SETUP
     Group:                               <DEFAULT>
     Launching clock:                           clk (rising edge)
     Capturing clock:                           clk (rising edge)

     Requested period:                      20000ps
   + Delay of the capturing clock:           2476ps
   - Clock uncertainty:                       150ps
   = Required time:                         22326ps
   - Propagation time:                       5411ps (53.4% logic, 46.6% route, logic stage 2)
   - Delay of the launching clock:           2462ps
   = Slack:                                 14453ps

   Instance/Pin or Net Name                                                      Type         ID     Location or Fanout   Delay(ps)  Edge  Arrival Time(ps)    Instance detail                                                                                                                                               
   ----------------------------------------------------------------------------------------------------------------------------------------------------------------------------------------------------------------------------------------------------------------------------------------------------------------------------
   clk                                                                           CLOCK-PORT    -                      -     launch     r               0                                                                                                                                                                     
   clk_BUFG_I_O                                                                  Clock net    82           (fanout=519)       2462                     -                                                                                                                                                                     
   RBB_14/CLK                                                                    RBB_6L       14   [TILE 0 0, RBB 7 18]          -     r            2462                                                                                                                                                                     
   ----------------------------------------------------------------------------------------------------------------------------------------------------------------------------------------------------------------------------------------------------------------------------------------------------------------------------
   RBB_14/DQ                                                                     RBB_6L       14   [TILE 0 0, RBB 7 18]        800     r            3262     {inst47: r_Clock_Count_FDRE_Q_17 (FDRE,site=dff)}                                                                                                               
   r_Clock_Count[0]                                                              Net           8             (fanout=4)       1469                     -                                                                                                                                                                     
   RBB_5/A1                                                                      RBB_6L        5  [TILE 0 0, RBB 13 18]          -     r            4731                                                                                                                                                                     
   RBB_5/BMUX                                                                    RBB_6L        5  [TILE 0 0, RBB 13 18]       1227     r            5958     {inst59: r_Clock_Count_FDRE_Q_9_D_LUT6_O_I4_CARRY4_O_CI_CARRY4_CO_CI_CARRY4_CO (CARRY4)}                                                                        
   r_Clock_Count_FDRE_Q_9_D_LUT6_O_I4_CARRY4_O_CI_CARRY4_CO_CI_CARRY4_CO_O_2[3]  Net          78             (fanout=1)       1054                     -                                                                                                                                                                     
   RBB_13/D1                                                                     RBB_6L       13  [TILE 0 0, RBB 10 16]          -     r            7012     {inst79: r_Clock_Count_FDRE_Q_9_D_LUT6_O_I4_CARRY4_O_CI_CARRY4_CO_O_LUT6_I3_O_LUT6_O_2 (LUT,site=dlut,dluto)} {inst46: r_Clock_Count_FDRE_Q_16 (FDRE,site=dff)} 
   ----------------------------------------------------------------------------------------------------------------------------------------------------------------------------------------------------------------------------------------------------------------------------------------------------------------------------
   RBB_13/CLK                                                                    RBB_6L       13  [TILE 0 0, RBB 10 16]        861     r            7873                                                                                                                                                                     
   clk_BUFG_I_O                                                                  Clock net    82           (fanout=519)      -2476                     -                                                                                                                                                                     
   clk                                                                           CLOCK-PORT    -                      -    capture     r            5397                                                                                                                                                                     
   ----------------------------------------------------------------------------------------------------------------------------------------------------------------------------------------------------------------------------------------------------------------------------------------------------------------------------


Path 152:
   Slack (met):                             14550ps
     Path type:                               SETUP
     Group:                               <DEFAULT>
     Launching clock:                           clk (rising edge)
     Capturing clock:                           clk (rising edge)

     Requested period:                      20000ps
   + Delay of the capturing clock:           2485ps
   - Clock uncertainty:                       150ps
   = Required time:                         22335ps
   - Propagation time:                       5449ps (43.6% logic, 56.4% route, logic stage 2)
   - Delay of the launching clock:           2336ps
   = Slack:                                 14550ps

   Instance/Pin or Net Name   Type         ID     Location or Fanout   Delay(ps)  Edge  Arrival Time(ps)    Instance detail                                       
   -----------------------------------------------------------------------------------------------------------------------------------------------------------------
   clk                        CLOCK-PORT    -                      -     launch     r               0                                                             
   clk_BUFG_I_O               Clock net    82           (fanout=519)       2336                     -                                                             
   RBB_23/CLK                 RBB_6L       23   [TILE 0 0, RBB 10 8]          -     r            2336                                                             
   -----------------------------------------------------------------------------------------------------------------------------------------------------------------
   RBB_23/DQ                  RBB_6L       23   [TILE 0 0, RBB 10 8]        800     r            3136     {inst101: r_SM_Main_FDRE_Q_3 (FD,site=dff)}             
   r_SM_Main[1]               Net          36             (fanout=5)       2384                     -                                                             
   RBB_10/A1                  RBB_6L       10  [TILE 0 0, RBB 13 16]          -     r            5520                                                             
   RBB_10/A                   RBB_6L       10  [TILE 0 0, RBB 13 16]        759     r            6279     {inst81: r_Clock_Count_FDRE_Q_CE_INV_O (LUT,site=alut)} 
   r_Clock_Count_FDRE_Q_CE    Net          77             (fanout=4)        689                     -                                                             
   RBB_12/A6                  RBB_6L       12  [TILE 0 0, RBB 10 18]          -     r            6968     {<CE>inst41: r_Clock_Count_FDRE_Q_11 (FDRE,site=cff)}   
   -----------------------------------------------------------------------------------------------------------------------------------------------------------------
   RBB_12/CLK                 RBB_6L       12  [TILE 0 0, RBB 10 18]        817     r            7785                                                             
   clk_BUFG_I_O               Clock net    82           (fanout=519)      -2485                     -                                                             
   clk                        CLOCK-PORT    -                      -    capture     r            5300                                                             
   -----------------------------------------------------------------------------------------------------------------------------------------------------------------


Path 147:
   Slack (met):                             14550ps
     Path type:                               SETUP
     Group:                               <DEFAULT>
     Launching clock:                           clk (rising edge)
     Capturing clock:                           clk (rising edge)

     Requested period:                      20000ps
   + Delay of the capturing clock:           2485ps
   - Clock uncertainty:                       150ps
   = Required time:                         22335ps
   - Propagation time:                       5449ps (43.6% logic, 56.4% route, logic stage 2)
   - Delay of the launching clock:           2336ps
   = Slack:                                 14550ps

   Instance/Pin or Net Name   Type         ID     Location or Fanout   Delay(ps)  Edge  Arrival Time(ps)    Instance detail                                       
   -----------------------------------------------------------------------------------------------------------------------------------------------------------------
   clk                        CLOCK-PORT    -                      -     launch     r               0                                                             
   clk_BUFG_I_O               Clock net    82           (fanout=519)       2336                     -                                                             
   RBB_23/CLK                 RBB_6L       23   [TILE 0 0, RBB 10 8]          -     r            2336                                                             
   -----------------------------------------------------------------------------------------------------------------------------------------------------------------
   RBB_23/DQ                  RBB_6L       23   [TILE 0 0, RBB 10 8]        800     r            3136     {inst101: r_SM_Main_FDRE_Q_3 (FD,site=dff)}             
   r_SM_Main[1]               Net          36             (fanout=5)       2384                     -                                                             
   RBB_10/A1                  RBB_6L       10  [TILE 0 0, RBB 13 16]          -     r            5520                                                             
   RBB_10/A                   RBB_6L       10  [TILE 0 0, RBB 13 16]        759     r            6279     {inst81: r_Clock_Count_FDRE_Q_CE_INV_O (LUT,site=alut)} 
   r_Clock_Count_FDRE_Q_CE    Net          77             (fanout=4)        689                     -                                                             
   RBB_12/A6                  RBB_6L       12  [TILE 0 0, RBB 10 18]          -     r            6968     {<CE>inst45: r_Clock_Count_FDRE_Q_15 (FDRE,site=dff)}   
   -----------------------------------------------------------------------------------------------------------------------------------------------------------------
   RBB_12/CLK                 RBB_6L       12  [TILE 0 0, RBB 10 18]        817     r            7785                                                             
   clk_BUFG_I_O               Clock net    82           (fanout=519)      -2485                     -                                                             
   clk                        CLOCK-PORT    -                      -    capture     r            5300                                                             
   -----------------------------------------------------------------------------------------------------------------------------------------------------------------


Path 141:
   Slack (met):                             14700ps
     Path type:                               SETUP
     Group:                               <DEFAULT>
     Launching clock:                           clk (rising edge)
     Capturing clock:                           clk (rising edge)

     Requested period:                      20000ps
   + Delay of the capturing clock:           2452ps
   - Clock uncertainty:                       150ps
   = Required time:                         22302ps
   - Propagation time:                       5140ps (58.4% logic, 41.6% route, logic stage 2)
   - Delay of the launching clock:           2462ps
   = Slack:                                 14700ps

   Instance/Pin or Net Name                                                    Type         ID     Location or Fanout   Delay(ps)  Edge  Arrival Time(ps)    Instance detail                                                                                                                                             
   ------------------------------------------------------------------------------------------------------------------------------------------------------------------------------------------------------------------------------------------------------------------------------------------------------------------------
   clk                                                                         CLOCK-PORT    -                      -     launch     r               0                                                                                                                                                                   
   clk_BUFG_I_O                                                                Clock net    82           (fanout=519)       2462                     -                                                                                                                                                                   
   RBB_14/CLK                                                                  RBB_6L       14   [TILE 0 0, RBB 7 18]          -     r            2462                                                                                                                                                                   
   ------------------------------------------------------------------------------------------------------------------------------------------------------------------------------------------------------------------------------------------------------------------------------------------------------------------------
   RBB_14/DQ                                                                   RBB_6L       14   [TILE 0 0, RBB 7 18]        800     r            3262     {inst47: r_Clock_Count_FDRE_Q_17 (FDRE,site=dff)}                                                                                                             
   r_Clock_Count[0]                                                            Net           8             (fanout=4)       1469                     -                                                                                                                                                                   
   RBB_5/A1                                                                    RBB_6L        5  [TILE 0 0, RBB 13 18]          -     r            4731                                                                                                                                                                   
   RBB_5/DMUX                                                                  RBB_6L        5  [TILE 0 0, RBB 13 18]       1342     r            6073     {inst59: r_Clock_Count_FDRE_Q_9_D_LUT6_O_I4_CARRY4_O_CI_CARRY4_CO_CI_CARRY4_CO (CARRY4)}                                                                      
   r_Clock_Count_FDRE_Q_9_D_LUT6_O_I4_CARRY4_O_CI_CARRY4_CO_CI_CARRY4_CO_O[3]  Net          41             (fanout=1)        670                     -                                                                                                                                                                   
   RBB_10/D1                                                                   RBB_6L       10  [TILE 0 0, RBB 13 16]          -     r            6743     {inst77: r_Clock_Count_FDRE_Q_9_D_LUT6_O_I4_CARRY4_O_CI_CARRY4_CO_O_LUT6_I3_O_LUT6_O (LUT,site=dlut,dluto)} {inst44: r_Clock_Count_FDRE_Q_14 (FDRE,site=dff)} 
   ------------------------------------------------------------------------------------------------------------------------------------------------------------------------------------------------------------------------------------------------------------------------------------------------------------------------
   RBB_10/CLK                                                                  RBB_6L       10  [TILE 0 0, RBB 13 16]        859     r            7602                                                                                                                                                                   
   clk_BUFG_I_O                                                                Clock net    82           (fanout=519)      -2452                     -                                                                                                                                                                   
   clk                                                                         CLOCK-PORT    -                      -    capture     r            5150                                                                                                                                                                   
   ------------------------------------------------------------------------------------------------------------------------------------------------------------------------------------------------------------------------------------------------------------------------------------------------------------------------


Path 228:
   Slack (met):                             14864ps
     Path type:                               SETUP
     Group:                               <DEFAULT>
     Launching clock:                           clk (rising edge)
     Capturing clock:                           clk (rising edge)

     Requested period:                      20000ps
   + Delay of the capturing clock:           2475ps
   - Clock uncertainty:                       150ps
   = Required time:                         22325ps
   - Propagation time:                       5125ps (32.9% logic, 67.1% route, logic stage 1)
   - Delay of the launching clock:           2336ps
   = Slack:                                 14864ps

   Instance/Pin or Net Name   Type         ID     Location or Fanout   Delay(ps)  Edge  Arrival Time(ps)    Instance detail                                                                                           
   ---------------------------------------------------------------------------------------------------------------------------------------------------------------------------------------------------------------------
   clk                        CLOCK-PORT    -                      -     launch     r               0                                                                                                                 
   clk_BUFG_I_O               Clock net    82           (fanout=519)       2336                     -                                                                                                                 
   RBB_23/CLK                 RBB_6L       23   [TILE 0 0, RBB 10 8]          -     r            2336                                                                                                                 
   ---------------------------------------------------------------------------------------------------------------------------------------------------------------------------------------------------------------------
   RBB_23/DQ                  RBB_6L       23   [TILE 0 0, RBB 10 8]        800     r            3136     {inst101: r_SM_Main_FDRE_Q_3 (FD,site=dff)}                                                                 
   r_SM_Main[1]               Net          36             (fanout=5)       3440                     -                                                                                                                 
   RBB_11/C4                  RBB_6L       11  [TILE 0 0, RBB 10 14]          -     r            6576     {inst12: r_Bit_Index_FDRE_Q_2_D_LUT6_O (LUT,site=clut,cluto)} {inst11: r_Bit_Index_FDRE_Q_2 (FDR,site=cff)} 
   ---------------------------------------------------------------------------------------------------------------------------------------------------------------------------------------------------------------------
   RBB_11/CLK                 RBB_6L       11  [TILE 0 0, RBB 10 14]        885     r            7461                                                                                                                 
   clk_BUFG_I_O               Clock net    82           (fanout=519)      -2475                     -                                                                                                                 
   clk                        CLOCK-PORT    -                      -    capture     r            4986                                                                                                                 
   ---------------------------------------------------------------------------------------------------------------------------------------------------------------------------------------------------------------------


Path 146:
   Slack (met):                             15094ps
     Path type:                               SETUP
     Group:                               <DEFAULT>
     Launching clock:                           clk (rising edge)
     Capturing clock:                           clk (rising edge)

     Requested period:                      20000ps
   + Delay of the capturing clock:           2443ps
   - Clock uncertainty:                       150ps
   = Required time:                         22293ps
   - Propagation time:                       4756ps (50.8% logic, 49.2% route, logic stage 2)
   - Delay of the launching clock:           2443ps
   = Slack:                                 15094ps

   Instance/Pin or Net Name                      Type         ID     Location or Fanout   Delay(ps)  Edge  Arrival Time(ps)    Instance detail                                                                                                             
   ----------------------------------------------------------------------------------------------------------------------------------------------------------------------------------------------------------------------------------------------------------
   clk                                           CLOCK-PORT    -                      -     launch     r               0                                                                                                                                   
   clk_BUFG_I_O                                  Clock net    82           (fanout=519)       2443                     -                                                                                                                                   
   RBB_16/CLK                                    RBB_6L       16   [TILE 0 0, RBB 7 14]          -     r            2443                                                                                                                                   
   ----------------------------------------------------------------------------------------------------------------------------------------------------------------------------------------------------------------------------------------------------------
   RBB_16/DQ                                     RBB_6L       16   [TILE 0 0, RBB 7 14]        800     r            3243     {inst100: r_SM_Main_FDRE_Q_2 (FD,site=dff)}                                                                                   
   r_SM_Main[2]                                  Net          37            (fanout=24)       1676                     -                                                                                                                                   
   RBB_11/A5                                     RBB_6L       11  [TILE 0 0, RBB 10 14]          -     r            4919                                                                                                                                   
   RBB_11/A                                      RBB_6L       11  [TILE 0 0, RBB 10 14]        756     r            5675     {inst18: r_Bit_Index_FDRE_Q_D_LUT2_O_I1_CARRY4_O_O_LUT2_O (LUT,site=alut)}                                                    
   r_Bit_Index_FDRE_Q_D_LUT2_O_I1_CARRY4_O_O[1]  Net          32             (fanout=1)        665                     -                                                                                                                                   
   RBB_16/D2                                     RBB_6L       16   [TILE 0 0, RBB 7 14]          -     r            6340     {inst21: r_Bit_Index_FDRE_Q_D_LUT2_O_I1_CARRY4_O_O_LUT6_I1 (LUT,site=dlut,dluto)} {inst100: r_SM_Main_FDRE_Q_2 (FD,site=dff)} 
   ----------------------------------------------------------------------------------------------------------------------------------------------------------------------------------------------------------------------------------------------------------
   RBB_16/CLK                                    RBB_6L       16   [TILE 0 0, RBB 7 14]        859     r            7199                                                                                                                                   
   clk_BUFG_I_O                                  Clock net    82           (fanout=519)      -2443                     -                                                                                                                                   
   clk                                           CLOCK-PORT    -                      -    capture     r            4756                                                                                                                                   
   ----------------------------------------------------------------------------------------------------------------------------------------------------------------------------------------------------------------------------------------------------------


Path 237:
   Slack (met):                             15134ps
     Path type:                               SETUP
     Group:                               <DEFAULT>
     Launching clock:                           clk (rising edge)
     Capturing clock:                           clk (rising edge)

     Requested period:                      20000ps
   + Delay of the capturing clock:           2449ps
   - Clock uncertainty:                       150ps
   = Required time:                         22299ps
   - Propagation time:                       4722ps (28.0% logic, 72.0% route, logic stage 1)
   - Delay of the launching clock:           2443ps
   = Slack:                                 15134ps

   Instance/Pin or Net Name   Type         ID     Location or Fanout   Delay(ps)  Edge  Arrival Time(ps)    Instance detail                                                                                                     
   -------------------------------------------------------------------------------------------------------------------------------------------------------------------------------------------------------------------------------
   clk                        CLOCK-PORT    -                      -     launch     r               0                                                                                                                           
   clk_BUFG_I_O               Clock net    82           (fanout=519)       2443                     -                                                                                                                           
   RBB_16/CLK                 RBB_6L       16   [TILE 0 0, RBB 7 14]          -     r            2443                                                                                                                           
   -------------------------------------------------------------------------------------------------------------------------------------------------------------------------------------------------------------------------------
   RBB_16/DQ                  RBB_6L       16   [TILE 0 0, RBB 7 14]        800     r            3243     {inst100: r_SM_Main_FDRE_Q_2 (FD,site=dff)}                                                                           
   r_SM_Main[2]               Net          37            (fanout=24)       3400                     -                                                                                                                           
   RBB_8/D2                   RBB_6L        8  [TILE 0 0, RBB 13 14]          -     r            6643     {inst20: r_Bit_Index_FDRE_Q_D_LUT2_O_I1_CARRY4_O_O_LUT5_I3 (LUT,site=dluto)} {inst98: r_SM_Main_FDRE_Q (FD,site=dff)} 
   -------------------------------------------------------------------------------------------------------------------------------------------------------------------------------------------------------------------------------
   RBB_8/CLK                  RBB_6L        8  [TILE 0 0, RBB 13 14]        522     r            7165                                                                                                                           
   clk_BUFG_I_O               Clock net    82           (fanout=519)      -2449                     -                                                                                                                           
   clk                        CLOCK-PORT    -                      -    capture     r            4716                                                                                                                           
   -------------------------------------------------------------------------------------------------------------------------------------------------------------------------------------------------------------------------------


Path 182:
   Slack (met):                             15173ps
     Path type:                               SETUP
     Group:                               <DEFAULT>
     Launching clock:                           clk (rising edge)
     Capturing clock:                           clk (rising edge)

     Requested period:                      20000ps
   + Delay of the capturing clock:           2452ps
   - Clock uncertainty:                       150ps
   = Required time:                         22302ps
   - Propagation time:                       4654ps (40.8% logic, 59.2% route, logic stage 1)
   - Delay of the launching clock:           2475ps
   = Slack:                                 15173ps

   Instance/Pin or Net Name   Type         ID     Location or Fanout   Delay(ps)  Edge  Arrival Time(ps)    Instance detail                                                          
   ------------------------------------------------------------------------------------------------------------------------------------------------------------------------------------
   clk                        CLOCK-PORT    -                      -     launch     r               0                                                                                
   clk_BUFG_I_O               Clock net    82           (fanout=519)       2475                     -                                                                                
   RBB_11/CLK                 RBB_6L       11  [TILE 0 0, RBB 10 14]          -     r            2475                                                                                
   ------------------------------------------------------------------------------------------------------------------------------------------------------------------------------------
   RBB_11/BQ                  RBB_6L       11  [TILE 0 0, RBB 10 14]        800     r            3275     {inst105: rst_sync_FDRE_Q (FD,site=bff)}                                   
   r_RX_DV_FDRE_Q_D[0]        Net         105            (fanout=16)       2756                     -                                                                                
   RBB_0/SR                   IOB           0   [TILE 0 0, RBB 0 23]          -     r            6031     {(input_port) inst113: g_113_rx_ibuf (IO)} {inst106: rx_meta_FDSE_Q (FDR)} 
   ------------------------------------------------------------------------------------------------------------------------------------------------------------------------------------
   RBB_0/CLK                  IOB           0   [TILE 0 0, RBB 0 23]       1098     r            7129                                                                                
   clk_BUFG_I_O               Clock net    82           (fanout=519)      -2452                     -                                                                                
   clk                        CLOCK-PORT    -                      -    capture     r            4677                                                                                
   ------------------------------------------------------------------------------------------------------------------------------------------------------------------------------------


Path 496:
   Slack (met):                             15260ps
     Path type:                               SETUP
     Group:                               <DEFAULT>
     Launching clock:                           clk (rising edge)
     Capturing clock:                           clk (rising edge)

     Requested period:                      20000ps
   + Delay of the capturing clock:           2463ps
   - Clock uncertainty:                       150ps
   = Required time:                         22313ps
   - Propagation time:                       4578ps (49.1% logic, 50.9% route, logic stage 2)
   - Delay of the launching clock:           2475ps
   = Slack:                                 15260ps

   Instance/Pin or Net Name                      Type         ID     Location or Fanout   Delay(ps)  Edge  Arrival Time(ps)    Instance detail                                                                                                             
   ----------------------------------------------------------------------------------------------------------------------------------------------------------------------------------------------------------------------------------------------------------
   clk                                           CLOCK-PORT    -                      -     launch     r               0                                                                                                                                   
   clk_BUFG_I_O                                  Clock net    82           (fanout=519)       2475                     -                                                                                                                                   
   RBB_11/CLK                                    RBB_6L       11  [TILE 0 0, RBB 10 14]          -     r            2475                                                                                                                                   
   ----------------------------------------------------------------------------------------------------------------------------------------------------------------------------------------------------------------------------------------------------------
   RBB_11/BQ                                     RBB_6L       11  [TILE 0 0, RBB 10 14]        800     r            3275     {inst105: rst_sync_FDRE_Q (FD,site=bff)}                                                                                      
   r_RX_DV_FDRE_Q_D[0]                           Net         105            (fanout=16)       1301                     -                                                                                                                                   
   RBB_11/B1                                     RBB_6L       11  [TILE 0 0, RBB 10 14]          -     r            4576                                                                                                                                   
   RBB_11/B                                      RBB_6L       11  [TILE 0 0, RBB 10 14]        583     r            5159     {inst19: r_Bit_Index_FDRE_Q_D_LUT2_O_I1_CARRY4_O_O_LUT2_O_1 (LUT,site=blut)}                                                  
   r_Bit_Index_FDRE_Q_D_LUT2_O_I1_CARRY4_O_O[2]  Net          33             (fanout=2)       1030                     -                                                                                                                                   
   RBB_17/D3                                     RBB_6L       17   [TILE 0 0, RBB 7 16]          -     r            6189     {inst22: r_Bit_Index_FDRE_Q_D_LUT2_O_I1_CARRY4_O_O_LUT6_I2 (LUT,site=dlut,dluto)} {inst103: r_SM_Main_FDRE_Q_4 (FD,site=dff)} 
   ----------------------------------------------------------------------------------------------------------------------------------------------------------------------------------------------------------------------------------------------------------
   RBB_17/CLK                                    RBB_6L       17   [TILE 0 0, RBB 7 16]        864     r            7053                                                                                                                                   
   clk_BUFG_I_O                                  Clock net    82           (fanout=519)      -2463                     -                                                                                                                                   
   clk                                           CLOCK-PORT    -                      -    capture     r            4590                                                                                                                                   
   ----------------------------------------------------------------------------------------------------------------------------------------------------------------------------------------------------------------------------------------------------------


Path 186:
   Slack (met):                             15332ps
     Path type:                               SETUP
     Group:                               <DEFAULT>
     Launching clock:                           clk (rising edge)
     Capturing clock:                           clk (rising edge)

     Requested period:                      20000ps
   + Delay of the capturing clock:           2434ps
   - Clock uncertainty:                       150ps
   = Required time:                         22284ps
   - Propagation time:                       4509ps (38.2% logic, 61.8% route, logic stage 1)
   - Delay of the launching clock:           2443ps
   = Slack:                                 15332ps

   Instance/Pin or Net Name   Type         ID     Location or Fanout   Delay(ps)  Edge  Arrival Time(ps)    Instance detail                                                                                                                         
   ---------------------------------------------------------------------------------------------------------------------------------------------------------------------------------------------------------------------------------------------------
   clk                        CLOCK-PORT    -                      -     launch     r               0                                                                                                                                               
   clk_BUFG_I_O               Clock net    82           (fanout=519)       2443                     -                                                                                                                                               
   RBB_16/CLK                 RBB_6L       16   [TILE 0 0, RBB 7 14]          -     r            2443                                                                                                                                               
   ---------------------------------------------------------------------------------------------------------------------------------------------------------------------------------------------------------------------------------------------------
   RBB_16/DQ                  RBB_6L       16   [TILE 0 0, RBB 7 14]        800     r            3243     {inst100: r_SM_Main_FDRE_Q_2 (FD,site=dff)}                                                                                               
   r_SM_Main[2]               Net          37            (fanout=24)       2786                     -                                                                                                                                               
   RBB_20/D5                  RBB_6L       20  [TILE 0 0, RBB 16 10]          -     r            6029     {inst34: r_Bit_Index_FDRE_Q_D_LUT2_O_I1_CARRY4_O_S_CARRY4_S_O_LUT6_I5 (LUT,site=dlut,dluto)} {inst85: r_RX_Byte_FDRE_Q_3 (FDRE,site=dff)} 
   ---------------------------------------------------------------------------------------------------------------------------------------------------------------------------------------------------------------------------------------------------
   RBB_20/CLK                 RBB_6L       20  [TILE 0 0, RBB 16 10]        923     r            6952                                                                                                                                               
   clk_BUFG_I_O               Clock net    82           (fanout=519)      -2434                     -                                                                                                                                               
   clk                        CLOCK-PORT    -                      -    capture     r            4518                                                                                                                                               
   ---------------------------------------------------------------------------------------------------------------------------------------------------------------------------------------------------------------------------------------------------


Path 209:
   Slack (met):                             15332ps
     Path type:                               SETUP
     Group:                               <DEFAULT>
     Launching clock:                           clk (rising edge)
     Capturing clock:                           clk (rising edge)

     Requested period:                      20000ps
   + Delay of the capturing clock:           2434ps
   - Clock uncertainty:                       150ps
   = Required time:                         22284ps
   - Propagation time:                       4509ps (38.2% logic, 61.8% route, logic stage 1)
   - Delay of the launching clock:           2443ps
   = Slack:                                 15332ps

   Instance/Pin or Net Name   Type         ID     Location or Fanout   Delay(ps)  Edge  Arrival Time(ps)    Instance detail                                                                                                                              
   --------------------------------------------------------------------------------------------------------------------------------------------------------------------------------------------------------------------------------------------------------
   clk                        CLOCK-PORT    -                      -     launch     r               0                                                                                                                                                    
   clk_BUFG_I_O               Clock net    82           (fanout=519)       2443                     -                                                                                                                                                    
   RBB_16/CLK                 RBB_6L       16   [TILE 0 0, RBB 7 14]          -     r            2443                                                                                                                                                    
   --------------------------------------------------------------------------------------------------------------------------------------------------------------------------------------------------------------------------------------------------------
   RBB_16/DQ                  RBB_6L       16   [TILE 0 0, RBB 7 14]        800     r            3243     {inst100: r_SM_Main_FDRE_Q_2 (FD,site=dff)}                                                                                                    
   r_SM_Main[2]               Net          37            (fanout=24)       2786                     -                                                                                                                                                    
   RBB_20/C5                  RBB_6L       20  [TILE 0 0, RBB 16 10]          -     r            6029     {inst29: r_Bit_Index_FDRE_Q_D_LUT2_O_I1_CARRY4_O_S_CARRY4_S_O_LUT4_I3_O_LUT4_O_2 (LUT,site=clut)} {inst87: r_RX_Byte_FDRE_Q_5 (FDRE,site=cff)} 
   --------------------------------------------------------------------------------------------------------------------------------------------------------------------------------------------------------------------------------------------------------
   RBB_20/CLK                 RBB_6L       20  [TILE 0 0, RBB 16 10]        923     r            6952                                                                                                                                                    
   clk_BUFG_I_O               Clock net    82           (fanout=519)      -2434                     -                                                                                                                                                    
   clk                        CLOCK-PORT    -                      -    capture     r            4518                                                                                                                                                    
   --------------------------------------------------------------------------------------------------------------------------------------------------------------------------------------------------------------------------------------------------------


Path 227:
   Slack (met):                             15365ps
     Path type:                               SETUP
     Group:                               <DEFAULT>
     Launching clock:                           clk (rising edge)
     Capturing clock:                           clk (rising edge)

     Requested period:                      20000ps
   + Delay of the capturing clock:           2456ps
   - Clock uncertainty:                       150ps
   = Required time:                         22306ps
   - Propagation time:                       4466ps (38.8% logic, 61.2% route, logic stage 1)
   - Delay of the launching clock:           2475ps
   = Slack:                                 15365ps

   Instance/Pin or Net Name   Type         ID     Location or Fanout   Delay(ps)  Edge  Arrival Time(ps)    Instance detail                                                                
   ------------------------------------------------------------------------------------------------------------------------------------------------------------------------------------------
   clk                        CLOCK-PORT    -                      -     launch     r               0                                                                                      
   clk_BUFG_I_O               Clock net    82           (fanout=519)       2475                     -                                                                                      
   RBB_11/CLK                 RBB_6L       11  [TILE 0 0, RBB 10 14]          -     r            2475                                                                                      
   ------------------------------------------------------------------------------------------------------------------------------------------------------------------------------------------
   RBB_11/BQ                  RBB_6L       11  [TILE 0 0, RBB 10 14]        800     r            3275     {inst105: rst_sync_FDRE_Q (FD,site=bff)}                                         
   r_RX_DV_FDRE_Q_D[0]        Net         105            (fanout=16)       2731                     -                                                                                      
   RBB_2/SR                   IOB           2   [TILE 0 0, RBB 31 6]          -     r            6006     {inst7: led_internal_FDRE_Q (FDRE)} {(output_port) inst111: g_111_led_obuf (IO)} 
   ------------------------------------------------------------------------------------------------------------------------------------------------------------------------------------------
   RBB_2/CLK                  IOB           2   [TILE 0 0, RBB 31 6]        935     r            6941                                                                                      
   clk_BUFG_I_O               Clock net    82           (fanout=519)      -2456                     -                                                                                      
   clk                        CLOCK-PORT    -                      -    capture     r            4485                                                                                      
   ------------------------------------------------------------------------------------------------------------------------------------------------------------------------------------------


Path 230:
   Slack (met):                             15390ps
     Path type:                               SETUP
     Group:                               <DEFAULT>
     Launching clock:                           clk (rising edge)
     Capturing clock:                           clk (rising edge)

     Requested period:                      20000ps
   + Delay of the capturing clock:           2434ps
   - Clock uncertainty:                       150ps
   = Required time:                         22284ps
   - Propagation time:                       4451ps (37.4% logic, 62.6% route, logic stage 1)
   - Delay of the launching clock:           2443ps
   = Slack:                                 15390ps

   Instance/Pin or Net Name   Type         ID     Location or Fanout   Delay(ps)  Edge  Arrival Time(ps)    Instance detail                                                                                                                   
   ---------------------------------------------------------------------------------------------------------------------------------------------------------------------------------------------------------------------------------------------
   clk                        CLOCK-PORT    -                      -     launch     r               0                                                                                                                                         
   clk_BUFG_I_O               Clock net    82           (fanout=519)       2443                     -                                                                                                                                         
   RBB_16/CLK                 RBB_6L       16   [TILE 0 0, RBB 7 14]          -     r            2443                                                                                                                                         
   ---------------------------------------------------------------------------------------------------------------------------------------------------------------------------------------------------------------------------------------------
   RBB_16/DQ                  RBB_6L       16   [TILE 0 0, RBB 7 14]        800     r            3243     {inst100: r_SM_Main_FDRE_Q_2 (FD,site=dff)}                                                                                         
   r_SM_Main[2]               Net          37            (fanout=24)       2786                     -                                                                                                                                         
   RBB_20/A5                  RBB_6L       20  [TILE 0 0, RBB 16 10]          -     r            6029     {inst25: r_Bit_Index_FDRE_Q_D_LUT2_O_I1_CARRY4_O_S_CARRY4_S_O_LUT4_I3 (LUT,site=alut)} {inst89: r_RX_Byte_FDRE_Q_7 (FDRE,site=aff)} 
   ---------------------------------------------------------------------------------------------------------------------------------------------------------------------------------------------------------------------------------------------
   RBB_20/CLK                 RBB_6L       20  [TILE 0 0, RBB 16 10]        865     r            6894                                                                                                                                         
   clk_BUFG_I_O               Clock net    82           (fanout=519)      -2434                     -                                                                                                                                         
   clk                        CLOCK-PORT    -                      -    capture     r            4460                                                                                                                                         
   ---------------------------------------------------------------------------------------------------------------------------------------------------------------------------------------------------------------------------------------------


Path 231:
   Slack (met):                             15399ps
     Path type:                               SETUP
     Group:                               <DEFAULT>
     Launching clock:                           clk (rising edge)
     Capturing clock:                           clk (rising edge)

     Requested period:                      20000ps
   + Delay of the capturing clock:           2434ps
   - Clock uncertainty:                       150ps
   = Required time:                         22284ps
   - Propagation time:                       4442ps (37.3% logic, 62.7% route, logic stage 1)
   - Delay of the launching clock:           2443ps
   = Slack:                                 15399ps

   Instance/Pin or Net Name   Type         ID     Location or Fanout   Delay(ps)  Edge  Arrival Time(ps)    Instance detail                                                                                                                              
   --------------------------------------------------------------------------------------------------------------------------------------------------------------------------------------------------------------------------------------------------------
   clk                        CLOCK-PORT    -                      -     launch     r               0                                                                                                                                                    
   clk_BUFG_I_O               Clock net    82           (fanout=519)       2443                     -                                                                                                                                                    
   RBB_16/CLK                 RBB_6L       16   [TILE 0 0, RBB 7 14]          -     r            2443                                                                                                                                                    
   --------------------------------------------------------------------------------------------------------------------------------------------------------------------------------------------------------------------------------------------------------
   RBB_16/DQ                  RBB_6L       16   [TILE 0 0, RBB 7 14]        800     r            3243     {inst100: r_SM_Main_FDRE_Q_2 (FD,site=dff)}                                                                                                    
   r_SM_Main[2]               Net          37            (fanout=24)       2786                     -                                                                                                                                                    
   RBB_20/B5                  RBB_6L       20  [TILE 0 0, RBB 16 10]          -     r            6029     {inst33: r_Bit_Index_FDRE_Q_D_LUT2_O_I1_CARRY4_O_S_CARRY4_S_O_LUT4_I3_O_LUT5_O_2 (LUT,site=blut)} {inst88: r_RX_Byte_FDRE_Q_6 (FDRE,site=bff)} 
   --------------------------------------------------------------------------------------------------------------------------------------------------------------------------------------------------------------------------------------------------------
   RBB_20/CLK                 RBB_6L       20  [TILE 0 0, RBB 16 10]        856     r            6885                                                                                                                                                    
   clk_BUFG_I_O               Clock net    82           (fanout=519)      -2434                     -                                                                                                                                                    
   clk                        CLOCK-PORT    -                      -    capture     r            4451                                                                                                                                                    
   --------------------------------------------------------------------------------------------------------------------------------------------------------------------------------------------------------------------------------------------------------


Path 497:
   Slack (met):                             15471ps
     Path type:                               SETUP
     Group:                               <DEFAULT>
     Launching clock:                           clk (rising edge)
     Capturing clock:                           clk (rising edge)

     Requested period:                      20000ps
   + Delay of the capturing clock:           2443ps
   - Clock uncertainty:                       150ps
   = Required time:                         22293ps
   - Propagation time:                       4347ps (51.7% logic, 48.3% route, logic stage 2)
   - Delay of the launching clock:           2475ps
   = Slack:                                 15471ps

   Instance/Pin or Net Name                      Type         ID     Location or Fanout   Delay(ps)  Edge  Arrival Time(ps)    Instance detail                                                                                                             
   ----------------------------------------------------------------------------------------------------------------------------------------------------------------------------------------------------------------------------------------------------------
   clk                                           CLOCK-PORT    -                      -     launch     r               0                                                                                                                                   
   clk_BUFG_I_O                                  Clock net    82           (fanout=519)       2475                     -                                                                                                                                   
   RBB_11/CLK                                    RBB_6L       11  [TILE 0 0, RBB 10 14]          -     r            2475                                                                                                                                   
   ----------------------------------------------------------------------------------------------------------------------------------------------------------------------------------------------------------------------------------------------------------
   RBB_11/BQ                                     RBB_6L       11  [TILE 0 0, RBB 10 14]        800     r            3275     {inst105: rst_sync_FDRE_Q (FD,site=bff)}                                                                                      
   r_RX_DV_FDRE_Q_D[0]                           Net         105            (fanout=16)       1301                     -                                                                                                                                   
   RBB_11/B1                                     RBB_6L       11  [TILE 0 0, RBB 10 14]          -     r            4576                                                                                                                                   
   RBB_11/B                                      RBB_6L       11  [TILE 0 0, RBB 10 14]        583     r            5159     {inst19: r_Bit_Index_FDRE_Q_D_LUT2_O_I1_CARRY4_O_O_LUT2_O_1 (LUT,site=blut)}                                                  
   r_Bit_Index_FDRE_Q_D_LUT2_O_I1_CARRY4_O_O[2]  Net          33             (fanout=2)        799                     -                                                                                                                                   
   RBB_16/D3                                     RBB_6L       16   [TILE 0 0, RBB 7 14]          -     r            5958     {inst21: r_Bit_Index_FDRE_Q_D_LUT2_O_I1_CARRY4_O_O_LUT6_I1 (LUT,site=dlut,dluto)} {inst100: r_SM_Main_FDRE_Q_2 (FD,site=dff)} 
   ----------------------------------------------------------------------------------------------------------------------------------------------------------------------------------------------------------------------------------------------------------
   RBB_16/CLK                                    RBB_6L       16   [TILE 0 0, RBB 7 14]        864     r            6822                                                                                                                                   
   clk_BUFG_I_O                                  Clock net    82           (fanout=519)      -2443                     -                                                                                                                                   
   clk                                           CLOCK-PORT    -                      -    capture     r            4379                                                                                                                                   
   ----------------------------------------------------------------------------------------------------------------------------------------------------------------------------------------------------------------------------------------------------------


Path 172:
   Slack (met):                             15662ps
     Path type:                               SETUP
     Group:                               <DEFAULT>
     Launching clock:                           clk (rising edge)
     Capturing clock:                           clk (rising edge)

     Requested period:                      20000ps
   + Delay of the capturing clock:           2462ps
   - Clock uncertainty:                       150ps
   = Required time:                         22312ps
   - Propagation time:                       4175ps (45.3% logic, 54.7% route, logic stage 1)
   - Delay of the launching clock:           2475ps
   = Slack:                                 15662ps

   Instance/Pin or Net Name   Type         ID     Location or Fanout   Delay(ps)  Edge  Arrival Time(ps)    Instance detail                                     
   ---------------------------------------------------------------------------------------------------------------------------------------------------------------
   clk                        CLOCK-PORT    -                      -     launch     r               0                                                           
   clk_BUFG_I_O               Clock net    82           (fanout=519)       2475                     -                                                           
   RBB_11/CLK                 RBB_6L       11  [TILE 0 0, RBB 10 14]          -     r            2475                                                           
   ---------------------------------------------------------------------------------------------------------------------------------------------------------------
   RBB_11/BQ                  RBB_6L       11  [TILE 0 0, RBB 10 14]        800     r            3275     {inst105: rst_sync_FDRE_Q (FD,site=bff)}              
   r_RX_DV_FDRE_Q_D[0]        Net         105            (fanout=16)       2285                     -                                                           
   RBB_14/B6                  RBB_6L       14   [TILE 0 0, RBB 7 18]          -     r            5560     {<SR>inst47: r_Clock_Count_FDRE_Q_17 (FDRE,site=dff)} 
   ---------------------------------------------------------------------------------------------------------------------------------------------------------------
   RBB_14/CLK                 RBB_6L       14   [TILE 0 0, RBB 7 18]       1090     r            6650                                                           
   clk_BUFG_I_O               Clock net    82           (fanout=519)      -2462                     -                                                           
   clk                        CLOCK-PORT    -                      -    capture     r            4188                                                           
   ---------------------------------------------------------------------------------------------------------------------------------------------------------------


Path 177:
   Slack (met):                             15671ps
     Path type:                               SETUP
     Group:                               <DEFAULT>
     Launching clock:                           clk (rising edge)
     Capturing clock:                           clk (rising edge)

     Requested period:                      20000ps
   + Delay of the capturing clock:           2462ps
   - Clock uncertainty:                       150ps
   = Required time:                         22312ps
   - Propagation time:                       4166ps (45.2% logic, 54.8% route, logic stage 1)
   - Delay of the launching clock:           2475ps
   = Slack:                                 15671ps

   Instance/Pin or Net Name   Type         ID     Location or Fanout   Delay(ps)  Edge  Arrival Time(ps)    Instance detail                                     
   ---------------------------------------------------------------------------------------------------------------------------------------------------------------
   clk                        CLOCK-PORT    -                      -     launch     r               0                                                           
   clk_BUFG_I_O               Clock net    82           (fanout=519)       2475                     -                                                           
   RBB_11/CLK                 RBB_6L       11  [TILE 0 0, RBB 10 14]          -     r            2475                                                           
   ---------------------------------------------------------------------------------------------------------------------------------------------------------------
   RBB_11/BQ                  RBB_6L       11  [TILE 0 0, RBB 10 14]        800     r            3275     {inst105: rst_sync_FDRE_Q (FD,site=bff)}              
   r_RX_DV_FDRE_Q_D[0]        Net         105            (fanout=16)       2285                     -                                                           
   RBB_14/B6                  RBB_6L       14   [TILE 0 0, RBB 7 18]          -     r            5560     {<SR>inst43: r_Clock_Count_FDRE_Q_13 (FDRE,site=cff)} 
   ---------------------------------------------------------------------------------------------------------------------------------------------------------------
   RBB_14/CLK                 RBB_6L       14   [TILE 0 0, RBB 7 18]       1081     r            6641                                                           
   clk_BUFG_I_O               Clock net    82           (fanout=519)      -2462                     -                                                           
   clk                        CLOCK-PORT    -                      -    capture     r            4179                                                           
   ---------------------------------------------------------------------------------------------------------------------------------------------------------------


Path 159:
   Slack (met):                             15784ps
     Path type:                               SETUP
     Group:                               <DEFAULT>
     Launching clock:                           clk (rising edge)
     Capturing clock:                           clk (rising edge)

     Requested period:                      20000ps
   + Delay of the capturing clock:           2422ps
   - Clock uncertainty:                       150ps
   = Required time:                         22272ps
   - Propagation time:                       4013ps (61.3% logic, 38.7% route, logic stage 1)
   - Delay of the launching clock:           2475ps
   = Slack:                                 15784ps

   Instance/Pin or Net Name                                 Type         ID     Location or Fanout   Delay(ps)  Edge  Arrival Time(ps)    Instance detail                                                                          
   ----------------------------------------------------------------------------------------------------------------------------------------------------------------------------------------------------------------------------------
   clk                                                      CLOCK-PORT    -                      -     launch     r               0                                                                                                
   clk_BUFG_I_O                                             Clock net    82           (fanout=519)       2475                     -                                                                                                
   RBB_11/CLK                                               RBB_6L       11  [TILE 0 0, RBB 10 14]          -     r            2475                                                                                                
   ----------------------------------------------------------------------------------------------------------------------------------------------------------------------------------------------------------------------------------
   RBB_11/CMUX                                              RBB_6L       11  [TILE 0 0, RBB 10 14]       1379     r            3854     {inst107: rx_sync_FDSE_Q (FDR,site=cffo)}                                                  
   r_Bit_Index_FDRE_Q_D_LUT2_O_I1_CARRY4_O_S_CARRY4_S_O[2]  Net         149            (fanout=11)       1552                     -                                                                                                
   RBB_22/D2                                                RBB_6L       22   [TILE 0 0, RBB 16 8]          -     r            5406     {inst93: r_RX_DV_FDRE_Q_D_LUT2_O (LUT,site=dlut)} {inst91: r_RX_DV_FDRE_Q (FDRE,site=dff)} 
   ----------------------------------------------------------------------------------------------------------------------------------------------------------------------------------------------------------------------------------
   RBB_22/CLK                                               RBB_6L       22   [TILE 0 0, RBB 16 8]       1082     r            6488                                                                                                
   clk_BUFG_I_O                                             Clock net    82           (fanout=519)      -2422                     -                                                                                                
   clk                                                      CLOCK-PORT    -                      -    capture     r            4066                                                                                                
   ----------------------------------------------------------------------------------------------------------------------------------------------------------------------------------------------------------------------------------


Path 175:
   Slack (met):                             15810ps
     Path type:                               SETUP
     Group:                               <DEFAULT>
     Launching clock:                           clk (rising edge)
     Capturing clock:                           clk (rising edge)

     Requested period:                      20000ps
   + Delay of the capturing clock:           2434ps
   - Clock uncertainty:                       150ps
   = Required time:                         22284ps
   - Propagation time:                       3999ps (49.5% logic, 50.5% route, logic stage 1)
   - Delay of the launching clock:           2475ps
   = Slack:                                 15810ps

   Instance/Pin or Net Name   Type         ID     Location or Fanout   Delay(ps)  Edge  Arrival Time(ps)    Instance detail                                
   ----------------------------------------------------------------------------------------------------------------------------------------------------------
   clk                        CLOCK-PORT    -                      -     launch     r               0                                                      
   clk_BUFG_I_O               Clock net    82           (fanout=519)       2475                     -                                                      
   RBB_11/CLK                 RBB_6L       11  [TILE 0 0, RBB 10 14]          -     r            2475                                                      
   ----------------------------------------------------------------------------------------------------------------------------------------------------------
   RBB_11/BQ                  RBB_6L       11  [TILE 0 0, RBB 10 14]        800     r            3275     {inst105: rst_sync_FDRE_Q (FD,site=bff)}         
   r_RX_DV_FDRE_Q_D[0]        Net         105            (fanout=16)       2020                     -                                                      
   RBB_20/B6                  RBB_6L       20  [TILE 0 0, RBB 16 10]          -     r            5295     {<SR>inst87: r_RX_Byte_FDRE_Q_5 (FDRE,site=cff)} 
   ----------------------------------------------------------------------------------------------------------------------------------------------------------
   RBB_20/CLK                 RBB_6L       20  [TILE 0 0, RBB 16 10]       1179     r            6474                                                      
   clk_BUFG_I_O               Clock net    82           (fanout=519)      -2434                     -                                                      
   clk                        CLOCK-PORT    -                      -    capture     r            4040                                                      
   ----------------------------------------------------------------------------------------------------------------------------------------------------------


Path 170:
   Slack (met):                             15848ps
     Path type:                               SETUP
     Group:                               <DEFAULT>
     Launching clock:                           clk (rising edge)
     Capturing clock:                           clk (rising edge)

     Requested period:                      20000ps
   + Delay of the capturing clock:           2434ps
   - Clock uncertainty:                       150ps
   = Required time:                         22284ps
   - Propagation time:                       3961ps (49.0% logic, 51.0% route, logic stage 1)
   - Delay of the launching clock:           2475ps
   = Slack:                                 15848ps

   Instance/Pin or Net Name   Type         ID     Location or Fanout   Delay(ps)  Edge  Arrival Time(ps)    Instance detail                                
   ----------------------------------------------------------------------------------------------------------------------------------------------------------
   clk                        CLOCK-PORT    -                      -     launch     r               0                                                      
   clk_BUFG_I_O               Clock net    82           (fanout=519)       2475                     -                                                      
   RBB_11/CLK                 RBB_6L       11  [TILE 0 0, RBB 10 14]          -     r            2475                                                      
   ----------------------------------------------------------------------------------------------------------------------------------------------------------
   RBB_11/BQ                  RBB_6L       11  [TILE 0 0, RBB 10 14]        800     r            3275     {inst105: rst_sync_FDRE_Q (FD,site=bff)}         
   r_RX_DV_FDRE_Q_D[0]        Net         105            (fanout=16)       2020                     -                                                      
   RBB_20/B6                  RBB_6L       20  [TILE 0 0, RBB 16 10]          -     r            5295     {<SR>inst85: r_RX_Byte_FDRE_Q_3 (FDRE,site=dff)} 
   ----------------------------------------------------------------------------------------------------------------------------------------------------------
   RBB_20/CLK                 RBB_6L       20  [TILE 0 0, RBB 16 10]       1141     r            6436                                                      
   clk_BUFG_I_O               Clock net    82           (fanout=519)      -2434                     -                                                      
   clk                        CLOCK-PORT    -                      -    capture     r            4002                                                      
   ----------------------------------------------------------------------------------------------------------------------------------------------------------


Path 185:
   Slack (met):                             15863ps
     Path type:                               SETUP
     Group:                               <DEFAULT>
     Launching clock:                           clk (rising edge)
     Capturing clock:                           clk (rising edge)

     Requested period:                      20000ps
   + Delay of the capturing clock:           2336ps
   - Clock uncertainty:                       150ps
   = Required time:                         22186ps
   - Propagation time:                       3880ps (51.3% logic, 48.7% route, logic stage 1)
   - Delay of the launching clock:           2443ps
   = Slack:                                 15863ps

   Instance/Pin or Net Name   Type         ID    Location or Fanout   Delay(ps)  Edge  Arrival Time(ps)    Instance detail                                                                                                                          
   ---------------------------------------------------------------------------------------------------------------------------------------------------------------------------------------------------------------------------------------------------
   clk                        CLOCK-PORT    -                     -     launch     r               0                                                                                                                                                
   clk_BUFG_I_O               Clock net    82          (fanout=519)       2443                     -                                                                                                                                                
   RBB_16/CLK                 RBB_6L       16  [TILE 0 0, RBB 7 14]          -     r            2443                                                                                                                                                
   ---------------------------------------------------------------------------------------------------------------------------------------------------------------------------------------------------------------------------------------------------
   RBB_16/DQ                  RBB_6L       16  [TILE 0 0, RBB 7 14]        800     r            3243     {inst100: r_SM_Main_FDRE_Q_2 (FD,site=dff)}                                                                                                
   r_SM_Main[2]               Net          37           (fanout=24)       1889                     -                                                                                                                                                
   RBB_19/D5                  RBB_6L       19  [TILE 0 0, RBB 13 8]          -     r            5132     {inst26: r_Bit_Index_FDRE_Q_D_LUT2_O_I1_CARRY4_O_S_CARRY4_S_O_LUT4_I3_O_LUT4_O (LUT,site=dlut)} {inst82: r_RX_Byte_FDRE_Q (FDRE,site=dff)} 
   ---------------------------------------------------------------------------------------------------------------------------------------------------------------------------------------------------------------------------------------------------
   RBB_19/CLK                 RBB_6L       19  [TILE 0 0, RBB 13 8]       1191     r            6323                                                                                                                                                
   clk_BUFG_I_O               Clock net    82          (fanout=519)      -2336                     -                                                                                                                                                
   clk                        CLOCK-PORT    -                     -    capture     r            3987                                                                                                                                                
   ---------------------------------------------------------------------------------------------------------------------------------------------------------------------------------------------------------------------------------------------------


Path 165:
   Slack (met):                             15880ps
     Path type:                               SETUP
     Group:                               <DEFAULT>
     Launching clock:                           clk (rising edge)
     Capturing clock:                           clk (rising edge)

     Requested period:                      20000ps
   + Delay of the capturing clock:           2336ps
   - Clock uncertainty:                       150ps
   = Required time:                         22186ps
   - Propagation time:                       3831ps (69.5% logic, 30.5% route, logic stage 1)
   - Delay of the launching clock:           2475ps
   = Slack:                                 15880ps

   Instance/Pin or Net Name                                 Type         ID     Location or Fanout   Delay(ps)  Edge  Arrival Time(ps)    Instance detail                                                                                                                            
   ------------------------------------------------------------------------------------------------------------------------------------------------------------------------------------------------------------------------------------------------------------------------------------
   clk                                                      CLOCK-PORT    -                      -     launch     r               0                                                                                                                                                  
   clk_BUFG_I_O                                             Clock net    82           (fanout=519)       2475                     -                                                                                                                                                  
   RBB_11/CLK                                               RBB_6L       11  [TILE 0 0, RBB 10 14]          -     r            2475                                                                                                                                                  
   ------------------------------------------------------------------------------------------------------------------------------------------------------------------------------------------------------------------------------------------------------------------------------------
   RBB_11/CMUX                                              RBB_6L       11  [TILE 0 0, RBB 10 14]       1379     r            3854     {inst107: rx_sync_FDSE_Q (FDR,site=cffo)}                                                                                                    
   r_Bit_Index_FDRE_Q_D_LUT2_O_I1_CARRY4_O_S_CARRY4_S_O[2]  Net         149            (fanout=11)       1167                     -                                                                                                                                                  
   RBB_19/B3                                                RBB_6L       19   [TILE 0 0, RBB 13 8]          -     r            5021     {inst31: r_Bit_Index_FDRE_Q_D_LUT2_O_I1_CARRY4_O_S_CARRY4_S_O_LUT4_I3_O_LUT5_O (LUT,site=blut)} {inst84: r_RX_Byte_FDRE_Q_2 (FDRE,site=bff)} 
   ------------------------------------------------------------------------------------------------------------------------------------------------------------------------------------------------------------------------------------------------------------------------------------
   RBB_19/CLK                                               RBB_6L       19   [TILE 0 0, RBB 13 8]       1285     r            6306                                                                                                                                                  
   clk_BUFG_I_O                                             Clock net    82           (fanout=519)      -2336                     -                                                                                                                                                  
   clk                                                      CLOCK-PORT    -                      -    capture     r            3970                                                                                                                                                  
   ------------------------------------------------------------------------------------------------------------------------------------------------------------------------------------------------------------------------------------------------------------------------------------


Path 232:
   Slack (met):                             15896ps
     Path type:                               SETUP
     Group:                               <DEFAULT>
     Launching clock:                           clk (rising edge)
     Capturing clock:                           clk (rising edge)

     Requested period:                      20000ps
   + Delay of the capturing clock:           2336ps
   - Clock uncertainty:                       150ps
   = Required time:                         22186ps
   - Propagation time:                       3847ps (50.9% logic, 49.1% route, logic stage 1)
   - Delay of the launching clock:           2443ps
   = Slack:                                 15896ps

   Instance/Pin or Net Name   Type         ID    Location or Fanout   Delay(ps)  Edge  Arrival Time(ps)    Instance detail                                                                                                                            
   -----------------------------------------------------------------------------------------------------------------------------------------------------------------------------------------------------------------------------------------------------
   clk                        CLOCK-PORT    -                     -     launch     r               0                                                                                                                                                  
   clk_BUFG_I_O               Clock net    82          (fanout=519)       2443                     -                                                                                                                                                  
   RBB_16/CLK                 RBB_6L       16  [TILE 0 0, RBB 7 14]          -     r            2443                                                                                                                                                  
   -----------------------------------------------------------------------------------------------------------------------------------------------------------------------------------------------------------------------------------------------------
   RBB_16/DQ                  RBB_6L       16  [TILE 0 0, RBB 7 14]        800     r            3243     {inst100: r_SM_Main_FDRE_Q_2 (FD,site=dff)}                                                                                                  
   r_SM_Main[2]               Net          37           (fanout=24)       1889                     -                                                                                                                                                  
   RBB_19/B5                  RBB_6L       19  [TILE 0 0, RBB 13 8]          -     r            5132     {inst31: r_Bit_Index_FDRE_Q_D_LUT2_O_I1_CARRY4_O_S_CARRY4_S_O_LUT4_I3_O_LUT5_O (LUT,site=blut)} {inst84: r_RX_Byte_FDRE_Q_2 (FDRE,site=bff)} 
   -----------------------------------------------------------------------------------------------------------------------------------------------------------------------------------------------------------------------------------------------------
   RBB_19/CLK                 RBB_6L       19  [TILE 0 0, RBB 13 8]       1158     r            6290                                                                                                                                                  
   clk_BUFG_I_O               Clock net    82          (fanout=519)      -2336                     -                                                                                                                                                  
   clk                        CLOCK-PORT    -                     -    capture     r            3954                                                                                                                                                  
   -----------------------------------------------------------------------------------------------------------------------------------------------------------------------------------------------------------------------------------------------------


Path 194:
   Slack (met):                             15898ps
     Path type:                               SETUP
     Group:                               <DEFAULT>
     Launching clock:                           clk (rising edge)
     Capturing clock:                           clk (rising edge)

     Requested period:                      20000ps
   + Delay of the capturing clock:           2462ps
   - Clock uncertainty:                       150ps
   = Required time:                         22312ps
   - Propagation time:                       3965ps (42.9% logic, 57.1% route, logic stage 1)
   - Delay of the launching clock:           2449ps
   = Slack:                                 15898ps

   Instance/Pin or Net Name   Type         ID     Location or Fanout   Delay(ps)  Edge  Arrival Time(ps)    Instance detail                                                                                                                                               
   -------------------------------------------------------------------------------------------------------------------------------------------------------------------------------------------------------------------------------------------------------------------------
   clk                        CLOCK-PORT    -                      -     launch     r               0                                                                                                                                                                     
   clk_BUFG_I_O               Clock net    82           (fanout=519)       2449                     -                                                                                                                                                                     
   RBB_8/CLK                  RBB_6L        8  [TILE 0 0, RBB 13 14]          -     r            2449                                                                                                                                                                     
   -------------------------------------------------------------------------------------------------------------------------------------------------------------------------------------------------------------------------------------------------------------------------
   RBB_8/DQ                   RBB_6L        8  [TILE 0 0, RBB 13 14]        800     r            3249     {inst98: r_SM_Main_FDRE_Q (FD,site=dff)}                                                                                                                        
   r_SM_Main[4]               Net          39            (fanout=15)       2264                     -                                                                                                                                                                     
   RBB_14/D5                  RBB_6L       14   [TILE 0 0, RBB 7 18]          -     r            5513     {inst80: r_Clock_Count_FDRE_Q_9_D_LUT6_O_I4_CARRY4_O_CI_CARRY4_CO_O_LUT6_I3_O_LUT6_O_3 (LUT,site=dlut,dluto)} {inst47: r_Clock_Count_FDRE_Q_17 (FDRE,site=dff)} 
   -------------------------------------------------------------------------------------------------------------------------------------------------------------------------------------------------------------------------------------------------------------------------
   RBB_14/CLK                 RBB_6L       14   [TILE 0 0, RBB 7 18]        901     r            6414                                                                                                                                                                     
   clk_BUFG_I_O               Clock net    82           (fanout=519)      -2462                     -                                                                                                                                                                     
   clk                        CLOCK-PORT    -                      -    capture     r            3952                                                                                                                                                                     
   -------------------------------------------------------------------------------------------------------------------------------------------------------------------------------------------------------------------------------------------------------------------------


Path 215:
   Slack (met):                             15898ps
     Path type:                               SETUP
     Group:                               <DEFAULT>
     Launching clock:                           clk (rising edge)
     Capturing clock:                           clk (rising edge)

     Requested period:                      20000ps
   + Delay of the capturing clock:           2462ps
   - Clock uncertainty:                       150ps
   = Required time:                         22312ps
   - Propagation time:                       3965ps (42.9% logic, 57.1% route, logic stage 1)
   - Delay of the launching clock:           2449ps
   = Slack:                                 15898ps

   Instance/Pin or Net Name   Type         ID     Location or Fanout   Delay(ps)  Edge  Arrival Time(ps)    Instance detail                                                                                                                                      
   ----------------------------------------------------------------------------------------------------------------------------------------------------------------------------------------------------------------------------------------------------------------
   clk                        CLOCK-PORT    -                      -     launch     r               0                                                                                                                                                            
   clk_BUFG_I_O               Clock net    82           (fanout=519)       2449                     -                                                                                                                                                            
   RBB_8/CLK                  RBB_6L        8  [TILE 0 0, RBB 13 14]          -     r            2449                                                                                                                                                            
   ----------------------------------------------------------------------------------------------------------------------------------------------------------------------------------------------------------------------------------------------------------------
   RBB_8/DQ                   RBB_6L        8  [TILE 0 0, RBB 13 14]        800     r            3249     {inst98: r_SM_Main_FDRE_Q (FD,site=dff)}                                                                                                               
   r_SM_Main[4]               Net          39            (fanout=15)       2264                     -                                                                                                                                                            
   RBB_14/C5                  RBB_6L       14   [TILE 0 0, RBB 7 18]          -     r            5513     {inst75: r_Clock_Count_FDRE_Q_9_D_LUT6_O_I4_CARRY4_O_CI_CARRY4_CO_O_3_LUT6_I3 (LUT,site=clut,cluto)} {inst43: r_Clock_Count_FDRE_Q_13 (FDRE,site=cff)} 
   ----------------------------------------------------------------------------------------------------------------------------------------------------------------------------------------------------------------------------------------------------------------
   RBB_14/CLK                 RBB_6L       14   [TILE 0 0, RBB 7 18]        901     r            6414                                                                                                                                                            
   clk_BUFG_I_O               Clock net    82           (fanout=519)      -2462                     -                                                                                                                                                            
   clk                        CLOCK-PORT    -                      -    capture     r            3952                                                                                                                                                            
   ----------------------------------------------------------------------------------------------------------------------------------------------------------------------------------------------------------------------------------------------------------------


Path 163:
   Slack (met):                             15899ps
     Path type:                               SETUP
     Group:                               <DEFAULT>
     Launching clock:                           clk (rising edge)
     Capturing clock:                           clk (rising edge)

     Requested period:                      20000ps
   + Delay of the capturing clock:           2336ps
   - Clock uncertainty:                       150ps
   = Required time:                         22186ps
   - Propagation time:                       3812ps (70.2% logic, 29.8% route, logic stage 1)
   - Delay of the launching clock:           2475ps
   = Slack:                                 15899ps

   Instance/Pin or Net Name                                 Type         ID     Location or Fanout   Delay(ps)  Edge  Arrival Time(ps)    Instance detail                                                                                                                              
   --------------------------------------------------------------------------------------------------------------------------------------------------------------------------------------------------------------------------------------------------------------------------------------
   clk                                                      CLOCK-PORT    -                      -     launch     r               0                                                                                                                                                    
   clk_BUFG_I_O                                             Clock net    82           (fanout=519)       2475                     -                                                                                                                                                    
   RBB_11/CLK                                               RBB_6L       11  [TILE 0 0, RBB 10 14]          -     r            2475                                                                                                                                                    
   --------------------------------------------------------------------------------------------------------------------------------------------------------------------------------------------------------------------------------------------------------------------------------------
   RBB_11/CMUX                                              RBB_6L       11  [TILE 0 0, RBB 10 14]       1379     r            3854     {inst107: rx_sync_FDSE_Q (FDR,site=cffo)}                                                                                                      
   r_Bit_Index_FDRE_Q_D_LUT2_O_I1_CARRY4_O_S_CARRY4_S_O[2]  Net         149            (fanout=11)       1135                     -                                                                                                                                                    
   RBB_19/C3                                                RBB_6L       19   [TILE 0 0, RBB 13 8]          -     r            4989     {inst27: r_Bit_Index_FDRE_Q_D_LUT2_O_I1_CARRY4_O_S_CARRY4_S_O_LUT4_I3_O_LUT4_O_1 (LUT,site=clut)} {inst83: r_RX_Byte_FDRE_Q_1 (FDRE,site=cff)} 
   --------------------------------------------------------------------------------------------------------------------------------------------------------------------------------------------------------------------------------------------------------------------------------------
   RBB_19/CLK                                               RBB_6L       19   [TILE 0 0, RBB 13 8]       1298     r            6287                                                                                                                                                    
   clk_BUFG_I_O                                             Clock net    82           (fanout=519)      -2336                     -                                                                                                                                                    
   clk                                                      CLOCK-PORT    -                      -    capture     r            3951                                                                                                                                                    
   --------------------------------------------------------------------------------------------------------------------------------------------------------------------------------------------------------------------------------------------------------------------------------------


Path 210:
   Slack (met):                             15915ps
     Path type:                               SETUP
     Group:                               <DEFAULT>
     Launching clock:                           clk (rising edge)
     Capturing clock:                           clk (rising edge)

     Requested period:                      20000ps
   + Delay of the capturing clock:           2336ps
   - Clock uncertainty:                       150ps
   = Required time:                         22186ps
   - Propagation time:                       3828ps (50.7% logic, 49.3% route, logic stage 1)
   - Delay of the launching clock:           2443ps
   = Slack:                                 15915ps

   Instance/Pin or Net Name   Type         ID    Location or Fanout   Delay(ps)  Edge  Arrival Time(ps)    Instance detail                                                                                                                              
   -------------------------------------------------------------------------------------------------------------------------------------------------------------------------------------------------------------------------------------------------------
   clk                        CLOCK-PORT    -                     -     launch     r               0                                                                                                                                                    
   clk_BUFG_I_O               Clock net    82          (fanout=519)       2443                     -                                                                                                                                                    
   RBB_16/CLK                 RBB_6L       16  [TILE 0 0, RBB 7 14]          -     r            2443                                                                                                                                                    
   -------------------------------------------------------------------------------------------------------------------------------------------------------------------------------------------------------------------------------------------------------
   RBB_16/DQ                  RBB_6L       16  [TILE 0 0, RBB 7 14]        800     r            3243     {inst100: r_SM_Main_FDRE_Q_2 (FD,site=dff)}                                                                                                    
   r_SM_Main[2]               Net          37           (fanout=24)       1889                     -                                                                                                                                                    
   RBB_19/C5                  RBB_6L       19  [TILE 0 0, RBB 13 8]          -     r            5132     {inst27: r_Bit_Index_FDRE_Q_D_LUT2_O_I1_CARRY4_O_S_CARRY4_S_O_LUT4_I3_O_LUT4_O_1 (LUT,site=clut)} {inst83: r_RX_Byte_FDRE_Q_1 (FDRE,site=cff)} 
   -------------------------------------------------------------------------------------------------------------------------------------------------------------------------------------------------------------------------------------------------------
   RBB_19/CLK                 RBB_6L       19  [TILE 0 0, RBB 13 8]       1139     r            6271                                                                                                                                                    
   clk_BUFG_I_O               Clock net    82          (fanout=519)      -2336                     -                                                                                                                                                    
   clk                        CLOCK-PORT    -                     -    capture     r            3935                                                                                                                                                    
   -------------------------------------------------------------------------------------------------------------------------------------------------------------------------------------------------------------------------------------------------------


Path 229:
   Slack (met):                             15917ps
     Path type:                               SETUP
     Group:                               <DEFAULT>
     Launching clock:                           clk (rising edge)
     Capturing clock:                           clk (rising edge)

     Requested period:                      20000ps
   + Delay of the capturing clock:           2336ps
   - Clock uncertainty:                       150ps
   = Required time:                         22186ps
   - Propagation time:                       3826ps (50.6% logic, 49.4% route, logic stage 1)
   - Delay of the launching clock:           2443ps
   = Slack:                                 15917ps

   Instance/Pin or Net Name   Type         ID    Location or Fanout   Delay(ps)  Edge  Arrival Time(ps)    Instance detail                                                                                                                              
   -------------------------------------------------------------------------------------------------------------------------------------------------------------------------------------------------------------------------------------------------------
   clk                        CLOCK-PORT    -                     -     launch     r               0                                                                                                                                                    
   clk_BUFG_I_O               Clock net    82          (fanout=519)       2443                     -                                                                                                                                                    
   RBB_16/CLK                 RBB_6L       16  [TILE 0 0, RBB 7 14]          -     r            2443                                                                                                                                                    
   -------------------------------------------------------------------------------------------------------------------------------------------------------------------------------------------------------------------------------------------------------
   RBB_16/DQ                  RBB_6L       16  [TILE 0 0, RBB 7 14]        800     r            3243     {inst100: r_SM_Main_FDRE_Q_2 (FD,site=dff)}                                                                                                    
   r_SM_Main[2]               Net          37           (fanout=24)       1889                     -                                                                                                                                                    
   RBB_19/A5                  RBB_6L       19  [TILE 0 0, RBB 13 8]          -     r            5132     {inst32: r_Bit_Index_FDRE_Q_D_LUT2_O_I1_CARRY4_O_S_CARRY4_S_O_LUT4_I3_O_LUT5_O_1 (LUT,site=alut)} {inst86: r_RX_Byte_FDRE_Q_4 (FDRE,site=aff)} 
   -------------------------------------------------------------------------------------------------------------------------------------------------------------------------------------------------------------------------------------------------------
   RBB_19/CLK                 RBB_6L       19  [TILE 0 0, RBB 13 8]       1137     r            6269                                                                                                                                                    
   clk_BUFG_I_O               Clock net    82          (fanout=519)      -2336                     -                                                                                                                                                    
   clk                        CLOCK-PORT    -                     -    capture     r            3933                                                                                                                                                    
   -------------------------------------------------------------------------------------------------------------------------------------------------------------------------------------------------------------------------------------------------------


Path 160:
   Slack (met):                             15938ps
     Path type:                               SETUP
     Group:                               <DEFAULT>
     Launching clock:                           clk (rising edge)
     Capturing clock:                           clk (rising edge)

     Requested period:                      20000ps
   + Delay of the capturing clock:           2434ps
   - Clock uncertainty:                       150ps
   = Required time:                         22284ps
   - Propagation time:                       3871ps (56.6% logic, 43.4% route, logic stage 1)
   - Delay of the launching clock:           2475ps
   = Slack:                                 15938ps

   Instance/Pin or Net Name                                 Type         ID     Location or Fanout   Delay(ps)  Edge  Arrival Time(ps)    Instance detail                                                                                                                         
   ---------------------------------------------------------------------------------------------------------------------------------------------------------------------------------------------------------------------------------------------------------------------------------
   clk                                                      CLOCK-PORT    -                      -     launch     r               0                                                                                                                                               
   clk_BUFG_I_O                                             Clock net    82           (fanout=519)       2475                     -                                                                                                                                               
   RBB_11/CLK                                               RBB_6L       11  [TILE 0 0, RBB 10 14]          -     r            2475                                                                                                                                               
   ---------------------------------------------------------------------------------------------------------------------------------------------------------------------------------------------------------------------------------------------------------------------------------
   RBB_11/CMUX                                              RBB_6L       11  [TILE 0 0, RBB 10 14]       1379     r            3854     {inst107: rx_sync_FDSE_Q (FDR,site=cffo)}                                                                                                 
   r_Bit_Index_FDRE_Q_D_LUT2_O_I1_CARRY4_O_S_CARRY4_S_O[2]  Net         149            (fanout=11)       1679                     -                                                                                                                                               
   RBB_20/D4                                                RBB_6L       20  [TILE 0 0, RBB 16 10]          -     r            5533     {inst34: r_Bit_Index_FDRE_Q_D_LUT2_O_I1_CARRY4_O_S_CARRY4_S_O_LUT6_I5 (LUT,site=dlut,dluto)} {inst85: r_RX_Byte_FDRE_Q_3 (FDRE,site=dff)} 
   ---------------------------------------------------------------------------------------------------------------------------------------------------------------------------------------------------------------------------------------------------------------------------------
   RBB_20/CLK                                               RBB_6L       20  [TILE 0 0, RBB 16 10]        813     r            6346                                                                                                                                               
   clk_BUFG_I_O                                             Clock net    82           (fanout=519)      -2434                     -                                                                                                                                               
   clk                                                      CLOCK-PORT    -                      -    capture     r            3912                                                                                                                                               
   ---------------------------------------------------------------------------------------------------------------------------------------------------------------------------------------------------------------------------------------------------------------------------------


Path 173:
   Slack (met):                             15978ps
     Path type:                               SETUP
     Group:                               <DEFAULT>
     Launching clock:                           clk (rising edge)
     Capturing clock:                           clk (rising edge)

     Requested period:                      20000ps
   + Delay of the capturing clock:           2422ps
   - Clock uncertainty:                       150ps
   = Required time:                         22272ps
   - Propagation time:                       3819ps (47.3% logic, 52.7% route, logic stage 1)
   - Delay of the launching clock:           2475ps
   = Slack:                                 15978ps

   Instance/Pin or Net Name   Type         ID     Location or Fanout   Delay(ps)  Edge  Arrival Time(ps)    Instance detail                            
   ------------------------------------------------------------------------------------------------------------------------------------------------------
   clk                        CLOCK-PORT    -                      -     launch     r               0                                                  
   clk_BUFG_I_O               Clock net    82           (fanout=519)       2475                     -                                                  
   RBB_11/CLK                 RBB_6L       11  [TILE 0 0, RBB 10 14]          -     r            2475                                                  
   ------------------------------------------------------------------------------------------------------------------------------------------------------
   RBB_11/BQ                  RBB_6L       11  [TILE 0 0, RBB 10 14]        800     r            3275     {inst105: rst_sync_FDRE_Q (FD,site=bff)}     
   r_RX_DV_FDRE_Q_D[0]        Net         105            (fanout=16)       2013                     -                                                  
   RBB_22/B6                  RBB_6L       22   [TILE 0 0, RBB 16 8]          -     r            5288     {<SR>inst91: r_RX_DV_FDRE_Q (FDRE,site=dff)} 
   ------------------------------------------------------------------------------------------------------------------------------------------------------
   RBB_22/CLK                 RBB_6L       22   [TILE 0 0, RBB 16 8]       1006     r            6294                                                  
   clk_BUFG_I_O               Clock net    82           (fanout=519)      -2422                     -                                                  
   clk                        CLOCK-PORT    -                      -    capture     r            3872                                                  
   ------------------------------------------------------------------------------------------------------------------------------------------------------


Path 158:
   Slack (met):                             16019ps
     Path type:                               SETUP
     Group:                               <DEFAULT>
     Launching clock:                           clk (rising edge)
     Capturing clock:                           clk (rising edge)

     Requested period:                      20000ps
   + Delay of the capturing clock:           2434ps
   - Clock uncertainty:                       150ps
   = Required time:                         22284ps
   - Propagation time:                       3790ps (56.3% logic, 43.7% route, logic stage 1)
   - Delay of the launching clock:           2475ps
   = Slack:                                 16019ps

   Instance/Pin or Net Name                                 Type         ID     Location or Fanout   Delay(ps)  Edge  Arrival Time(ps)    Instance detail                                                                                                                   
   ---------------------------------------------------------------------------------------------------------------------------------------------------------------------------------------------------------------------------------------------------------------------------
   clk                                                      CLOCK-PORT    -                      -     launch     r               0                                                                                                                                         
   clk_BUFG_I_O                                             Clock net    82           (fanout=519)       2475                     -                                                                                                                                         
   RBB_11/CLK                                               RBB_6L       11  [TILE 0 0, RBB 10 14]          -     r            2475                                                                                                                                         
   ---------------------------------------------------------------------------------------------------------------------------------------------------------------------------------------------------------------------------------------------------------------------------
   RBB_11/CMUX                                              RBB_6L       11  [TILE 0 0, RBB 10 14]       1379     r            3854     {inst107: rx_sync_FDSE_Q (FDR,site=cffo)}                                                                                           
   r_Bit_Index_FDRE_Q_D_LUT2_O_I1_CARRY4_O_S_CARRY4_S_O[2]  Net         149            (fanout=11)       1658                     -                                                                                                                                         
   RBB_20/A4                                                RBB_6L       20  [TILE 0 0, RBB 16 10]          -     r            5512     {inst25: r_Bit_Index_FDRE_Q_D_LUT2_O_I1_CARRY4_O_S_CARRY4_S_O_LUT4_I3 (LUT,site=alut)} {inst89: r_RX_Byte_FDRE_Q_7 (FDRE,site=aff)} 
   ---------------------------------------------------------------------------------------------------------------------------------------------------------------------------------------------------------------------------------------------------------------------------
   RBB_20/CLK                                               RBB_6L       20  [TILE 0 0, RBB 16 10]        753     r            6265                                                                                                                                         
   clk_BUFG_I_O                                             Clock net    82           (fanout=519)      -2434                     -                                                                                                                                         
   clk                                                      CLOCK-PORT    -                      -    capture     r            3831                                                                                                                                         
   ---------------------------------------------------------------------------------------------------------------------------------------------------------------------------------------------------------------------------------------------------------------------------


Path 164:
   Slack (met):                             16093ps
     Path type:                               SETUP
     Group:                               <DEFAULT>
     Launching clock:                           clk (rising edge)
     Capturing clock:                           clk (rising edge)

     Requested period:                      20000ps
   + Delay of the capturing clock:           2434ps
   - Clock uncertainty:                       150ps
   = Required time:                         22284ps
   - Propagation time:                       3716ps (57.8% logic, 42.2% route, logic stage 1)
   - Delay of the launching clock:           2475ps
   = Slack:                                 16093ps

   Instance/Pin or Net Name                                 Type         ID     Location or Fanout   Delay(ps)  Edge  Arrival Time(ps)    Instance detail                                                                                                                              
   --------------------------------------------------------------------------------------------------------------------------------------------------------------------------------------------------------------------------------------------------------------------------------------
   clk                                                      CLOCK-PORT    -                      -     launch     r               0                                                                                                                                                    
   clk_BUFG_I_O                                             Clock net    82           (fanout=519)       2475                     -                                                                                                                                                    
   RBB_11/CLK                                               RBB_6L       11  [TILE 0 0, RBB 10 14]          -     r            2475                                                                                                                                                    
   --------------------------------------------------------------------------------------------------------------------------------------------------------------------------------------------------------------------------------------------------------------------------------------
   RBB_11/CMUX                                              RBB_6L       11  [TILE 0 0, RBB 10 14]       1379     r            3854     {inst107: rx_sync_FDSE_Q (FDR,site=cffo)}                                                                                                      
   r_Bit_Index_FDRE_Q_D_LUT2_O_I1_CARRY4_O_S_CARRY4_S_O[2]  Net         149            (fanout=11)       1569                     -                                                                                                                                                    
   RBB_20/B4                                                RBB_6L       20  [TILE 0 0, RBB 16 10]          -     r            5423     {inst33: r_Bit_Index_FDRE_Q_D_LUT2_O_I1_CARRY4_O_S_CARRY4_S_O_LUT4_I3_O_LUT5_O_2 (LUT,site=blut)} {inst88: r_RX_Byte_FDRE_Q_6 (FDRE,site=bff)} 
   --------------------------------------------------------------------------------------------------------------------------------------------------------------------------------------------------------------------------------------------------------------------------------------
   RBB_20/CLK                                               RBB_6L       20  [TILE 0 0, RBB 16 10]        768     r            6191                                                                                                                                                    
   clk_BUFG_I_O                                             Clock net    82           (fanout=519)      -2434                     -                                                                                                                                                    
   clk                                                      CLOCK-PORT    -                      -    capture     r            3757                                                                                                                                                    
   --------------------------------------------------------------------------------------------------------------------------------------------------------------------------------------------------------------------------------------------------------------------------------------


Path 196:
   Slack (met):                             16106ps
     Path type:                               SETUP
     Group:                               <DEFAULT>
     Launching clock:                           clk (rising edge)
     Capturing clock:                           clk (rising edge)

     Requested period:                      20000ps
   + Delay of the capturing clock:           2336ps
   - Clock uncertainty:                       150ps
   = Required time:                         22186ps
   - Propagation time:                       3605ps (58.6% logic, 41.4% route, logic stage 1)
   - Delay of the launching clock:           2475ps
   = Slack:                                 16106ps

   Instance/Pin or Net Name   Type         ID     Location or Fanout   Delay(ps)  Edge  Arrival Time(ps)    Instance detail                                                                                  
   ------------------------------------------------------------------------------------------------------------------------------------------------------------------------------------------------------------
   clk                        CLOCK-PORT    -                      -     launch     r               0                                                                                                        
   clk_BUFG_I_O               Clock net    82           (fanout=519)       2475                     -                                                                                                        
   RBB_11/CLK                 RBB_6L       11  [TILE 0 0, RBB 10 14]          -     r            2475                                                                                                        
   ------------------------------------------------------------------------------------------------------------------------------------------------------------------------------------------------------------
   RBB_11/BQ                  RBB_6L       11  [TILE 0 0, RBB 10 14]        800     r            3275     {inst105: rst_sync_FDRE_Q (FD,site=bff)}                                                           
   r_RX_DV_FDRE_Q_D[0]        Net         105            (fanout=16)       1491                     -                                                                                                        
   RBB_23/D1                  RBB_6L       23   [TILE 0 0, RBB 10 8]          -     r            4766     {inst102: r_SM_Main_FDRE_Q_3_D_LUT3_O (LUT,site=dlut)} {inst101: r_SM_Main_FDRE_Q_3 (FD,site=dff)} 
   ------------------------------------------------------------------------------------------------------------------------------------------------------------------------------------------------------------
   RBB_23/CLK                 RBB_6L       23   [TILE 0 0, RBB 10 8]       1314     r            6080                                                                                                        
   clk_BUFG_I_O               Clock net    82           (fanout=519)      -2336                     -                                                                                                        
   clk                        CLOCK-PORT    -                      -    capture     r            3744                                                                                                        
   ------------------------------------------------------------------------------------------------------------------------------------------------------------------------------------------------------------


Path 180:
   Slack (met):                             16120ps
     Path type:                               SETUP
     Group:                               <DEFAULT>
     Launching clock:                           clk (rising edge)
     Capturing clock:                           clk (rising edge)

     Requested period:                      20000ps
   + Delay of the capturing clock:           2485ps
   - Clock uncertainty:                       150ps
   = Required time:                         22335ps
   - Propagation time:                       3740ps (52.9% logic, 47.1% route, logic stage 1)
   - Delay of the launching clock:           2475ps
   = Slack:                                 16120ps

   Instance/Pin or Net Name   Type         ID     Location or Fanout   Delay(ps)  Edge  Arrival Time(ps)    Instance detail                                     
   ---------------------------------------------------------------------------------------------------------------------------------------------------------------
   clk                        CLOCK-PORT    -                      -     launch     r               0                                                           
   clk_BUFG_I_O               Clock net    82           (fanout=519)       2475                     -                                                           
   RBB_11/CLK                 RBB_6L       11  [TILE 0 0, RBB 10 14]          -     r            2475                                                           
   ---------------------------------------------------------------------------------------------------------------------------------------------------------------
   RBB_11/BQ                  RBB_6L       11  [TILE 0 0, RBB 10 14]        800     r            3275     {inst105: rst_sync_FDRE_Q (FD,site=bff)}              
   r_RX_DV_FDRE_Q_D[0]        Net         105            (fanout=16)       1761                     -                                                           
   RBB_12/B6                  RBB_6L       12  [TILE 0 0, RBB 10 18]          -     r            5036     {<SR>inst41: r_Clock_Count_FDRE_Q_11 (FDRE,site=cff)} 
   ---------------------------------------------------------------------------------------------------------------------------------------------------------------
   RBB_12/CLK                 RBB_6L       12  [TILE 0 0, RBB 10 18]       1179     r            6215                                                           
   clk_BUFG_I_O               Clock net    82           (fanout=519)      -2485                     -                                                           
   clk                        CLOCK-PORT    -                      -    capture     r            3730                                                           
   ---------------------------------------------------------------------------------------------------------------------------------------------------------------


Path 233:
   Slack (met):                             16138ps
     Path type:                               SETUP
     Group:                               <DEFAULT>
     Launching clock:                           clk (rising edge)
     Capturing clock:                           clk (rising edge)

     Requested period:                      20000ps
   + Delay of the capturing clock:           2434ps
   - Clock uncertainty:                       150ps
   = Required time:                         22284ps
   - Propagation time:                       3671ps (45.0% logic, 55.0% route, logic stage 1)
   - Delay of the launching clock:           2475ps
   = Slack:                                 16138ps

   Instance/Pin or Net Name   Type         ID     Location or Fanout   Delay(ps)  Edge  Arrival Time(ps)    Instance detail                                
   ----------------------------------------------------------------------------------------------------------------------------------------------------------
   clk                        CLOCK-PORT    -                      -     launch     r               0                                                      
   clk_BUFG_I_O               Clock net    82           (fanout=519)       2475                     -                                                      
   RBB_11/CLK                 RBB_6L       11  [TILE 0 0, RBB 10 14]          -     r            2475                                                      
   ----------------------------------------------------------------------------------------------------------------------------------------------------------
   RBB_11/BQ                  RBB_6L       11  [TILE 0 0, RBB 10 14]        800     r            3275     {inst105: rst_sync_FDRE_Q (FD,site=bff)}         
   r_RX_DV_FDRE_Q_D[0]        Net         105            (fanout=16)       2020                     -                                                      
   RBB_20/B6                  RBB_6L       20  [TILE 0 0, RBB 16 10]          -     r            5295     {<SR>inst88: r_RX_Byte_FDRE_Q_6 (FDRE,site=bff)} 
   ----------------------------------------------------------------------------------------------------------------------------------------------------------
   RBB_20/CLK                 RBB_6L       20  [TILE 0 0, RBB 16 10]        851     r            6146                                                      
   clk_BUFG_I_O               Clock net    82           (fanout=519)      -2434                     -                                                      
   clk                        CLOCK-PORT    -                      -    capture     r            3712                                                      
   ----------------------------------------------------------------------------------------------------------------------------------------------------------


Path 174:
   Slack (met):                             16158ps
     Path type:                               SETUP
     Group:                               <DEFAULT>
     Launching clock:                           clk (rising edge)
     Capturing clock:                           clk (rising edge)

     Requested period:                      20000ps
   + Delay of the capturing clock:           2485ps
   - Clock uncertainty:                       150ps
   = Required time:                         22335ps
   - Propagation time:                       3702ps (52.4% logic, 47.6% route, logic stage 1)
   - Delay of the launching clock:           2475ps
   = Slack:                                 16158ps

   Instance/Pin or Net Name   Type         ID     Location or Fanout   Delay(ps)  Edge  Arrival Time(ps)    Instance detail                                     
   ---------------------------------------------------------------------------------------------------------------------------------------------------------------
   clk                        CLOCK-PORT    -                      -     launch     r               0                                                           
   clk_BUFG_I_O               Clock net    82           (fanout=519)       2475                     -                                                           
   RBB_11/CLK                 RBB_6L       11  [TILE 0 0, RBB 10 14]          -     r            2475                                                           
   ---------------------------------------------------------------------------------------------------------------------------------------------------------------
   RBB_11/BQ                  RBB_6L       11  [TILE 0 0, RBB 10 14]        800     r            3275     {inst105: rst_sync_FDRE_Q (FD,site=bff)}              
   r_RX_DV_FDRE_Q_D[0]        Net         105            (fanout=16)       1761                     -                                                           
   RBB_12/B6                  RBB_6L       12  [TILE 0 0, RBB 10 18]          -     r            5036     {<SR>inst45: r_Clock_Count_FDRE_Q_15 (FDRE,site=dff)} 
   ---------------------------------------------------------------------------------------------------------------------------------------------------------------
   RBB_12/CLK                 RBB_6L       12  [TILE 0 0, RBB 10 18]       1141     r            6177                                                           
   clk_BUFG_I_O               Clock net    82           (fanout=519)      -2485                     -                                                           
   clk                        CLOCK-PORT    -                      -    capture     r            3692                                                           
   ---------------------------------------------------------------------------------------------------------------------------------------------------------------


Path 162:
   Slack (met):                             16190ps
     Path type:                               SETUP
     Group:                               <DEFAULT>
     Launching clock:                           clk (rising edge)
     Capturing clock:                           clk (rising edge)

     Requested period:                      20000ps
   + Delay of the capturing clock:           2434ps
   - Clock uncertainty:                       150ps
   = Required time:                         22284ps
   - Propagation time:                       3619ps (60.3% logic, 39.7% route, logic stage 1)
   - Delay of the launching clock:           2475ps
   = Slack:                                 16190ps

   Instance/Pin or Net Name                                 Type         ID     Location or Fanout   Delay(ps)  Edge  Arrival Time(ps)    Instance detail                                                                                                                              
   --------------------------------------------------------------------------------------------------------------------------------------------------------------------------------------------------------------------------------------------------------------------------------------
   clk                                                      CLOCK-PORT    -                      -     launch     r               0                                                                                                                                                    
   clk_BUFG_I_O                                             Clock net    82           (fanout=519)       2475                     -                                                                                                                                                    
   RBB_11/CLK                                               RBB_6L       11  [TILE 0 0, RBB 10 14]          -     r            2475                                                                                                                                                    
   --------------------------------------------------------------------------------------------------------------------------------------------------------------------------------------------------------------------------------------------------------------------------------------
   RBB_11/CMUX                                              RBB_6L       11  [TILE 0 0, RBB 10 14]       1379     r            3854     {inst107: rx_sync_FDSE_Q (FDR,site=cffo)}                                                                                                      
   r_Bit_Index_FDRE_Q_D_LUT2_O_I1_CARRY4_O_S_CARRY4_S_O[2]  Net         149            (fanout=11)       1436                     -                                                                                                                                                    
   RBB_20/C4                                                RBB_6L       20  [TILE 0 0, RBB 16 10]          -     r            5290     {inst29: r_Bit_Index_FDRE_Q_D_LUT2_O_I1_CARRY4_O_S_CARRY4_S_O_LUT4_I3_O_LUT4_O_2 (LUT,site=clut)} {inst87: r_RX_Byte_FDRE_Q_5 (FDRE,site=cff)} 
   --------------------------------------------------------------------------------------------------------------------------------------------------------------------------------------------------------------------------------------------------------------------------------------
   RBB_20/CLK                                               RBB_6L       20  [TILE 0 0, RBB 16 10]        804     r            6094                                                                                                                                                    
   clk_BUFG_I_O                                             Clock net    82           (fanout=519)      -2434                     -                                                                                                                                                    
   clk                                                      CLOCK-PORT    -                      -    capture     r            3660                                                                                                                                                    
   --------------------------------------------------------------------------------------------------------------------------------------------------------------------------------------------------------------------------------------------------------------------------------------


Path 179:
   Slack (met):                             16193ps
     Path type:                               SETUP
     Group:                               <DEFAULT>
     Launching clock:                           clk (rising edge)
     Capturing clock:                           clk (rising edge)

     Requested period:                      20000ps
   + Delay of the capturing clock:           2476ps
   - Clock uncertainty:                       150ps
   = Required time:                         22326ps
   - Propagation time:                       3658ps (54.1% logic, 45.9% route, logic stage 1)
   - Delay of the launching clock:           2475ps
   = Slack:                                 16193ps

   Instance/Pin or Net Name   Type         ID     Location or Fanout   Delay(ps)  Edge  Arrival Time(ps)    Instance detail                                     
   ---------------------------------------------------------------------------------------------------------------------------------------------------------------
   clk                        CLOCK-PORT    -                      -     launch     r               0                                                           
   clk_BUFG_I_O               Clock net    82           (fanout=519)       2475                     -                                                           
   RBB_11/CLK                 RBB_6L       11  [TILE 0 0, RBB 10 14]          -     r            2475                                                           
   ---------------------------------------------------------------------------------------------------------------------------------------------------------------
   RBB_11/BQ                  RBB_6L       11  [TILE 0 0, RBB 10 14]        800     r            3275     {inst105: rst_sync_FDRE_Q (FD,site=bff)}              
   r_RX_DV_FDRE_Q_D[0]        Net         105            (fanout=16)       1679                     -                                                           
   RBB_13/B6                  RBB_6L       13  [TILE 0 0, RBB 10 16]          -     r            4954     {<SR>inst42: r_Clock_Count_FDRE_Q_12 (FDRE,site=cff)} 
   ---------------------------------------------------------------------------------------------------------------------------------------------------------------
   RBB_13/CLK                 RBB_6L       13  [TILE 0 0, RBB 10 16]       1179     r            6133                                                           
   clk_BUFG_I_O               Clock net    82           (fanout=519)      -2476                     -                                                           
   clk                        CLOCK-PORT    -                      -    capture     r            3657                                                           
   ---------------------------------------------------------------------------------------------------------------------------------------------------------------


Path 206:
   Slack (met):                             16212ps
     Path type:                               SETUP
     Group:                               <DEFAULT>
     Launching clock:                           clk (rising edge)
     Capturing clock:                           clk (rising edge)

     Requested period:                      20000ps
   + Delay of the capturing clock:           2434ps
   - Clock uncertainty:                       150ps
   = Required time:                         22284ps
   - Propagation time:                       3597ps (44.5% logic, 55.5% route, logic stage 1)
   - Delay of the launching clock:           2475ps
   = Slack:                                 16212ps

   Instance/Pin or Net Name   Type         ID     Location or Fanout   Delay(ps)  Edge  Arrival Time(ps)    Instance detail                                                                                                                         
   ---------------------------------------------------------------------------------------------------------------------------------------------------------------------------------------------------------------------------------------------------
   clk                        CLOCK-PORT    -                      -     launch     r               0                                                                                                                                               
   clk_BUFG_I_O               Clock net    82           (fanout=519)       2475                     -                                                                                                                                               
   RBB_11/CLK                 RBB_6L       11  [TILE 0 0, RBB 10 14]          -     r            2475                                                                                                                                               
   ---------------------------------------------------------------------------------------------------------------------------------------------------------------------------------------------------------------------------------------------------
   RBB_11/CQ                  RBB_6L       11  [TILE 0 0, RBB 10 14]        800     r            3275     {inst11: r_Bit_Index_FDRE_Q_2 (FDR,site=cff)}                                                                                             
   r_Bit_Index[0]             Net          26             (fanout=7)       1996                     -                                                                                                                                               
   RBB_20/D2                  RBB_6L       20  [TILE 0 0, RBB 16 10]          -     r            5271     {inst34: r_Bit_Index_FDRE_Q_D_LUT2_O_I1_CARRY4_O_S_CARRY4_S_O_LUT6_I5 (LUT,site=dlut,dluto)} {inst85: r_RX_Byte_FDRE_Q_3 (FDRE,site=dff)} 
   ---------------------------------------------------------------------------------------------------------------------------------------------------------------------------------------------------------------------------------------------------
   RBB_20/CLK                 RBB_6L       20  [TILE 0 0, RBB 16 10]        801     r            6072                                                                                                                                               
   clk_BUFG_I_O               Clock net    82           (fanout=519)      -2434                     -                                                                                                                                               
   clk                        CLOCK-PORT    -                      -    capture     r            3638                                                                                                                                               
   ---------------------------------------------------------------------------------------------------------------------------------------------------------------------------------------------------------------------------------------------------


Path 169:
   Slack (met):                             16231ps
     Path type:                               SETUP
     Group:                               <DEFAULT>
     Launching clock:                           clk (rising edge)
     Capturing clock:                           clk (rising edge)

     Requested period:                      20000ps
   + Delay of the capturing clock:           2476ps
   - Clock uncertainty:                       150ps
   = Required time:                         22326ps
   - Propagation time:                       3620ps (53.6% logic, 46.4% route, logic stage 1)
   - Delay of the launching clock:           2475ps
   = Slack:                                 16231ps

   Instance/Pin or Net Name   Type         ID     Location or Fanout   Delay(ps)  Edge  Arrival Time(ps)    Instance detail                                     
   ---------------------------------------------------------------------------------------------------------------------------------------------------------------
   clk                        CLOCK-PORT    -                      -     launch     r               0                                                           
   clk_BUFG_I_O               Clock net    82           (fanout=519)       2475                     -                                                           
   RBB_11/CLK                 RBB_6L       11  [TILE 0 0, RBB 10 14]          -     r            2475                                                           
   ---------------------------------------------------------------------------------------------------------------------------------------------------------------
   RBB_11/BQ                  RBB_6L       11  [TILE 0 0, RBB 10 14]        800     r            3275     {inst105: rst_sync_FDRE_Q (FD,site=bff)}              
   r_RX_DV_FDRE_Q_D[0]        Net         105            (fanout=16)       1679                     -                                                           
   RBB_13/B6                  RBB_6L       13  [TILE 0 0, RBB 10 16]          -     r            4954     {<SR>inst46: r_Clock_Count_FDRE_Q_16 (FDRE,site=dff)} 
   ---------------------------------------------------------------------------------------------------------------------------------------------------------------
   RBB_13/CLK                 RBB_6L       13  [TILE 0 0, RBB 10 16]       1141     r            6095                                                           
   clk_BUFG_I_O               Clock net    82           (fanout=519)      -2476                     -                                                           
   clk                        CLOCK-PORT    -                      -    capture     r            3619                                                           
   ---------------------------------------------------------------------------------------------------------------------------------------------------------------


Path 235:
   Slack (met):                             16237ps
     Path type:                               SETUP
     Group:                               <DEFAULT>
     Launching clock:                           clk (rising edge)
     Capturing clock:                           clk (rising edge)

     Requested period:                      20000ps
   + Delay of the capturing clock:           2434ps
   - Clock uncertainty:                       150ps
   = Required time:                         22284ps
   - Propagation time:                       3572ps (43.4% logic, 56.6% route, logic stage 1)
   - Delay of the launching clock:           2475ps
   = Slack:                                 16237ps

   Instance/Pin or Net Name   Type         ID     Location or Fanout   Delay(ps)  Edge  Arrival Time(ps)    Instance detail                                
   ----------------------------------------------------------------------------------------------------------------------------------------------------------
   clk                        CLOCK-PORT    -                      -     launch     r               0                                                      
   clk_BUFG_I_O               Clock net    82           (fanout=519)       2475                     -                                                      
   RBB_11/CLK                 RBB_6L       11  [TILE 0 0, RBB 10 14]          -     r            2475                                                      
   ----------------------------------------------------------------------------------------------------------------------------------------------------------
   RBB_11/BQ                  RBB_6L       11  [TILE 0 0, RBB 10 14]        800     r            3275     {inst105: rst_sync_FDRE_Q (FD,site=bff)}         
   r_RX_DV_FDRE_Q_D[0]        Net         105            (fanout=16)       2020                     -                                                      
   RBB_20/B6                  RBB_6L       20  [TILE 0 0, RBB 16 10]          -     r            5295     {<SR>inst89: r_RX_Byte_FDRE_Q_7 (FDRE,site=aff)} 
   ----------------------------------------------------------------------------------------------------------------------------------------------------------
   RBB_20/CLK                 RBB_6L       20  [TILE 0 0, RBB 16 10]        752     r            6047                                                      
   clk_BUFG_I_O               Clock net    82           (fanout=519)      -2434                     -                                                      
   clk                        CLOCK-PORT    -                      -    capture     r            3613                                                      
   ----------------------------------------------------------------------------------------------------------------------------------------------------------


Path 167:
   Slack (met):                             16243ps
     Path type:                               SETUP
     Group:                               <DEFAULT>
     Launching clock:                           clk (rising edge)
     Capturing clock:                           clk (rising edge)

     Requested period:                      20000ps
   + Delay of the capturing clock:           2452ps
   - Clock uncertainty:                       150ps
   = Required time:                         22302ps
   - Propagation time:                       3584ps (52.7% logic, 47.3% route, logic stage 1)
   - Delay of the launching clock:           2475ps
   = Slack:                                 16243ps

   Instance/Pin or Net Name   Type         ID     Location or Fanout   Delay(ps)  Edge  Arrival Time(ps)    Instance detail                                     
   ---------------------------------------------------------------------------------------------------------------------------------------------------------------
   clk                        CLOCK-PORT    -                      -     launch     r               0                                                           
   clk_BUFG_I_O               Clock net    82           (fanout=519)       2475                     -                                                           
   RBB_11/CLK                 RBB_6L       11  [TILE 0 0, RBB 10 14]          -     r            2475                                                           
   ---------------------------------------------------------------------------------------------------------------------------------------------------------------
   RBB_11/BQ                  RBB_6L       11  [TILE 0 0, RBB 10 14]        800     r            3275     {inst105: rst_sync_FDRE_Q (FD,site=bff)}              
   r_RX_DV_FDRE_Q_D[0]        Net         105            (fanout=16)       1694                     -                                                           
   RBB_10/B6                  RBB_6L       10  [TILE 0 0, RBB 13 16]          -     r            4969     {<SR>inst44: r_Clock_Count_FDRE_Q_14 (FDRE,site=dff)} 
   ---------------------------------------------------------------------------------------------------------------------------------------------------------------
   RBB_10/CLK                 RBB_6L       10  [TILE 0 0, RBB 13 16]       1090     r            6059                                                           
   clk_BUFG_I_O               Clock net    82           (fanout=519)      -2452                     -                                                           
   clk                        CLOCK-PORT    -                      -    capture     r            3607                                                           
   ---------------------------------------------------------------------------------------------------------------------------------------------------------------


Path 176:
   Slack (met):                             16252ps
     Path type:                               SETUP
     Group:                               <DEFAULT>
     Launching clock:                           clk (rising edge)
     Capturing clock:                           clk (rising edge)

     Requested period:                      20000ps
   + Delay of the capturing clock:           2452ps
   - Clock uncertainty:                       150ps
   = Required time:                         22302ps
   - Propagation time:                       3575ps (52.6% logic, 47.4% route, logic stage 1)
   - Delay of the launching clock:           2475ps
   = Slack:                                 16252ps

   Instance/Pin or Net Name   Type         ID     Location or Fanout   Delay(ps)  Edge  Arrival Time(ps)    Instance detail                                     
   ---------------------------------------------------------------------------------------------------------------------------------------------------------------
   clk                        CLOCK-PORT    -                      -     launch     r               0                                                           
   clk_BUFG_I_O               Clock net    82           (fanout=519)       2475                     -                                                           
   RBB_11/CLK                 RBB_6L       11  [TILE 0 0, RBB 10 14]          -     r            2475                                                           
   ---------------------------------------------------------------------------------------------------------------------------------------------------------------
   RBB_11/BQ                  RBB_6L       11  [TILE 0 0, RBB 10 14]        800     r            3275     {inst105: rst_sync_FDRE_Q (FD,site=bff)}              
   r_RX_DV_FDRE_Q_D[0]        Net         105            (fanout=16)       1694                     -                                                           
   RBB_10/B6                  RBB_6L       10  [TILE 0 0, RBB 13 16]          -     r            4969     {<SR>inst40: r_Clock_Count_FDRE_Q_10 (FDRE,site=cff)} 
   ---------------------------------------------------------------------------------------------------------------------------------------------------------------
   RBB_10/CLK                 RBB_6L       10  [TILE 0 0, RBB 13 16]       1081     r            6050                                                           
   clk_BUFG_I_O               Clock net    82           (fanout=519)      -2452                     -                                                           
   clk                        CLOCK-PORT    -                      -    capture     r            3598                                                           
   ---------------------------------------------------------------------------------------------------------------------------------------------------------------


Path 236:
   Slack (met):                             16285ps
     Path type:                               SETUP
     Group:                               <DEFAULT>
     Launching clock:                           clk (rising edge)
     Capturing clock:                           clk (rising edge)

     Requested period:                      20000ps
   + Delay of the capturing clock:           2336ps
   - Clock uncertainty:                       150ps
   = Required time:                         22186ps
   - Propagation time:                       3426ps (50.4% logic, 49.6% route, logic stage 1)
   - Delay of the launching clock:           2475ps
   = Slack:                                 16285ps

   Instance/Pin or Net Name   Type         ID     Location or Fanout   Delay(ps)  Edge  Arrival Time(ps)    Instance detail                                
   ----------------------------------------------------------------------------------------------------------------------------------------------------------
   clk                        CLOCK-PORT    -                      -     launch     r               0                                                      
   clk_BUFG_I_O               Clock net    82           (fanout=519)       2475                     -                                                      
   RBB_11/CLK                 RBB_6L       11  [TILE 0 0, RBB 10 14]          -     r            2475                                                      
   ----------------------------------------------------------------------------------------------------------------------------------------------------------
   RBB_11/BQ                  RBB_6L       11  [TILE 0 0, RBB 10 14]        800     r            3275     {inst105: rst_sync_FDRE_Q (FD,site=bff)}         
   r_RX_DV_FDRE_Q_D[0]        Net         105            (fanout=16)       1699                     -                                                      
   RBB_19/B6                  RBB_6L       19   [TILE 0 0, RBB 13 8]          -     r            4974     {<SR>inst86: r_RX_Byte_FDRE_Q_4 (FDRE,site=aff)} 
   ----------------------------------------------------------------------------------------------------------------------------------------------------------
   RBB_19/CLK                 RBB_6L       19   [TILE 0 0, RBB 13 8]        927     r            5901                                                      
   clk_BUFG_I_O               Clock net    82           (fanout=519)      -2336                     -                                                      
   clk                        CLOCK-PORT    -                      -    capture     r            3565                                                      
   ----------------------------------------------------------------------------------------------------------------------------------------------------------


Path 166:
   Slack (met):                             16286ps
     Path type:                               SETUP
     Group:                               <DEFAULT>
     Launching clock:                           clk (rising edge)
     Capturing clock:                           clk (rising edge)

     Requested period:                      20000ps
   + Delay of the capturing clock:           2449ps
   - Clock uncertainty:                       150ps
   = Required time:                         22299ps
   - Propagation time:                       3570ps (55.9% logic, 44.1% route, logic stage 1)
   - Delay of the launching clock:           2443ps
   = Slack:                                 16286ps

   Instance/Pin or Net Name   Type         ID     Location or Fanout   Delay(ps)  Edge  Arrival Time(ps)    Instance detail                                                                                        
   ------------------------------------------------------------------------------------------------------------------------------------------------------------------------------------------------------------------
   clk                        CLOCK-PORT    -                      -     launch     r               0                                                                                                              
   clk_BUFG_I_O               Clock net    82           (fanout=519)       2443                     -                                                                                                              
   RBB_16/CLK                 RBB_6L       16   [TILE 0 0, RBB 7 14]          -     r            2443                                                                                                              
   ------------------------------------------------------------------------------------------------------------------------------------------------------------------------------------------------------------------
   RBB_16/DQ                  RBB_6L       16   [TILE 0 0, RBB 7 14]        800     r            3243     {inst100: r_SM_Main_FDRE_Q_2 (FD,site=dff)}                                                              
   r_SM_Main[2]               Net          37            (fanout=24)       1576                     -                                                                                                              
   RBB_15/D5                  RBB_6L       15  [TILE 0 0, RBB 13 12]          -     r            4819     {inst15: r_Bit_Index_FDRE_Q_D_LUT2_O_1 (LUT,site=dluto)} {inst10: r_Bit_Index_FDRE_Q_1 (FDRE,site=dffo)} 
   ------------------------------------------------------------------------------------------------------------------------------------------------------------------------------------------------------------------
   RBB_15/CLK                 RBB_6L       15  [TILE 0 0, RBB 13 12]       1194     r            6013                                                                                                              
   clk_BUFG_I_O               Clock net    82           (fanout=519)      -2449                     -                                                                                                              
   clk                        CLOCK-PORT    -                      -    capture     r            3564                                                                                                              
   ------------------------------------------------------------------------------------------------------------------------------------------------------------------------------------------------------------------


Path 234:
   Slack (met):                             16325ps
     Path type:                               SETUP
     Group:                               <DEFAULT>
     Launching clock:                           clk (rising edge)
     Capturing clock:                           clk (rising edge)

     Requested period:                      20000ps
   + Delay of the capturing clock:           2336ps
   - Clock uncertainty:                       150ps
   = Required time:                         22186ps
   - Propagation time:                       3386ps (49.8% logic, 50.2% route, logic stage 1)
   - Delay of the launching clock:           2475ps
   = Slack:                                 16325ps

   Instance/Pin or Net Name   Type         ID     Location or Fanout   Delay(ps)  Edge  Arrival Time(ps)    Instance detail                                
   ----------------------------------------------------------------------------------------------------------------------------------------------------------
   clk                        CLOCK-PORT    -                      -     launch     r               0                                                      
   clk_BUFG_I_O               Clock net    82           (fanout=519)       2475                     -                                                      
   RBB_11/CLK                 RBB_6L       11  [TILE 0 0, RBB 10 14]          -     r            2475                                                      
   ----------------------------------------------------------------------------------------------------------------------------------------------------------
   RBB_11/BQ                  RBB_6L       11  [TILE 0 0, RBB 10 14]        800     r            3275     {inst105: rst_sync_FDRE_Q (FD,site=bff)}         
   r_RX_DV_FDRE_Q_D[0]        Net         105            (fanout=16)       1699                     -                                                      
   RBB_19/B6                  RBB_6L       19   [TILE 0 0, RBB 13 8]          -     r            4974     {<SR>inst84: r_RX_Byte_FDRE_Q_2 (FDRE,site=bff)} 
   ----------------------------------------------------------------------------------------------------------------------------------------------------------
   RBB_19/CLK                 RBB_6L       19   [TILE 0 0, RBB 13 8]        887     r            5861                                                      
   clk_BUFG_I_O               Clock net    82           (fanout=519)      -2336                     -                                                      
   clk                        CLOCK-PORT    -                      -    capture     r            3525                                                      
   ----------------------------------------------------------------------------------------------------------------------------------------------------------


Path 188:
   Slack (met):                             16326ps
     Path type:                               SETUP
     Group:                               <DEFAULT>
     Launching clock:                           clk (rising edge)
     Capturing clock:                           clk (rising edge)

     Requested period:                      20000ps
   + Delay of the capturing clock:           2452ps
   - Clock uncertainty:                       150ps
   = Required time:                         22302ps
   - Propagation time:                       3533ps (48.8% logic, 51.2% route, logic stage 1)
   - Delay of the launching clock:           2443ps
   = Slack:                                 16326ps

   Instance/Pin or Net Name   Type         ID     Location or Fanout   Delay(ps)  Edge  Arrival Time(ps)    Instance detail                                                                                                                                             
   -----------------------------------------------------------------------------------------------------------------------------------------------------------------------------------------------------------------------------------------------------------------------
   clk                        CLOCK-PORT    -                      -     launch     r               0                                                                                                                                                                   
   clk_BUFG_I_O               Clock net    82           (fanout=519)       2443                     -                                                                                                                                                                   
   RBB_16/CLK                 RBB_6L       16   [TILE 0 0, RBB 7 14]          -     r            2443                                                                                                                                                                   
   -----------------------------------------------------------------------------------------------------------------------------------------------------------------------------------------------------------------------------------------------------------------------
   RBB_16/DQ                  RBB_6L       16   [TILE 0 0, RBB 7 14]        800     r            3243     {inst100: r_SM_Main_FDRE_Q_2 (FD,site=dff)}                                                                                                                   
   r_SM_Main[2]               Net          37            (fanout=24)       1808                     -                                                                                                                                                                   
   RBB_10/D3                  RBB_6L       10  [TILE 0 0, RBB 13 16]          -     r            5051     {inst77: r_Clock_Count_FDRE_Q_9_D_LUT6_O_I4_CARRY4_O_CI_CARRY4_CO_O_LUT6_I3_O_LUT6_O (LUT,site=dlut,dluto)} {inst44: r_Clock_Count_FDRE_Q_14 (FDRE,site=dff)} 
   -----------------------------------------------------------------------------------------------------------------------------------------------------------------------------------------------------------------------------------------------------------------------
   RBB_10/CLK                 RBB_6L       10  [TILE 0 0, RBB 13 16]        925     r            5976                                                                                                                                                                   
   clk_BUFG_I_O               Clock net    82           (fanout=519)      -2452                     -                                                                                                                                                                   
   clk                        CLOCK-PORT    -                      -    capture     r            3524                                                                                                                                                                   
   -----------------------------------------------------------------------------------------------------------------------------------------------------------------------------------------------------------------------------------------------------------------------


Path 171:
   Slack (met):                             16337ps
     Path type:                               SETUP
     Group:                               <DEFAULT>
     Launching clock:                           clk (rising edge)
     Capturing clock:                           clk (rising edge)

     Requested period:                      20000ps
   + Delay of the capturing clock:           2336ps
   - Clock uncertainty:                       150ps
   = Required time:                         22186ps
   - Propagation time:                       3374ps (49.6% logic, 50.4% route, logic stage 1)
   - Delay of the launching clock:           2475ps
   = Slack:                                 16337ps

   Instance/Pin or Net Name   Type         ID     Location or Fanout   Delay(ps)  Edge  Arrival Time(ps)    Instance detail                              
   --------------------------------------------------------------------------------------------------------------------------------------------------------
   clk                        CLOCK-PORT    -                      -     launch     r               0                                                    
   clk_BUFG_I_O               Clock net    82           (fanout=519)       2475                     -                                                    
   RBB_11/CLK                 RBB_6L       11  [TILE 0 0, RBB 10 14]          -     r            2475                                                    
   --------------------------------------------------------------------------------------------------------------------------------------------------------
   RBB_11/BQ                  RBB_6L       11  [TILE 0 0, RBB 10 14]        800     r            3275     {inst105: rst_sync_FDRE_Q (FD,site=bff)}       
   r_RX_DV_FDRE_Q_D[0]        Net         105            (fanout=16)       1699                     -                                                    
   RBB_19/B6                  RBB_6L       19   [TILE 0 0, RBB 13 8]          -     r            4974     {<SR>inst82: r_RX_Byte_FDRE_Q (FDRE,site=dff)} 
   --------------------------------------------------------------------------------------------------------------------------------------------------------
   RBB_19/CLK                 RBB_6L       19   [TILE 0 0, RBB 13 8]        875     r            5849                                                    
   clk_BUFG_I_O               Clock net    82           (fanout=519)      -2336                     -                                                    
   clk                        CLOCK-PORT    -                      -    capture     r            3513                                                    
   --------------------------------------------------------------------------------------------------------------------------------------------------------


Path 178:
   Slack (met):                             16373ps
     Path type:                               SETUP
     Group:                               <DEFAULT>
     Launching clock:                           clk (rising edge)
     Capturing clock:                           clk (rising edge)

     Requested period:                      20000ps
   + Delay of the capturing clock:           2336ps
   - Clock uncertainty:                       150ps
   = Required time:                         22186ps
   - Propagation time:                       3338ps (49.1% logic, 50.9% route, logic stage 1)
   - Delay of the launching clock:           2475ps
   = Slack:                                 16373ps

   Instance/Pin or Net Name   Type         ID     Location or Fanout   Delay(ps)  Edge  Arrival Time(ps)    Instance detail                                
   ----------------------------------------------------------------------------------------------------------------------------------------------------------
   clk                        CLOCK-PORT    -                      -     launch     r               0                                                      
   clk_BUFG_I_O               Clock net    82           (fanout=519)       2475                     -                                                      
   RBB_11/CLK                 RBB_6L       11  [TILE 0 0, RBB 10 14]          -     r            2475                                                      
   ----------------------------------------------------------------------------------------------------------------------------------------------------------
   RBB_11/BQ                  RBB_6L       11  [TILE 0 0, RBB 10 14]        800     r            3275     {inst105: rst_sync_FDRE_Q (FD,site=bff)}         
   r_RX_DV_FDRE_Q_D[0]        Net         105            (fanout=16)       1699                     -                                                      
   RBB_19/B6                  RBB_6L       19   [TILE 0 0, RBB 13 8]          -     r            4974     {<SR>inst83: r_RX_Byte_FDRE_Q_1 (FDRE,site=cff)} 
   ----------------------------------------------------------------------------------------------------------------------------------------------------------
   RBB_19/CLK                 RBB_6L       19   [TILE 0 0, RBB 13 8]        839     r            5813                                                      
   clk_BUFG_I_O               Clock net    82           (fanout=519)      -2336                     -                                                      
   clk                        CLOCK-PORT    -                      -    capture     r            3477                                                      
   ----------------------------------------------------------------------------------------------------------------------------------------------------------


Path 204:
   Slack (met):                             16389ps
     Path type:                               SETUP
     Group:                               <DEFAULT>
     Launching clock:                           clk (rising edge)
     Capturing clock:                           clk (rising edge)

     Requested period:                      20000ps
   + Delay of the capturing clock:           2463ps
   - Clock uncertainty:                       150ps
   = Required time:                         22313ps
   - Propagation time:                       3475ps (49.6% logic, 50.4% route, logic stage 1)
   - Delay of the launching clock:           2449ps
   = Slack:                                 16389ps

   Instance/Pin or Net Name   Type         ID     Location or Fanout   Delay(ps)  Edge  Arrival Time(ps)    Instance detail                                                                                                             
   ---------------------------------------------------------------------------------------------------------------------------------------------------------------------------------------------------------------------------------------
   clk                        CLOCK-PORT    -                      -     launch     r               0                                                                                                                                   
   clk_BUFG_I_O               Clock net    82           (fanout=519)       2449                     -                                                                                                                                   
   RBB_8/CLK                  RBB_6L        8  [TILE 0 0, RBB 13 14]          -     r            2449                                                                                                                                   
   ---------------------------------------------------------------------------------------------------------------------------------------------------------------------------------------------------------------------------------------
   RBB_8/DQ                   RBB_6L        8  [TILE 0 0, RBB 13 14]        800     r            3249     {inst98: r_SM_Main_FDRE_Q (FD,site=dff)}                                                                                      
   r_SM_Main[4]               Net          39            (fanout=15)       1750                     -                                                                                                                                   
   RBB_17/D2                  RBB_6L       17   [TILE 0 0, RBB 7 16]          -     r            4999     {inst22: r_Bit_Index_FDRE_Q_D_LUT2_O_I1_CARRY4_O_O_LUT6_I2 (LUT,site=dlut,dluto)} {inst103: r_SM_Main_FDRE_Q_4 (FD,site=dff)} 
   ---------------------------------------------------------------------------------------------------------------------------------------------------------------------------------------------------------------------------------------
   RBB_17/CLK                 RBB_6L       17   [TILE 0 0, RBB 7 16]        925     r            5924                                                                                                                                   
   clk_BUFG_I_O               Clock net    82           (fanout=519)      -2463                     -                                                                                                                                   
   clk                        CLOCK-PORT    -                      -    capture     r            3461                                                                                                                                   
   ---------------------------------------------------------------------------------------------------------------------------------------------------------------------------------------------------------------------------------------


Path 240:
   Slack (met):                             16391ps
     Path type:                               SETUP
     Group:                               <DEFAULT>
     Launching clock:                           clk (rising edge)
     Capturing clock:                           clk (rising edge)

     Requested period:                      20000ps
   + Delay of the capturing clock:           2475ps
   - Clock uncertainty:                       150ps
   = Required time:                         22325ps
   - Propagation time:                       3459ps (57.2% logic, 42.8% route, logic stage 1)
   - Delay of the launching clock:           2475ps
   = Slack:                                 16391ps

   Instance/Pin or Net Name   Type         ID     Location or Fanout   Delay(ps)  Edge  Arrival Time(ps)    Instance detail                                 
   -----------------------------------------------------------------------------------------------------------------------------------------------------------
   clk                        CLOCK-PORT    -                      -     launch     r               0                                                       
   clk_BUFG_I_O               Clock net    82           (fanout=519)       2475                     -                                                       
   RBB_11/CLK                 RBB_6L       11  [TILE 0 0, RBB 10 14]          -     r            2475                                                       
   -----------------------------------------------------------------------------------------------------------------------------------------------------------
   RBB_11/BQ                  RBB_6L       11  [TILE 0 0, RBB 10 14]        800     r            3275     {inst105: rst_sync_FDRE_Q (FD,site=bff)}          
   r_RX_DV_FDRE_Q_D[0]        Net         105            (fanout=16)       1480                     -                                                       
   RBB_11/A6                  RBB_6L       11  [TILE 0 0, RBB 10 14]          -     r            4755     {<SR>inst11: r_Bit_Index_FDRE_Q_2 (FDR,site=cff)} 
   -----------------------------------------------------------------------------------------------------------------------------------------------------------
   RBB_11/CLK                 RBB_6L       11  [TILE 0 0, RBB 10 14]       1179     r            5934                                                       
   clk_BUFG_I_O               Clock net    82           (fanout=519)      -2475                     -                                                       
   clk                        CLOCK-PORT    -                      -    capture     r            3459                                                       
   -----------------------------------------------------------------------------------------------------------------------------------------------------------


Path 246:
   Slack (met):                             16414ps
     Path type:                               SETUP
     Group:                               <DEFAULT>
     Launching clock:                           clk (rising edge)
     Capturing clock:                           clk (rising edge)

     Requested period:                      20000ps
   + Delay of the capturing clock:           2336ps
   - Clock uncertainty:                       150ps
   = Required time:                         22186ps
   - Propagation time:                       3436ps (56.1% logic, 43.9% route, logic stage 1)
   - Delay of the launching clock:           2336ps
   = Slack:                                 16414ps

   Instance/Pin or Net Name   Type         ID    Location or Fanout   Delay(ps)  Edge  Arrival Time(ps)    Instance detail                                                                                                                          
   ---------------------------------------------------------------------------------------------------------------------------------------------------------------------------------------------------------------------------------------------------
   clk                        CLOCK-PORT    -                     -     launch     r               0                                                                                                                                                
   clk_BUFG_I_O               Clock net    82          (fanout=519)       2336                     -                                                                                                                                                
   RBB_19/CLK                 RBB_6L       19  [TILE 0 0, RBB 13 8]          -     r            2336                                                                                                                                                
   ---------------------------------------------------------------------------------------------------------------------------------------------------------------------------------------------------------------------------------------------------
   RBB_19/DQ                  RBB_6L       19  [TILE 0 0, RBB 13 8]        800     r            3136     {inst82: r_RX_Byte_FDRE_Q (FDRE,site=dff)}                                                                                                 
   r_RX_Byte[7]               Net          31            (fanout=2)       1509                     -                                                                                                                                                
   RBB_19/D1                  RBB_6L       19  [TILE 0 0, RBB 13 8]          -     r            4645     {inst26: r_Bit_Index_FDRE_Q_D_LUT2_O_I1_CARRY4_O_S_CARRY4_S_O_LUT4_I3_O_LUT4_O (LUT,site=dlut)} {inst82: r_RX_Byte_FDRE_Q (FDRE,site=dff)} 
   ---------------------------------------------------------------------------------------------------------------------------------------------------------------------------------------------------------------------------------------------------
   RBB_19/CLK                 RBB_6L       19  [TILE 0 0, RBB 13 8]       1127     r            5772                                                                                                                                                
   clk_BUFG_I_O               Clock net    82          (fanout=519)      -2336                     -                                                                                                                                                
   clk                        CLOCK-PORT    -                     -    capture     r            3436                                                                                                                                                
   ---------------------------------------------------------------------------------------------------------------------------------------------------------------------------------------------------------------------------------------------------


Path 220:
   Slack (met):                             16424ps
     Path type:                               SETUP
     Group:                               <DEFAULT>
     Launching clock:                           clk (rising edge)
     Capturing clock:                           clk (rising edge)

     Requested period:                      20000ps
   + Delay of the capturing clock:           2452ps
   - Clock uncertainty:                       150ps
   = Required time:                         22302ps
   - Propagation time:                       3435ps (47.5% logic, 52.5% route, logic stage 1)
   - Delay of the launching clock:           2443ps
   = Slack:                                 16424ps

   Instance/Pin or Net Name   Type         ID     Location or Fanout   Delay(ps)  Edge  Arrival Time(ps)    Instance detail                                                                                                                                    
   --------------------------------------------------------------------------------------------------------------------------------------------------------------------------------------------------------------------------------------------------------------
   clk                        CLOCK-PORT    -                      -     launch     r               0                                                                                                                                                          
   clk_BUFG_I_O               Clock net    82           (fanout=519)       2443                     -                                                                                                                                                          
   RBB_16/CLK                 RBB_6L       16   [TILE 0 0, RBB 7 14]          -     r            2443                                                                                                                                                          
   --------------------------------------------------------------------------------------------------------------------------------------------------------------------------------------------------------------------------------------------------------------
   RBB_16/DQ                  RBB_6L       16   [TILE 0 0, RBB 7 14]        800     r            3243     {inst100: r_SM_Main_FDRE_Q_2 (FD,site=dff)}                                                                                                          
   r_SM_Main[2]               Net          37            (fanout=24)       1803                     -                                                                                                                                                          
   RBB_10/C3                  RBB_6L       10  [TILE 0 0, RBB 13 16]          -     r            5046     {inst76: r_Clock_Count_FDRE_Q_9_D_LUT6_O_I4_CARRY4_O_CI_CARRY4_CO_O_LUT6_I3 (LUT,site=clut,cluto)} {inst40: r_Clock_Count_FDRE_Q_10 (FDRE,site=cff)} 
   --------------------------------------------------------------------------------------------------------------------------------------------------------------------------------------------------------------------------------------------------------------
   RBB_10/CLK                 RBB_6L       10  [TILE 0 0, RBB 13 16]        832     r            5878                                                                                                                                                          
   clk_BUFG_I_O               Clock net    82           (fanout=519)      -2452                     -                                                                                                                                                          
   clk                        CLOCK-PORT    -                      -    capture     r            3426                                                                                                                                                          
   --------------------------------------------------------------------------------------------------------------------------------------------------------------------------------------------------------------------------------------------------------------


Path 239:
   Slack (met):                             16429ps
     Path type:                               SETUP
     Group:                               <DEFAULT>
     Launching clock:                           clk (rising edge)
     Capturing clock:                           clk (rising edge)

     Requested period:                      20000ps
   + Delay of the capturing clock:           2475ps
   - Clock uncertainty:                       150ps
   = Required time:                         22325ps
   - Propagation time:                       3421ps (56.7% logic, 43.3% route, logic stage 1)
   - Delay of the launching clock:           2475ps
   = Slack:                                 16429ps

   Instance/Pin or Net Name   Type         ID     Location or Fanout   Delay(ps)  Edge  Arrival Time(ps)    Instance detail                                   
   -------------------------------------------------------------------------------------------------------------------------------------------------------------
   clk                        CLOCK-PORT    -                      -     launch     r               0                                                         
   clk_BUFG_I_O               Clock net    82           (fanout=519)       2475                     -                                                         
   RBB_11/CLK                 RBB_6L       11  [TILE 0 0, RBB 10 14]          -     r            2475                                                         
   -------------------------------------------------------------------------------------------------------------------------------------------------------------
   RBB_11/BQ                  RBB_6L       11  [TILE 0 0, RBB 10 14]        800     r            3275     {inst105: rst_sync_FDRE_Q (FD,site=bff)}            
   r_RX_DV_FDRE_Q_D[0]        Net         105            (fanout=16)       1480                     -                                                         
   RBB_11/A6                  RBB_6L       11  [TILE 0 0, RBB 10 14]          -     r            4755     {<SR>inst55: r_Clock_Count_FDRE_Q_9 (FDR,site=dff)} 
   -------------------------------------------------------------------------------------------------------------------------------------------------------------
   RBB_11/CLK                 RBB_6L       11  [TILE 0 0, RBB 10 14]       1141     r            5896                                                         
   clk_BUFG_I_O               Clock net    82           (fanout=519)      -2475                     -                                                         
   clk                        CLOCK-PORT    -                      -    capture     r            3421                                                         
   -------------------------------------------------------------------------------------------------------------------------------------------------------------


Path 198:
   Slack (met):                             16453ps
     Path type:                               SETUP
     Group:                               <DEFAULT>
     Launching clock:                           clk (rising edge)
     Capturing clock:                           clk (rising edge)

     Requested period:                      20000ps
   + Delay of the capturing clock:           2462ps
   - Clock uncertainty:                       150ps
   = Required time:                         22312ps
   - Propagation time:                       3384ps (50.2% logic, 49.8% route, logic stage 1)
   - Delay of the launching clock:           2475ps
   = Slack:                                 16453ps

   Instance/Pin or Net Name   Type         ID     Location or Fanout   Delay(ps)  Edge  Arrival Time(ps)    Instance detail                                                                                                                                               
   -------------------------------------------------------------------------------------------------------------------------------------------------------------------------------------------------------------------------------------------------------------------------
   clk                        CLOCK-PORT    -                      -     launch     r               0                                                                                                                                                                     
   clk_BUFG_I_O               Clock net    82           (fanout=519)       2475                     -                                                                                                                                                                     
   RBB_25/CLK                 RBB_6L       25  [TILE 0 0, RBB 10 12]          -     r            2475                                                                                                                                                                     
   -------------------------------------------------------------------------------------------------------------------------------------------------------------------------------------------------------------------------------------------------------------------------
   RBB_25/DQ                  RBB_6L       25  [TILE 0 0, RBB 10 12]        800     r            3275     {inst99: r_SM_Main_FDRE_Q_1 (FD,site=dff)}                                                                                                                      
   r_SM_Main[3]               Net          38            (fanout=15)       1685                     -                                                                                                                                                                     
   RBB_14/D4                  RBB_6L       14   [TILE 0 0, RBB 7 18]          -     r            4960     {inst80: r_Clock_Count_FDRE_Q_9_D_LUT6_O_I4_CARRY4_O_CI_CARRY4_CO_O_LUT6_I3_O_LUT6_O_3 (LUT,site=dlut,dluto)} {inst47: r_Clock_Count_FDRE_Q_17 (FDRE,site=dff)} 
   -------------------------------------------------------------------------------------------------------------------------------------------------------------------------------------------------------------------------------------------------------------------------
   RBB_14/CLK                 RBB_6L       14   [TILE 0 0, RBB 7 18]        899     r            5859                                                                                                                                                                     
   clk_BUFG_I_O               Clock net    82           (fanout=519)      -2462                     -                                                                                                                                                                     
   clk                        CLOCK-PORT    -                      -    capture     r            3397                                                                                                                                                                     
   -------------------------------------------------------------------------------------------------------------------------------------------------------------------------------------------------------------------------------------------------------------------------


Path 189:
   Slack (met):                             16465ps
     Path type:                               SETUP
     Group:                               <DEFAULT>
     Launching clock:                           clk (rising edge)
     Capturing clock:                           clk (rising edge)

     Requested period:                      20000ps
   + Delay of the capturing clock:           2462ps
   - Clock uncertainty:                       150ps
   = Required time:                         22312ps
   - Propagation time:                       3404ps (50.7% logic, 49.3% route, logic stage 1)
   - Delay of the launching clock:           2443ps
   = Slack:                                 16465ps

   Instance/Pin or Net Name   Type         ID    Location or Fanout   Delay(ps)  Edge  Arrival Time(ps)    Instance detail                                                                                                                                               
   ------------------------------------------------------------------------------------------------------------------------------------------------------------------------------------------------------------------------------------------------------------------------
   clk                        CLOCK-PORT    -                     -     launch     r               0                                                                                                                                                                     
   clk_BUFG_I_O               Clock net    82          (fanout=519)       2443                     -                                                                                                                                                                     
   RBB_16/CLK                 RBB_6L       16  [TILE 0 0, RBB 7 14]          -     r            2443                                                                                                                                                                     
   ------------------------------------------------------------------------------------------------------------------------------------------------------------------------------------------------------------------------------------------------------------------------
   RBB_16/DQ                  RBB_6L       16  [TILE 0 0, RBB 7 14]        800     r            3243     {inst100: r_SM_Main_FDRE_Q_2 (FD,site=dff)}                                                                                                                     
   r_SM_Main[2]               Net          37           (fanout=24)       1679                     -                                                                                                                                                                     
   RBB_14/D3                  RBB_6L       14  [TILE 0 0, RBB 7 18]          -     r            4922     {inst80: r_Clock_Count_FDRE_Q_9_D_LUT6_O_I4_CARRY4_O_CI_CARRY4_CO_O_LUT6_I3_O_LUT6_O_3 (LUT,site=dlut,dluto)} {inst47: r_Clock_Count_FDRE_Q_17 (FDRE,site=dff)} 
   ------------------------------------------------------------------------------------------------------------------------------------------------------------------------------------------------------------------------------------------------------------------------
   RBB_14/CLK                 RBB_6L       14  [TILE 0 0, RBB 7 18]        925     r            5847                                                                                                                                                                     
   clk_BUFG_I_O               Clock net    82          (fanout=519)      -2462                     -                                                                                                                                                                     
   clk                        CLOCK-PORT    -                     -    capture     r            3385                                                                                                                                                                     
   ------------------------------------------------------------------------------------------------------------------------------------------------------------------------------------------------------------------------------------------------------------------------


Path 202:
   Slack (met):                             16474ps
     Path type:                               SETUP
     Group:                               <DEFAULT>
     Launching clock:                           clk (rising edge)
     Capturing clock:                           clk (rising edge)

     Requested period:                      20000ps
   + Delay of the capturing clock:           2485ps
   - Clock uncertainty:                       150ps
   = Required time:                         22335ps
   - Propagation time:                       3386ps (49.1% logic, 50.9% route, logic stage 1)
   - Delay of the launching clock:           2475ps
   = Slack:                                 16474ps

   Instance/Pin or Net Name   Type         ID     Location or Fanout   Delay(ps)  Edge  Arrival Time(ps)    Instance detail                                                                                                                                               
   -------------------------------------------------------------------------------------------------------------------------------------------------------------------------------------------------------------------------------------------------------------------------
   clk                        CLOCK-PORT    -                      -     launch     r               0                                                                                                                                                                     
   clk_BUFG_I_O               Clock net    82           (fanout=519)       2475                     -                                                                                                                                                                     
   RBB_25/CLK                 RBB_6L       25  [TILE 0 0, RBB 10 12]          -     r            2475                                                                                                                                                                     
   -------------------------------------------------------------------------------------------------------------------------------------------------------------------------------------------------------------------------------------------------------------------------
   RBB_25/DQ                  RBB_6L       25  [TILE 0 0, RBB 10 12]        800     r            3275     {inst99: r_SM_Main_FDRE_Q_1 (FD,site=dff)}                                                                                                                      
   r_SM_Main[3]               Net          38            (fanout=15)       1725                     -                                                                                                                                                                     
   RBB_12/D4                  RBB_6L       12  [TILE 0 0, RBB 10 18]          -     r            5000     {inst78: r_Clock_Count_FDRE_Q_9_D_LUT6_O_I4_CARRY4_O_CI_CARRY4_CO_O_LUT6_I3_O_LUT6_O_1 (LUT,site=dlut,dluto)} {inst45: r_Clock_Count_FDRE_Q_15 (FDRE,site=dff)} 
   -------------------------------------------------------------------------------------------------------------------------------------------------------------------------------------------------------------------------------------------------------------------------
   RBB_12/CLK                 RBB_6L       12  [TILE 0 0, RBB 10 18]        861     r            5861                                                                                                                                                                     
   clk_BUFG_I_O               Clock net    82           (fanout=519)      -2485                     -                                                                                                                                                                     
   clk                        CLOCK-PORT    -                      -    capture     r            3376                                                                                                                                                                     
   -------------------------------------------------------------------------------------------------------------------------------------------------------------------------------------------------------------------------------------------------------------------------


Path 222:
   Slack (met):                             16475ps
     Path type:                               SETUP
     Group:                               <DEFAULT>
     Launching clock:                           clk (rising edge)
     Capturing clock:                           clk (rising edge)

     Requested period:                      20000ps
   + Delay of the capturing clock:           2476ps
   - Clock uncertainty:                       150ps
   = Required time:                         22326ps
   - Propagation time:                       3376ps (47.4% logic, 52.6% route, logic stage 1)
   - Delay of the launching clock:           2475ps
   = Slack:                                 16475ps

   Instance/Pin or Net Name   Type         ID     Location or Fanout   Delay(ps)  Edge  Arrival Time(ps)    Instance detail                                                                                                                                      
   ----------------------------------------------------------------------------------------------------------------------------------------------------------------------------------------------------------------------------------------------------------------
   clk                        CLOCK-PORT    -                      -     launch     r               0                                                                                                                                                            
   clk_BUFG_I_O               Clock net    82           (fanout=519)       2475                     -                                                                                                                                                            
   RBB_25/CLK                 RBB_6L       25  [TILE 0 0, RBB 10 12]          -     r            2475                                                                                                                                                            
   ----------------------------------------------------------------------------------------------------------------------------------------------------------------------------------------------------------------------------------------------------------------
   RBB_25/DQ                  RBB_6L       25  [TILE 0 0, RBB 10 12]        800     r            3275     {inst99: r_SM_Main_FDRE_Q_1 (FD,site=dff)}                                                                                                             
   r_SM_Main[3]               Net          38            (fanout=15)       1775                     -                                                                                                                                                            
   RBB_13/C4                  RBB_6L       13  [TILE 0 0, RBB 10 16]          -     r            5050     {inst74: r_Clock_Count_FDRE_Q_9_D_LUT6_O_I4_CARRY4_O_CI_CARRY4_CO_O_2_LUT6_I3 (LUT,site=clut,cluto)} {inst42: r_Clock_Count_FDRE_Q_12 (FDRE,site=cff)} 
   ----------------------------------------------------------------------------------------------------------------------------------------------------------------------------------------------------------------------------------------------------------------
   RBB_13/CLK                 RBB_6L       13  [TILE 0 0, RBB 10 16]        801     r            5851                                                                                                                                                            
   clk_BUFG_I_O               Clock net    82           (fanout=519)      -2476                     -                                                                                                                                                            
   clk                        CLOCK-PORT    -                      -    capture     r            3375                                                                                                                                                            
   ----------------------------------------------------------------------------------------------------------------------------------------------------------------------------------------------------------------------------------------------------------------


Path 183:
   Slack (met):                             16488ps
     Path type:                               SETUP
     Group:                               <DEFAULT>
     Launching clock:                           clk (rising edge)
     Capturing clock:                           clk (rising edge)

     Requested period:                      20000ps
   + Delay of the capturing clock:           2475ps
   - Clock uncertainty:                       150ps
   = Required time:                         22325ps
   - Propagation time:                       3394ps (50.6% logic, 49.4% route, logic stage 1)
   - Delay of the launching clock:           2443ps
   = Slack:                                 16488ps

   Instance/Pin or Net Name   Type         ID     Location or Fanout   Delay(ps)  Edge  Arrival Time(ps)    Instance detail                                                                                               
   -------------------------------------------------------------------------------------------------------------------------------------------------------------------------------------------------------------------------
   clk                        CLOCK-PORT    -                      -     launch     r               0                                                                                                                     
   clk_BUFG_I_O               Clock net    82           (fanout=519)       2443                     -                                                                                                                     
   RBB_16/CLK                 RBB_6L       16   [TILE 0 0, RBB 7 14]          -     r            2443                                                                                                                     
   -------------------------------------------------------------------------------------------------------------------------------------------------------------------------------------------------------------------------
   RBB_16/DQ                  RBB_6L       16   [TILE 0 0, RBB 7 14]        800     r            3243     {inst100: r_SM_Main_FDRE_Q_2 (FD,site=dff)}                                                                     
   r_SM_Main[2]               Net          37            (fanout=24)       1676                     -                                                                                                                     
   RBB_11/D5                  RBB_6L       11  [TILE 0 0, RBB 10 14]          -     r            4919     {inst56: r_Clock_Count_FDRE_Q_9_D_LUT6_O (LUT,site=dlut,dluto)} {inst55: r_Clock_Count_FDRE_Q_9 (FDR,site=dff)} 
   -------------------------------------------------------------------------------------------------------------------------------------------------------------------------------------------------------------------------
   RBB_11/CLK                 RBB_6L       11  [TILE 0 0, RBB 10 14]        918     r            5837                                                                                                                     
   clk_BUFG_I_O               Clock net    82           (fanout=519)      -2475                     -                                                                                                                     
   clk                        CLOCK-PORT    -                      -    capture     r            3362                                                                                                                     
   -------------------------------------------------------------------------------------------------------------------------------------------------------------------------------------------------------------------------


Path 211:
   Slack (met):                             16488ps
     Path type:                               SETUP
     Group:                               <DEFAULT>
     Launching clock:                           clk (rising edge)
     Capturing clock:                           clk (rising edge)

     Requested period:                      20000ps
   + Delay of the capturing clock:           2475ps
   - Clock uncertainty:                       150ps
   = Required time:                         22325ps
   - Propagation time:                       3394ps (50.6% logic, 49.4% route, logic stage 1)
   - Delay of the launching clock:           2443ps
   = Slack:                                 16488ps

   Instance/Pin or Net Name   Type         ID     Location or Fanout   Delay(ps)  Edge  Arrival Time(ps)    Instance detail                                                                                           
   ---------------------------------------------------------------------------------------------------------------------------------------------------------------------------------------------------------------------
   clk                        CLOCK-PORT    -                      -     launch     r               0                                                                                                                 
   clk_BUFG_I_O               Clock net    82           (fanout=519)       2443                     -                                                                                                                 
   RBB_16/CLK                 RBB_6L       16   [TILE 0 0, RBB 7 14]          -     r            2443                                                                                                                 
   ---------------------------------------------------------------------------------------------------------------------------------------------------------------------------------------------------------------------
   RBB_16/DQ                  RBB_6L       16   [TILE 0 0, RBB 7 14]        800     r            3243     {inst100: r_SM_Main_FDRE_Q_2 (FD,site=dff)}                                                                 
   r_SM_Main[2]               Net          37            (fanout=24)       1676                     -                                                                                                                 
   RBB_11/C5                  RBB_6L       11  [TILE 0 0, RBB 10 14]          -     r            4919     {inst12: r_Bit_Index_FDRE_Q_2_D_LUT6_O (LUT,site=clut,cluto)} {inst11: r_Bit_Index_FDRE_Q_2 (FDR,site=cff)} 
   ---------------------------------------------------------------------------------------------------------------------------------------------------------------------------------------------------------------------
   RBB_11/CLK                 RBB_6L       11  [TILE 0 0, RBB 10 14]        918     r            5837                                                                                                                 
   clk_BUFG_I_O               Clock net    82           (fanout=519)      -2475                     -                                                                                                                 
   clk                        CLOCK-PORT    -                      -    capture     r            3362                                                                                                                 
   ---------------------------------------------------------------------------------------------------------------------------------------------------------------------------------------------------------------------


Path 203:
   Slack (met):                             16498ps
     Path type:                               SETUP
     Group:                               <DEFAULT>
     Launching clock:                           clk (rising edge)
     Capturing clock:                           clk (rising edge)

     Requested period:                      20000ps
   + Delay of the capturing clock:           2463ps
   - Clock uncertainty:                       150ps
   = Required time:                         22313ps
   - Propagation time:                       3340ps (50.9% logic, 49.1% route, logic stage 1)
   - Delay of the launching clock:           2475ps
   = Slack:                                 16498ps

   Instance/Pin or Net Name   Type         ID     Location or Fanout   Delay(ps)  Edge  Arrival Time(ps)    Instance detail                                                                                                             
   ---------------------------------------------------------------------------------------------------------------------------------------------------------------------------------------------------------------------------------------
   clk                        CLOCK-PORT    -                      -     launch     r               0                                                                                                                                   
   clk_BUFG_I_O               Clock net    82           (fanout=519)       2475                     -                                                                                                                                   
   RBB_25/CLK                 RBB_6L       25  [TILE 0 0, RBB 10 12]          -     r            2475                                                                                                                                   
   ---------------------------------------------------------------------------------------------------------------------------------------------------------------------------------------------------------------------------------------
   RBB_25/DQ                  RBB_6L       25  [TILE 0 0, RBB 10 12]        800     r            3275     {inst99: r_SM_Main_FDRE_Q_1 (FD,site=dff)}                                                                                    
   r_SM_Main[3]               Net          38            (fanout=15)       1641                     -                                                                                                                                   
   RBB_17/D1                  RBB_6L       17   [TILE 0 0, RBB 7 16]          -     r            4916     {inst22: r_Bit_Index_FDRE_Q_D_LUT2_O_I1_CARRY4_O_O_LUT6_I2 (LUT,site=dlut,dluto)} {inst103: r_SM_Main_FDRE_Q_4 (FD,site=dff)} 
   ---------------------------------------------------------------------------------------------------------------------------------------------------------------------------------------------------------------------------------------
   RBB_17/CLK                 RBB_6L       17   [TILE 0 0, RBB 7 16]        899     r            5815                                                                                                                                   
   clk_BUFG_I_O               Clock net    82           (fanout=519)      -2463                     -                                                                                                                                   
   clk                        CLOCK-PORT    -                      -    capture     r            3352                                                                                                                                   
   ---------------------------------------------------------------------------------------------------------------------------------------------------------------------------------------------------------------------------------------


Path 216:
   Slack (met):                             16507ps
     Path type:                               SETUP
     Group:                               <DEFAULT>
     Launching clock:                           clk (rising edge)
     Capturing clock:                           clk (rising edge)

     Requested period:                      20000ps
   + Delay of the capturing clock:           2452ps
   - Clock uncertainty:                       150ps
   = Required time:                         22302ps
   - Propagation time:                       3320ps (49.0% logic, 51.0% route, logic stage 1)
   - Delay of the launching clock:           2475ps
   = Slack:                                 16507ps

   Instance/Pin or Net Name   Type         ID     Location or Fanout   Delay(ps)  Edge  Arrival Time(ps)    Instance detail                                   
   -------------------------------------------------------------------------------------------------------------------------------------------------------------
   clk                        CLOCK-PORT    -                      -     launch     r               0                                                         
   clk_BUFG_I_O               Clock net    82           (fanout=519)       2475                     -                                                         
   RBB_11/CLK                 RBB_6L       11  [TILE 0 0, RBB 10 14]          -     r            2475                                                         
   -------------------------------------------------------------------------------------------------------------------------------------------------------------
   RBB_11/BQ                  RBB_6L       11  [TILE 0 0, RBB 10 14]        800     r            3275     {inst105: rst_sync_FDRE_Q (FD,site=bff)}            
   r_RX_DV_FDRE_Q_D[0]        Net         105            (fanout=16)       1694                     -                                                         
   RBB_10/B6                  RBB_6L       10  [TILE 0 0, RBB 13 16]          -     r            4969     {<SR>inst38: r_Clock_Count_FDRE_Q (FDRE,site=cffo)} 
   -------------------------------------------------------------------------------------------------------------------------------------------------------------
   RBB_10/CLK                 RBB_6L       10  [TILE 0 0, RBB 13 16]        826     r            5795                                                         
   clk_BUFG_I_O               Clock net    82           (fanout=519)      -2452                     -                                                         
   clk                        CLOCK-PORT    -                      -    capture     r            3343                                                         
   -------------------------------------------------------------------------------------------------------------------------------------------------------------


Path 168:
   Slack (met):                             16515ps
     Path type:                               SETUP
     Group:                               <DEFAULT>
     Launching clock:                           clk (rising edge)
     Capturing clock:                           clk (rising edge)

     Requested period:                      20000ps
   + Delay of the capturing clock:           2449ps
   - Clock uncertainty:                       150ps
   = Required time:                         22299ps
   - Propagation time:                       3309ps (57.1% logic, 42.9% route, logic stage 1)
   - Delay of the launching clock:           2475ps
   = Slack:                                 16515ps

   Instance/Pin or Net Name   Type         ID     Location or Fanout   Delay(ps)  Edge  Arrival Time(ps)    Instance detail                               
   ---------------------------------------------------------------------------------------------------------------------------------------------------------
   clk                        CLOCK-PORT    -                      -     launch     r               0                                                     
   clk_BUFG_I_O               Clock net    82           (fanout=519)       2475                     -                                                     
   RBB_11/CLK                 RBB_6L       11  [TILE 0 0, RBB 10 14]          -     r            2475                                                     
   ---------------------------------------------------------------------------------------------------------------------------------------------------------
   RBB_11/BQ                  RBB_6L       11  [TILE 0 0, RBB 10 14]        800     r            3275     {inst105: rst_sync_FDRE_Q (FD,site=bff)}        
   r_RX_DV_FDRE_Q_D[0]        Net         105            (fanout=16)       1419                     -                                                     
   RBB_15/B6                  RBB_6L       15  [TILE 0 0, RBB 13 12]          -     r            4694     {<SR>inst9: r_Bit_Index_FDRE_Q (FDRE,site=dff)} 
   ---------------------------------------------------------------------------------------------------------------------------------------------------------
   RBB_15/CLK                 RBB_6L       15  [TILE 0 0, RBB 13 12]       1090     r            5784                                                     
   clk_BUFG_I_O               Clock net    82           (fanout=519)      -2449                     -                                                     
   clk                        CLOCK-PORT    -                      -    capture     r            3335                                                     
   ---------------------------------------------------------------------------------------------------------------------------------------------------------


Path 253:
   Slack (met):                             16535ps
     Path type:                               SETUP
     Group:                               <DEFAULT>
     Launching clock:                           clk (rising edge)
     Capturing clock:                           clk (rising edge)

     Requested period:                      20000ps
   + Delay of the capturing clock:           2336ps
   - Clock uncertainty:                       150ps
   = Required time:                         22186ps
   - Propagation time:                       3315ps (60.7% logic, 39.3% route, logic stage 1)
   - Delay of the launching clock:           2336ps
   = Slack:                                 16535ps

   Instance/Pin or Net Name   Type         ID    Location or Fanout   Delay(ps)  Edge  Arrival Time(ps)    Instance detail                                                                                                                            
   -----------------------------------------------------------------------------------------------------------------------------------------------------------------------------------------------------------------------------------------------------
   clk                        CLOCK-PORT    -                     -     launch     r               0                                                                                                                                                  
   clk_BUFG_I_O               Clock net    82          (fanout=519)       2336                     -                                                                                                                                                  
   RBB_19/CLK                 RBB_6L       19  [TILE 0 0, RBB 13 8]          -     r            2336                                                                                                                                                  
   -----------------------------------------------------------------------------------------------------------------------------------------------------------------------------------------------------------------------------------------------------
   RBB_19/BQ                  RBB_6L       19  [TILE 0 0, RBB 13 8]        800     r            3136     {inst84: r_RX_Byte_FDRE_Q_2 (FDRE,site=bff)}                                                                                                 
   r_RX_Byte[5]               Net          30            (fanout=2)       1304                     -                                                                                                                                                  
   RBB_19/B1                  RBB_6L       19  [TILE 0 0, RBB 13 8]          -     r            4440     {inst31: r_Bit_Index_FDRE_Q_D_LUT2_O_I1_CARRY4_O_S_CARRY4_S_O_LUT4_I3_O_LUT5_O (LUT,site=blut)} {inst84: r_RX_Byte_FDRE_Q_2 (FDRE,site=bff)} 
   -----------------------------------------------------------------------------------------------------------------------------------------------------------------------------------------------------------------------------------------------------
   RBB_19/CLK                 RBB_6L       19  [TILE 0 0, RBB 13 8]       1211     r            5651                                                                                                                                                  
   clk_BUFG_I_O               Clock net    82          (fanout=519)      -2336                     -                                                                                                                                                  
   clk                        CLOCK-PORT    -                     -    capture     r            3315                                                                                                                                                  
   -----------------------------------------------------------------------------------------------------------------------------------------------------------------------------------------------------------------------------------------------------


Path 199:
   Slack (met):                             16536ps
     Path type:                               SETUP
     Group:                               <DEFAULT>
     Launching clock:                           clk (rising edge)
     Capturing clock:                           clk (rising edge)

     Requested period:                      20000ps
   + Delay of the capturing clock:           2476ps
   - Clock uncertainty:                       150ps
   = Required time:                         22326ps
   - Propagation time:                       3315ps (48.7% logic, 51.3% route, logic stage 1)
   - Delay of the launching clock:           2475ps
   = Slack:                                 16536ps

   Instance/Pin or Net Name   Type         ID     Location or Fanout   Delay(ps)  Edge  Arrival Time(ps)    Instance detail                                                                                                                                               
   -------------------------------------------------------------------------------------------------------------------------------------------------------------------------------------------------------------------------------------------------------------------------
   clk                        CLOCK-PORT    -                      -     launch     r               0                                                                                                                                                                     
   clk_BUFG_I_O               Clock net    82           (fanout=519)       2475                     -                                                                                                                                                                     
   RBB_25/CLK                 RBB_6L       25  [TILE 0 0, RBB 10 12]          -     r            2475                                                                                                                                                                     
   -------------------------------------------------------------------------------------------------------------------------------------------------------------------------------------------------------------------------------------------------------------------------
   RBB_25/DQ                  RBB_6L       25  [TILE 0 0, RBB 10 12]        800     r            3275     {inst99: r_SM_Main_FDRE_Q_1 (FD,site=dff)}                                                                                                                      
   r_SM_Main[3]               Net          38            (fanout=15)       1702                     -                                                                                                                                                                     
   RBB_13/D4                  RBB_6L       13  [TILE 0 0, RBB 10 16]          -     r            4977     {inst79: r_Clock_Count_FDRE_Q_9_D_LUT6_O_I4_CARRY4_O_CI_CARRY4_CO_O_LUT6_I3_O_LUT6_O_2 (LUT,site=dlut,dluto)} {inst46: r_Clock_Count_FDRE_Q_16 (FDRE,site=dff)} 
   -------------------------------------------------------------------------------------------------------------------------------------------------------------------------------------------------------------------------------------------------------------------------
   RBB_13/CLK                 RBB_6L       13  [TILE 0 0, RBB 10 16]        813     r            5790                                                                                                                                                                     
   clk_BUFG_I_O               Clock net    82           (fanout=519)      -2476                     -                                                                                                                                                                     
   clk                        CLOCK-PORT    -                      -    capture     r            3314                                                                                                                                                                     
   -------------------------------------------------------------------------------------------------------------------------------------------------------------------------------------------------------------------------------------------------------------------------


Path 226:
   Slack (met):                             16538ps
     Path type:                               SETUP
     Group:                               <DEFAULT>
     Launching clock:                           clk (rising edge)
     Capturing clock:                           clk (rising edge)

     Requested period:                      20000ps
   + Delay of the capturing clock:           2485ps
   - Clock uncertainty:                       150ps
   = Required time:                         22335ps
   - Propagation time:                       3322ps (48.2% logic, 51.8% route, logic stage 1)
   - Delay of the launching clock:           2475ps
   = Slack:                                 16538ps

   Instance/Pin or Net Name   Type         ID     Location or Fanout   Delay(ps)  Edge  Arrival Time(ps)    Instance detail                                                                                                                                      
   ----------------------------------------------------------------------------------------------------------------------------------------------------------------------------------------------------------------------------------------------------------------
   clk                        CLOCK-PORT    -                      -     launch     r               0                                                                                                                                                            
   clk_BUFG_I_O               Clock net    82           (fanout=519)       2475                     -                                                                                                                                                            
   RBB_25/CLK                 RBB_6L       25  [TILE 0 0, RBB 10 12]          -     r            2475                                                                                                                                                            
   ----------------------------------------------------------------------------------------------------------------------------------------------------------------------------------------------------------------------------------------------------------------
   RBB_25/DQ                  RBB_6L       25  [TILE 0 0, RBB 10 12]        800     r            3275     {inst99: r_SM_Main_FDRE_Q_1 (FD,site=dff)}                                                                                                             
   r_SM_Main[3]               Net          38            (fanout=15)       1721                     -                                                                                                                                                            
   RBB_12/C4                  RBB_6L       12  [TILE 0 0, RBB 10 18]          -     r            4996     {inst73: r_Clock_Count_FDRE_Q_9_D_LUT6_O_I4_CARRY4_O_CI_CARRY4_CO_O_1_LUT6_I3 (LUT,site=clut,cluto)} {inst41: r_Clock_Count_FDRE_Q_11 (FDRE,site=cff)} 
   ----------------------------------------------------------------------------------------------------------------------------------------------------------------------------------------------------------------------------------------------------------------
   RBB_12/CLK                 RBB_6L       12  [TILE 0 0, RBB 10 18]        801     r            5797                                                                                                                                                            
   clk_BUFG_I_O               Clock net    82           (fanout=519)      -2485                     -                                                                                                                                                            
   clk                        CLOCK-PORT    -                      -    capture     r            3312                                                                                                                                                            
   ----------------------------------------------------------------------------------------------------------------------------------------------------------------------------------------------------------------------------------------------------------------


Path 219:
   Slack (met):                             16554ps
     Path type:                               SETUP
     Group:                               <DEFAULT>
     Launching clock:                           clk (rising edge)
     Capturing clock:                           clk (rising edge)

     Requested period:                      20000ps
   + Delay of the capturing clock:           2462ps
   - Clock uncertainty:                       150ps
   = Required time:                         22312ps
   - Propagation time:                       3315ps (49.2% logic, 50.8% route, logic stage 1)
   - Delay of the launching clock:           2443ps
   = Slack:                                 16554ps

   Instance/Pin or Net Name   Type         ID    Location or Fanout   Delay(ps)  Edge  Arrival Time(ps)    Instance detail                                                                                                                                      
   ---------------------------------------------------------------------------------------------------------------------------------------------------------------------------------------------------------------------------------------------------------------
   clk                        CLOCK-PORT    -                     -     launch     r               0                                                                                                                                                            
   clk_BUFG_I_O               Clock net    82          (fanout=519)       2443                     -                                                                                                                                                            
   RBB_16/CLK                 RBB_6L       16  [TILE 0 0, RBB 7 14]          -     r            2443                                                                                                                                                            
   ---------------------------------------------------------------------------------------------------------------------------------------------------------------------------------------------------------------------------------------------------------------
   RBB_16/DQ                  RBB_6L       16  [TILE 0 0, RBB 7 14]        800     r            3243     {inst100: r_SM_Main_FDRE_Q_2 (FD,site=dff)}                                                                                                            
   r_SM_Main[2]               Net          37           (fanout=24)       1683                     -                                                                                                                                                            
   RBB_14/C3                  RBB_6L       14  [TILE 0 0, RBB 7 18]          -     r            4926     {inst75: r_Clock_Count_FDRE_Q_9_D_LUT6_O_I4_CARRY4_O_CI_CARRY4_CO_O_3_LUT6_I3 (LUT,site=clut,cluto)} {inst43: r_Clock_Count_FDRE_Q_13 (FDRE,site=cff)} 
   ---------------------------------------------------------------------------------------------------------------------------------------------------------------------------------------------------------------------------------------------------------------
   RBB_14/CLK                 RBB_6L       14  [TILE 0 0, RBB 7 18]        832     r            5758                                                                                                                                                            
   clk_BUFG_I_O               Clock net    82          (fanout=519)      -2462                     -                                                                                                                                                            
   clk                        CLOCK-PORT    -                     -    capture     r            3296                                                                                                                                                            
   ---------------------------------------------------------------------------------------------------------------------------------------------------------------------------------------------------------------------------------------------------------------


Path 482:
   Slack (met):                             16561ps
     Path type:                               SETUP
     Group:                               <DEFAULT>
     Launching clock:                           clk (rising edge)
     Capturing clock:                           clk (rising edge)

     Requested period:                      20000ps
   + Delay of the capturing clock:           2475ps
   - Clock uncertainty:                       150ps
   = Required time:                         22325ps
   - Propagation time:                       3312ps (28.2% logic, 71.8% route, logic stage 1)
   - Delay of the launching clock:           2452ps
   = Slack:                                 16561ps

   Instance/Pin or Net Name   Type         ID     Location or Fanout   Delay(ps)  Edge  Arrival Time(ps)    Instance detail                                                          
   ------------------------------------------------------------------------------------------------------------------------------------------------------------------------------------
   clk                        CLOCK-PORT    -                      -     launch     r               0                                                                                
   clk_BUFG_I_O               Clock net    82           (fanout=519)       2452                     -                                                                                
   RBB_0/CLK                  IOB           0   [TILE 0 0, RBB 0 23]          -     r            2452                                                                                
   ------------------------------------------------------------------------------------------------------------------------------------------------------------------------------------
   RBB_0/I[0]                 IOB           0   [TILE 0 0, RBB 0 23]          0     r            2452     {(input_port) inst113: g_113_rx_ibuf (IO)} {inst106: rx_meta_FDSE_Q (FDR)} 
   rx_meta                    Net           7             (fanout=1)       2379                     -                                                                                
   RBB_11/C6                  RBB_6L       11  [TILE 0 0, RBB 10 14]          -     r            4831     {inst107: rx_sync_FDSE_Q (FDR,site=cffo)}                                  
   ------------------------------------------------------------------------------------------------------------------------------------------------------------------------------------
   RBB_11/CLK                 RBB_6L       11  [TILE 0 0, RBB 10 14]        933     r            5764                                                                                
   clk_BUFG_I_O               Clock net    82           (fanout=519)      -2475                     -                                                                                
   clk                        CLOCK-PORT    -                      -    capture     r            3289                                                                                
   ------------------------------------------------------------------------------------------------------------------------------------------------------------------------------------


Path 207:
   Slack (met):                             16576ps
     Path type:                               SETUP
     Group:                               <DEFAULT>
     Launching clock:                           clk (rising edge)
     Capturing clock:                           clk (rising edge)

     Requested period:                      20000ps
   + Delay of the capturing clock:           2475ps
   - Clock uncertainty:                       150ps
   = Required time:                         22325ps
   - Propagation time:                       3413ps (46.9% logic, 53.1% route, logic stage 1)
   - Delay of the launching clock:           2336ps
   = Slack:                                 16576ps

   Instance/Pin or Net Name   Type         ID     Location or Fanout   Delay(ps)  Edge  Arrival Time(ps)    Instance detail                                                                                               
   -------------------------------------------------------------------------------------------------------------------------------------------------------------------------------------------------------------------------
   clk                        CLOCK-PORT    -                      -     launch     r               0                                                                                                                     
   clk_BUFG_I_O               Clock net    82           (fanout=519)       2336                     -                                                                                                                     
   RBB_23/CLK                 RBB_6L       23   [TILE 0 0, RBB 10 8]          -     r            2336                                                                                                                     
   -------------------------------------------------------------------------------------------------------------------------------------------------------------------------------------------------------------------------
   RBB_23/DQ                  RBB_6L       23   [TILE 0 0, RBB 10 8]        800     r            3136     {inst101: r_SM_Main_FDRE_Q_3 (FD,site=dff)}                                                                     
   r_SM_Main[1]               Net          36             (fanout=5)       1812                     -                                                                                                                     
   RBB_11/D4                  RBB_6L       11  [TILE 0 0, RBB 10 14]          -     r            4948     {inst56: r_Clock_Count_FDRE_Q_9_D_LUT6_O (LUT,site=dlut,dluto)} {inst55: r_Clock_Count_FDRE_Q_9 (FDR,site=dff)} 
   -------------------------------------------------------------------------------------------------------------------------------------------------------------------------------------------------------------------------
   RBB_11/CLK                 RBB_6L       11  [TILE 0 0, RBB 10 14]        801     r            5749                                                                                                                     
   clk_BUFG_I_O               Clock net    82           (fanout=519)      -2475                     -                                                                                                                     
   clk                        CLOCK-PORT    -                      -    capture     r            3274                                                                                                                     
   -------------------------------------------------------------------------------------------------------------------------------------------------------------------------------------------------------------------------


Path 184:
   Slack (met):                             16579ps
     Path type:                               SETUP
     Group:                               <DEFAULT>
     Launching clock:                           clk (rising edge)
     Capturing clock:                           clk (rising edge)

     Requested period:                      20000ps
   + Delay of the capturing clock:           2449ps
   - Clock uncertainty:                       150ps
   = Required time:                         22299ps
   - Propagation time:                       3277ps (51.9% logic, 48.1% route, logic stage 1)
   - Delay of the launching clock:           2443ps
   = Slack:                                 16579ps

   Instance/Pin or Net Name   Type         ID     Location or Fanout   Delay(ps)  Edge  Arrival Time(ps)    Instance detail                                                                                 
   -----------------------------------------------------------------------------------------------------------------------------------------------------------------------------------------------------------
   clk                        CLOCK-PORT    -                      -     launch     r               0                                                                                                       
   clk_BUFG_I_O               Clock net    82           (fanout=519)       2443                     -                                                                                                       
   RBB_16/CLK                 RBB_6L       16   [TILE 0 0, RBB 7 14]          -     r            2443                                                                                                       
   -----------------------------------------------------------------------------------------------------------------------------------------------------------------------------------------------------------
   RBB_16/DQ                  RBB_6L       16   [TILE 0 0, RBB 7 14]        800     r            3243     {inst100: r_SM_Main_FDRE_Q_2 (FD,site=dff)}                                                       
   r_SM_Main[2]               Net          37            (fanout=24)       1576                     -                                                                                                       
   RBB_15/D5                  RBB_6L       15  [TILE 0 0, RBB 13 12]          -     r            4819     {inst14: r_Bit_Index_FDRE_Q_D_LUT2_O (LUT,site=dlut)} {inst9: r_Bit_Index_FDRE_Q (FDRE,site=dff)} 
   -----------------------------------------------------------------------------------------------------------------------------------------------------------------------------------------------------------
   RBB_15/CLK                 RBB_6L       15  [TILE 0 0, RBB 13 12]        901     r            5720                                                                                                       
   clk_BUFG_I_O               Clock net    82           (fanout=519)      -2449                     -                                                                                                       
   clk                        CLOCK-PORT    -                      -    capture     r            3271                                                                                                       
   -----------------------------------------------------------------------------------------------------------------------------------------------------------------------------------------------------------


Path 213:
   Slack (met):                             16584ps
     Path type:                               SETUP
     Group:                               <DEFAULT>
     Launching clock:                           clk (rising edge)
     Capturing clock:                           clk (rising edge)

     Requested period:                      20000ps
   + Delay of the capturing clock:           2485ps
   - Clock uncertainty:                       150ps
   = Required time:                         22335ps
   - Propagation time:                       3302ps (52.0% logic, 48.0% route, logic stage 1)
   - Delay of the launching clock:           2449ps
   = Slack:                                 16584ps

   Instance/Pin or Net Name   Type         ID     Location or Fanout   Delay(ps)  Edge  Arrival Time(ps)    Instance detail                                                                                                                                      
   ----------------------------------------------------------------------------------------------------------------------------------------------------------------------------------------------------------------------------------------------------------------
   clk                        CLOCK-PORT    -                      -     launch     r               0                                                                                                                                                            
   clk_BUFG_I_O               Clock net    82           (fanout=519)       2449                     -                                                                                                                                                            
   RBB_8/CLK                  RBB_6L        8  [TILE 0 0, RBB 13 14]          -     r            2449                                                                                                                                                            
   ----------------------------------------------------------------------------------------------------------------------------------------------------------------------------------------------------------------------------------------------------------------
   RBB_8/DQ                   RBB_6L        8  [TILE 0 0, RBB 13 14]        800     r            3249     {inst98: r_SM_Main_FDRE_Q (FD,site=dff)}                                                                                                               
   r_SM_Main[4]               Net          39            (fanout=15)       1584                     -                                                                                                                                                            
   RBB_12/C5                  RBB_6L       12  [TILE 0 0, RBB 10 18]          -     r            4833     {inst73: r_Clock_Count_FDRE_Q_9_D_LUT6_O_I4_CARRY4_O_CI_CARRY4_CO_O_1_LUT6_I3 (LUT,site=clut,cluto)} {inst41: r_Clock_Count_FDRE_Q_11 (FDRE,site=cff)} 
   ----------------------------------------------------------------------------------------------------------------------------------------------------------------------------------------------------------------------------------------------------------------
   RBB_12/CLK                 RBB_6L       12  [TILE 0 0, RBB 10 18]        918     r            5751                                                                                                                                                            
   clk_BUFG_I_O               Clock net    82           (fanout=519)      -2485                     -                                                                                                                                                            
   clk                        CLOCK-PORT    -                      -    capture     r            3266                                                                                                                                                            
   ----------------------------------------------------------------------------------------------------------------------------------------------------------------------------------------------------------------------------------------------------------------


Path 191:
   Slack (met):                             16584ps
     Path type:                               SETUP
     Group:                               <DEFAULT>
     Launching clock:                           clk (rising edge)
     Capturing clock:                           clk (rising edge)

     Requested period:                      20000ps
   + Delay of the capturing clock:           2485ps
   - Clock uncertainty:                       150ps
   = Required time:                         22335ps
   - Propagation time:                       3302ps (52.0% logic, 48.0% route, logic stage 1)
   - Delay of the launching clock:           2449ps
   = Slack:                                 16584ps

   Instance/Pin or Net Name   Type         ID     Location or Fanout   Delay(ps)  Edge  Arrival Time(ps)    Instance detail                                                                                                                                               
   -------------------------------------------------------------------------------------------------------------------------------------------------------------------------------------------------------------------------------------------------------------------------
   clk                        CLOCK-PORT    -                      -     launch     r               0                                                                                                                                                                     
   clk_BUFG_I_O               Clock net    82           (fanout=519)       2449                     -                                                                                                                                                                     
   RBB_8/CLK                  RBB_6L        8  [TILE 0 0, RBB 13 14]          -     r            2449                                                                                                                                                                     
   -------------------------------------------------------------------------------------------------------------------------------------------------------------------------------------------------------------------------------------------------------------------------
   RBB_8/DQ                   RBB_6L        8  [TILE 0 0, RBB 13 14]        800     r            3249     {inst98: r_SM_Main_FDRE_Q (FD,site=dff)}                                                                                                                        
   r_SM_Main[4]               Net          39            (fanout=15)       1584                     -                                                                                                                                                                     
   RBB_12/D5                  RBB_6L       12  [TILE 0 0, RBB 10 18]          -     r            4833     {inst78: r_Clock_Count_FDRE_Q_9_D_LUT6_O_I4_CARRY4_O_CI_CARRY4_CO_O_LUT6_I3_O_LUT6_O_1 (LUT,site=dlut,dluto)} {inst45: r_Clock_Count_FDRE_Q_15 (FDRE,site=dff)} 
   -------------------------------------------------------------------------------------------------------------------------------------------------------------------------------------------------------------------------------------------------------------------------
   RBB_12/CLK                 RBB_6L       12  [TILE 0 0, RBB 10 18]        918     r            5751                                                                                                                                                                     
   clk_BUFG_I_O               Clock net    82           (fanout=519)      -2485                     -                                                                                                                                                                     
   clk                        CLOCK-PORT    -                      -    capture     r            3266                                                                                                                                                                     
   -------------------------------------------------------------------------------------------------------------------------------------------------------------------------------------------------------------------------------------------------------------------------


Path 224:
   Slack (met):                             16599ps
     Path type:                               SETUP
     Group:                               <DEFAULT>
     Launching clock:                           clk (rising edge)
     Capturing clock:                           clk (rising edge)

     Requested period:                      20000ps
   + Delay of the capturing clock:           2475ps
   - Clock uncertainty:                       150ps
   = Required time:                         22325ps
   - Propagation time:                       3277ps (51.0% logic, 49.0% route, logic stage 1)
   - Delay of the launching clock:           2449ps
   = Slack:                                 16599ps

   Instance/Pin or Net Name   Type         ID     Location or Fanout   Delay(ps)  Edge  Arrival Time(ps)    Instance detail                                                                                           
   ---------------------------------------------------------------------------------------------------------------------------------------------------------------------------------------------------------------------
   clk                        CLOCK-PORT    -                      -     launch     r               0                                                                                                                 
   clk_BUFG_I_O               Clock net    82           (fanout=519)       2449                     -                                                                                                                 
   RBB_8/CLK                  RBB_6L        8  [TILE 0 0, RBB 13 14]          -     r            2449                                                                                                                 
   ---------------------------------------------------------------------------------------------------------------------------------------------------------------------------------------------------------------------
   RBB_8/DQ                   RBB_6L        8  [TILE 0 0, RBB 13 14]        800     r            3249     {inst98: r_SM_Main_FDRE_Q (FD,site=dff)}                                                                    
   r_SM_Main[4]               Net          39            (fanout=15)       1606                     -                                                                                                                 
   RBB_11/C3                  RBB_6L       11  [TILE 0 0, RBB 10 14]          -     r            4855     {inst12: r_Bit_Index_FDRE_Q_2_D_LUT6_O (LUT,site=clut,cluto)} {inst11: r_Bit_Index_FDRE_Q_2 (FDR,site=cff)} 
   ---------------------------------------------------------------------------------------------------------------------------------------------------------------------------------------------------------------------
   RBB_11/CLK                 RBB_6L       11  [TILE 0 0, RBB 10 14]        871     r            5726                                                                                                                 
   clk_BUFG_I_O               Clock net    82           (fanout=519)      -2475                     -                                                                                                                 
   clk                        CLOCK-PORT    -                      -    capture     r            3251                                                                                                                 
   ---------------------------------------------------------------------------------------------------------------------------------------------------------------------------------------------------------------------


Path 221:
   Slack (met):                             16600ps
     Path type:                               SETUP
     Group:                               <DEFAULT>
     Launching clock:                           clk (rising edge)
     Capturing clock:                           clk (rising edge)

     Requested period:                      20000ps
   + Delay of the capturing clock:           2462ps
   - Clock uncertainty:                       150ps
   = Required time:                         22312ps
   - Propagation time:                       3237ps (48.0% logic, 52.0% route, logic stage 1)
   - Delay of the launching clock:           2475ps
   = Slack:                                 16600ps

   Instance/Pin or Net Name   Type         ID     Location or Fanout   Delay(ps)  Edge  Arrival Time(ps)    Instance detail                                                                                                                                      
   ----------------------------------------------------------------------------------------------------------------------------------------------------------------------------------------------------------------------------------------------------------------
   clk                        CLOCK-PORT    -                      -     launch     r               0                                                                                                                                                            
   clk_BUFG_I_O               Clock net    82           (fanout=519)       2475                     -                                                                                                                                                            
   RBB_25/CLK                 RBB_6L       25  [TILE 0 0, RBB 10 12]          -     r            2475                                                                                                                                                            
   ----------------------------------------------------------------------------------------------------------------------------------------------------------------------------------------------------------------------------------------------------------------
   RBB_25/DQ                  RBB_6L       25  [TILE 0 0, RBB 10 12]        800     r            3275     {inst99: r_SM_Main_FDRE_Q_1 (FD,site=dff)}                                                                                                             
   r_SM_Main[3]               Net          38            (fanout=15)       1683                     -                                                                                                                                                            
   RBB_14/C4                  RBB_6L       14   [TILE 0 0, RBB 7 18]          -     r            4958     {inst75: r_Clock_Count_FDRE_Q_9_D_LUT6_O_I4_CARRY4_O_CI_CARRY4_CO_O_3_LUT6_I3 (LUT,site=clut,cluto)} {inst43: r_Clock_Count_FDRE_Q_13 (FDRE,site=cff)} 
   ----------------------------------------------------------------------------------------------------------------------------------------------------------------------------------------------------------------------------------------------------------------
   RBB_14/CLK                 RBB_6L       14   [TILE 0 0, RBB 7 18]        754     r            5712                                                                                                                                                            
   clk_BUFG_I_O               Clock net    82           (fanout=519)      -2462                     -                                                                                                                                                            
   clk                        CLOCK-PORT    -                      -    capture     r            3250                                                                                                                                                            
   ----------------------------------------------------------------------------------------------------------------------------------------------------------------------------------------------------------------------------------------------------------------


Path 218:
   Slack (met):                             16604ps
     Path type:                               SETUP
     Group:                               <DEFAULT>
     Launching clock:                           clk (rising edge)
     Capturing clock:                           clk (rising edge)

     Requested period:                      20000ps
   + Delay of the capturing clock:           2485ps
   - Clock uncertainty:                       150ps
   = Required time:                         22335ps
   - Propagation time:                       3288ps (50.8% logic, 49.2% route, logic stage 1)
   - Delay of the launching clock:           2443ps
   = Slack:                                 16604ps

   Instance/Pin or Net Name   Type         ID     Location or Fanout   Delay(ps)  Edge  Arrival Time(ps)    Instance detail                                                                                                                                      
   ----------------------------------------------------------------------------------------------------------------------------------------------------------------------------------------------------------------------------------------------------------------
   clk                        CLOCK-PORT    -                      -     launch     r               0                                                                                                                                                            
   clk_BUFG_I_O               Clock net    82           (fanout=519)       2443                     -                                                                                                                                                            
   RBB_16/CLK                 RBB_6L       16   [TILE 0 0, RBB 7 14]          -     r            2443                                                                                                                                                            
   ----------------------------------------------------------------------------------------------------------------------------------------------------------------------------------------------------------------------------------------------------------------
   RBB_16/DQ                  RBB_6L       16   [TILE 0 0, RBB 7 14]        800     r            3243     {inst100: r_SM_Main_FDRE_Q_2 (FD,site=dff)}                                                                                                            
   r_SM_Main[2]               Net          37            (fanout=24)       1617                     -                                                                                                                                                            
   RBB_12/C3                  RBB_6L       12  [TILE 0 0, RBB 10 18]          -     r            4860     {inst73: r_Clock_Count_FDRE_Q_9_D_LUT6_O_I4_CARRY4_O_CI_CARRY4_CO_O_1_LUT6_I3 (LUT,site=clut,cluto)} {inst41: r_Clock_Count_FDRE_Q_11 (FDRE,site=cff)} 
   ----------------------------------------------------------------------------------------------------------------------------------------------------------------------------------------------------------------------------------------------------------------
   RBB_12/CLK                 RBB_6L       12  [TILE 0 0, RBB 10 18]        871     r            5731                                                                                                                                                            
   clk_BUFG_I_O               Clock net    82           (fanout=519)      -2485                     -                                                                                                                                                            
   clk                        CLOCK-PORT    -                      -    capture     r            3246                                                                                                                                                            
   ----------------------------------------------------------------------------------------------------------------------------------------------------------------------------------------------------------------------------------------------------------------


Path 208:
   Slack (met):                             16606ps
     Path type:                               SETUP
     Group:                               <DEFAULT>
     Launching clock:                           clk (rising edge)
     Capturing clock:                           clk (rising edge)

     Requested period:                      20000ps
   + Delay of the capturing clock:           2475ps
   - Clock uncertainty:                       150ps
   = Required time:                         22325ps
   - Propagation time:                       3256ps (50.2% logic, 49.8% route, logic stage 1)
   - Delay of the launching clock:           2463ps
   = Slack:                                 16606ps

   Instance/Pin or Net Name   Type         ID     Location or Fanout   Delay(ps)  Edge  Arrival Time(ps)    Instance detail                                                                     
   -----------------------------------------------------------------------------------------------------------------------------------------------------------------------------------------------
   clk                        CLOCK-PORT    -                      -     launch     r               0                                                                                           
   clk_BUFG_I_O               Clock net    82           (fanout=519)       2463                     -                                                                                           
   RBB_17/CLK                 RBB_6L       17   [TILE 0 0, RBB 7 16]          -     r            2463                                                                                           
   -----------------------------------------------------------------------------------------------------------------------------------------------------------------------------------------------
   RBB_17/DQ                  RBB_6L       17   [TILE 0 0, RBB 7 16]        800     r            3263     {inst103: r_SM_Main_FDRE_Q_4 (FD,site=dff)}                                           
   r_SM_Main[0]               Net          35             (fanout=3)       1622                     -                                                                                           
   RBB_25/D4                  RBB_6L       25  [TILE 0 0, RBB 10 12]          -     r            4885     {inst109: rx_sync_LUT5_I2 (LUT,site=dlut)} {inst99: r_SM_Main_FDRE_Q_1 (FD,site=dff)} 
   -----------------------------------------------------------------------------------------------------------------------------------------------------------------------------------------------
   RBB_25/CLK                 RBB_6L       25  [TILE 0 0, RBB 10 12]        834     r            5719                                                                                           
   clk_BUFG_I_O               Clock net    82           (fanout=519)      -2475                     -                                                                                           
   clk                        CLOCK-PORT    -                      -    capture     r            3244                                                                                           
   -----------------------------------------------------------------------------------------------------------------------------------------------------------------------------------------------


Path 197:
   Slack (met):                             16632ps
     Path type:                               SETUP
     Group:                               <DEFAULT>
     Launching clock:                           clk (rising edge)
     Capturing clock:                           clk (rising edge)

     Requested period:                      20000ps
   + Delay of the capturing clock:           2475ps
   - Clock uncertainty:                       150ps
   = Required time:                         22325ps
   - Propagation time:                       3244ps (50.4% logic, 49.6% route, logic stage 1)
   - Delay of the launching clock:           2449ps
   = Slack:                                 16632ps

   Instance/Pin or Net Name   Type         ID     Location or Fanout   Delay(ps)  Edge  Arrival Time(ps)    Instance detail                                                                                               
   -------------------------------------------------------------------------------------------------------------------------------------------------------------------------------------------------------------------------
   clk                        CLOCK-PORT    -                      -     launch     r               0                                                                                                                     
   clk_BUFG_I_O               Clock net    82           (fanout=519)       2449                     -                                                                                                                     
   RBB_8/CLK                  RBB_6L        8  [TILE 0 0, RBB 13 14]          -     r            2449                                                                                                                     
   -------------------------------------------------------------------------------------------------------------------------------------------------------------------------------------------------------------------------
   RBB_8/DQ                   RBB_6L        8  [TILE 0 0, RBB 13 14]        800     r            3249     {inst98: r_SM_Main_FDRE_Q (FD,site=dff)}                                                                        
   r_SM_Main[4]               Net          39            (fanout=15)       1610                     -                                                                                                                     
   RBB_11/D3                  RBB_6L       11  [TILE 0 0, RBB 10 14]          -     r            4859     {inst56: r_Clock_Count_FDRE_Q_9_D_LUT6_O (LUT,site=dlut,dluto)} {inst55: r_Clock_Count_FDRE_Q_9 (FDR,site=dff)} 
   -------------------------------------------------------------------------------------------------------------------------------------------------------------------------------------------------------------------------
   RBB_11/CLK                 RBB_6L       11  [TILE 0 0, RBB 10 14]        834     r            5693                                                                                                                     
   clk_BUFG_I_O               Clock net    82           (fanout=519)      -2475                     -                                                                                                                     
   clk                        CLOCK-PORT    -                      -    capture     r            3218                                                                                                                     
   -------------------------------------------------------------------------------------------------------------------------------------------------------------------------------------------------------------------------


Path 187:
   Slack (met):                             16644ps
     Path type:                               SETUP
     Group:                               <DEFAULT>
     Launching clock:                           clk (rising edge)
     Capturing clock:                           clk (rising edge)

     Requested period:                      20000ps
   + Delay of the capturing clock:           2485ps
   - Clock uncertainty:                       150ps
   = Required time:                         22335ps
   - Propagation time:                       3248ps (50.3% logic, 49.7% route, logic stage 1)
   - Delay of the launching clock:           2443ps
   = Slack:                                 16644ps

   Instance/Pin or Net Name   Type         ID     Location or Fanout   Delay(ps)  Edge  Arrival Time(ps)    Instance detail                                                                                                                                               
   -------------------------------------------------------------------------------------------------------------------------------------------------------------------------------------------------------------------------------------------------------------------------
   clk                        CLOCK-PORT    -                      -     launch     r               0                                                                                                                                                                     
   clk_BUFG_I_O               Clock net    82           (fanout=519)       2443                     -                                                                                                                                                                     
   RBB_16/CLK                 RBB_6L       16   [TILE 0 0, RBB 7 14]          -     r            2443                                                                                                                                                                     
   -------------------------------------------------------------------------------------------------------------------------------------------------------------------------------------------------------------------------------------------------------------------------
   RBB_16/DQ                  RBB_6L       16   [TILE 0 0, RBB 7 14]        800     r            3243     {inst100: r_SM_Main_FDRE_Q_2 (FD,site=dff)}                                                                                                                     
   r_SM_Main[2]               Net          37            (fanout=24)       1614                     -                                                                                                                                                                     
   RBB_12/D3                  RBB_6L       12  [TILE 0 0, RBB 10 18]          -     r            4857     {inst78: r_Clock_Count_FDRE_Q_9_D_LUT6_O_I4_CARRY4_O_CI_CARRY4_CO_O_LUT6_I3_O_LUT6_O_1 (LUT,site=dlut,dluto)} {inst45: r_Clock_Count_FDRE_Q_15 (FDRE,site=dff)} 
   -------------------------------------------------------------------------------------------------------------------------------------------------------------------------------------------------------------------------------------------------------------------------
   RBB_12/CLK                 RBB_6L       12  [TILE 0 0, RBB 10 18]        834     r            5691                                                                                                                                                                     
   clk_BUFG_I_O               Clock net    82           (fanout=519)      -2485                     -                                                                                                                                                                     
   clk                        CLOCK-PORT    -                      -    capture     r            3206                                                                                                                                                                     
   -------------------------------------------------------------------------------------------------------------------------------------------------------------------------------------------------------------------------------------------------------------------------


Path 181:
   Slack (met):                             16654ps
     Path type:                               SETUP
     Group:                               <DEFAULT>
     Launching clock:                           clk (rising edge)
     Capturing clock:                           clk (rising edge)

     Requested period:                      20000ps
   + Delay of the capturing clock:           2449ps
   - Clock uncertainty:                       150ps
   = Required time:                         22299ps
   - Propagation time:                       3170ps (55.2% logic, 44.8% route, logic stage 1)
   - Delay of the launching clock:           2475ps
   = Slack:                                 16654ps

   Instance/Pin or Net Name   Type         ID     Location or Fanout   Delay(ps)  Edge  Arrival Time(ps)    Instance detail                                   
   -------------------------------------------------------------------------------------------------------------------------------------------------------------
   clk                        CLOCK-PORT    -                      -     launch     r               0                                                         
   clk_BUFG_I_O               Clock net    82           (fanout=519)       2475                     -                                                         
   RBB_11/CLK                 RBB_6L       11  [TILE 0 0, RBB 10 14]          -     r            2475                                                         
   -------------------------------------------------------------------------------------------------------------------------------------------------------------
   RBB_11/BQ                  RBB_6L       11  [TILE 0 0, RBB 10 14]        800     r            3275     {inst105: rst_sync_FDRE_Q (FD,site=bff)}            
   r_RX_DV_FDRE_Q_D[0]        Net         105            (fanout=16)       1419                     -                                                         
   RBB_15/B6                  RBB_6L       15  [TILE 0 0, RBB 13 12]          -     r            4694     {<SR>inst10: r_Bit_Index_FDRE_Q_1 (FDRE,site=dffo)} 
   -------------------------------------------------------------------------------------------------------------------------------------------------------------
   RBB_15/CLK                 RBB_6L       15  [TILE 0 0, RBB 13 12]        951     r            5645                                                         
   clk_BUFG_I_O               Clock net    82           (fanout=519)      -2449                     -                                                         
   clk                        CLOCK-PORT    -                      -    capture     r            3196                                                         
   -------------------------------------------------------------------------------------------------------------------------------------------------------------


Path 212:
   Slack (met):                             16655ps
     Path type:                               SETUP
     Group:                               <DEFAULT>
     Launching clock:                           clk (rising edge)
     Capturing clock:                           clk (rising edge)

     Requested period:                      20000ps
   + Delay of the capturing clock:           2476ps
   - Clock uncertainty:                       150ps
   = Required time:                         22326ps
   - Propagation time:                       3222ps (53.3% logic, 46.7% route, logic stage 1)
   - Delay of the launching clock:           2449ps
   = Slack:                                 16655ps

   Instance/Pin or Net Name   Type         ID     Location or Fanout   Delay(ps)  Edge  Arrival Time(ps)    Instance detail                                                                                                                                      
   ----------------------------------------------------------------------------------------------------------------------------------------------------------------------------------------------------------------------------------------------------------------
   clk                        CLOCK-PORT    -                      -     launch     r               0                                                                                                                                                            
   clk_BUFG_I_O               Clock net    82           (fanout=519)       2449                     -                                                                                                                                                            
   RBB_8/CLK                  RBB_6L        8  [TILE 0 0, RBB 13 14]          -     r            2449                                                                                                                                                            
   ----------------------------------------------------------------------------------------------------------------------------------------------------------------------------------------------------------------------------------------------------------------
   RBB_8/DQ                   RBB_6L        8  [TILE 0 0, RBB 13 14]        800     r            3249     {inst98: r_SM_Main_FDRE_Q (FD,site=dff)}                                                                                                               
   r_SM_Main[4]               Net          39            (fanout=15)       1504                     -                                                                                                                                                            
   RBB_13/C5                  RBB_6L       13  [TILE 0 0, RBB 10 16]          -     r            4753     {inst74: r_Clock_Count_FDRE_Q_9_D_LUT6_O_I4_CARRY4_O_CI_CARRY4_CO_O_2_LUT6_I3 (LUT,site=clut,cluto)} {inst42: r_Clock_Count_FDRE_Q_12 (FDRE,site=cff)} 
   ----------------------------------------------------------------------------------------------------------------------------------------------------------------------------------------------------------------------------------------------------------------
   RBB_13/CLK                 RBB_6L       13  [TILE 0 0, RBB 10 16]        918     r            5671                                                                                                                                                            
   clk_BUFG_I_O               Clock net    82           (fanout=519)      -2476                     -                                                                                                                                                            
   clk                        CLOCK-PORT    -                      -    capture     r            3195                                                                                                                                                            
   ----------------------------------------------------------------------------------------------------------------------------------------------------------------------------------------------------------------------------------------------------------------


Path 193:
   Slack (met):                             16655ps
     Path type:                               SETUP
     Group:                               <DEFAULT>
     Launching clock:                           clk (rising edge)
     Capturing clock:                           clk (rising edge)

     Requested period:                      20000ps
   + Delay of the capturing clock:           2476ps
   - Clock uncertainty:                       150ps
   = Required time:                         22326ps
   - Propagation time:                       3222ps (53.3% logic, 46.7% route, logic stage 1)
   - Delay of the launching clock:           2449ps
   = Slack:                                 16655ps

   Instance/Pin or Net Name   Type         ID     Location or Fanout   Delay(ps)  Edge  Arrival Time(ps)    Instance detail                                                                                                                                               
   -------------------------------------------------------------------------------------------------------------------------------------------------------------------------------------------------------------------------------------------------------------------------
   clk                        CLOCK-PORT    -                      -     launch     r               0                                                                                                                                                                     
   clk_BUFG_I_O               Clock net    82           (fanout=519)       2449                     -                                                                                                                                                                     
   RBB_8/CLK                  RBB_6L        8  [TILE 0 0, RBB 13 14]          -     r            2449                                                                                                                                                                     
   -------------------------------------------------------------------------------------------------------------------------------------------------------------------------------------------------------------------------------------------------------------------------
   RBB_8/DQ                   RBB_6L        8  [TILE 0 0, RBB 13 14]        800     r            3249     {inst98: r_SM_Main_FDRE_Q (FD,site=dff)}                                                                                                                        
   r_SM_Main[4]               Net          39            (fanout=15)       1504                     -                                                                                                                                                                     
   RBB_13/D5                  RBB_6L       13  [TILE 0 0, RBB 10 16]          -     r            4753     {inst79: r_Clock_Count_FDRE_Q_9_D_LUT6_O_I4_CARRY4_O_CI_CARRY4_CO_O_LUT6_I3_O_LUT6_O_2 (LUT,site=dlut,dluto)} {inst46: r_Clock_Count_FDRE_Q_16 (FDRE,site=dff)} 
   -------------------------------------------------------------------------------------------------------------------------------------------------------------------------------------------------------------------------------------------------------------------------
   RBB_13/CLK                 RBB_6L       13  [TILE 0 0, RBB 10 16]        918     r            5671                                                                                                                                                                     
   clk_BUFG_I_O               Clock net    82           (fanout=519)      -2476                     -                                                                                                                                                                     
   clk                        CLOCK-PORT    -                      -    capture     r            3195                                                                                                                                                                     
   -------------------------------------------------------------------------------------------------------------------------------------------------------------------------------------------------------------------------------------------------------------------------


Path 192:
   Slack (met):                             16659ps
     Path type:                               SETUP
     Group:                               <DEFAULT>
     Launching clock:                           clk (rising edge)
     Capturing clock:                           clk (rising edge)

     Requested period:                      20000ps
   + Delay of the capturing clock:           2452ps
   - Clock uncertainty:                       150ps
   = Required time:                         22302ps
   - Propagation time:                       3194ps (53.3% logic, 46.7% route, logic stage 1)
   - Delay of the launching clock:           2449ps
   = Slack:                                 16659ps

   Instance/Pin or Net Name   Type         ID     Location or Fanout   Delay(ps)  Edge  Arrival Time(ps)    Instance detail                                                                                                                                             
   -----------------------------------------------------------------------------------------------------------------------------------------------------------------------------------------------------------------------------------------------------------------------
   clk                        CLOCK-PORT    -                      -     launch     r               0                                                                                                                                                                   
   clk_BUFG_I_O               Clock net    82           (fanout=519)       2449                     -                                                                                                                                                                   
   RBB_8/CLK                  RBB_6L        8  [TILE 0 0, RBB 13 14]          -     r            2449                                                                                                                                                                   
   -----------------------------------------------------------------------------------------------------------------------------------------------------------------------------------------------------------------------------------------------------------------------
   RBB_8/DQ                   RBB_6L        8  [TILE 0 0, RBB 13 14]        800     r            3249     {inst98: r_SM_Main_FDRE_Q (FD,site=dff)}                                                                                                                      
   r_SM_Main[4]               Net          39            (fanout=15)       1493                     -                                                                                                                                                                   
   RBB_10/D5                  RBB_6L       10  [TILE 0 0, RBB 13 16]          -     r            4742     {inst77: r_Clock_Count_FDRE_Q_9_D_LUT6_O_I4_CARRY4_O_CI_CARRY4_CO_O_LUT6_I3_O_LUT6_O (LUT,site=dlut,dluto)} {inst44: r_Clock_Count_FDRE_Q_14 (FDRE,site=dff)} 
   -----------------------------------------------------------------------------------------------------------------------------------------------------------------------------------------------------------------------------------------------------------------------
   RBB_10/CLK                 RBB_6L       10  [TILE 0 0, RBB 13 16]        901     r            5643                                                                                                                                                                   
   clk_BUFG_I_O               Clock net    82           (fanout=519)      -2452                     -                                                                                                                                                                   
   clk                        CLOCK-PORT    -                      -    capture     r            3191                                                                                                                                                                   
   -----------------------------------------------------------------------------------------------------------------------------------------------------------------------------------------------------------------------------------------------------------------------


Path 214:
   Slack (met):                             16659ps
     Path type:                               SETUP
     Group:                               <DEFAULT>
     Launching clock:                           clk (rising edge)
     Capturing clock:                           clk (rising edge)

     Requested period:                      20000ps
   + Delay of the capturing clock:           2452ps
   - Clock uncertainty:                       150ps
   = Required time:                         22302ps
   - Propagation time:                       3194ps (53.3% logic, 46.7% route, logic stage 1)
   - Delay of the launching clock:           2449ps
   = Slack:                                 16659ps

   Instance/Pin or Net Name   Type         ID     Location or Fanout   Delay(ps)  Edge  Arrival Time(ps)    Instance detail                                                                                                                                    
   --------------------------------------------------------------------------------------------------------------------------------------------------------------------------------------------------------------------------------------------------------------
   clk                        CLOCK-PORT    -                      -     launch     r               0                                                                                                                                                          
   clk_BUFG_I_O               Clock net    82           (fanout=519)       2449                     -                                                                                                                                                          
   RBB_8/CLK                  RBB_6L        8  [TILE 0 0, RBB 13 14]          -     r            2449                                                                                                                                                          
   --------------------------------------------------------------------------------------------------------------------------------------------------------------------------------------------------------------------------------------------------------------
   RBB_8/DQ                   RBB_6L        8  [TILE 0 0, RBB 13 14]        800     r            3249     {inst98: r_SM_Main_FDRE_Q (FD,site=dff)}                                                                                                             
   r_SM_Main[4]               Net          39            (fanout=15)       1493                     -                                                                                                                                                          
   RBB_10/C5                  RBB_6L       10  [TILE 0 0, RBB 13 16]          -     r            4742     {inst76: r_Clock_Count_FDRE_Q_9_D_LUT6_O_I4_CARRY4_O_CI_CARRY4_CO_O_LUT6_I3 (LUT,site=clut,cluto)} {inst40: r_Clock_Count_FDRE_Q_10 (FDRE,site=cff)} 
   --------------------------------------------------------------------------------------------------------------------------------------------------------------------------------------------------------------------------------------------------------------
   RBB_10/CLK                 RBB_6L       10  [TILE 0 0, RBB 13 16]        901     r            5643                                                                                                                                                          
   clk_BUFG_I_O               Clock net    82           (fanout=519)      -2452                     -                                                                                                                                                          
   clk                        CLOCK-PORT    -                      -    capture     r            3191                                                                                                                                                          
   --------------------------------------------------------------------------------------------------------------------------------------------------------------------------------------------------------------------------------------------------------------


Path 205:
   Slack (met):                             16664ps
     Path type:                               SETUP
     Group:                               <DEFAULT>
     Launching clock:                           clk (rising edge)
     Capturing clock:                           clk (rising edge)

     Requested period:                      20000ps
   + Delay of the capturing clock:           2443ps
   - Clock uncertainty:                       150ps
   = Required time:                         22293ps
   - Propagation time:                       3154ps (53.9% logic, 46.1% route, logic stage 1)
   - Delay of the launching clock:           2475ps
   = Slack:                                 16664ps

   Instance/Pin or Net Name   Type         ID     Location or Fanout   Delay(ps)  Edge  Arrival Time(ps)    Instance detail                                                                                                             
   ---------------------------------------------------------------------------------------------------------------------------------------------------------------------------------------------------------------------------------------
   clk                        CLOCK-PORT    -                      -     launch     r               0                                                                                                                                   
   clk_BUFG_I_O               Clock net    82           (fanout=519)       2475                     -                                                                                                                                   
   RBB_25/CLK                 RBB_6L       25  [TILE 0 0, RBB 10 12]          -     r            2475                                                                                                                                   
   ---------------------------------------------------------------------------------------------------------------------------------------------------------------------------------------------------------------------------------------
   RBB_25/DQ                  RBB_6L       25  [TILE 0 0, RBB 10 12]        800     r            3275     {inst99: r_SM_Main_FDRE_Q_1 (FD,site=dff)}                                                                                    
   r_SM_Main[3]               Net          38            (fanout=15)       1455                     -                                                                                                                                   
   RBB_16/D1                  RBB_6L       16   [TILE 0 0, RBB 7 14]          -     r            4730     {inst21: r_Bit_Index_FDRE_Q_D_LUT2_O_I1_CARRY4_O_O_LUT6_I1 (LUT,site=dlut,dluto)} {inst100: r_SM_Main_FDRE_Q_2 (FD,site=dff)} 
   ---------------------------------------------------------------------------------------------------------------------------------------------------------------------------------------------------------------------------------------
   RBB_16/CLK                 RBB_6L       16   [TILE 0 0, RBB 7 14]        899     r            5629                                                                                                                                   
   clk_BUFG_I_O               Clock net    82           (fanout=519)      -2443                     -                                                                                                                                   
   clk                        CLOCK-PORT    -                      -    capture     r            3186                                                                                                                                   
   ---------------------------------------------------------------------------------------------------------------------------------------------------------------------------------------------------------------------------------------


Path 244:
   Slack (met):                             16669ps
     Path type:                               SETUP
     Group:                               <DEFAULT>
     Launching clock:                           clk (rising edge)
     Capturing clock:                           clk (rising edge)

     Requested period:                      20000ps
   + Delay of the capturing clock:           2475ps
   - Clock uncertainty:                       150ps
   = Required time:                         22325ps
   - Propagation time:                       3181ps (52.2% logic, 47.8% route, logic stage 1)
   - Delay of the launching clock:           2475ps
   = Slack:                                 16669ps

   Instance/Pin or Net Name   Type         ID     Location or Fanout   Delay(ps)  Edge  Arrival Time(ps)    Instance detail                                                                                               
   -------------------------------------------------------------------------------------------------------------------------------------------------------------------------------------------------------------------------
   clk                        CLOCK-PORT    -                      -     launch     r               0                                                                                                                     
   clk_BUFG_I_O               Clock net    82           (fanout=519)       2475                     -                                                                                                                     
   RBB_11/CLK                 RBB_6L       11  [TILE 0 0, RBB 10 14]          -     r            2475                                                                                                                     
   -------------------------------------------------------------------------------------------------------------------------------------------------------------------------------------------------------------------------
   RBB_11/DQ                  RBB_6L       11  [TILE 0 0, RBB 10 14]        800     r            3275     {inst55: r_Clock_Count_FDRE_Q_9 (FDR,site=dff)}                                                                 
   r_Clock_Count[8]           Net          16             (fanout=4)       1520                     -                                                                                                                     
   RBB_11/D1                  RBB_6L       11  [TILE 0 0, RBB 10 14]          -     r            4795     {inst56: r_Clock_Count_FDRE_Q_9_D_LUT6_O (LUT,site=dlut,dluto)} {inst55: r_Clock_Count_FDRE_Q_9 (FDR,site=dff)} 
   -------------------------------------------------------------------------------------------------------------------------------------------------------------------------------------------------------------------------
   RBB_11/CLK                 RBB_6L       11  [TILE 0 0, RBB 10 14]        861     r            5656                                                                                                                     
   clk_BUFG_I_O               Clock net    82           (fanout=519)      -2475                     -                                                                                                                     
   clk                        CLOCK-PORT    -                      -    capture     r            3181                                                                                                                     
   -------------------------------------------------------------------------------------------------------------------------------------------------------------------------------------------------------------------------


Path 217:
   Slack (met):                             16679ps
     Path type:                               SETUP
     Group:                               <DEFAULT>
     Launching clock:                           clk (rising edge)
     Capturing clock:                           clk (rising edge)

     Requested period:                      20000ps
   + Delay of the capturing clock:           2476ps
   - Clock uncertainty:                       150ps
   = Required time:                         22326ps
   - Propagation time:                       3204ps (52.2% logic, 47.8% route, logic stage 1)
   - Delay of the launching clock:           2443ps
   = Slack:                                 16679ps

   Instance/Pin or Net Name   Type         ID     Location or Fanout   Delay(ps)  Edge  Arrival Time(ps)    Instance detail                                                                                                                                      
   ----------------------------------------------------------------------------------------------------------------------------------------------------------------------------------------------------------------------------------------------------------------
   clk                        CLOCK-PORT    -                      -     launch     r               0                                                                                                                                                            
   clk_BUFG_I_O               Clock net    82           (fanout=519)       2443                     -                                                                                                                                                            
   RBB_16/CLK                 RBB_6L       16   [TILE 0 0, RBB 7 14]          -     r            2443                                                                                                                                                            
   ----------------------------------------------------------------------------------------------------------------------------------------------------------------------------------------------------------------------------------------------------------------
   RBB_16/DQ                  RBB_6L       16   [TILE 0 0, RBB 7 14]        800     r            3243     {inst100: r_SM_Main_FDRE_Q_2 (FD,site=dff)}                                                                                                            
   r_SM_Main[2]               Net          37            (fanout=24)       1533                     -                                                                                                                                                            
   RBB_13/C3                  RBB_6L       13  [TILE 0 0, RBB 10 16]          -     r            4776     {inst74: r_Clock_Count_FDRE_Q_9_D_LUT6_O_I4_CARRY4_O_CI_CARRY4_CO_O_2_LUT6_I3 (LUT,site=clut,cluto)} {inst42: r_Clock_Count_FDRE_Q_12 (FDRE,site=cff)} 
   ----------------------------------------------------------------------------------------------------------------------------------------------------------------------------------------------------------------------------------------------------------------
   RBB_13/CLK                 RBB_6L       13  [TILE 0 0, RBB 10 16]        871     r            5647                                                                                                                                                            
   clk_BUFG_I_O               Clock net    82           (fanout=519)      -2476                     -                                                                                                                                                            
   clk                        CLOCK-PORT    -                      -    capture     r            3171                                                                                                                                                            
   ----------------------------------------------------------------------------------------------------------------------------------------------------------------------------------------------------------------------------------------------------------------


Path 250:
   Slack (met):                             16715ps
     Path type:                               SETUP
     Group:                               <DEFAULT>
     Launching clock:                           clk (rising edge)
     Capturing clock:                           clk (rising edge)

     Requested period:                      20000ps
   + Delay of the capturing clock:           2336ps
   - Clock uncertainty:                       150ps
   = Required time:                         22186ps
   - Propagation time:                       3135ps (60.7% logic, 39.3% route, logic stage 1)
   - Delay of the launching clock:           2336ps
   = Slack:                                 16715ps

   Instance/Pin or Net Name                                                       Type         ID    Location or Fanout   Delay(ps)  Edge  Arrival Time(ps)    Instance detail                                                                                                                              
   -----------------------------------------------------------------------------------------------------------------------------------------------------------------------------------------------------------------------------------------------------------------------------------------------------------
   clk                                                                            CLOCK-PORT    -                     -     launch     r               0                                                                                                                                                    
   clk_BUFG_I_O                                                                   Clock net    82          (fanout=519)       2336                     -                                                                                                                                                    
   RBB_19/CLK                                                                     RBB_6L       19  [TILE 0 0, RBB 13 8]          -     r            2336                                                                                                                                                    
   -----------------------------------------------------------------------------------------------------------------------------------------------------------------------------------------------------------------------------------------------------------------------------------------------------------
   RBB_19/CQ                                                                      RBB_6L       19  [TILE 0 0, RBB 13 8]        800     r            3136     {inst83: r_RX_Byte_FDRE_Q_1 (FDRE,site=cff)}                                                                                                   
   r_Bit_Index_FDRE_Q_D_LUT2_O_I1_CARRY4_O_S_CARRY4_S_O_LUT4_I3_O_LUT4_O_1_I3[0]  Net          93            (fanout=2)       1231                     -                                                                                                                                                    
   RBB_19/C1                                                                      RBB_6L       19  [TILE 0 0, RBB 13 8]          -     r            4367     {inst27: r_Bit_Index_FDRE_Q_D_LUT2_O_I1_CARRY4_O_S_CARRY4_S_O_LUT4_I3_O_LUT4_O_1 (LUT,site=clut)} {inst83: r_RX_Byte_FDRE_Q_1 (FDRE,site=cff)} 
   -----------------------------------------------------------------------------------------------------------------------------------------------------------------------------------------------------------------------------------------------------------------------------------------------------------
   RBB_19/CLK                                                                     RBB_6L       19  [TILE 0 0, RBB 13 8]       1104     r            5471                                                                                                                                                    
   clk_BUFG_I_O                                                                   Clock net    82          (fanout=519)      -2336                     -                                                                                                                                                    
   clk                                                                            CLOCK-PORT    -                     -    capture     r            3135                                                                                                                                                    
   -----------------------------------------------------------------------------------------------------------------------------------------------------------------------------------------------------------------------------------------------------------------------------------------------------------


Path 190:
   Slack (met):                             16719ps
     Path type:                               SETUP
     Group:                               <DEFAULT>
     Launching clock:                           clk (rising edge)
     Capturing clock:                           clk (rising edge)

     Requested period:                      20000ps
   + Delay of the capturing clock:           2476ps
   - Clock uncertainty:                       150ps
   = Required time:                         22326ps
   - Propagation time:                       3164ps (51.6% logic, 48.4% route, logic stage 1)
   - Delay of the launching clock:           2443ps
   = Slack:                                 16719ps

   Instance/Pin or Net Name   Type         ID     Location or Fanout   Delay(ps)  Edge  Arrival Time(ps)    Instance detail                                                                                                                                               
   -------------------------------------------------------------------------------------------------------------------------------------------------------------------------------------------------------------------------------------------------------------------------
   clk                        CLOCK-PORT    -                      -     launch     r               0                                                                                                                                                                     
   clk_BUFG_I_O               Clock net    82           (fanout=519)       2443                     -                                                                                                                                                                     
   RBB_16/CLK                 RBB_6L       16   [TILE 0 0, RBB 7 14]          -     r            2443                                                                                                                                                                     
   -------------------------------------------------------------------------------------------------------------------------------------------------------------------------------------------------------------------------------------------------------------------------
   RBB_16/DQ                  RBB_6L       16   [TILE 0 0, RBB 7 14]        800     r            3243     {inst100: r_SM_Main_FDRE_Q_2 (FD,site=dff)}                                                                                                                     
   r_SM_Main[2]               Net          37            (fanout=24)       1530                     -                                                                                                                                                                     
   RBB_13/D3                  RBB_6L       13  [TILE 0 0, RBB 10 16]          -     r            4773     {inst79: r_Clock_Count_FDRE_Q_9_D_LUT6_O_I4_CARRY4_O_CI_CARRY4_CO_O_LUT6_I3_O_LUT6_O_2 (LUT,site=dlut,dluto)} {inst46: r_Clock_Count_FDRE_Q_16 (FDRE,site=dff)} 
   -------------------------------------------------------------------------------------------------------------------------------------------------------------------------------------------------------------------------------------------------------------------------
   RBB_13/CLK                 RBB_6L       13  [TILE 0 0, RBB 10 16]        834     r            5607                                                                                                                                                                     
   clk_BUFG_I_O               Clock net    82           (fanout=519)      -2476                     -                                                                                                                                                                     
   clk                        CLOCK-PORT    -                      -    capture     r            3131                                                                                                                                                                     
   -------------------------------------------------------------------------------------------------------------------------------------------------------------------------------------------------------------------------------------------------------------------------


Path 238:
   Slack (met):                             16723ps
     Path type:                               SETUP
     Group:                               <DEFAULT>
     Launching clock:                           clk (rising edge)
     Capturing clock:                           clk (rising edge)

     Requested period:                      20000ps
   + Delay of the capturing clock:           2449ps
   - Clock uncertainty:                       150ps
   = Required time:                         22299ps
   - Propagation time:                       3101ps (50.4% logic, 49.6% route, logic stage 1)
   - Delay of the launching clock:           2475ps
   = Slack:                                 16723ps

   Instance/Pin or Net Name   Type         ID     Location or Fanout   Delay(ps)  Edge  Arrival Time(ps)    Instance detail                                                                                                     
   -------------------------------------------------------------------------------------------------------------------------------------------------------------------------------------------------------------------------------
   clk                        CLOCK-PORT    -                      -     launch     r               0                                                                                                                           
   clk_BUFG_I_O               Clock net    82           (fanout=519)       2475                     -                                                                                                                           
   RBB_11/CLK                 RBB_6L       11  [TILE 0 0, RBB 10 14]          -     r            2475                                                                                                                           
   -------------------------------------------------------------------------------------------------------------------------------------------------------------------------------------------------------------------------------
   RBB_11/BQ                  RBB_6L       11  [TILE 0 0, RBB 10 14]        800     r            3275     {inst105: rst_sync_FDRE_Q (FD,site=bff)}                                                                              
   r_RX_DV_FDRE_Q_D[0]        Net         105            (fanout=16)       1539                     -                                                                                                                           
   RBB_8/D3                   RBB_6L        8  [TILE 0 0, RBB 13 14]          -     r            4814     {inst20: r_Bit_Index_FDRE_Q_D_LUT2_O_I1_CARRY4_O_O_LUT5_I3 (LUT,site=dluto)} {inst98: r_SM_Main_FDRE_Q (FD,site=dff)} 
   -------------------------------------------------------------------------------------------------------------------------------------------------------------------------------------------------------------------------------
   RBB_8/CLK                  RBB_6L        8  [TILE 0 0, RBB 13 14]        762     r            5576                                                                                                                           
   clk_BUFG_I_O               Clock net    82           (fanout=519)      -2449                     -                                                                                                                           
   clk                        CLOCK-PORT    -                      -    capture     r            3127                                                                                                                           
   -------------------------------------------------------------------------------------------------------------------------------------------------------------------------------------------------------------------------------


Path 249:
   Slack (met):                             16730ps
     Path type:                               SETUP
     Group:                               <DEFAULT>
     Launching clock:                           clk (rising edge)
     Capturing clock:                           clk (rising edge)

     Requested period:                      20000ps
   + Delay of the capturing clock:           2475ps
   - Clock uncertainty:                       150ps
   = Required time:                         22325ps
   - Propagation time:                       3120ps (51.4% logic, 48.6% route, logic stage 1)
   - Delay of the launching clock:           2475ps
   = Slack:                                 16730ps

   Instance/Pin or Net Name   Type         ID     Location or Fanout   Delay(ps)  Edge  Arrival Time(ps)    Instance detail                                                                                           
   ---------------------------------------------------------------------------------------------------------------------------------------------------------------------------------------------------------------------
   clk                        CLOCK-PORT    -                      -     launch     r               0                                                                                                                 
   clk_BUFG_I_O               Clock net    82           (fanout=519)       2475                     -                                                                                                                 
   RBB_11/CLK                 RBB_6L       11  [TILE 0 0, RBB 10 14]          -     r            2475                                                                                                                 
   ---------------------------------------------------------------------------------------------------------------------------------------------------------------------------------------------------------------------
   RBB_11/CQ                  RBB_6L       11  [TILE 0 0, RBB 10 14]        800     r            3275     {inst11: r_Bit_Index_FDRE_Q_2 (FDR,site=cff)}                                                               
   r_Bit_Index[0]             Net          26             (fanout=7)       1516                     -                                                                                                                 
   RBB_11/C1                  RBB_6L       11  [TILE 0 0, RBB 10 14]          -     r            4791     {inst12: r_Bit_Index_FDRE_Q_2_D_LUT6_O (LUT,site=clut,cluto)} {inst11: r_Bit_Index_FDRE_Q_2 (FDR,site=cff)} 
   ---------------------------------------------------------------------------------------------------------------------------------------------------------------------------------------------------------------------
   RBB_11/CLK                 RBB_6L       11  [TILE 0 0, RBB 10 14]        804     r            5595                                                                                                                 
   clk_BUFG_I_O               Clock net    82           (fanout=519)      -2475                     -                                                                                                                 
   clk                        CLOCK-PORT    -                      -    capture     r            3120                                                                                                                 
   ---------------------------------------------------------------------------------------------------------------------------------------------------------------------------------------------------------------------


Path 248:
   Slack (met):                             16737ps
     Path type:                               SETUP
     Group:                               <DEFAULT>
     Launching clock:                           clk (rising edge)
     Capturing clock:                           clk (rising edge)

     Requested period:                      20000ps
   + Delay of the capturing clock:           2475ps
   - Clock uncertainty:                       150ps
   = Required time:                         22325ps
   - Propagation time:                       3113ps (52.5% logic, 47.5% route, logic stage 1)
   - Delay of the launching clock:           2475ps
   = Slack:                                 16737ps

   Instance/Pin or Net Name   Type         ID     Location or Fanout   Delay(ps)  Edge  Arrival Time(ps)    Instance detail                             
   -------------------------------------------------------------------------------------------------------------------------------------------------------
   clk                        CLOCK-PORT    -                      -     launch     r               0                                                   
   clk_BUFG_I_O               Clock net    82           (fanout=519)       2475                     -                                                   
   RBB_11/CLK                 RBB_6L       11  [TILE 0 0, RBB 10 14]          -     r            2475                                                   
   -------------------------------------------------------------------------------------------------------------------------------------------------------
   RBB_11/BQ                  RBB_6L       11  [TILE 0 0, RBB 10 14]        800     r            3275     {inst105: rst_sync_FDRE_Q (FD,site=bff)}      
   r_RX_DV_FDRE_Q_D[0]        Net         105            (fanout=16)       1480                     -                                                   
   RBB_11/A6                  RBB_6L       11  [TILE 0 0, RBB 10 14]          -     r            4755     {<SR>inst107: rx_sync_FDSE_Q (FDR,site=cffo)} 
   -------------------------------------------------------------------------------------------------------------------------------------------------------
   RBB_11/CLK                 RBB_6L       11  [TILE 0 0, RBB 10 14]        833     r            5588                                                   
   clk_BUFG_I_O               Clock net    82           (fanout=519)      -2475                     -                                                   
   clk                        CLOCK-PORT    -                      -    capture     r            3113                                                   
   -------------------------------------------------------------------------------------------------------------------------------------------------------


Path 223:
   Slack (met):                             16744ps
     Path type:                               SETUP
     Group:                               <DEFAULT>
     Launching clock:                           clk (rising edge)
     Capturing clock:                           clk (rising edge)

     Requested period:                      20000ps
   + Delay of the capturing clock:           2475ps
   - Clock uncertainty:                       150ps
   = Required time:                         22325ps
   - Propagation time:                       3106ps (51.5% logic, 48.5% route, logic stage 1)
   - Delay of the launching clock:           2475ps
   = Slack:                                 16744ps

   Instance/Pin or Net Name   Type         ID     Location or Fanout   Delay(ps)  Edge  Arrival Time(ps)    Instance detail                                                                                           
   ---------------------------------------------------------------------------------------------------------------------------------------------------------------------------------------------------------------------
   clk                        CLOCK-PORT    -                      -     launch     r               0                                                                                                                 
   clk_BUFG_I_O               Clock net    82           (fanout=519)       2475                     -                                                                                                                 
   RBB_25/CLK                 RBB_6L       25  [TILE 0 0, RBB 10 12]          -     r            2475                                                                                                                 
   ---------------------------------------------------------------------------------------------------------------------------------------------------------------------------------------------------------------------
   RBB_25/DQ                  RBB_6L       25  [TILE 0 0, RBB 10 12]        800     r            3275     {inst99: r_SM_Main_FDRE_Q_1 (FD,site=dff)}                                                                  
   r_SM_Main[3]               Net          38            (fanout=15)       1505                     -                                                                                                                 
   RBB_11/C2                  RBB_6L       11  [TILE 0 0, RBB 10 14]          -     r            4780     {inst12: r_Bit_Index_FDRE_Q_2_D_LUT6_O (LUT,site=clut,cluto)} {inst11: r_Bit_Index_FDRE_Q_2 (FDR,site=cff)} 
   ---------------------------------------------------------------------------------------------------------------------------------------------------------------------------------------------------------------------
   RBB_11/CLK                 RBB_6L       11  [TILE 0 0, RBB 10 14]        801     r            5581                                                                                                                 
   clk_BUFG_I_O               Clock net    82           (fanout=519)      -2475                     -                                                                                                                 
   clk                        CLOCK-PORT    -                      -    capture     r            3106                                                                                                                 
   ---------------------------------------------------------------------------------------------------------------------------------------------------------------------------------------------------------------------


Path 201:
   Slack (met):                             16751ps
     Path type:                               SETUP
     Group:                               <DEFAULT>
     Launching clock:                           clk (rising edge)
     Capturing clock:                           clk (rising edge)

     Requested period:                      20000ps
   + Delay of the capturing clock:           2452ps
   - Clock uncertainty:                       150ps
   = Required time:                         22302ps
   - Propagation time:                       3076ps (55.2% logic, 44.8% route, logic stage 1)
   - Delay of the launching clock:           2475ps
   = Slack:                                 16751ps

   Instance/Pin or Net Name   Type         ID     Location or Fanout   Delay(ps)  Edge  Arrival Time(ps)    Instance detail                                                                                                                                             
   -----------------------------------------------------------------------------------------------------------------------------------------------------------------------------------------------------------------------------------------------------------------------
   clk                        CLOCK-PORT    -                      -     launch     r               0                                                                                                                                                                   
   clk_BUFG_I_O               Clock net    82           (fanout=519)       2475                     -                                                                                                                                                                   
   RBB_25/CLK                 RBB_6L       25  [TILE 0 0, RBB 10 12]          -     r            2475                                                                                                                                                                   
   -----------------------------------------------------------------------------------------------------------------------------------------------------------------------------------------------------------------------------------------------------------------------
   RBB_25/DQ                  RBB_6L       25  [TILE 0 0, RBB 10 12]        800     r            3275     {inst99: r_SM_Main_FDRE_Q_1 (FD,site=dff)}                                                                                                                    
   r_SM_Main[3]               Net          38            (fanout=15)       1377                     -                                                                                                                                                                   
   RBB_10/D4                  RBB_6L       10  [TILE 0 0, RBB 13 16]          -     r            4652     {inst77: r_Clock_Count_FDRE_Q_9_D_LUT6_O_I4_CARRY4_O_CI_CARRY4_CO_O_LUT6_I3_O_LUT6_O (LUT,site=dlut,dluto)} {inst44: r_Clock_Count_FDRE_Q_14 (FDRE,site=dff)} 
   -----------------------------------------------------------------------------------------------------------------------------------------------------------------------------------------------------------------------------------------------------------------------
   RBB_10/CLK                 RBB_6L       10  [TILE 0 0, RBB 13 16]        899     r            5551                                                                                                                                                                   
   clk_BUFG_I_O               Clock net    82           (fanout=519)      -2452                     -                                                                                                                                                                   
   clk                        CLOCK-PORT    -                      -    capture     r            3099                                                                                                                                                                   
   -----------------------------------------------------------------------------------------------------------------------------------------------------------------------------------------------------------------------------------------------------------------------


Path 242:
   Slack (met):                             16762ps
     Path type:                               SETUP
     Group:                               <DEFAULT>
     Launching clock:                           clk (rising edge)
     Capturing clock:                           clk (rising edge)

     Requested period:                      20000ps
   + Delay of the capturing clock:           2336ps
   - Clock uncertainty:                       150ps
   = Required time:                         22186ps
   - Propagation time:                       3088ps (60.8% logic, 39.2% route, logic stage 1)
   - Delay of the launching clock:           2336ps
   = Slack:                                 16762ps

   Instance/Pin or Net Name                         Type         ID    Location or Fanout   Delay(ps)  Edge  Arrival Time(ps)    Instance detail                                                                                                                              
   -----------------------------------------------------------------------------------------------------------------------------------------------------------------------------------------------------------------------------------------------------------------------------
   clk                                              CLOCK-PORT    -                     -     launch     r               0                                                                                                                                                    
   clk_BUFG_I_O                                     Clock net    82          (fanout=519)       2336                     -                                                                                                                                                    
   RBB_19/CLK                                       RBB_6L       19  [TILE 0 0, RBB 13 8]          -     r            2336                                                                                                                                                    
   -----------------------------------------------------------------------------------------------------------------------------------------------------------------------------------------------------------------------------------------------------------------------------
   RBB_19/AQ                                        RBB_6L       19  [TILE 0 0, RBB 13 8]        800     r            3136     {inst86: r_RX_Byte_FDRE_Q_4 (FDRE,site=aff)}                                                                                                   
   r_Bit_Index_FDRE_Q_D_LUT2_O_I1_CARRY4_O_CO_2[0]  Net         120            (fanout=3)       1210                     -                                                                                                                                                    
   RBB_19/A1                                        RBB_6L       19  [TILE 0 0, RBB 13 8]          -     r            4346     {inst32: r_Bit_Index_FDRE_Q_D_LUT2_O_I1_CARRY4_O_S_CARRY4_S_O_LUT4_I3_O_LUT5_O_1 (LUT,site=alut)} {inst86: r_RX_Byte_FDRE_Q_4 (FDRE,site=aff)} 
   -----------------------------------------------------------------------------------------------------------------------------------------------------------------------------------------------------------------------------------------------------------------------------
   RBB_19/CLK                                       RBB_6L       19  [TILE 0 0, RBB 13 8]       1078     r            5424                                                                                                                                                    
   clk_BUFG_I_O                                     Clock net    82          (fanout=519)      -2336                     -                                                                                                                                                    
   clk                                              CLOCK-PORT    -                     -    capture     r            3088                                                                                                                                                    
   -----------------------------------------------------------------------------------------------------------------------------------------------------------------------------------------------------------------------------------------------------------------------------


Path 245:
   Slack (met):                             16838ps
     Path type:                               SETUP
     Group:                               <DEFAULT>
     Launching clock:                           clk (rising edge)
     Capturing clock:                           clk (rising edge)

     Requested period:                      20000ps
   + Delay of the capturing clock:           2475ps
   - Clock uncertainty:                       150ps
   = Required time:                         22325ps
   - Propagation time:                       3012ps (53.6% logic, 46.4% route, logic stage 1)
   - Delay of the launching clock:           2475ps
   = Slack:                                 16838ps

   Instance/Pin or Net Name   Type         ID     Location or Fanout   Delay(ps)  Edge  Arrival Time(ps)    Instance detail                                                                     
   -----------------------------------------------------------------------------------------------------------------------------------------------------------------------------------------------
   clk                        CLOCK-PORT    -                      -     launch     r               0                                                                                           
   clk_BUFG_I_O               Clock net    82           (fanout=519)       2475                     -                                                                                           
   RBB_25/CLK                 RBB_6L       25  [TILE 0 0, RBB 10 12]          -     r            2475                                                                                           
   -----------------------------------------------------------------------------------------------------------------------------------------------------------------------------------------------
   RBB_25/DQ                  RBB_6L       25  [TILE 0 0, RBB 10 12]        800     r            3275     {inst99: r_SM_Main_FDRE_Q_1 (FD,site=dff)}                                            
   r_SM_Main[3]               Net          38            (fanout=15)       1399                     -                                                                                           
   RBB_25/D1                  RBB_6L       25  [TILE 0 0, RBB 10 12]          -     r            4674     {inst109: rx_sync_LUT5_I2 (LUT,site=dlut)} {inst99: r_SM_Main_FDRE_Q_1 (FD,site=dff)} 
   -----------------------------------------------------------------------------------------------------------------------------------------------------------------------------------------------
   RBB_25/CLK                 RBB_6L       25  [TILE 0 0, RBB 10 12]        813     r            5487                                                                                           
   clk_BUFG_I_O               Clock net    82           (fanout=519)      -2475                     -                                                                                           
   clk                        CLOCK-PORT    -                      -    capture     r            3012                                                                                           
   -----------------------------------------------------------------------------------------------------------------------------------------------------------------------------------------------


Path 225:
   Slack (met):                             16897ps
     Path type:                               SETUP
     Group:                               <DEFAULT>
     Launching clock:                           clk (rising edge)
     Capturing clock:                           clk (rising edge)

     Requested period:                      20000ps
   + Delay of the capturing clock:           2452ps
   - Clock uncertainty:                       150ps
   = Required time:                         22302ps
   - Propagation time:                       2930ps (53.0% logic, 47.0% route, logic stage 1)
   - Delay of the launching clock:           2475ps
   = Slack:                                 16897ps

   Instance/Pin or Net Name   Type         ID     Location or Fanout   Delay(ps)  Edge  Arrival Time(ps)    Instance detail                                                                                                                                    
   --------------------------------------------------------------------------------------------------------------------------------------------------------------------------------------------------------------------------------------------------------------
   clk                        CLOCK-PORT    -                      -     launch     r               0                                                                                                                                                          
   clk_BUFG_I_O               Clock net    82           (fanout=519)       2475                     -                                                                                                                                                          
   RBB_25/CLK                 RBB_6L       25  [TILE 0 0, RBB 10 12]          -     r            2475                                                                                                                                                          
   --------------------------------------------------------------------------------------------------------------------------------------------------------------------------------------------------------------------------------------------------------------
   RBB_25/DQ                  RBB_6L       25  [TILE 0 0, RBB 10 12]        800     r            3275     {inst99: r_SM_Main_FDRE_Q_1 (FD,site=dff)}                                                                                                           
   r_SM_Main[3]               Net          38            (fanout=15)       1376                     -                                                                                                                                                          
   RBB_10/C4                  RBB_6L       10  [TILE 0 0, RBB 13 16]          -     r            4651     {inst76: r_Clock_Count_FDRE_Q_9_D_LUT6_O_I4_CARRY4_O_CI_CARRY4_CO_O_LUT6_I3 (LUT,site=clut,cluto)} {inst40: r_Clock_Count_FDRE_Q_10 (FDRE,site=cff)} 
   --------------------------------------------------------------------------------------------------------------------------------------------------------------------------------------------------------------------------------------------------------------
   RBB_10/CLK                 RBB_6L       10  [TILE 0 0, RBB 13 16]        754     r            5405                                                                                                                                                          
   clk_BUFG_I_O               Clock net    82           (fanout=519)      -2452                     -                                                                                                                                                          
   clk                        CLOCK-PORT    -                      -    capture     r            2953                                                                                                                                                          
   --------------------------------------------------------------------------------------------------------------------------------------------------------------------------------------------------------------------------------------------------------------


Path 195:
   Slack (met):                             16965ps
     Path type:                               SETUP
     Group:                               <DEFAULT>
     Launching clock:                           clk (rising edge)
     Capturing clock:                           clk (rising edge)

     Requested period:                      20000ps
   + Delay of the capturing clock:           2475ps
   - Clock uncertainty:                       150ps
   = Required time:                         22325ps
   - Propagation time:                       2885ps (57.6% logic, 42.4% route, logic stage 1)
   - Delay of the launching clock:           2475ps
   = Slack:                                 16965ps

   Instance/Pin or Net Name   Type         ID     Location or Fanout   Delay(ps)  Edge  Arrival Time(ps)    Instance detail                                                                     
   -----------------------------------------------------------------------------------------------------------------------------------------------------------------------------------------------
   clk                        CLOCK-PORT    -                      -     launch     r               0                                                                                           
   clk_BUFG_I_O               Clock net    82           (fanout=519)       2475                     -                                                                                           
   RBB_11/CLK                 RBB_6L       11  [TILE 0 0, RBB 10 14]          -     r            2475                                                                                           
   -----------------------------------------------------------------------------------------------------------------------------------------------------------------------------------------------
   RBB_11/BQ                  RBB_6L       11  [TILE 0 0, RBB 10 14]        800     r            3275     {inst105: rst_sync_FDRE_Q (FD,site=bff)}                                              
   r_RX_DV_FDRE_Q_D[0]        Net         105            (fanout=16)       1224                     -                                                                                           
   RBB_25/D2                  RBB_6L       25  [TILE 0 0, RBB 10 12]          -     r            4499     {inst109: rx_sync_LUT5_I2 (LUT,site=dlut)} {inst99: r_SM_Main_FDRE_Q_1 (FD,site=dff)} 
   -----------------------------------------------------------------------------------------------------------------------------------------------------------------------------------------------
   RBB_25/CLK                 RBB_6L       25  [TILE 0 0, RBB 10 12]        861     r            5360                                                                                           
   clk_BUFG_I_O               Clock net    82           (fanout=519)      -2475                     -                                                                                           
   clk                        CLOCK-PORT    -                      -    capture     r            2885                                                                                           
   -----------------------------------------------------------------------------------------------------------------------------------------------------------------------------------------------


Path 161:
   Slack (met):                             17005ps
     Path type:                               SETUP
     Group:                               <DEFAULT>
     Launching clock:                           clk (rising edge)
     Capturing clock:                           clk (rising edge)

     Requested period:                      20000ps
   + Delay of the capturing clock:           2475ps
   - Clock uncertainty:                       150ps
   = Required time:                         22325ps
   - Propagation time:                       2845ps (76.6% logic, 23.4% route, logic stage 1)
   - Delay of the launching clock:           2475ps
   = Slack:                                 17005ps

   Instance/Pin or Net Name                                 Type         ID     Location or Fanout   Delay(ps)  Edge  Arrival Time(ps)    Instance detail                                                                     
   -----------------------------------------------------------------------------------------------------------------------------------------------------------------------------------------------------------------------------
   clk                                                      CLOCK-PORT    -                      -     launch     r               0                                                                                           
   clk_BUFG_I_O                                             Clock net    82           (fanout=519)       2475                     -                                                                                           
   RBB_11/CLK                                               RBB_6L       11  [TILE 0 0, RBB 10 14]          -     r            2475                                                                                           
   -----------------------------------------------------------------------------------------------------------------------------------------------------------------------------------------------------------------------------
   RBB_11/CMUX                                              RBB_6L       11  [TILE 0 0, RBB 10 14]       1379     r            3854     {inst107: rx_sync_FDSE_Q (FDR,site=cffo)}                                             
   r_Bit_Index_FDRE_Q_D_LUT2_O_I1_CARRY4_O_S_CARRY4_S_O[2]  Net         149            (fanout=11)        665                     -                                                                                           
   RBB_25/D3                                                RBB_6L       25  [TILE 0 0, RBB 10 12]          -     r            4519     {inst109: rx_sync_LUT5_I2 (LUT,site=dlut)} {inst99: r_SM_Main_FDRE_Q_1 (FD,site=dff)} 
   -----------------------------------------------------------------------------------------------------------------------------------------------------------------------------------------------------------------------------
   RBB_25/CLK                                               RBB_6L       25  [TILE 0 0, RBB 10 12]        801     r            5320                                                                                           
   clk_BUFG_I_O                                             Clock net    82           (fanout=519)      -2475                     -                                                                                           
   clk                                                      CLOCK-PORT    -                      -    capture     r            2845                                                                                           
   -----------------------------------------------------------------------------------------------------------------------------------------------------------------------------------------------------------------------------


Path 243:
   Slack (met):                             17010ps
     Path type:                               SETUP
     Group:                               <DEFAULT>
     Launching clock:                           clk (rising edge)
     Capturing clock:                           clk (rising edge)

     Requested period:                      20000ps
   + Delay of the capturing clock:           2434ps
   - Clock uncertainty:                       150ps
   = Required time:                         22284ps
   - Propagation time:                       2840ps (58.5% logic, 41.5% route, logic stage 1)
   - Delay of the launching clock:           2434ps
   = Slack:                                 17010ps

   Instance/Pin or Net Name   Type         ID     Location or Fanout   Delay(ps)  Edge  Arrival Time(ps)    Instance detail                                                                                                                         
   ---------------------------------------------------------------------------------------------------------------------------------------------------------------------------------------------------------------------------------------------------
   clk                        CLOCK-PORT    -                      -     launch     r               0                                                                                                                                               
   clk_BUFG_I_O               Clock net    82           (fanout=519)       2434                     -                                                                                                                                               
   RBB_20/CLK                 RBB_6L       20  [TILE 0 0, RBB 16 10]          -     r            2434                                                                                                                                               
   ---------------------------------------------------------------------------------------------------------------------------------------------------------------------------------------------------------------------------------------------------
   RBB_20/DQ                  RBB_6L       20  [TILE 0 0, RBB 16 10]        800     r            3234     {inst85: r_RX_Byte_FDRE_Q_3 (FDRE,site=dff)}                                                                                              
   r_RX_Byte[4]               Net          29             (fanout=2)       1179                     -                                                                                                                                               
   RBB_20/D1                  RBB_6L       20  [TILE 0 0, RBB 16 10]          -     r            4413     {inst34: r_Bit_Index_FDRE_Q_D_LUT2_O_I1_CARRY4_O_S_CARRY4_S_O_LUT6_I5 (LUT,site=dlut,dluto)} {inst85: r_RX_Byte_FDRE_Q_3 (FDRE,site=dff)} 
   ---------------------------------------------------------------------------------------------------------------------------------------------------------------------------------------------------------------------------------------------------
   RBB_20/CLK                 RBB_6L       20  [TILE 0 0, RBB 16 10]        861     r            5274                                                                                                                                               
   clk_BUFG_I_O               Clock net    82           (fanout=519)      -2434                     -                                                                                                                                               
   clk                        CLOCK-PORT    -                      -    capture     r            2840                                                                                                                                               
   ---------------------------------------------------------------------------------------------------------------------------------------------------------------------------------------------------------------------------------------------------


Path 251:
   Slack (met):                             17041ps
     Path type:                               SETUP
     Group:                               <DEFAULT>
     Launching clock:                           clk (rising edge)
     Capturing clock:                           clk (rising edge)

     Requested period:                      20000ps
   + Delay of the capturing clock:           2434ps
   - Clock uncertainty:                       150ps
   = Required time:                         22284ps
   - Propagation time:                       2809ps (57.0% logic, 43.0% route, logic stage 1)
   - Delay of the launching clock:           2434ps
   = Slack:                                 17041ps

   Instance/Pin or Net Name                                                       Type         ID     Location or Fanout   Delay(ps)  Edge  Arrival Time(ps)    Instance detail                                                                                                                              
   ------------------------------------------------------------------------------------------------------------------------------------------------------------------------------------------------------------------------------------------------------------------------------------------------------------
   clk                                                                            CLOCK-PORT    -                      -     launch     r               0                                                                                                                                                    
   clk_BUFG_I_O                                                                   Clock net    82           (fanout=519)       2434                     -                                                                                                                                                    
   RBB_20/CLK                                                                     RBB_6L       20  [TILE 0 0, RBB 16 10]          -     r            2434                                                                                                                                                    
   ------------------------------------------------------------------------------------------------------------------------------------------------------------------------------------------------------------------------------------------------------------------------------------------------------------
   RBB_20/CQ                                                                      RBB_6L       20  [TILE 0 0, RBB 16 10]        800     r            3234     {inst87: r_RX_Byte_FDRE_Q_5 (FDRE,site=cff)}                                                                                                   
   r_Bit_Index_FDRE_Q_D_LUT2_O_I1_CARRY4_O_S_CARRY4_S_O_LUT4_I3_O_LUT4_O_2_I3[0]  Net          65             (fanout=3)       1208                     -                                                                                                                                                    
   RBB_20/C1                                                                      RBB_6L       20  [TILE 0 0, RBB 16 10]          -     r            4442     {inst29: r_Bit_Index_FDRE_Q_D_LUT2_O_I1_CARRY4_O_S_CARRY4_S_O_LUT4_I3_O_LUT4_O_2 (LUT,site=clut)} {inst87: r_RX_Byte_FDRE_Q_5 (FDRE,site=cff)} 
   ------------------------------------------------------------------------------------------------------------------------------------------------------------------------------------------------------------------------------------------------------------------------------------------------------------
   RBB_20/CLK                                                                     RBB_6L       20  [TILE 0 0, RBB 16 10]        801     r            5243                                                                                                                                                    
   clk_BUFG_I_O                                                                   Clock net    82           (fanout=519)      -2434                     -                                                                                                                                                    
   clk                                                                            CLOCK-PORT    -                      -    capture     r            2809                                                                                                                                                    
   ------------------------------------------------------------------------------------------------------------------------------------------------------------------------------------------------------------------------------------------------------------------------------------------------------------


Path 247:
   Slack (met):                             17055ps
     Path type:                               SETUP
     Group:                               <DEFAULT>
     Launching clock:                           clk (rising edge)
     Capturing clock:                           clk (rising edge)

     Requested period:                      20000ps
   + Delay of the capturing clock:           2462ps
   - Clock uncertainty:                       150ps
   = Required time:                         22312ps
   - Propagation time:                       2795ps (59.4% logic, 40.6% route, logic stage 1)
   - Delay of the launching clock:           2462ps
   = Slack:                                 17055ps

   Instance/Pin or Net Name   Type         ID    Location or Fanout   Delay(ps)  Edge  Arrival Time(ps)    Instance detail                                                                                                                                               
   ------------------------------------------------------------------------------------------------------------------------------------------------------------------------------------------------------------------------------------------------------------------------
   clk                        CLOCK-PORT    -                     -     launch     r               0                                                                                                                                                                     
   clk_BUFG_I_O               Clock net    82          (fanout=519)       2462                     -                                                                                                                                                                     
   RBB_14/CLK                 RBB_6L       14  [TILE 0 0, RBB 7 18]          -     r            2462                                                                                                                                                                     
   ------------------------------------------------------------------------------------------------------------------------------------------------------------------------------------------------------------------------------------------------------------------------
   RBB_14/DQ                  RBB_6L       14  [TILE 0 0, RBB 7 18]        800     r            3262     {inst47: r_Clock_Count_FDRE_Q_17 (FDRE,site=dff)}                                                                                                               
   r_Clock_Count[0]           Net           8            (fanout=4)       1136                     -                                                                                                                                                                     
   RBB_14/D1                  RBB_6L       14  [TILE 0 0, RBB 7 18]          -     r            4398     {inst80: r_Clock_Count_FDRE_Q_9_D_LUT6_O_I4_CARRY4_O_CI_CARRY4_CO_O_LUT6_I3_O_LUT6_O_3 (LUT,site=dlut,dluto)} {inst47: r_Clock_Count_FDRE_Q_17 (FDRE,site=dff)} 
   ------------------------------------------------------------------------------------------------------------------------------------------------------------------------------------------------------------------------------------------------------------------------
   RBB_14/CLK                 RBB_6L       14  [TILE 0 0, RBB 7 18]        859     r            5257                                                                                                                                                                     
   clk_BUFG_I_O               Clock net    82          (fanout=519)      -2462                     -                                                                                                                                                                     
   clk                        CLOCK-PORT    -                     -    capture     r            2795                                                                                                                                                                     
   ------------------------------------------------------------------------------------------------------------------------------------------------------------------------------------------------------------------------------------------------------------------------


Path 252:
   Slack (met):                             17224ps
     Path type:                               SETUP
     Group:                               <DEFAULT>
     Launching clock:                           clk (rising edge)
     Capturing clock:                           clk (rising edge)

     Requested period:                      20000ps
   + Delay of the capturing clock:           2434ps
   - Clock uncertainty:                       150ps
   = Required time:                         22284ps
   - Propagation time:                       2626ps (59.1% logic, 40.9% route, logic stage 1)
   - Delay of the launching clock:           2434ps
   = Slack:                                 17224ps

   Instance/Pin or Net Name                                   Type         ID     Location or Fanout   Delay(ps)  Edge  Arrival Time(ps)    Instance detail                                                                                                                              
   ----------------------------------------------------------------------------------------------------------------------------------------------------------------------------------------------------------------------------------------------------------------------------------------
   clk                                                        CLOCK-PORT    -                      -     launch     r               0                                                                                                                                                    
   clk_BUFG_I_O                                               Clock net    82           (fanout=519)       2434                     -                                                                                                                                                    
   RBB_20/CLK                                                 RBB_6L       20  [TILE 0 0, RBB 16 10]          -     r            2434                                                                                                                                                    
   ----------------------------------------------------------------------------------------------------------------------------------------------------------------------------------------------------------------------------------------------------------------------------------------
   RBB_20/BQ                                                  RBB_6L       20  [TILE 0 0, RBB 16 10]        800     r            3234     {inst88: r_RX_Byte_FDRE_Q_6 (FDRE,site=bff)}                                                                                                   
   r_Bit_Index_FDRE_Q_D_LUT2_O_I1_CARRY4_O_S_CARRY4_S_O_1[1]  Net          86             (fanout=2)       1074                     -                                                                                                                                                    
   RBB_20/B2                                                  RBB_6L       20  [TILE 0 0, RBB 16 10]          -     r            4308     {inst33: r_Bit_Index_FDRE_Q_D_LUT2_O_I1_CARRY4_O_S_CARRY4_S_O_LUT4_I3_O_LUT5_O_2 (LUT,site=blut)} {inst88: r_RX_Byte_FDRE_Q_6 (FDRE,site=bff)} 
   ----------------------------------------------------------------------------------------------------------------------------------------------------------------------------------------------------------------------------------------------------------------------------------------
   RBB_20/CLK                                                 RBB_6L       20  [TILE 0 0, RBB 16 10]        752     r            5060                                                                                                                                                    
   clk_BUFG_I_O                                               Clock net    82           (fanout=519)      -2434                     -                                                                                                                                                    
   clk                                                        CLOCK-PORT    -                      -    capture     r            2626                                                                                                                                                    
   ----------------------------------------------------------------------------------------------------------------------------------------------------------------------------------------------------------------------------------------------------------------------------------------


Path 241:
   Slack (met):                             17252ps
     Path type:                               SETUP
     Group:                               <DEFAULT>
     Launching clock:                           clk (rising edge)
     Capturing clock:                           clk (rising edge)

     Requested period:                      20000ps
   + Delay of the capturing clock:           2434ps
   - Clock uncertainty:                       150ps
   = Required time:                         22284ps
   - Propagation time:                       2598ps (60.1% logic, 39.9% route, logic stage 1)
   - Delay of the launching clock:           2434ps
   = Slack:                                 17252ps

   Instance/Pin or Net Name                                 Type         ID     Location or Fanout   Delay(ps)  Edge  Arrival Time(ps)    Instance detail                                                                                                                   
   ---------------------------------------------------------------------------------------------------------------------------------------------------------------------------------------------------------------------------------------------------------------------------
   clk                                                      CLOCK-PORT    -                      -     launch     r               0                                                                                                                                         
   clk_BUFG_I_O                                             Clock net    82           (fanout=519)       2434                     -                                                                                                                                         
   RBB_20/CLK                                               RBB_6L       20  [TILE 0 0, RBB 16 10]          -     r            2434                                                                                                                                         
   ---------------------------------------------------------------------------------------------------------------------------------------------------------------------------------------------------------------------------------------------------------------------------
   RBB_20/AQ                                                RBB_6L       20  [TILE 0 0, RBB 16 10]        800     r            3234     {inst89: r_RX_Byte_FDRE_Q_7 (FDRE,site=aff)}                                                                                        
   r_Bit_Index_FDRE_Q_D_LUT2_O_I1_CARRY4_O_S_CARRY4_S_O[1]  Net         148             (fanout=1)       1037                     -                                                                                                                                         
   RBB_20/A1                                                RBB_6L       20  [TILE 0 0, RBB 16 10]          -     r            4271     {inst25: r_Bit_Index_FDRE_Q_D_LUT2_O_I1_CARRY4_O_S_CARRY4_S_O_LUT4_I3 (LUT,site=alut)} {inst89: r_RX_Byte_FDRE_Q_7 (FDRE,site=aff)} 
   ---------------------------------------------------------------------------------------------------------------------------------------------------------------------------------------------------------------------------------------------------------------------------
   RBB_20/CLK                                               RBB_6L       20  [TILE 0 0, RBB 16 10]        761     r            5032                                                                                                                                         
   clk_BUFG_I_O                                             Clock net    82           (fanout=519)      -2434                     -                                                                                                                                         
   clk                                                      CLOCK-PORT    -                      -    capture     r            2598                                                                                                                                         
   ---------------------------------------------------------------------------------------------------------------------------------------------------------------------------------------------------------------------------------------------------------------------------


Path 483:
   Slack (met):                             17654ps
     Path type:                               SETUP
     Group:                               <DEFAULT>
     Launching clock:                           clk (rising edge)
     Capturing clock:                           clk (rising edge)

     Requested period:                      20000ps
   + Delay of the capturing clock:           2475ps
   - Clock uncertainty:                       150ps
   = Required time:                         22325ps
   - Propagation time:                       2219ps (30.1% logic, 69.9% route, logic stage 1)
   - Delay of the launching clock:           2452ps
   = Slack:                                 17654ps

   Instance/Pin or Net Name   Type         ID     Location or Fanout   Delay(ps)  Edge  Arrival Time(ps)    Instance detail                                                                             
   -------------------------------------------------------------------------------------------------------------------------------------------------------------------------------------------------------
   clk                        CLOCK-PORT    -                      -     launch     r               0                                                                                                   
   clk_BUFG_I_O               Clock net    82           (fanout=519)       2452                     -                                                                                                   
   RBB_1/CLK                  IOB           1   [TILE 0 0, RBB 0 24]          -     r            2452                                                                                                   
   -------------------------------------------------------------------------------------------------------------------------------------------------------------------------------------------------------
   RBB_1/I[0]                 IOB           1   [TILE 0 0, RBB 0 24]          0     r            2452     {(input_port) inst112: g_112_rst_ibuf (IO)} {inst104: rst_meta_FDRE_Q (FD)}                   
   rst_meta                   Net           6             (fanout=1)       1552                     -                                                                                                   
   RBB_11/B3                  RBB_6L       11  [TILE 0 0, RBB 10 14]          -     r            4004     {inst131: rst_sync_FDRE_Q_buf131_i (LUT,site=bluto)} {inst105: rst_sync_FDRE_Q (FD,site=bff)} 
   -------------------------------------------------------------------------------------------------------------------------------------------------------------------------------------------------------
   RBB_11/CLK                 RBB_6L       11  [TILE 0 0, RBB 10 14]        667     r            4671                                                                                                   
   clk_BUFG_I_O               Clock net    82           (fanout=519)      -2475                     -                                                                                                   
   clk                        CLOCK-PORT    -                      -    capture     r            2196                                                                                                   
   -------------------------------------------------------------------------------------------------------------------------------------------------------------------------------------------------------













