Timing Summary
==============

   POST-ROUTE

         Group  No. Clocks  No. Clock Pairs  WNS(ps)  TNS(ps)  TNS Endpoints      
   -----------  ----------  ---------------  -------  -------  -------------      
     <DEFAULT>           1                1    10231        0              0      




Clocks
======

            Clock    Clock net        Group  Constrained Period(ps)      Waveform(ps)   Achievable Period(ps)  Achievable Frequency(MHz)
   --------------  -----------  -----------  ----------------------  -----------------  ---------------------  -------------------------
              clk          clk    <DEFAULT>                 20000           (0,10000)                   9768                    102.375 




Clock Relationships
===================

       From Clock        To Clock               Group    Endpoints     WNS(ps)    TNS(ps)  TNS Endpoints
   --------------  --------------  ------------------  -----------  ----------  ---------  -------------
              clk             clk           <DEFAULT>          179       10231          0              0




Timing Details for Clock Pair clk and clk
=========================================

       From Clock        To Clock               Group    Endpoints     WNS(ps)    TNS(ps)  TNS Endpoints
   --------------  --------------  ------------------  -----------  ----------  ---------  -------------
              clk             clk           <DEFAULT>          179       10231          0              0

Path 255:
   Slack (met):                             10231ps
     Path type:                               SETUP
     Group:                               <DEFAULT>
     Launching clock:                           clk (rising edge)
     Capturing clock:                           clk (rising edge)

     Requested period:                      20000ps
   + Delay of the capturing clock:           2422ps
   - Clock uncertainty:                       150ps
   = Required time:                         22272ps
   - Propagation time:                       9556ps (50.7% logic, 49.3% route, logic stage 4)
   - Delay of the launching clock:           2485ps
   = Slack:                                 10231ps

   Instance/Pin or Net Name                                                                Type         ID     Location or Fanout   Delay(ps)  Edge  Arrival Time(ps)    Instance detail                                                                                                             
   ----------------------------------------------------------------------------------------------------------------------------------------------------------------------------------------------------------------------------------------------------------------------------------------------------
   clk                                                                                     CLOCK-PORT    -                      -     launch     r               0                                                                                                                                   
   clk_BUFG_I_O                                                                            Clock net    82           (fanout=519)       2485                     -                                                                                                                                   
   RBB_12/CLK                                                                              RBB_6L       12  [TILE 0 0, RBB 10 18]          -     r            2485                                                                                                                                   
   ----------------------------------------------------------------------------------------------------------------------------------------------------------------------------------------------------------------------------------------------------------------------------------------------------
   RBB_12/DQ                                                                               RBB_6L       12  [TILE 0 0, RBB 10 18]        800     r            3285     {inst45: r_Clock_Count_FDRE_Q_15 (FDRE,site=dff)}                                                                             
   r_Clock_Count[2]                                                                        Net          10             (fanout=4)       1718                     -                                                                                                                                   
   RBB_18/D4                                                                               RBB_6L       18  [TILE 0 0, RBB 10 20]          -     r            5003                                                                                                                                   
   RBB_18/D                                                                                RBB_6L       18  [TILE 0 0, RBB 10 20]        703     r            5706     {inst69: r_Clock_Count_FDRE_Q_9_D_LUT6_O_I4_CARRY4_O_CI_CARRY4_CO_CI_CARRY4_CO_O_2_CARRY4_O_S_1_LUT6_O (LUT,site=dlut,dluto)} 
   r_Clock_Count_FDRE_Q_9_D_LUT6_O_I4_CARRY4_O_CI_CARRY4_CO_CI_CARRY4_CO_O_2_CARRY4_O_S_1  Net         151             (fanout=1)       1238                     -                                                                                                                                   
   RBB_8/A1                                                                                RBB_6L        8  [TILE 0 0, RBB 13 14]          -     r            6944                                                                                                                                   
   RBB_8/DMUX                                                                              RBB_6L        8  [TILE 0 0, RBB 13 14]       1342     r            8286     {inst60: r_Clock_Count_FDRE_Q_9_D_LUT6_O_I4_CARRY4_O_CI_CARRY4_CO_CI_CARRY4_CO_O_2_CARRY4_O (CARRY4)}                         
   r_Clock_Count_FDRE_Q_9_D_LUT6_O_I4_CARRY4_O_CI_CARRY4_CO_CI_CARRY4_CO_O_2[5]            Net          80            (fanout=13)       1127                     -                                                                                                                                   
   RBB_22/D5                                                                               RBB_6L       22   [TILE 0 0, RBB 16 8]          -     r            9413                                                                                                                                   
   RBB_22/DMUX                                                                             RBB_6L       22   [TILE 0 0, RBB 16 8]       1137     r           10550     {inst92: r_RX_DV_FDRE_Q_CE_LUT4_O (LUT,site=dluto)}                                                                           
   r_RX_DV_FDRE_Q_CE                                                                       Net          74             (fanout=1)        631                     -                                                                                                                                   
   RBB_22/A6                                                                               RBB_6L       22   [TILE 0 0, RBB 16 8]          -     r           11181     {<CE>inst91: r_RX_DV_FDRE_Q (FDRE,site=dff)}                                                                                  
   ----------------------------------------------------------------------------------------------------------------------------------------------------------------------------------------------------------------------------------------------------------------------------------------------------
   RBB_22/CLK                                                                              RBB_6L       22   [TILE 0 0, RBB 16 8]        860     r           12041                                                                                                                                   
   clk_BUFG_I_O                                                                            Clock net    82           (fanout=519)      -2422                     -                                                                                                                                   
   clk                                                                                     CLOCK-PORT    -                      -    capture     r            9619                                                                                                                                   
   ----------------------------------------------------------------------------------------------------------------------------------------------------------------------------------------------------------------------------------------------------------------------------------------------------


Path 258:
   Slack (met):                             10700ps
     Path type:                               SETUP
     Group:                               <DEFAULT>
     Launching clock:                           clk (rising edge)
     Capturing clock:                           clk (rising edge)

     Requested period:                      20000ps
   + Delay of the capturing clock:           2434ps
   - Clock uncertainty:                       150ps
   = Required time:                         22284ps
   - Propagation time:                       9099ps (47.6% logic, 52.4% route, logic stage 4)
   - Delay of the launching clock:           2485ps
   = Slack:                                 10700ps

   Instance/Pin or Net Name                                                                Type         ID     Location or Fanout   Delay(ps)  Edge  Arrival Time(ps)    Instance detail                                                                                                             
   ----------------------------------------------------------------------------------------------------------------------------------------------------------------------------------------------------------------------------------------------------------------------------------------------------
   clk                                                                                     CLOCK-PORT    -                      -     launch     r               0                                                                                                                                   
   clk_BUFG_I_O                                                                            Clock net    82           (fanout=519)       2485                     -                                                                                                                                   
   RBB_12/CLK                                                                              RBB_6L       12  [TILE 0 0, RBB 10 18]          -     r            2485                                                                                                                                   
   ----------------------------------------------------------------------------------------------------------------------------------------------------------------------------------------------------------------------------------------------------------------------------------------------------
   RBB_12/DQ                                                                               RBB_6L       12  [TILE 0 0, RBB 10 18]        800     r            3285     {inst45: r_Clock_Count_FDRE_Q_15 (FDRE,site=dff)}                                                                             
   r_Clock_Count[2]                                                                        Net          10             (fanout=4)       1718                     -                                                                                                                                   
   RBB_18/D4                                                                               RBB_6L       18  [TILE 0 0, RBB 10 20]          -     r            5003                                                                                                                                   
   RBB_18/D                                                                                RBB_6L       18  [TILE 0 0, RBB 10 20]        703     r            5706     {inst69: r_Clock_Count_FDRE_Q_9_D_LUT6_O_I4_CARRY4_O_CI_CARRY4_CO_CI_CARRY4_CO_O_2_CARRY4_O_S_1_LUT6_O (LUT,site=dlut,dluto)} 
   r_Clock_Count_FDRE_Q_9_D_LUT6_O_I4_CARRY4_O_CI_CARRY4_CO_CI_CARRY4_CO_O_2_CARRY4_O_S_1  Net         151             (fanout=1)       1238                     -                                                                                                                                   
   RBB_8/A1                                                                                RBB_6L        8  [TILE 0 0, RBB 13 14]          -     r            6944                                                                                                                                   
   RBB_8/DMUX                                                                              RBB_6L        8  [TILE 0 0, RBB 13 14]       1342     r            8286     {inst60: r_Clock_Count_FDRE_Q_9_D_LUT6_O_I4_CARRY4_O_CI_CARRY4_CO_CI_CARRY4_CO_O_2_CARRY4_O (CARRY4)}                         
   r_Clock_Count_FDRE_Q_9_D_LUT6_O_I4_CARRY4_O_CI_CARRY4_CO_CI_CARRY4_CO_O_2[5]            Net          80            (fanout=13)        883                     -                                                                                                                                   
   RBB_21/D6                                                                               RBB_6L       21  [TILE 0 0, RBB 10 10]          -     r            9169                                                                                                                                   
   RBB_21/D                                                                                RBB_6L       21  [TILE 0 0, RBB 10 10]        532     r            9701     {inst90: r_RX_Byte_FDRE_Q_CE_LUT6_O (LUT,site=dlut,dluto)}                                                                    
   r_RX_Byte_FDRE_Q_CE                                                                     Net          73             (fanout=2)        929                     -                                                                                                                                   
   RBB_20/A6                                                                               RBB_6L       20  [TILE 0 0, RBB 16 10]          -     r           10630     {<CE>inst85: r_RX_Byte_FDRE_Q_3 (FDRE,site=dff)}                                                                              
   ----------------------------------------------------------------------------------------------------------------------------------------------------------------------------------------------------------------------------------------------------------------------------------------------------
   RBB_20/CLK                                                                              RBB_6L       20  [TILE 0 0, RBB 16 10]        954     r           11584                                                                                                                                   
   clk_BUFG_I_O                                                                            Clock net    82           (fanout=519)      -2434                     -                                                                                                                                   
   clk                                                                                     CLOCK-PORT    -                      -    capture     r            9150                                                                                                                                   
   ----------------------------------------------------------------------------------------------------------------------------------------------------------------------------------------------------------------------------------------------------------------------------------------------------


Path 257:
   Slack (met):                             10700ps
     Path type:                               SETUP
     Group:                               <DEFAULT>
     Launching clock:                           clk (rising edge)
     Capturing clock:                           clk (rising edge)

     Requested period:                      20000ps
   + Delay of the capturing clock:           2434ps
   - Clock uncertainty:                       150ps
   = Required time:                         22284ps
   - Propagation time:                       9099ps (47.6% logic, 52.4% route, logic stage 4)
   - Delay of the launching clock:           2485ps
   = Slack:                                 10700ps

   Instance/Pin or Net Name                                                                Type         ID     Location or Fanout   Delay(ps)  Edge  Arrival Time(ps)    Instance detail                                                                                                             
   ----------------------------------------------------------------------------------------------------------------------------------------------------------------------------------------------------------------------------------------------------------------------------------------------------
   clk                                                                                     CLOCK-PORT    -                      -     launch     r               0                                                                                                                                   
   clk_BUFG_I_O                                                                            Clock net    82           (fanout=519)       2485                     -                                                                                                                                   
   RBB_12/CLK                                                                              RBB_6L       12  [TILE 0 0, RBB 10 18]          -     r            2485                                                                                                                                   
   ----------------------------------------------------------------------------------------------------------------------------------------------------------------------------------------------------------------------------------------------------------------------------------------------------
   RBB_12/DQ                                                                               RBB_6L       12  [TILE 0 0, RBB 10 18]        800     r            3285     {inst45: r_Clock_Count_FDRE_Q_15 (FDRE,site=dff)}                                                                             
   r_Clock_Count[2]                                                                        Net          10             (fanout=4)       1718                     -                                                                                                                                   
   RBB_18/D4                                                                               RBB_6L       18  [TILE 0 0, RBB 10 20]          -     r            5003                                                                                                                                   
   RBB_18/D                                                                                RBB_6L       18  [TILE 0 0, RBB 10 20]        703     r            5706     {inst69: r_Clock_Count_FDRE_Q_9_D_LUT6_O_I4_CARRY4_O_CI_CARRY4_CO_CI_CARRY4_CO_O_2_CARRY4_O_S_1_LUT6_O (LUT,site=dlut,dluto)} 
   r_Clock_Count_FDRE_Q_9_D_LUT6_O_I4_CARRY4_O_CI_CARRY4_CO_CI_CARRY4_CO_O_2_CARRY4_O_S_1  Net         151             (fanout=1)       1238                     -                                                                                                                                   
   RBB_8/A1                                                                                RBB_6L        8  [TILE 0 0, RBB 13 14]          -     r            6944                                                                                                                                   
   RBB_8/DMUX                                                                              RBB_6L        8  [TILE 0 0, RBB 13 14]       1342     r            8286     {inst60: r_Clock_Count_FDRE_Q_9_D_LUT6_O_I4_CARRY4_O_CI_CARRY4_CO_CI_CARRY4_CO_O_2_CARRY4_O (CARRY4)}                         
   r_Clock_Count_FDRE_Q_9_D_LUT6_O_I4_CARRY4_O_CI_CARRY4_CO_CI_CARRY4_CO_O_2[5]            Net          80            (fanout=13)        883                     -                                                                                                                                   
   RBB_21/D6                                                                               RBB_6L       21  [TILE 0 0, RBB 10 10]          -     r            9169                                                                                                                                   
   RBB_21/D                                                                                RBB_6L       21  [TILE 0 0, RBB 10 10]        532     r            9701     {inst90: r_RX_Byte_FDRE_Q_CE_LUT6_O (LUT,site=dlut,dluto)}                                                                    
   r_RX_Byte_FDRE_Q_CE                                                                     Net          73             (fanout=2)        929                     -                                                                                                                                   
   RBB_20/A6                                                                               RBB_6L       20  [TILE 0 0, RBB 16 10]          -     r           10630     {<CE>inst87: r_RX_Byte_FDRE_Q_5 (FDRE,site=cff)}                                                                              
   ----------------------------------------------------------------------------------------------------------------------------------------------------------------------------------------------------------------------------------------------------------------------------------------------------
   RBB_20/CLK                                                                              RBB_6L       20  [TILE 0 0, RBB 16 10]        954     r           11584                                                                                                                                   
   clk_BUFG_I_O                                                                            Clock net    82           (fanout=519)      -2434                     -                                                                                                                                   
   clk                                                                                     CLOCK-PORT    -                      -    capture     r            9150                                                                                                                                   
   ----------------------------------------------------------------------------------------------------------------------------------------------------------------------------------------------------------------------------------------------------------------------------------------------------


Path 256:
   Slack (met):                             10700ps
     Path type:                               SETUP
     Group:                               <DEFAULT>
     Launching clock:                           clk (rising edge)
     Capturing clock:                           clk (rising edge)

     Requested period:                      20000ps
   + Delay of the capturing clock:           2434ps
   - Clock uncertainty:                       150ps
   = Required time:                         22284ps
   - Propagation time:                       9099ps (47.6% logic, 52.4% route, logic stage 4)
   - Delay of the launching clock:           2485ps
   = Slack:                                 10700ps

   Instance/Pin or Net Name                                                                Type         ID     Location or Fanout   Delay(ps)  Edge  Arrival Time(ps)    Instance detail                                                                                                             
   ----------------------------------------------------------------------------------------------------------------------------------------------------------------------------------------------------------------------------------------------------------------------------------------------------
   clk                                                                                     CLOCK-PORT    -                      -     launch     r               0                                                                                                                                   
   clk_BUFG_I_O                                                                            Clock net    82           (fanout=519)       2485                     -                                                                                                                                   
   RBB_12/CLK                                                                              RBB_6L       12  [TILE 0 0, RBB 10 18]          -     r            2485                                                                                                                                   
   ----------------------------------------------------------------------------------------------------------------------------------------------------------------------------------------------------------------------------------------------------------------------------------------------------
   RBB_12/DQ                                                                               RBB_6L       12  [TILE 0 0, RBB 10 18]        800     r            3285     {inst45: r_Clock_Count_FDRE_Q_15 (FDRE,site=dff)}                                                                             
   r_Clock_Count[2]                                                                        Net          10             (fanout=4)       1718                     -                                                                                                                                   
   RBB_18/D4                                                                               RBB_6L       18  [TILE 0 0, RBB 10 20]          -     r            5003                                                                                                                                   
   RBB_18/D                                                                                RBB_6L       18  [TILE 0 0, RBB 10 20]        703     r            5706     {inst69: r_Clock_Count_FDRE_Q_9_D_LUT6_O_I4_CARRY4_O_CI_CARRY4_CO_CI_CARRY4_CO_O_2_CARRY4_O_S_1_LUT6_O (LUT,site=dlut,dluto)} 
   r_Clock_Count_FDRE_Q_9_D_LUT6_O_I4_CARRY4_O_CI_CARRY4_CO_CI_CARRY4_CO_O_2_CARRY4_O_S_1  Net         151             (fanout=1)       1238                     -                                                                                                                                   
   RBB_8/A1                                                                                RBB_6L        8  [TILE 0 0, RBB 13 14]          -     r            6944                                                                                                                                   
   RBB_8/DMUX                                                                              RBB_6L        8  [TILE 0 0, RBB 13 14]       1342     r            8286     {inst60: r_Clock_Count_FDRE_Q_9_D_LUT6_O_I4_CARRY4_O_CI_CARRY4_CO_CI_CARRY4_CO_O_2_CARRY4_O (CARRY4)}                         
   r_Clock_Count_FDRE_Q_9_D_LUT6_O_I4_CARRY4_O_CI_CARRY4_CO_CI_CARRY4_CO_O_2[5]            Net          80            (fanout=13)        883                     -                                                                                                                                   
   RBB_21/D6                                                                               RBB_6L       21  [TILE 0 0, RBB 10 10]          -     r            9169                                                                                                                                   
   RBB_21/D                                                                                RBB_6L       21  [TILE 0 0, RBB 10 10]        532     r            9701     {inst90: r_RX_Byte_FDRE_Q_CE_LUT6_O (LUT,site=dlut,dluto)}                                                                    
   r_RX_Byte_FDRE_Q_CE                                                                     Net          73             (fanout=2)        929                     -                                                                                                                                   
   RBB_20/A6                                                                               RBB_6L       20  [TILE 0 0, RBB 16 10]          -     r           10630     {<CE>inst88: r_RX_Byte_FDRE_Q_6 (FDRE,site=bff)}                                                                              
   ----------------------------------------------------------------------------------------------------------------------------------------------------------------------------------------------------------------------------------------------------------------------------------------------------
   RBB_20/CLK                                                                              RBB_6L       20  [TILE 0 0, RBB 16 10]        954     r           11584                                                                                                                                   
   clk_BUFG_I_O                                                                            Clock net    82           (fanout=519)      -2434                     -                                                                                                                                   
   clk                                                                                     CLOCK-PORT    -                      -    capture     r            9150                                                                                                                                   
   ----------------------------------------------------------------------------------------------------------------------------------------------------------------------------------------------------------------------------------------------------------------------------------------------------


Path 259:
   Slack (met):                             10700ps
     Path type:                               SETUP
     Group:                               <DEFAULT>
     Launching clock:                           clk (rising edge)
     Capturing clock:                           clk (rising edge)

     Requested period:                      20000ps
   + Delay of the capturing clock:           2434ps
   - Clock uncertainty:                       150ps
   = Required time:                         22284ps
   - Propagation time:                       9099ps (47.6% logic, 52.4% route, logic stage 4)
   - Delay of the launching clock:           2485ps
   = Slack:                                 10700ps

   Instance/Pin or Net Name                                                                Type         ID     Location or Fanout   Delay(ps)  Edge  Arrival Time(ps)    Instance detail                                                                                                             
   ----------------------------------------------------------------------------------------------------------------------------------------------------------------------------------------------------------------------------------------------------------------------------------------------------
   clk                                                                                     CLOCK-PORT    -                      -     launch     r               0                                                                                                                                   
   clk_BUFG_I_O                                                                            Clock net    82           (fanout=519)       2485                     -                                                                                                                                   
   RBB_12/CLK                                                                              RBB_6L       12  [TILE 0 0, RBB 10 18]          -     r            2485                                                                                                                                   
   ----------------------------------------------------------------------------------------------------------------------------------------------------------------------------------------------------------------------------------------------------------------------------------------------------
   RBB_12/DQ                                                                               RBB_6L       12  [TILE 0 0, RBB 10 18]        800     r            3285     {inst45: r_Clock_Count_FDRE_Q_15 (FDRE,site=dff)}                                                                             
   r_Clock_Count[2]                                                                        Net          10             (fanout=4)       1718                     -                                                                                                                                   
   RBB_18/D4                                                                               RBB_6L       18  [TILE 0 0, RBB 10 20]          -     r            5003                                                                                                                                   
   RBB_18/D                                                                                RBB_6L       18  [TILE 0 0, RBB 10 20]        703     r            5706     {inst69: r_Clock_Count_FDRE_Q_9_D_LUT6_O_I4_CARRY4_O_CI_CARRY4_CO_CI_CARRY4_CO_O_2_CARRY4_O_S_1_LUT6_O (LUT,site=dlut,dluto)} 
   r_Clock_Count_FDRE_Q_9_D_LUT6_O_I4_CARRY4_O_CI_CARRY4_CO_CI_CARRY4_CO_O_2_CARRY4_O_S_1  Net         151             (fanout=1)       1238                     -                                                                                                                                   
   RBB_8/A1                                                                                RBB_6L        8  [TILE 0 0, RBB 13 14]          -     r            6944                                                                                                                                   
   RBB_8/DMUX                                                                              RBB_6L        8  [TILE 0 0, RBB 13 14]       1342     r            8286     {inst60: r_Clock_Count_FDRE_Q_9_D_LUT6_O_I4_CARRY4_O_CI_CARRY4_CO_CI_CARRY4_CO_O_2_CARRY4_O (CARRY4)}                         
   r_Clock_Count_FDRE_Q_9_D_LUT6_O_I4_CARRY4_O_CI_CARRY4_CO_CI_CARRY4_CO_O_2[5]            Net          80            (fanout=13)        883                     -                                                                                                                                   
   RBB_21/D6                                                                               RBB_6L       21  [TILE 0 0, RBB 10 10]          -     r            9169                                                                                                                                   
   RBB_21/D                                                                                RBB_6L       21  [TILE 0 0, RBB 10 10]        532     r            9701     {inst90: r_RX_Byte_FDRE_Q_CE_LUT6_O (LUT,site=dlut,dluto)}                                                                    
   r_RX_Byte_FDRE_Q_CE                                                                     Net          73             (fanout=2)        929                     -                                                                                                                                   
   RBB_20/A6                                                                               RBB_6L       20  [TILE 0 0, RBB 16 10]          -     r           10630     {<CE>inst89: r_RX_Byte_FDRE_Q_7 (FDRE,site=aff)}                                                                              
   ----------------------------------------------------------------------------------------------------------------------------------------------------------------------------------------------------------------------------------------------------------------------------------------------------
   RBB_20/CLK                                                                              RBB_6L       20  [TILE 0 0, RBB 16 10]        954     r           11584                                                                                                                                   
   clk_BUFG_I_O                                                                            Clock net    82           (fanout=519)      -2434                     -                                                                                                                                   
   clk                                                                                     CLOCK-PORT    -                      -    capture     r            9150                                                                                                                                   
   ----------------------------------------------------------------------------------------------------------------------------------------------------------------------------------------------------------------------------------------------------------------------------------------------------


Path 260:
   Slack (met):                             10977ps
     Path type:                               SETUP
     Group:                               <DEFAULT>
     Launching clock:                           clk (rising edge)
     Capturing clock:                           clk (rising edge)

     Requested period:                      20000ps
   + Delay of the capturing clock:           2336ps
   - Clock uncertainty:                       150ps
   = Required time:                         22186ps
   - Propagation time:                       8724ps (48.8% logic, 51.2% route, logic stage 4)
   - Delay of the launching clock:           2485ps
   = Slack:                                 10977ps

   Instance/Pin or Net Name                                                                Type         ID     Location or Fanout   Delay(ps)  Edge  Arrival Time(ps)    Instance detail                                                                                                             
   ----------------------------------------------------------------------------------------------------------------------------------------------------------------------------------------------------------------------------------------------------------------------------------------------------
   clk                                                                                     CLOCK-PORT    -                      -     launch     r               0                                                                                                                                   
   clk_BUFG_I_O                                                                            Clock net    82           (fanout=519)       2485                     -                                                                                                                                   
   RBB_12/CLK                                                                              RBB_6L       12  [TILE 0 0, RBB 10 18]          -     r            2485                                                                                                                                   
   ----------------------------------------------------------------------------------------------------------------------------------------------------------------------------------------------------------------------------------------------------------------------------------------------------
   RBB_12/DQ                                                                               RBB_6L       12  [TILE 0 0, RBB 10 18]        800     r            3285     {inst45: r_Clock_Count_FDRE_Q_15 (FDRE,site=dff)}                                                                             
   r_Clock_Count[2]                                                                        Net          10             (fanout=4)       1718                     -                                                                                                                                   
   RBB_18/D4                                                                               RBB_6L       18  [TILE 0 0, RBB 10 20]          -     r            5003                                                                                                                                   
   RBB_18/D                                                                                RBB_6L       18  [TILE 0 0, RBB 10 20]        703     r            5706     {inst69: r_Clock_Count_FDRE_Q_9_D_LUT6_O_I4_CARRY4_O_CI_CARRY4_CO_CI_CARRY4_CO_O_2_CARRY4_O_S_1_LUT6_O (LUT,site=dlut,dluto)} 
   r_Clock_Count_FDRE_Q_9_D_LUT6_O_I4_CARRY4_O_CI_CARRY4_CO_CI_CARRY4_CO_O_2_CARRY4_O_S_1  Net         151             (fanout=1)       1238                     -                                                                                                                                   
   RBB_8/A1                                                                                RBB_6L        8  [TILE 0 0, RBB 13 14]          -     r            6944                                                                                                                                   
   RBB_8/DMUX                                                                              RBB_6L        8  [TILE 0 0, RBB 13 14]       1342     r            8286     {inst60: r_Clock_Count_FDRE_Q_9_D_LUT6_O_I4_CARRY4_O_CI_CARRY4_CO_CI_CARRY4_CO_O_2_CARRY4_O (CARRY4)}                         
   r_Clock_Count_FDRE_Q_9_D_LUT6_O_I4_CARRY4_O_CI_CARRY4_CO_CI_CARRY4_CO_O_2[5]            Net          80            (fanout=13)        883                     -                                                                                                                                   
   RBB_21/D6                                                                               RBB_6L       21  [TILE 0 0, RBB 10 10]          -     r            9169                                                                                                                                   
   RBB_21/D                                                                                RBB_6L       21  [TILE 0 0, RBB 10 10]        532     r            9701     {inst90: r_RX_Byte_FDRE_Q_CE_LUT6_O (LUT,site=dlut,dluto)}                                                                    
   r_RX_Byte_FDRE_Q_CE                                                                     Net          73             (fanout=2)        624                     -                                                                                                                                   
   RBB_19/A6                                                                               RBB_6L       19   [TILE 0 0, RBB 13 8]          -     r           10325     {<CE>inst86: r_RX_Byte_FDRE_Q_4 (FDRE,site=aff)}                                                                              
   ----------------------------------------------------------------------------------------------------------------------------------------------------------------------------------------------------------------------------------------------------------------------------------------------------
   RBB_19/CLK                                                                              RBB_6L       19   [TILE 0 0, RBB 13 8]        884     r           11209                                                                                                                                   
   clk_BUFG_I_O                                                                            Clock net    82           (fanout=519)      -2336                     -                                                                                                                                   
   clk                                                                                     CLOCK-PORT    -                      -    capture     r            8873                                                                                                                                   
   ----------------------------------------------------------------------------------------------------------------------------------------------------------------------------------------------------------------------------------------------------------------------------------------------------


Path 262:
   Slack (met):                             10977ps
     Path type:                               SETUP
     Group:                               <DEFAULT>
     Launching clock:                           clk (rising edge)
     Capturing clock:                           clk (rising edge)

     Requested period:                      20000ps
   + Delay of the capturing clock:           2336ps
   - Clock uncertainty:                       150ps
   = Required time:                         22186ps
   - Propagation time:                       8724ps (48.8% logic, 51.2% route, logic stage 4)
   - Delay of the launching clock:           2485ps
   = Slack:                                 10977ps

   Instance/Pin or Net Name                                                                Type         ID     Location or Fanout   Delay(ps)  Edge  Arrival Time(ps)    Instance detail                                                                                                             
   ----------------------------------------------------------------------------------------------------------------------------------------------------------------------------------------------------------------------------------------------------------------------------------------------------
   clk                                                                                     CLOCK-PORT    -                      -     launch     r               0                                                                                                                                   
   clk_BUFG_I_O                                                                            Clock net    82           (fanout=519)       2485                     -                                                                                                                                   
   RBB_12/CLK                                                                              RBB_6L       12  [TILE 0 0, RBB 10 18]          -     r            2485                                                                                                                                   
   ----------------------------------------------------------------------------------------------------------------------------------------------------------------------------------------------------------------------------------------------------------------------------------------------------
   RBB_12/DQ                                                                               RBB_6L       12  [TILE 0 0, RBB 10 18]        800     r            3285     {inst45: r_Clock_Count_FDRE_Q_15 (FDRE,site=dff)}                                                                             
   r_Clock_Count[2]                                                                        Net          10             (fanout=4)       1718                     -                                                                                                                                   
   RBB_18/D4                                                                               RBB_6L       18  [TILE 0 0, RBB 10 20]          -     r            5003                                                                                                                                   
   RBB_18/D                                                                                RBB_6L       18  [TILE 0 0, RBB 10 20]        703     r            5706     {inst69: r_Clock_Count_FDRE_Q_9_D_LUT6_O_I4_CARRY4_O_CI_CARRY4_CO_CI_CARRY4_CO_O_2_CARRY4_O_S_1_LUT6_O (LUT,site=dlut,dluto)} 
   r_Clock_Count_FDRE_Q_9_D_LUT6_O_I4_CARRY4_O_CI_CARRY4_CO_CI_CARRY4_CO_O_2_CARRY4_O_S_1  Net         151             (fanout=1)       1238                     -                                                                                                                                   
   RBB_8/A1                                                                                RBB_6L        8  [TILE 0 0, RBB 13 14]          -     r            6944                                                                                                                                   
   RBB_8/DMUX                                                                              RBB_6L        8  [TILE 0 0, RBB 13 14]       1342     r            8286     {inst60: r_Clock_Count_FDRE_Q_9_D_LUT6_O_I4_CARRY4_O_CI_CARRY4_CO_CI_CARRY4_CO_O_2_CARRY4_O (CARRY4)}                         
   r_Clock_Count_FDRE_Q_9_D_LUT6_O_I4_CARRY4_O_CI_CARRY4_CO_CI_CARRY4_CO_O_2[5]            Net          80            (fanout=13)        883                     -                                                                                                                                   
   RBB_21/D6                                                                               RBB_6L       21  [TILE 0 0, RBB 10 10]          -     r            9169                                                                                                                                   
   RBB_21/D                                                                                RBB_6L       21  [TILE 0 0, RBB 10 10]        532     r            9701     {inst90: r_RX_Byte_FDRE_Q_CE_LUT6_O (LUT,site=dlut,dluto)}                                                                    
   r_RX_Byte_FDRE_Q_CE                                                                     Net          73             (fanout=2)        624                     -                                                                                                                                   
   RBB_19/A6                                                                               RBB_6L       19   [TILE 0 0, RBB 13 8]          -     r           10325     {<CE>inst84: r_RX_Byte_FDRE_Q_2 (FDRE,site=bff)}                                                                              
   ----------------------------------------------------------------------------------------------------------------------------------------------------------------------------------------------------------------------------------------------------------------------------------------------------
   RBB_19/CLK                                                                              RBB_6L       19   [TILE 0 0, RBB 13 8]        884     r           11209                                                                                                                                   
   clk_BUFG_I_O                                                                            Clock net    82           (fanout=519)      -2336                     -                                                                                                                                   
   clk                                                                                     CLOCK-PORT    -                      -    capture     r            8873                                                                                                                                   
   ----------------------------------------------------------------------------------------------------------------------------------------------------------------------------------------------------------------------------------------------------------------------------------------------------


Path 263:
   Slack (met):                             10977ps
     Path type:                               SETUP
     Group:                               <DEFAULT>
     Launching clock:                           clk (rising edge)
     Capturing clock:                           clk (rising edge)

     Requested period:                      20000ps
   + Delay of the capturing clock:           2336ps
   - Clock uncertainty:                       150ps
   = Required time:                         22186ps
   - Propagation time:                       8724ps (48.8% logic, 51.2% route, logic stage 4)
   - Delay of the launching clock:           2485ps
   = Slack:                                 10977ps

   Instance/Pin or Net Name                                                                Type         ID     Location or Fanout   Delay(ps)  Edge  Arrival Time(ps)    Instance detail                                                                                                             
   ----------------------------------------------------------------------------------------------------------------------------------------------------------------------------------------------------------------------------------------------------------------------------------------------------
   clk                                                                                     CLOCK-PORT    -                      -     launch     r               0                                                                                                                                   
   clk_BUFG_I_O                                                                            Clock net    82           (fanout=519)       2485                     -                                                                                                                                   
   RBB_12/CLK                                                                              RBB_6L       12  [TILE 0 0, RBB 10 18]          -     r            2485                                                                                                                                   
   ----------------------------------------------------------------------------------------------------------------------------------------------------------------------------------------------------------------------------------------------------------------------------------------------------
   RBB_12/DQ                                                                               RBB_6L       12  [TILE 0 0, RBB 10 18]        800     r            3285     {inst45: r_Clock_Count_FDRE_Q_15 (FDRE,site=dff)}                                                                             
   r_Clock_Count[2]                                                                        Net          10             (fanout=4)       1718                     -                                                                                                                                   
   RBB_18/D4                                                                               RBB_6L       18  [TILE 0 0, RBB 10 20]          -     r            5003                                                                                                                                   
   RBB_18/D                                                                                RBB_6L       18  [TILE 0 0, RBB 10 20]        703     r            5706     {inst69: r_Clock_Count_FDRE_Q_9_D_LUT6_O_I4_CARRY4_O_CI_CARRY4_CO_CI_CARRY4_CO_O_2_CARRY4_O_S_1_LUT6_O (LUT,site=dlut,dluto)} 
   r_Clock_Count_FDRE_Q_9_D_LUT6_O_I4_CARRY4_O_CI_CARRY4_CO_CI_CARRY4_CO_O_2_CARRY4_O_S_1  Net         151             (fanout=1)       1238                     -                                                                                                                                   
   RBB_8/A1                                                                                RBB_6L        8  [TILE 0 0, RBB 13 14]          -     r            6944                                                                                                                                   
   RBB_8/DMUX                                                                              RBB_6L        8  [TILE 0 0, RBB 13 14]       1342     r            8286     {inst60: r_Clock_Count_FDRE_Q_9_D_LUT6_O_I4_CARRY4_O_CI_CARRY4_CO_CI_CARRY4_CO_O_2_CARRY4_O (CARRY4)}                         
   r_Clock_Count_FDRE_Q_9_D_LUT6_O_I4_CARRY4_O_CI_CARRY4_CO_CI_CARRY4_CO_O_2[5]            Net          80            (fanout=13)        883                     -                                                                                                                                   
   RBB_21/D6                                                                               RBB_6L       21  [TILE 0 0, RBB 10 10]          -     r            9169                                                                                                                                   
   RBB_21/D                                                                                RBB_6L       21  [TILE 0 0, RBB 10 10]        532     r            9701     {inst90: r_RX_Byte_FDRE_Q_CE_LUT6_O (LUT,site=dlut,dluto)}                                                                    
   r_RX_Byte_FDRE_Q_CE                                                                     Net          73             (fanout=2)        624                     -                                                                                                                                   
   RBB_19/A6                                                                               RBB_6L       19   [TILE 0 0, RBB 13 8]          -     r           10325     {<CE>inst82: r_RX_Byte_FDRE_Q (FDRE,site=dff)}                                                                                
   ----------------------------------------------------------------------------------------------------------------------------------------------------------------------------------------------------------------------------------------------------------------------------------------------------
   RBB_19/CLK                                                                              RBB_6L       19   [TILE 0 0, RBB 13 8]        884     r           11209                                                                                                                                   
   clk_BUFG_I_O                                                                            Clock net    82           (fanout=519)      -2336                     -                                                                                                                                   
   clk                                                                                     CLOCK-PORT    -                      -    capture     r            8873                                                                                                                                   
   ----------------------------------------------------------------------------------------------------------------------------------------------------------------------------------------------------------------------------------------------------------------------------------------------------


Path 261:
   Slack (met):                             10977ps
     Path type:                               SETUP
     Group:                               <DEFAULT>
     Launching clock:                           clk (rising edge)
     Capturing clock:                           clk (rising edge)

     Requested period:                      20000ps
   + Delay of the capturing clock:           2336ps
   - Clock uncertainty:                       150ps
   = Required time:                         22186ps
   - Propagation time:                       8724ps (48.8% logic, 51.2% route, logic stage 4)
   - Delay of the launching clock:           2485ps
   = Slack:                                 10977ps

   Instance/Pin or Net Name                                                                Type         ID     Location or Fanout   Delay(ps)  Edge  Arrival Time(ps)    Instance detail                                                                                                             
   ----------------------------------------------------------------------------------------------------------------------------------------------------------------------------------------------------------------------------------------------------------------------------------------------------
   clk                                                                                     CLOCK-PORT    -                      -     launch     r               0                                                                                                                                   
   clk_BUFG_I_O                                                                            Clock net    82           (fanout=519)       2485                     -                                                                                                                                   
   RBB_12/CLK                                                                              RBB_6L       12  [TILE 0 0, RBB 10 18]          -     r            2485                                                                                                                                   
   ----------------------------------------------------------------------------------------------------------------------------------------------------------------------------------------------------------------------------------------------------------------------------------------------------
   RBB_12/DQ                                                                               RBB_6L       12  [TILE 0 0, RBB 10 18]        800     r            3285     {inst45: r_Clock_Count_FDRE_Q_15 (FDRE,site=dff)}                                                                             
   r_Clock_Count[2]                                                                        Net          10             (fanout=4)       1718                     -                                                                                                                                   
   RBB_18/D4                                                                               RBB_6L       18  [TILE 0 0, RBB 10 20]          -     r            5003                                                                                                                                   
   RBB_18/D                                                                                RBB_6L       18  [TILE 0 0, RBB 10 20]        703     r            5706     {inst69: r_Clock_Count_FDRE_Q_9_D_LUT6_O_I4_CARRY4_O_CI_CARRY4_CO_CI_CARRY4_CO_O_2_CARRY4_O_S_1_LUT6_O (LUT,site=dlut,dluto)} 
   r_Clock_Count_FDRE_Q_9_D_LUT6_O_I4_CARRY4_O_CI_CARRY4_CO_CI_CARRY4_CO_O_2_CARRY4_O_S_1  Net         151             (fanout=1)       1238                     -                                                                                                                                   
   RBB_8/A1                                                                                RBB_6L        8  [TILE 0 0, RBB 13 14]          -     r            6944                                                                                                                                   
   RBB_8/DMUX                                                                              RBB_6L        8  [TILE 0 0, RBB 13 14]       1342     r            8286     {inst60: r_Clock_Count_FDRE_Q_9_D_LUT6_O_I4_CARRY4_O_CI_CARRY4_CO_CI_CARRY4_CO_O_2_CARRY4_O (CARRY4)}                         
   r_Clock_Count_FDRE_Q_9_D_LUT6_O_I4_CARRY4_O_CI_CARRY4_CO_CI_CARRY4_CO_O_2[5]            Net          80            (fanout=13)        883                     -                                                                                                                                   
   RBB_21/D6                                                                               RBB_6L       21  [TILE 0 0, RBB 10 10]          -     r            9169                                                                                                                                   
   RBB_21/D                                                                                RBB_6L       21  [TILE 0 0, RBB 10 10]        532     r            9701     {inst90: r_RX_Byte_FDRE_Q_CE_LUT6_O (LUT,site=dlut,dluto)}                                                                    
   r_RX_Byte_FDRE_Q_CE                                                                     Net          73             (fanout=2)        624                     -                                                                                                                                   
   RBB_19/A6                                                                               RBB_6L       19   [TILE 0 0, RBB 13 8]          -     r           10325     {<CE>inst83: r_RX_Byte_FDRE_Q_1 (FDRE,site=cff)}                                                                              
   ----------------------------------------------------------------------------------------------------------------------------------------------------------------------------------------------------------------------------------------------------------------------------------------------------
   RBB_19/CLK                                                                              RBB_6L       19   [TILE 0 0, RBB 13 8]        884     r           11209                                                                                                                                   
   clk_BUFG_I_O                                                                            Clock net    82           (fanout=519)      -2336                     -                                                                                                                                   
   clk                                                                                     CLOCK-PORT    -                      -    capture     r            8873                                                                                                                                   
   ----------------------------------------------------------------------------------------------------------------------------------------------------------------------------------------------------------------------------------------------------------------------------------------------------


Path 264:
   Slack (met):                             11335ps
     Path type:                               SETUP
     Group:                               <DEFAULT>
     Launching clock:                           clk (rising edge)
     Capturing clock:                           clk (rising edge)

     Requested period:                      20000ps
   + Delay of the capturing clock:           2449ps
   - Clock uncertainty:                       150ps
   = Required time:                         22299ps
   - Propagation time:                       8479ps (50.2% logic, 49.8% route, logic stage 4)
   - Delay of the launching clock:           2485ps
   = Slack:                                 11335ps

   Instance/Pin or Net Name                                                                Type         ID     Location or Fanout   Delay(ps)  Edge  Arrival Time(ps)    Instance detail                                                                                                             
   ----------------------------------------------------------------------------------------------------------------------------------------------------------------------------------------------------------------------------------------------------------------------------------------------------
   clk                                                                                     CLOCK-PORT    -                      -     launch     r               0                                                                                                                                   
   clk_BUFG_I_O                                                                            Clock net    82           (fanout=519)       2485                     -                                                                                                                                   
   RBB_12/CLK                                                                              RBB_6L       12  [TILE 0 0, RBB 10 18]          -     r            2485                                                                                                                                   
   ----------------------------------------------------------------------------------------------------------------------------------------------------------------------------------------------------------------------------------------------------------------------------------------------------
   RBB_12/DQ                                                                               RBB_6L       12  [TILE 0 0, RBB 10 18]        800     r            3285     {inst45: r_Clock_Count_FDRE_Q_15 (FDRE,site=dff)}                                                                             
   r_Clock_Count[2]                                                                        Net          10             (fanout=4)       1718                     -                                                                                                                                   
   RBB_18/D4                                                                               RBB_6L       18  [TILE 0 0, RBB 10 20]          -     r            5003                                                                                                                                   
   RBB_18/D                                                                                RBB_6L       18  [TILE 0 0, RBB 10 20]        703     r            5706     {inst69: r_Clock_Count_FDRE_Q_9_D_LUT6_O_I4_CARRY4_O_CI_CARRY4_CO_CI_CARRY4_CO_O_2_CARRY4_O_S_1_LUT6_O (LUT,site=dlut,dluto)} 
   r_Clock_Count_FDRE_Q_9_D_LUT6_O_I4_CARRY4_O_CI_CARRY4_CO_CI_CARRY4_CO_O_2_CARRY4_O_S_1  Net         151             (fanout=1)       1238                     -                                                                                                                                   
   RBB_8/A1                                                                                RBB_6L        8  [TILE 0 0, RBB 13 14]          -     r            6944                                                                                                                                   
   RBB_8/DMUX                                                                              RBB_6L        8  [TILE 0 0, RBB 13 14]       1342     r            8286     {inst60: r_Clock_Count_FDRE_Q_9_D_LUT6_O_I4_CARRY4_O_CI_CARRY4_CO_CI_CARRY4_CO_O_2_CARRY4_O (CARRY4)}                         
   r_Clock_Count_FDRE_Q_9_D_LUT6_O_I4_CARRY4_O_CI_CARRY4_CO_CI_CARRY4_CO_O_2[5]            Net          80            (fanout=13)        626                     -                                                                                                                                   
   RBB_15/C4                                                                               RBB_6L       15  [TILE 0 0, RBB 13 12]          -     r            8912                                                                                                                                   
   RBB_15/C                                                                                RBB_6L       15  [TILE 0 0, RBB 13 12]        611     r            9523     {inst13: r_Bit_Index_FDRE_Q_CE_LUT5_O (LUT,site=clut)}                                                                        
   r_Bit_Index_FDRE_Q_CE                                                                   Net          75             (fanout=1)        637                     -                                                                                                                                   
   RBB_15/A6                                                                               RBB_6L       15  [TILE 0 0, RBB 13 12]          -     r           10160     {<CE>inst9: r_Bit_Index_FDRE_Q (FDRE,site=dff)}                                                                               
   ----------------------------------------------------------------------------------------------------------------------------------------------------------------------------------------------------------------------------------------------------------------------------------------------------
   RBB_15/CLK                                                                              RBB_6L       15  [TILE 0 0, RBB 13 12]        804     r           10964                                                                                                                                   
   clk_BUFG_I_O                                                                            Clock net    82           (fanout=519)      -2449                     -                                                                                                                                   
   clk                                                                                     CLOCK-PORT    -                      -    capture     r            8515                                                                                                                                   
   ----------------------------------------------------------------------------------------------------------------------------------------------------------------------------------------------------------------------------------------------------------------------------------------------------


Path 468:
   Slack (met):                             11485ps
     Path type:                               SETUP
     Group:                               <DEFAULT>
     Launching clock:                           clk (rising edge)
     Capturing clock:                           clk (rising edge)

     Requested period:                      20000ps
   + Delay of the capturing clock:           2443ps
   - Clock uncertainty:                       150ps
   = Required time:                         22293ps
   - Propagation time:                       8323ps (52.1% logic, 47.9% route, logic stage 3)
   - Delay of the launching clock:           2485ps
   = Slack:                                 11485ps

   Instance/Pin or Net Name                                                                  Type         ID     Location or Fanout   Delay(ps)  Edge  Arrival Time(ps)    Instance detail                                                                                                               
   --------------------------------------------------------------------------------------------------------------------------------------------------------------------------------------------------------------------------------------------------------------------------------------------------------
   clk                                                                                       CLOCK-PORT    -                      -     launch     r               0                                                                                                                                     
   clk_BUFG_I_O                                                                              Clock net    82           (fanout=519)       2485                     -                                                                                                                                     
   RBB_12/CLK                                                                                RBB_6L       12  [TILE 0 0, RBB 10 18]          -     r            2485                                                                                                                                     
   --------------------------------------------------------------------------------------------------------------------------------------------------------------------------------------------------------------------------------------------------------------------------------------------------------
   RBB_12/DQ                                                                                 RBB_6L       12  [TILE 0 0, RBB 10 18]        800     r            3285     {inst45: r_Clock_Count_FDRE_Q_15 (FDRE,site=dff)}                                                                               
   r_Clock_Count[2]                                                                          Net          10             (fanout=4)       1680                     -                                                                                                                                     
   RBB_24/D4                                                                                 RBB_6L       24  [TILE 0 0, RBB 10 22]          -     r            4965                                                                                                                                     
   RBB_24/D                                                                                  RBB_6L       24  [TILE 0 0, RBB 10 22]       1205     r            6170     {inst64: r_Clock_Count_FDRE_Q_9_D_LUT6_O_I4_CARRY4_O_CI_CARRY4_CO_CI_CARRY4_CO_O_2_CARRY4_O_1_S_1_LUT6_O (LUT,site=dlut,dluto)} 
   r_Clock_Count_FDRE_Q_9_D_LUT6_O_I4_CARRY4_O_CI_CARRY4_CO_CI_CARRY4_CO_O_2_CARRY4_O_1_S_1  Net         144             (fanout=1)        693                     -                                                                                                                                     
   RBB_9/A1                                                                                  RBB_6L        9  [TILE 0 0, RBB 13 20]          -     r            6863                                                                                                                                     
   RBB_9/DMUX                                                                                RBB_6L        9  [TILE 0 0, RBB 13 20]       1431     r            8294     {inst61: r_Clock_Count_FDRE_Q_9_D_LUT6_O_I4_CARRY4_O_CI_CARRY4_CO_CI_CARRY4_CO_O_2_CARRY4_O_1 (CARRY4)}                         
   r_Clock_Count_FDRE_Q_9_D_LUT6_O_I4_CARRY4_O_CI_CARRY4_CO_CI_CARRY4_CO_O_2[4]              Net          79            (fanout=11)       1613                     -                                                                                                                                     
   RBB_16/D5                                                                                 RBB_6L       16   [TILE 0 0, RBB 7 14]          -     r            9907     {inst21: r_Bit_Index_FDRE_Q_D_LUT2_O_I1_CARRY4_O_O_LUT6_I1 (LUT,site=dlut,dluto)} {inst100: r_SM_Main_FDRE_Q_2 (FD,site=dff)}   
   --------------------------------------------------------------------------------------------------------------------------------------------------------------------------------------------------------------------------------------------------------------------------------------------------------
   RBB_16/CLK                                                                                RBB_6L       16   [TILE 0 0, RBB 7 14]        901     r           10808                                                                                                                                     
   clk_BUFG_I_O                                                                              Clock net    82           (fanout=519)      -2443                     -                                                                                                                                     
   clk                                                                                       CLOCK-PORT    -                      -    capture     r            8365                                                                                                                                     
   --------------------------------------------------------------------------------------------------------------------------------------------------------------------------------------------------------------------------------------------------------------------------------------------------------


Path 265:
   Slack (met):                             11674ps
     Path type:                               SETUP
     Group:                               <DEFAULT>
     Launching clock:                           clk (rising edge)
     Capturing clock:                           clk (rising edge)

     Requested period:                      20000ps
   + Delay of the capturing clock:           2449ps
   - Clock uncertainty:                       150ps
   = Required time:                         22299ps
   - Propagation time:                       8140ps (48.2% logic, 51.8% route, logic stage 4)
   - Delay of the launching clock:           2485ps
   = Slack:                                 11674ps

   Instance/Pin or Net Name                                                                Type         ID     Location or Fanout   Delay(ps)  Edge  Arrival Time(ps)    Instance detail                                                                                                             
   ----------------------------------------------------------------------------------------------------------------------------------------------------------------------------------------------------------------------------------------------------------------------------------------------------
   clk                                                                                     CLOCK-PORT    -                      -     launch     r               0                                                                                                                                   
   clk_BUFG_I_O                                                                            Clock net    82           (fanout=519)       2485                     -                                                                                                                                   
   RBB_12/CLK                                                                              RBB_6L       12  [TILE 0 0, RBB 10 18]          -     r            2485                                                                                                                                   
   ----------------------------------------------------------------------------------------------------------------------------------------------------------------------------------------------------------------------------------------------------------------------------------------------------
   RBB_12/DQ                                                                               RBB_6L       12  [TILE 0 0, RBB 10 18]        800     r            3285     {inst45: r_Clock_Count_FDRE_Q_15 (FDRE,site=dff)}                                                                             
   r_Clock_Count[2]                                                                        Net          10             (fanout=4)       1718                     -                                                                                                                                   
   RBB_18/D4                                                                               RBB_6L       18  [TILE 0 0, RBB 10 20]          -     r            5003                                                                                                                                   
   RBB_18/D                                                                                RBB_6L       18  [TILE 0 0, RBB 10 20]        703     r            5706     {inst69: r_Clock_Count_FDRE_Q_9_D_LUT6_O_I4_CARRY4_O_CI_CARRY4_CO_CI_CARRY4_CO_O_2_CARRY4_O_S_1_LUT6_O (LUT,site=dlut,dluto)} 
   r_Clock_Count_FDRE_Q_9_D_LUT6_O_I4_CARRY4_O_CI_CARRY4_CO_CI_CARRY4_CO_O_2_CARRY4_O_S_1  Net         151             (fanout=1)       1238                     -                                                                                                                                   
   RBB_8/A1                                                                                RBB_6L        8  [TILE 0 0, RBB 13 14]          -     r            6944                                                                                                                                   
   RBB_8/DMUX                                                                              RBB_6L        8  [TILE 0 0, RBB 13 14]       1342     r            8286     {inst60: r_Clock_Count_FDRE_Q_9_D_LUT6_O_I4_CARRY4_O_CI_CARRY4_CO_CI_CARRY4_CO_O_2_CARRY4_O (CARRY4)}                         
   r_Clock_Count_FDRE_Q_9_D_LUT6_O_I4_CARRY4_O_CI_CARRY4_CO_CI_CARRY4_CO_O_2[5]            Net          80            (fanout=13)        626                     -                                                                                                                                   
   RBB_15/C4                                                                               RBB_6L       15  [TILE 0 0, RBB 13 12]          -     r            8912                                                                                                                                   
   RBB_15/C                                                                                RBB_6L       15  [TILE 0 0, RBB 13 12]        611     r            9523     {inst13: r_Bit_Index_FDRE_Q_CE_LUT5_O (LUT,site=clut)}                                                                        
   r_Bit_Index_FDRE_Q_CE                                                                   Net          75             (fanout=1)        637                     -                                                                                                                                   
   RBB_15/A6                                                                               RBB_6L       15  [TILE 0 0, RBB 13 12]          -     r           10160     {<CE>inst10: r_Bit_Index_FDRE_Q_1 (FDRE,site=dffo)}                                                                           
   ----------------------------------------------------------------------------------------------------------------------------------------------------------------------------------------------------------------------------------------------------------------------------------------------------
   RBB_15/CLK                                                                              RBB_6L       15  [TILE 0 0, RBB 13 12]        465     r           10625                                                                                                                                   
   clk_BUFG_I_O                                                                            Clock net    82           (fanout=519)      -2449                     -                                                                                                                                   
   clk                                                                                     CLOCK-PORT    -                      -    capture     r            8176                                                                                                                                   
   ----------------------------------------------------------------------------------------------------------------------------------------------------------------------------------------------------------------------------------------------------------------------------------------------------


Path 266:
   Slack (met):                             11774ps
     Path type:                               SETUP
     Group:                               <DEFAULT>
     Launching clock:                           clk (rising edge)
     Capturing clock:                           clk (rising edge)

     Requested period:                      20000ps
   + Delay of the capturing clock:           2336ps
   - Clock uncertainty:                       150ps
   = Required time:                         22186ps
   - Propagation time:                       7927ps (48.2% logic, 51.8% route, logic stage 3)
   - Delay of the launching clock:           2485ps
   = Slack:                                 11774ps

   Instance/Pin or Net Name                                                                Type         ID     Location or Fanout   Delay(ps)  Edge  Arrival Time(ps)    Instance detail                                                                                                             
   ----------------------------------------------------------------------------------------------------------------------------------------------------------------------------------------------------------------------------------------------------------------------------------------------------
   clk                                                                                     CLOCK-PORT    -                      -     launch     r               0                                                                                                                                   
   clk_BUFG_I_O                                                                            Clock net    82           (fanout=519)       2485                     -                                                                                                                                   
   RBB_12/CLK                                                                              RBB_6L       12  [TILE 0 0, RBB 10 18]          -     r            2485                                                                                                                                   
   ----------------------------------------------------------------------------------------------------------------------------------------------------------------------------------------------------------------------------------------------------------------------------------------------------
   RBB_12/DQ                                                                               RBB_6L       12  [TILE 0 0, RBB 10 18]        800     r            3285     {inst45: r_Clock_Count_FDRE_Q_15 (FDRE,site=dff)}                                                                             
   r_Clock_Count[2]                                                                        Net          10             (fanout=4)       1718                     -                                                                                                                                   
   RBB_18/D4                                                                               RBB_6L       18  [TILE 0 0, RBB 10 20]          -     r            5003                                                                                                                                   
   RBB_18/D                                                                                RBB_6L       18  [TILE 0 0, RBB 10 20]        703     r            5706     {inst69: r_Clock_Count_FDRE_Q_9_D_LUT6_O_I4_CARRY4_O_CI_CARRY4_CO_CI_CARRY4_CO_O_2_CARRY4_O_S_1_LUT6_O (LUT,site=dlut,dluto)} 
   r_Clock_Count_FDRE_Q_9_D_LUT6_O_I4_CARRY4_O_CI_CARRY4_CO_CI_CARRY4_CO_O_2_CARRY4_O_S_1  Net         151             (fanout=1)       1238                     -                                                                                                                                   
   RBB_8/A1                                                                                RBB_6L        8  [TILE 0 0, RBB 13 14]          -     r            6944                                                                                                                                   
   RBB_8/DMUX                                                                              RBB_6L        8  [TILE 0 0, RBB 13 14]       1342     r            8286     {inst60: r_Clock_Count_FDRE_Q_9_D_LUT6_O_I4_CARRY4_O_CI_CARRY4_CO_CI_CARRY4_CO_O_2_CARRY4_O (CARRY4)}                         
   r_Clock_Count_FDRE_Q_9_D_LUT6_O_I4_CARRY4_O_CI_CARRY4_CO_CI_CARRY4_CO_O_2[5]            Net          80            (fanout=13)       1150                     -                                                                                                                                   
   RBB_23/D3                                                                               RBB_6L       23   [TILE 0 0, RBB 10 8]          -     r            9436     {inst102: r_SM_Main_FDRE_Q_3_D_LUT3_O (LUT,site=dlut)} {inst101: r_SM_Main_FDRE_Q_3 (FD,site=dff)}                            
   ----------------------------------------------------------------------------------------------------------------------------------------------------------------------------------------------------------------------------------------------------------------------------------------------------
   RBB_23/CLK                                                                              RBB_6L       23   [TILE 0 0, RBB 10 8]        976     r           10412                                                                                                                                   
   clk_BUFG_I_O                                                                            Clock net    82           (fanout=519)      -2336                     -                                                                                                                                   
   clk                                                                                     CLOCK-PORT    -                      -    capture     r            8076                                                                                                                                   
   ----------------------------------------------------------------------------------------------------------------------------------------------------------------------------------------------------------------------------------------------------------------------------------------------------


Path 469:
   Slack (met):                             11864ps
     Path type:                               SETUP
     Group:                               <DEFAULT>
     Launching clock:                           clk (rising edge)
     Capturing clock:                           clk (rising edge)

     Requested period:                      20000ps
   + Delay of the capturing clock:           2463ps
   - Clock uncertainty:                       150ps
   = Required time:                         22313ps
   - Propagation time:                       7964ps (54.5% logic, 45.5% route, logic stage 3)
   - Delay of the launching clock:           2485ps
   = Slack:                                 11864ps

   Instance/Pin or Net Name                                                                  Type         ID     Location or Fanout   Delay(ps)  Edge  Arrival Time(ps)    Instance detail                                                                                                               
   --------------------------------------------------------------------------------------------------------------------------------------------------------------------------------------------------------------------------------------------------------------------------------------------------------
   clk                                                                                       CLOCK-PORT    -                      -     launch     r               0                                                                                                                                     
   clk_BUFG_I_O                                                                              Clock net    82           (fanout=519)       2485                     -                                                                                                                                     
   RBB_12/CLK                                                                                RBB_6L       12  [TILE 0 0, RBB 10 18]          -     r            2485                                                                                                                                     
   --------------------------------------------------------------------------------------------------------------------------------------------------------------------------------------------------------------------------------------------------------------------------------------------------------
   RBB_12/DQ                                                                                 RBB_6L       12  [TILE 0 0, RBB 10 18]        800     r            3285     {inst45: r_Clock_Count_FDRE_Q_15 (FDRE,site=dff)}                                                                               
   r_Clock_Count[2]                                                                          Net          10             (fanout=4)       1680                     -                                                                                                                                     
   RBB_24/D4                                                                                 RBB_6L       24  [TILE 0 0, RBB 10 22]          -     r            4965                                                                                                                                     
   RBB_24/D                                                                                  RBB_6L       24  [TILE 0 0, RBB 10 22]       1205     r            6170     {inst64: r_Clock_Count_FDRE_Q_9_D_LUT6_O_I4_CARRY4_O_CI_CARRY4_CO_CI_CARRY4_CO_O_2_CARRY4_O_1_S_1_LUT6_O (LUT,site=dlut,dluto)} 
   r_Clock_Count_FDRE_Q_9_D_LUT6_O_I4_CARRY4_O_CI_CARRY4_CO_CI_CARRY4_CO_O_2_CARRY4_O_1_S_1  Net         144             (fanout=1)        693                     -                                                                                                                                     
   RBB_9/A1                                                                                  RBB_6L        9  [TILE 0 0, RBB 13 20]          -     r            6863                                                                                                                                     
   RBB_9/DMUX                                                                                RBB_6L        9  [TILE 0 0, RBB 13 20]       1431     r            8294     {inst61: r_Clock_Count_FDRE_Q_9_D_LUT6_O_I4_CARRY4_O_CI_CARRY4_CO_CI_CARRY4_CO_O_2_CARRY4_O_1 (CARRY4)}                         
   r_Clock_Count_FDRE_Q_9_D_LUT6_O_I4_CARRY4_O_CI_CARRY4_CO_CI_CARRY4_CO_O_2[4]              Net          79            (fanout=11)       1254                     -                                                                                                                                     
   RBB_17/D5                                                                                 RBB_6L       17   [TILE 0 0, RBB 7 16]          -     r            9548     {inst22: r_Bit_Index_FDRE_Q_D_LUT2_O_I1_CARRY4_O_O_LUT6_I2 (LUT,site=dlut,dluto)} {inst103: r_SM_Main_FDRE_Q_4 (FD,site=dff)}   
   --------------------------------------------------------------------------------------------------------------------------------------------------------------------------------------------------------------------------------------------------------------------------------------------------------
   RBB_17/CLK                                                                                RBB_6L       17   [TILE 0 0, RBB 7 16]        901     r           10449                                                                                                                                     
   clk_BUFG_I_O                                                                              Clock net    82           (fanout=519)      -2463                     -                                                                                                                                     
   clk                                                                                       CLOCK-PORT    -                      -    capture     r            7986                                                                                                                                     
   --------------------------------------------------------------------------------------------------------------------------------------------------------------------------------------------------------------------------------------------------------------------------------------------------------


Path 267:
   Slack (met):                             11890ps
     Path type:                               SETUP
     Group:                               <DEFAULT>
     Launching clock:                           clk (rising edge)
     Capturing clock:                           clk (rising edge)

     Requested period:                      20000ps
   + Delay of the capturing clock:           2463ps
   - Clock uncertainty:                       150ps
   = Required time:                         22313ps
   - Propagation time:                       7938ps (45.8% logic, 54.2% route, logic stage 3)
   - Delay of the launching clock:           2485ps
   = Slack:                                 11890ps

   Instance/Pin or Net Name                                                                Type         ID     Location or Fanout   Delay(ps)  Edge  Arrival Time(ps)    Instance detail                                                                                                             
   ----------------------------------------------------------------------------------------------------------------------------------------------------------------------------------------------------------------------------------------------------------------------------------------------------
   clk                                                                                     CLOCK-PORT    -                      -     launch     r               0                                                                                                                                   
   clk_BUFG_I_O                                                                            Clock net    82           (fanout=519)       2485                     -                                                                                                                                   
   RBB_12/CLK                                                                              RBB_6L       12  [TILE 0 0, RBB 10 18]          -     r            2485                                                                                                                                   
   ----------------------------------------------------------------------------------------------------------------------------------------------------------------------------------------------------------------------------------------------------------------------------------------------------
   RBB_12/DQ                                                                               RBB_6L       12  [TILE 0 0, RBB 10 18]        800     r            3285     {inst45: r_Clock_Count_FDRE_Q_15 (FDRE,site=dff)}                                                                             
   r_Clock_Count[2]                                                                        Net          10             (fanout=4)       1718                     -                                                                                                                                   
   RBB_18/D4                                                                               RBB_6L       18  [TILE 0 0, RBB 10 20]          -     r            5003                                                                                                                                   
   RBB_18/D                                                                                RBB_6L       18  [TILE 0 0, RBB 10 20]        703     r            5706     {inst69: r_Clock_Count_FDRE_Q_9_D_LUT6_O_I4_CARRY4_O_CI_CARRY4_CO_CI_CARRY4_CO_O_2_CARRY4_O_S_1_LUT6_O (LUT,site=dlut,dluto)} 
   r_Clock_Count_FDRE_Q_9_D_LUT6_O_I4_CARRY4_O_CI_CARRY4_CO_CI_CARRY4_CO_O_2_CARRY4_O_S_1  Net         151             (fanout=1)       1238                     -                                                                                                                                   
   RBB_8/A1                                                                                RBB_6L        8  [TILE 0 0, RBB 13 14]          -     r            6944                                                                                                                                   
   RBB_8/DMUX                                                                              RBB_6L        8  [TILE 0 0, RBB 13 14]       1342     r            8286     {inst60: r_Clock_Count_FDRE_Q_9_D_LUT6_O_I4_CARRY4_O_CI_CARRY4_CO_CI_CARRY4_CO_O_2_CARRY4_O (CARRY4)}                         
   r_Clock_Count_FDRE_Q_9_D_LUT6_O_I4_CARRY4_O_CI_CARRY4_CO_CI_CARRY4_CO_O_2[5]            Net          80            (fanout=13)       1348                     -                                                                                                                                   
   RBB_17/D6                                                                               RBB_6L       17   [TILE 0 0, RBB 7 16]          -     r            9634     {inst22: r_Bit_Index_FDRE_Q_D_LUT2_O_I1_CARRY4_O_O_LUT6_I2 (LUT,site=dlut,dluto)} {inst103: r_SM_Main_FDRE_Q_4 (FD,site=dff)} 
   ----------------------------------------------------------------------------------------------------------------------------------------------------------------------------------------------------------------------------------------------------------------------------------------------------
   RBB_17/CLK                                                                              RBB_6L       17   [TILE 0 0, RBB 7 16]        789     r           10423                                                                                                                                   
   clk_BUFG_I_O                                                                            Clock net    82           (fanout=519)      -2463                     -                                                                                                                                   
   clk                                                                                     CLOCK-PORT    -                      -    capture     r            7960                                                                                                                                   
   ----------------------------------------------------------------------------------------------------------------------------------------------------------------------------------------------------------------------------------------------------------------------------------------------------


Path 268:
   Slack (met):                             11939ps
     Path type:                               SETUP
     Group:                               <DEFAULT>
     Launching clock:                           clk (rising edge)
     Capturing clock:                           clk (rising edge)

     Requested period:                      20000ps
   + Delay of the capturing clock:           2462ps
   - Clock uncertainty:                       150ps
   = Required time:                         22312ps
   - Propagation time:                       7888ps (46.1% logic, 53.9% route, logic stage 3)
   - Delay of the launching clock:           2485ps
   = Slack:                                 11939ps

   Instance/Pin or Net Name                                                                Type         ID     Location or Fanout   Delay(ps)  Edge  Arrival Time(ps)    Instance detail                                                                                                                                               
   --------------------------------------------------------------------------------------------------------------------------------------------------------------------------------------------------------------------------------------------------------------------------------------------------------------------------------------
   clk                                                                                     CLOCK-PORT    -                      -     launch     r               0                                                                                                                                                                     
   clk_BUFG_I_O                                                                            Clock net    82           (fanout=519)       2485                     -                                                                                                                                                                     
   RBB_12/CLK                                                                              RBB_6L       12  [TILE 0 0, RBB 10 18]          -     r            2485                                                                                                                                                                     
   --------------------------------------------------------------------------------------------------------------------------------------------------------------------------------------------------------------------------------------------------------------------------------------------------------------------------------------
   RBB_12/DQ                                                                               RBB_6L       12  [TILE 0 0, RBB 10 18]        800     r            3285     {inst45: r_Clock_Count_FDRE_Q_15 (FDRE,site=dff)}                                                                                                               
   r_Clock_Count[2]                                                                        Net          10             (fanout=4)       1718                     -                                                                                                                                                                     
   RBB_18/D4                                                                               RBB_6L       18  [TILE 0 0, RBB 10 20]          -     r            5003                                                                                                                                                                     
   RBB_18/D                                                                                RBB_6L       18  [TILE 0 0, RBB 10 20]        703     r            5706     {inst69: r_Clock_Count_FDRE_Q_9_D_LUT6_O_I4_CARRY4_O_CI_CARRY4_CO_CI_CARRY4_CO_O_2_CARRY4_O_S_1_LUT6_O (LUT,site=dlut,dluto)}                                   
   r_Clock_Count_FDRE_Q_9_D_LUT6_O_I4_CARRY4_O_CI_CARRY4_CO_CI_CARRY4_CO_O_2_CARRY4_O_S_1  Net         151             (fanout=1)       1238                     -                                                                                                                                                                     
   RBB_8/A1                                                                                RBB_6L        8  [TILE 0 0, RBB 13 14]          -     r            6944                                                                                                                                                                     
   RBB_8/DMUX                                                                              RBB_6L        8  [TILE 0 0, RBB 13 14]       1342     r            8286     {inst60: r_Clock_Count_FDRE_Q_9_D_LUT6_O_I4_CARRY4_O_CI_CARRY4_CO_CI_CARRY4_CO_O_2_CARRY4_O (CARRY4)}                                                           
   r_Clock_Count_FDRE_Q_9_D_LUT6_O_I4_CARRY4_O_CI_CARRY4_CO_CI_CARRY4_CO_O_2[5]            Net          80            (fanout=13)       1297                     -                                                                                                                                                                     
   RBB_14/C6                                                                               RBB_6L       14   [TILE 0 0, RBB 7 18]          -     r            9583     {inst80: r_Clock_Count_FDRE_Q_9_D_LUT6_O_I4_CARRY4_O_CI_CARRY4_CO_O_LUT6_I3_O_LUT6_O_3 (LUT,site=dlut,dluto)} {inst47: r_Clock_Count_FDRE_Q_17 (FDRE,site=dff)} 
   --------------------------------------------------------------------------------------------------------------------------------------------------------------------------------------------------------------------------------------------------------------------------------------------------------------------------------------
   RBB_14/CLK                                                                              RBB_6L       14   [TILE 0 0, RBB 7 18]        790     r           10373                                                                                                                                                                     
   clk_BUFG_I_O                                                                            Clock net    82           (fanout=519)      -2462                     -                                                                                                                                                                     
   clk                                                                                     CLOCK-PORT    -                      -    capture     r            7911                                                                                                                                                                     
   --------------------------------------------------------------------------------------------------------------------------------------------------------------------------------------------------------------------------------------------------------------------------------------------------------------------------------------


Path 470:
   Slack (met):                             11941ps
     Path type:                               SETUP
     Group:                               <DEFAULT>
     Launching clock:                           clk (rising edge)
     Capturing clock:                           clk (rising edge)

     Requested period:                      20000ps
   + Delay of the capturing clock:           2462ps
   - Clock uncertainty:                       150ps
   = Required time:                         22312ps
   - Propagation time:                       7886ps (55.0% logic, 45.0% route, logic stage 3)
   - Delay of the launching clock:           2485ps
   = Slack:                                 11941ps

   Instance/Pin or Net Name                                                                  Type         ID     Location or Fanout   Delay(ps)  Edge  Arrival Time(ps)    Instance detail                                                                                                                                               
   ----------------------------------------------------------------------------------------------------------------------------------------------------------------------------------------------------------------------------------------------------------------------------------------------------------------------------------------
   clk                                                                                       CLOCK-PORT    -                      -     launch     r               0                                                                                                                                                                     
   clk_BUFG_I_O                                                                              Clock net    82           (fanout=519)       2485                     -                                                                                                                                                                     
   RBB_12/CLK                                                                                RBB_6L       12  [TILE 0 0, RBB 10 18]          -     r            2485                                                                                                                                                                     
   ----------------------------------------------------------------------------------------------------------------------------------------------------------------------------------------------------------------------------------------------------------------------------------------------------------------------------------------
   RBB_12/DQ                                                                                 RBB_6L       12  [TILE 0 0, RBB 10 18]        800     r            3285     {inst45: r_Clock_Count_FDRE_Q_15 (FDRE,site=dff)}                                                                                                               
   r_Clock_Count[2]                                                                          Net          10             (fanout=4)       1680                     -                                                                                                                                                                     
   RBB_24/D4                                                                                 RBB_6L       24  [TILE 0 0, RBB 10 22]          -     r            4965                                                                                                                                                                     
   RBB_24/D                                                                                  RBB_6L       24  [TILE 0 0, RBB 10 22]       1205     r            6170     {inst64: r_Clock_Count_FDRE_Q_9_D_LUT6_O_I4_CARRY4_O_CI_CARRY4_CO_CI_CARRY4_CO_O_2_CARRY4_O_1_S_1_LUT6_O (LUT,site=dlut,dluto)}                                 
   r_Clock_Count_FDRE_Q_9_D_LUT6_O_I4_CARRY4_O_CI_CARRY4_CO_CI_CARRY4_CO_O_2_CARRY4_O_1_S_1  Net         144             (fanout=1)        693                     -                                                                                                                                                                     
   RBB_9/A1                                                                                  RBB_6L        9  [TILE 0 0, RBB 13 20]          -     r            6863                                                                                                                                                                     
   RBB_9/DMUX                                                                                RBB_6L        9  [TILE 0 0, RBB 13 20]       1431     r            8294     {inst61: r_Clock_Count_FDRE_Q_9_D_LUT6_O_I4_CARRY4_O_CI_CARRY4_CO_CI_CARRY4_CO_O_2_CARRY4_O_1 (CARRY4)}                                                         
   r_Clock_Count_FDRE_Q_9_D_LUT6_O_I4_CARRY4_O_CI_CARRY4_CO_CI_CARRY4_CO_O_2[4]              Net          79            (fanout=11)       1178                     -                                                                                                                                                                     
   RBB_14/D2                                                                                 RBB_6L       14   [TILE 0 0, RBB 7 18]          -     r            9472     {inst80: r_Clock_Count_FDRE_Q_9_D_LUT6_O_I4_CARRY4_O_CI_CARRY4_CO_O_LUT6_I3_O_LUT6_O_3 (LUT,site=dlut,dluto)} {inst47: r_Clock_Count_FDRE_Q_17 (FDRE,site=dff)} 
   ----------------------------------------------------------------------------------------------------------------------------------------------------------------------------------------------------------------------------------------------------------------------------------------------------------------------------------------
   RBB_14/CLK                                                                                RBB_6L       14   [TILE 0 0, RBB 7 18]        899     r           10371                                                                                                                                                                     
   clk_BUFG_I_O                                                                              Clock net    82           (fanout=519)      -2462                     -                                                                                                                                                                     
   clk                                                                                       CLOCK-PORT    -                      -    capture     r            7909                                                                                                                                                                     
   ----------------------------------------------------------------------------------------------------------------------------------------------------------------------------------------------------------------------------------------------------------------------------------------------------------------------------------------


Path 471:
   Slack (met):                             11994ps
     Path type:                               SETUP
     Group:                               <DEFAULT>
     Launching clock:                           clk (rising edge)
     Capturing clock:                           clk (rising edge)

     Requested period:                      20000ps
   + Delay of the capturing clock:           2485ps
   - Clock uncertainty:                       150ps
   = Required time:                         22335ps
   - Propagation time:                       7856ps (55.0% logic, 45.0% route, logic stage 3)
   - Delay of the launching clock:           2485ps
   = Slack:                                 11994ps

   Instance/Pin or Net Name                                                                  Type         ID     Location or Fanout   Delay(ps)  Edge  Arrival Time(ps)    Instance detail                                                                                                                                      
   -------------------------------------------------------------------------------------------------------------------------------------------------------------------------------------------------------------------------------------------------------------------------------------------------------------------------------
   clk                                                                                       CLOCK-PORT    -                      -     launch     r               0                                                                                                                                                            
   clk_BUFG_I_O                                                                              Clock net    82           (fanout=519)       2485                     -                                                                                                                                                            
   RBB_12/CLK                                                                                RBB_6L       12  [TILE 0 0, RBB 10 18]          -     r            2485                                                                                                                                                            
   -------------------------------------------------------------------------------------------------------------------------------------------------------------------------------------------------------------------------------------------------------------------------------------------------------------------------------
   RBB_12/DQ                                                                                 RBB_6L       12  [TILE 0 0, RBB 10 18]        800     r            3285     {inst45: r_Clock_Count_FDRE_Q_15 (FDRE,site=dff)}                                                                                                      
   r_Clock_Count[2]                                                                          Net          10             (fanout=4)       1680                     -                                                                                                                                                            
   RBB_24/D4                                                                                 RBB_6L       24  [TILE 0 0, RBB 10 22]          -     r            4965                                                                                                                                                            
   RBB_24/D                                                                                  RBB_6L       24  [TILE 0 0, RBB 10 22]       1205     r            6170     {inst64: r_Clock_Count_FDRE_Q_9_D_LUT6_O_I4_CARRY4_O_CI_CARRY4_CO_CI_CARRY4_CO_O_2_CARRY4_O_1_S_1_LUT6_O (LUT,site=dlut,dluto)}                        
   r_Clock_Count_FDRE_Q_9_D_LUT6_O_I4_CARRY4_O_CI_CARRY4_CO_CI_CARRY4_CO_O_2_CARRY4_O_1_S_1  Net         144             (fanout=1)        693                     -                                                                                                                                                            
   RBB_9/A1                                                                                  RBB_6L        9  [TILE 0 0, RBB 13 20]          -     r            6863                                                                                                                                                            
   RBB_9/DMUX                                                                                RBB_6L        9  [TILE 0 0, RBB 13 20]       1431     r            8294     {inst61: r_Clock_Count_FDRE_Q_9_D_LUT6_O_I4_CARRY4_O_CI_CARRY4_CO_CI_CARRY4_CO_O_2_CARRY4_O_1 (CARRY4)}                                                
   r_Clock_Count_FDRE_Q_9_D_LUT6_O_I4_CARRY4_O_CI_CARRY4_CO_CI_CARRY4_CO_O_2[4]              Net          79            (fanout=11)       1162                     -                                                                                                                                                            
   RBB_12/C2                                                                                 RBB_6L       12  [TILE 0 0, RBB 10 18]          -     r            9456     {inst73: r_Clock_Count_FDRE_Q_9_D_LUT6_O_I4_CARRY4_O_CI_CARRY4_CO_O_1_LUT6_I3 (LUT,site=clut,cluto)} {inst41: r_Clock_Count_FDRE_Q_11 (FDRE,site=cff)} 
   -------------------------------------------------------------------------------------------------------------------------------------------------------------------------------------------------------------------------------------------------------------------------------------------------------------------------------
   RBB_12/CLK                                                                                RBB_6L       12  [TILE 0 0, RBB 10 18]        885     r           10341                                                                                                                                                            
   clk_BUFG_I_O                                                                              Clock net    82           (fanout=519)      -2485                     -                                                                                                                                                            
   clk                                                                                       CLOCK-PORT    -                      -    capture     r            7856                                                                                                                                                            
   -------------------------------------------------------------------------------------------------------------------------------------------------------------------------------------------------------------------------------------------------------------------------------------------------------------------------------


Path 472:
   Slack (met):                             12002ps
     Path type:                               SETUP
     Group:                               <DEFAULT>
     Launching clock:                           clk (rising edge)
     Capturing clock:                           clk (rising edge)

     Requested period:                      20000ps
   + Delay of the capturing clock:           2475ps
   - Clock uncertainty:                       150ps
   = Required time:                         22325ps
   - Propagation time:                       7838ps (54.7% logic, 45.3% route, logic stage 3)
   - Delay of the launching clock:           2485ps
   = Slack:                                 12002ps

   Instance/Pin or Net Name                                                                  Type         ID     Location or Fanout   Delay(ps)  Edge  Arrival Time(ps)    Instance detail                                                                                                               
   --------------------------------------------------------------------------------------------------------------------------------------------------------------------------------------------------------------------------------------------------------------------------------------------------------
   clk                                                                                       CLOCK-PORT    -                      -     launch     r               0                                                                                                                                     
   clk_BUFG_I_O                                                                              Clock net    82           (fanout=519)       2485                     -                                                                                                                                     
   RBB_12/CLK                                                                                RBB_6L       12  [TILE 0 0, RBB 10 18]          -     r            2485                                                                                                                                     
   --------------------------------------------------------------------------------------------------------------------------------------------------------------------------------------------------------------------------------------------------------------------------------------------------------
   RBB_12/DQ                                                                                 RBB_6L       12  [TILE 0 0, RBB 10 18]        800     r            3285     {inst45: r_Clock_Count_FDRE_Q_15 (FDRE,site=dff)}                                                                               
   r_Clock_Count[2]                                                                          Net          10             (fanout=4)       1680                     -                                                                                                                                     
   RBB_24/D4                                                                                 RBB_6L       24  [TILE 0 0, RBB 10 22]          -     r            4965                                                                                                                                     
   RBB_24/D                                                                                  RBB_6L       24  [TILE 0 0, RBB 10 22]       1205     r            6170     {inst64: r_Clock_Count_FDRE_Q_9_D_LUT6_O_I4_CARRY4_O_CI_CARRY4_CO_CI_CARRY4_CO_O_2_CARRY4_O_1_S_1_LUT6_O (LUT,site=dlut,dluto)} 
   r_Clock_Count_FDRE_Q_9_D_LUT6_O_I4_CARRY4_O_CI_CARRY4_CO_CI_CARRY4_CO_O_2_CARRY4_O_1_S_1  Net         144             (fanout=1)        693                     -                                                                                                                                     
   RBB_9/A1                                                                                  RBB_6L        9  [TILE 0 0, RBB 13 20]          -     r            6863                                                                                                                                     
   RBB_9/DMUX                                                                                RBB_6L        9  [TILE 0 0, RBB 13 20]       1431     r            8294     {inst61: r_Clock_Count_FDRE_Q_9_D_LUT6_O_I4_CARRY4_O_CI_CARRY4_CO_CI_CARRY4_CO_O_2_CARRY4_O_1 (CARRY4)}                         
   r_Clock_Count_FDRE_Q_9_D_LUT6_O_I4_CARRY4_O_CI_CARRY4_CO_CI_CARRY4_CO_O_2[4]              Net          79            (fanout=11)       1180                     -                                                                                                                                     
   RBB_25/D5                                                                                 RBB_6L       25  [TILE 0 0, RBB 10 12]          -     r            9474     {inst109: rx_sync_LUT5_I2 (LUT,site=dlut)} {inst99: r_SM_Main_FDRE_Q_1 (FD,site=dff)}                                           
   --------------------------------------------------------------------------------------------------------------------------------------------------------------------------------------------------------------------------------------------------------------------------------------------------------
   RBB_25/CLK                                                                                RBB_6L       25  [TILE 0 0, RBB 10 12]        849     r           10323                                                                                                                                     
   clk_BUFG_I_O                                                                              Clock net    82           (fanout=519)      -2475                     -                                                                                                                                     
   clk                                                                                       CLOCK-PORT    -                      -    capture     r            7848                                                                                                                                     
   --------------------------------------------------------------------------------------------------------------------------------------------------------------------------------------------------------------------------------------------------------------------------------------------------------


Path 473:
   Slack (met):                             12024ps
     Path type:                               SETUP
     Group:                               <DEFAULT>
     Launching clock:                           clk (rising edge)
     Capturing clock:                           clk (rising edge)

     Requested period:                      20000ps
   + Delay of the capturing clock:           2476ps
   - Clock uncertainty:                       150ps
   = Required time:                         22326ps
   - Propagation time:                       7817ps (55.3% logic, 44.7% route, logic stage 3)
   - Delay of the launching clock:           2485ps
   = Slack:                                 12024ps

   Instance/Pin or Net Name                                                                  Type         ID     Location or Fanout   Delay(ps)  Edge  Arrival Time(ps)    Instance detail                                                                                                                                      
   -------------------------------------------------------------------------------------------------------------------------------------------------------------------------------------------------------------------------------------------------------------------------------------------------------------------------------
   clk                                                                                       CLOCK-PORT    -                      -     launch     r               0                                                                                                                                                            
   clk_BUFG_I_O                                                                              Clock net    82           (fanout=519)       2485                     -                                                                                                                                                            
   RBB_12/CLK                                                                                RBB_6L       12  [TILE 0 0, RBB 10 18]          -     r            2485                                                                                                                                                            
   -------------------------------------------------------------------------------------------------------------------------------------------------------------------------------------------------------------------------------------------------------------------------------------------------------------------------------
   RBB_12/DQ                                                                                 RBB_6L       12  [TILE 0 0, RBB 10 18]        800     r            3285     {inst45: r_Clock_Count_FDRE_Q_15 (FDRE,site=dff)}                                                                                                      
   r_Clock_Count[2]                                                                          Net          10             (fanout=4)       1680                     -                                                                                                                                                            
   RBB_24/D4                                                                                 RBB_6L       24  [TILE 0 0, RBB 10 22]          -     r            4965                                                                                                                                                            
   RBB_24/D                                                                                  RBB_6L       24  [TILE 0 0, RBB 10 22]       1205     r            6170     {inst64: r_Clock_Count_FDRE_Q_9_D_LUT6_O_I4_CARRY4_O_CI_CARRY4_CO_CI_CARRY4_CO_O_2_CARRY4_O_1_S_1_LUT6_O (LUT,site=dlut,dluto)}                        
   r_Clock_Count_FDRE_Q_9_D_LUT6_O_I4_CARRY4_O_CI_CARRY4_CO_CI_CARRY4_CO_O_2_CARRY4_O_1_S_1  Net         144             (fanout=1)        693                     -                                                                                                                                                            
   RBB_9/A1                                                                                  RBB_6L        9  [TILE 0 0, RBB 13 20]          -     r            6863                                                                                                                                                            
   RBB_9/DMUX                                                                                RBB_6L        9  [TILE 0 0, RBB 13 20]       1431     r            8294     {inst61: r_Clock_Count_FDRE_Q_9_D_LUT6_O_I4_CARRY4_O_CI_CARRY4_CO_CI_CARRY4_CO_O_2_CARRY4_O_1 (CARRY4)}                                                
   r_Clock_Count_FDRE_Q_9_D_LUT6_O_I4_CARRY4_O_CI_CARRY4_CO_CI_CARRY4_CO_O_2[4]              Net          79            (fanout=11)       1123                     -                                                                                                                                                            
   RBB_13/C2                                                                                 RBB_6L       13  [TILE 0 0, RBB 10 16]          -     r            9417     {inst74: r_Clock_Count_FDRE_Q_9_D_LUT6_O_I4_CARRY4_O_CI_CARRY4_CO_O_2_LUT6_I3 (LUT,site=clut,cluto)} {inst42: r_Clock_Count_FDRE_Q_12 (FDRE,site=cff)} 
   -------------------------------------------------------------------------------------------------------------------------------------------------------------------------------------------------------------------------------------------------------------------------------------------------------------------------------
   RBB_13/CLK                                                                                RBB_6L       13  [TILE 0 0, RBB 10 16]        885     r           10302                                                                                                                                                            
   clk_BUFG_I_O                                                                              Clock net    82           (fanout=519)      -2476                     -                                                                                                                                                            
   clk                                                                                       CLOCK-PORT    -                      -    capture     r            7826                                                                                                                                                            
   -------------------------------------------------------------------------------------------------------------------------------------------------------------------------------------------------------------------------------------------------------------------------------------------------------------------------------


Path 474:
   Slack (met):                             12055ps
     Path type:                               SETUP
     Group:                               <DEFAULT>
     Launching clock:                           clk (rising edge)
     Capturing clock:                           clk (rising edge)

     Requested period:                      20000ps
   + Delay of the capturing clock:           2485ps
   - Clock uncertainty:                       150ps
   = Required time:                         22335ps
   - Propagation time:                       7795ps (55.1% logic, 44.9% route, logic stage 3)
   - Delay of the launching clock:           2485ps
   = Slack:                                 12055ps

   Instance/Pin or Net Name                                                                  Type         ID     Location or Fanout   Delay(ps)  Edge  Arrival Time(ps)    Instance detail                                                                                                                                               
   ----------------------------------------------------------------------------------------------------------------------------------------------------------------------------------------------------------------------------------------------------------------------------------------------------------------------------------------
   clk                                                                                       CLOCK-PORT    -                      -     launch     r               0                                                                                                                                                                     
   clk_BUFG_I_O                                                                              Clock net    82           (fanout=519)       2485                     -                                                                                                                                                                     
   RBB_12/CLK                                                                                RBB_6L       12  [TILE 0 0, RBB 10 18]          -     r            2485                                                                                                                                                                     
   ----------------------------------------------------------------------------------------------------------------------------------------------------------------------------------------------------------------------------------------------------------------------------------------------------------------------------------------
   RBB_12/DQ                                                                                 RBB_6L       12  [TILE 0 0, RBB 10 18]        800     r            3285     {inst45: r_Clock_Count_FDRE_Q_15 (FDRE,site=dff)}                                                                                                               
   r_Clock_Count[2]                                                                          Net          10             (fanout=4)       1680                     -                                                                                                                                                                     
   RBB_24/D4                                                                                 RBB_6L       24  [TILE 0 0, RBB 10 22]          -     r            4965                                                                                                                                                                     
   RBB_24/D                                                                                  RBB_6L       24  [TILE 0 0, RBB 10 22]       1205     r            6170     {inst64: r_Clock_Count_FDRE_Q_9_D_LUT6_O_I4_CARRY4_O_CI_CARRY4_CO_CI_CARRY4_CO_O_2_CARRY4_O_1_S_1_LUT6_O (LUT,site=dlut,dluto)}                                 
   r_Clock_Count_FDRE_Q_9_D_LUT6_O_I4_CARRY4_O_CI_CARRY4_CO_CI_CARRY4_CO_O_2_CARRY4_O_1_S_1  Net         144             (fanout=1)        693                     -                                                                                                                                                                     
   RBB_9/A1                                                                                  RBB_6L        9  [TILE 0 0, RBB 13 20]          -     r            6863                                                                                                                                                                     
   RBB_9/DMUX                                                                                RBB_6L        9  [TILE 0 0, RBB 13 20]       1431     r            8294     {inst61: r_Clock_Count_FDRE_Q_9_D_LUT6_O_I4_CARRY4_O_CI_CARRY4_CO_CI_CARRY4_CO_O_2_CARRY4_O_1 (CARRY4)}                                                         
   r_Clock_Count_FDRE_Q_9_D_LUT6_O_I4_CARRY4_O_CI_CARRY4_CO_CI_CARRY4_CO_O_2[4]              Net          79            (fanout=11)       1125                     -                                                                                                                                                                     
   RBB_12/D2                                                                                 RBB_6L       12  [TILE 0 0, RBB 10 18]          -     r            9419     {inst78: r_Clock_Count_FDRE_Q_9_D_LUT6_O_I4_CARRY4_O_CI_CARRY4_CO_O_LUT6_I3_O_LUT6_O_1 (LUT,site=dlut,dluto)} {inst45: r_Clock_Count_FDRE_Q_15 (FDRE,site=dff)} 
   ----------------------------------------------------------------------------------------------------------------------------------------------------------------------------------------------------------------------------------------------------------------------------------------------------------------------------------------
   RBB_12/CLK                                                                                RBB_6L       12  [TILE 0 0, RBB 10 18]        861     r           10280                                                                                                                                                                     
   clk_BUFG_I_O                                                                              Clock net    82           (fanout=519)      -2485                     -                                                                                                                                                                     
   clk                                                                                       CLOCK-PORT    -                      -    capture     r            7795                                                                                                                                                                     
   ----------------------------------------------------------------------------------------------------------------------------------------------------------------------------------------------------------------------------------------------------------------------------------------------------------------------------------------


Path 475:
   Slack (met):                             12056ps
     Path type:                               SETUP
     Group:                               <DEFAULT>
     Launching clock:                           clk (rising edge)
     Capturing clock:                           clk (rising edge)

     Requested period:                      20000ps
   + Delay of the capturing clock:           2462ps
   - Clock uncertainty:                       150ps
   = Required time:                         22312ps
   - Propagation time:                       7771ps (53.9% logic, 46.1% route, logic stage 3)
   - Delay of the launching clock:           2485ps
   = Slack:                                 12056ps

   Instance/Pin or Net Name                                                                  Type         ID     Location or Fanout   Delay(ps)  Edge  Arrival Time(ps)    Instance detail                                                                                                                                      
   -------------------------------------------------------------------------------------------------------------------------------------------------------------------------------------------------------------------------------------------------------------------------------------------------------------------------------
   clk                                                                                       CLOCK-PORT    -                      -     launch     r               0                                                                                                                                                            
   clk_BUFG_I_O                                                                              Clock net    82           (fanout=519)       2485                     -                                                                                                                                                            
   RBB_12/CLK                                                                                RBB_6L       12  [TILE 0 0, RBB 10 18]          -     r            2485                                                                                                                                                            
   -------------------------------------------------------------------------------------------------------------------------------------------------------------------------------------------------------------------------------------------------------------------------------------------------------------------------------
   RBB_12/DQ                                                                                 RBB_6L       12  [TILE 0 0, RBB 10 18]        800     r            3285     {inst45: r_Clock_Count_FDRE_Q_15 (FDRE,site=dff)}                                                                                                      
   r_Clock_Count[2]                                                                          Net          10             (fanout=4)       1680                     -                                                                                                                                                            
   RBB_24/D4                                                                                 RBB_6L       24  [TILE 0 0, RBB 10 22]          -     r            4965                                                                                                                                                            
   RBB_24/D                                                                                  RBB_6L       24  [TILE 0 0, RBB 10 22]       1205     r            6170     {inst64: r_Clock_Count_FDRE_Q_9_D_LUT6_O_I4_CARRY4_O_CI_CARRY4_CO_CI_CARRY4_CO_O_2_CARRY4_O_1_S_1_LUT6_O (LUT,site=dlut,dluto)}                        
   r_Clock_Count_FDRE_Q_9_D_LUT6_O_I4_CARRY4_O_CI_CARRY4_CO_CI_CARRY4_CO_O_2_CARRY4_O_1_S_1  Net         144             (fanout=1)        693                     -                                                                                                                                                            
   RBB_9/A1                                                                                  RBB_6L        9  [TILE 0 0, RBB 13 20]          -     r            6863                                                                                                                                                            
   RBB_9/DMUX                                                                                RBB_6L        9  [TILE 0 0, RBB 13 20]       1431     r            8294     {inst61: r_Clock_Count_FDRE_Q_9_D_LUT6_O_I4_CARRY4_O_CI_CARRY4_CO_CI_CARRY4_CO_O_2_CARRY4_O_1 (CARRY4)}                                                
   r_Clock_Count_FDRE_Q_9_D_LUT6_O_I4_CARRY4_O_CI_CARRY4_CO_CI_CARRY4_CO_O_2[4]              Net          79            (fanout=11)       1208                     -                                                                                                                                                            
   RBB_14/C2                                                                                 RBB_6L       14   [TILE 0 0, RBB 7 18]          -     r            9502     {inst75: r_Clock_Count_FDRE_Q_9_D_LUT6_O_I4_CARRY4_O_CI_CARRY4_CO_O_3_LUT6_I3 (LUT,site=clut,cluto)} {inst43: r_Clock_Count_FDRE_Q_13 (FDRE,site=cff)} 
   -------------------------------------------------------------------------------------------------------------------------------------------------------------------------------------------------------------------------------------------------------------------------------------------------------------------------------
   RBB_14/CLK                                                                                RBB_6L       14   [TILE 0 0, RBB 7 18]        754     r           10256                                                                                                                                                            
   clk_BUFG_I_O                                                                              Clock net    82           (fanout=519)      -2462                     -                                                                                                                                                            
   clk                                                                                       CLOCK-PORT    -                      -    capture     r            7794                                                                                                                                                            
   -------------------------------------------------------------------------------------------------------------------------------------------------------------------------------------------------------------------------------------------------------------------------------------------------------------------------------


Path 269:
   Slack (met):                             12056ps
     Path type:                               SETUP
     Group:                               <DEFAULT>
     Launching clock:                           clk (rising edge)
     Capturing clock:                           clk (rising edge)

     Requested period:                      20000ps
   + Delay of the capturing clock:           2462ps
   - Clock uncertainty:                       150ps
   = Required time:                         22312ps
   - Propagation time:                       7771ps (45.3% logic, 54.7% route, logic stage 3)
   - Delay of the launching clock:           2485ps
   = Slack:                                 12056ps

   Instance/Pin or Net Name                                                                Type         ID     Location or Fanout   Delay(ps)  Edge  Arrival Time(ps)    Instance detail                                                                                                                                      
   -----------------------------------------------------------------------------------------------------------------------------------------------------------------------------------------------------------------------------------------------------------------------------------------------------------------------------
   clk                                                                                     CLOCK-PORT    -                      -     launch     r               0                                                                                                                                                            
   clk_BUFG_I_O                                                                            Clock net    82           (fanout=519)       2485                     -                                                                                                                                                            
   RBB_12/CLK                                                                              RBB_6L       12  [TILE 0 0, RBB 10 18]          -     r            2485                                                                                                                                                            
   -----------------------------------------------------------------------------------------------------------------------------------------------------------------------------------------------------------------------------------------------------------------------------------------------------------------------------
   RBB_12/DQ                                                                               RBB_6L       12  [TILE 0 0, RBB 10 18]        800     r            3285     {inst45: r_Clock_Count_FDRE_Q_15 (FDRE,site=dff)}                                                                                                      
   r_Clock_Count[2]                                                                        Net          10             (fanout=4)       1718                     -                                                                                                                                                            
   RBB_18/D4                                                                               RBB_6L       18  [TILE 0 0, RBB 10 20]          -     r            5003                                                                                                                                                            
   RBB_18/D                                                                                RBB_6L       18  [TILE 0 0, RBB 10 20]        703     r            5706     {inst69: r_Clock_Count_FDRE_Q_9_D_LUT6_O_I4_CARRY4_O_CI_CARRY4_CO_CI_CARRY4_CO_O_2_CARRY4_O_S_1_LUT6_O (LUT,site=dlut,dluto)}                          
   r_Clock_Count_FDRE_Q_9_D_LUT6_O_I4_CARRY4_O_CI_CARRY4_CO_CI_CARRY4_CO_O_2_CARRY4_O_S_1  Net         151             (fanout=1)       1238                     -                                                                                                                                                            
   RBB_8/A1                                                                                RBB_6L        8  [TILE 0 0, RBB 13 14]          -     r            6944                                                                                                                                                            
   RBB_8/DMUX                                                                              RBB_6L        8  [TILE 0 0, RBB 13 14]       1342     r            8286     {inst60: r_Clock_Count_FDRE_Q_9_D_LUT6_O_I4_CARRY4_O_CI_CARRY4_CO_CI_CARRY4_CO_O_2_CARRY4_O (CARRY4)}                                                  
   r_Clock_Count_FDRE_Q_9_D_LUT6_O_I4_CARRY4_O_CI_CARRY4_CO_CI_CARRY4_CO_O_2[5]            Net          80            (fanout=13)       1297                     -                                                                                                                                                            
   RBB_14/C6                                                                               RBB_6L       14   [TILE 0 0, RBB 7 18]          -     r            9583     {inst75: r_Clock_Count_FDRE_Q_9_D_LUT6_O_I4_CARRY4_O_CI_CARRY4_CO_O_3_LUT6_I3 (LUT,site=clut,cluto)} {inst43: r_Clock_Count_FDRE_Q_13 (FDRE,site=cff)} 
   -----------------------------------------------------------------------------------------------------------------------------------------------------------------------------------------------------------------------------------------------------------------------------------------------------------------------------
   RBB_14/CLK                                                                              RBB_6L       14   [TILE 0 0, RBB 7 18]        673     r           10256                                                                                                                                                            
   clk_BUFG_I_O                                                                            Clock net    82           (fanout=519)      -2462                     -                                                                                                                                                            
   clk                                                                                     CLOCK-PORT    -                      -    capture     r            7794                                                                                                                                                            
   -----------------------------------------------------------------------------------------------------------------------------------------------------------------------------------------------------------------------------------------------------------------------------------------------------------------------------


Path 476:
   Slack (met):                             12091ps
     Path type:                               SETUP
     Group:                               <DEFAULT>
     Launching clock:                           clk (rising edge)
     Capturing clock:                           clk (rising edge)

     Requested period:                      20000ps
   + Delay of the capturing clock:           2476ps
   - Clock uncertainty:                       150ps
   = Required time:                         22326ps
   - Propagation time:                       7750ps (55.4% logic, 44.6% route, logic stage 3)
   - Delay of the launching clock:           2485ps
   = Slack:                                 12091ps

   Instance/Pin or Net Name                                                                  Type         ID     Location or Fanout   Delay(ps)  Edge  Arrival Time(ps)    Instance detail                                                                                                                                               
   ----------------------------------------------------------------------------------------------------------------------------------------------------------------------------------------------------------------------------------------------------------------------------------------------------------------------------------------
   clk                                                                                       CLOCK-PORT    -                      -     launch     r               0                                                                                                                                                                     
   clk_BUFG_I_O                                                                              Clock net    82           (fanout=519)       2485                     -                                                                                                                                                                     
   RBB_12/CLK                                                                                RBB_6L       12  [TILE 0 0, RBB 10 18]          -     r            2485                                                                                                                                                                     
   ----------------------------------------------------------------------------------------------------------------------------------------------------------------------------------------------------------------------------------------------------------------------------------------------------------------------------------------
   RBB_12/DQ                                                                                 RBB_6L       12  [TILE 0 0, RBB 10 18]        800     r            3285     {inst45: r_Clock_Count_FDRE_Q_15 (FDRE,site=dff)}                                                                                                               
   r_Clock_Count[2]                                                                          Net          10             (fanout=4)       1680                     -                                                                                                                                                                     
   RBB_24/D4                                                                                 RBB_6L       24  [TILE 0 0, RBB 10 22]          -     r            4965                                                                                                                                                                     
   RBB_24/D                                                                                  RBB_6L       24  [TILE 0 0, RBB 10 22]       1205     r            6170     {inst64: r_Clock_Count_FDRE_Q_9_D_LUT6_O_I4_CARRY4_O_CI_CARRY4_CO_CI_CARRY4_CO_O_2_CARRY4_O_1_S_1_LUT6_O (LUT,site=dlut,dluto)}                                 
   r_Clock_Count_FDRE_Q_9_D_LUT6_O_I4_CARRY4_O_CI_CARRY4_CO_CI_CARRY4_CO_O_2_CARRY4_O_1_S_1  Net         144             (fanout=1)        693                     -                                                                                                                                                                     
   RBB_9/A1                                                                                  RBB_6L        9  [TILE 0 0, RBB 13 20]          -     r            6863                                                                                                                                                                     
   RBB_9/DMUX                                                                                RBB_6L        9  [TILE 0 0, RBB 13 20]       1431     r            8294     {inst61: r_Clock_Count_FDRE_Q_9_D_LUT6_O_I4_CARRY4_O_CI_CARRY4_CO_CI_CARRY4_CO_O_2_CARRY4_O_1 (CARRY4)}                                                         
   r_Clock_Count_FDRE_Q_9_D_LUT6_O_I4_CARRY4_O_CI_CARRY4_CO_CI_CARRY4_CO_O_2[4]              Net          79            (fanout=11)       1080                     -                                                                                                                                                                     
   RBB_13/D2                                                                                 RBB_6L       13  [TILE 0 0, RBB 10 16]          -     r            9374     {inst79: r_Clock_Count_FDRE_Q_9_D_LUT6_O_I4_CARRY4_O_CI_CARRY4_CO_O_LUT6_I3_O_LUT6_O_2 (LUT,site=dlut,dluto)} {inst46: r_Clock_Count_FDRE_Q_16 (FDRE,site=dff)} 
   ----------------------------------------------------------------------------------------------------------------------------------------------------------------------------------------------------------------------------------------------------------------------------------------------------------------------------------------
   RBB_13/CLK                                                                                RBB_6L       13  [TILE 0 0, RBB 10 16]        861     r           10235                                                                                                                                                                     
   clk_BUFG_I_O                                                                              Clock net    82           (fanout=519)      -2476                     -                                                                                                                                                                     
   clk                                                                                       CLOCK-PORT    -                      -    capture     r            7759                                                                                                                                                                     
   ----------------------------------------------------------------------------------------------------------------------------------------------------------------------------------------------------------------------------------------------------------------------------------------------------------------------------------------


Path 270:
   Slack (met):                             12191ps
     Path type:                               SETUP
     Group:                               <DEFAULT>
     Launching clock:                           clk (rising edge)
     Capturing clock:                           clk (rising edge)

     Requested period:                      20000ps
   + Delay of the capturing clock:           2443ps
   - Clock uncertainty:                       150ps
   = Required time:                         22293ps
   - Propagation time:                       7617ps (47.7% logic, 52.3% route, logic stage 3)
   - Delay of the launching clock:           2485ps
   = Slack:                                 12191ps

   Instance/Pin or Net Name                                                                Type         ID     Location or Fanout   Delay(ps)  Edge  Arrival Time(ps)    Instance detail                                                                                                             
   ----------------------------------------------------------------------------------------------------------------------------------------------------------------------------------------------------------------------------------------------------------------------------------------------------
   clk                                                                                     CLOCK-PORT    -                      -     launch     r               0                                                                                                                                   
   clk_BUFG_I_O                                                                            Clock net    82           (fanout=519)       2485                     -                                                                                                                                   
   RBB_12/CLK                                                                              RBB_6L       12  [TILE 0 0, RBB 10 18]          -     r            2485                                                                                                                                   
   ----------------------------------------------------------------------------------------------------------------------------------------------------------------------------------------------------------------------------------------------------------------------------------------------------
   RBB_12/DQ                                                                               RBB_6L       12  [TILE 0 0, RBB 10 18]        800     r            3285     {inst45: r_Clock_Count_FDRE_Q_15 (FDRE,site=dff)}                                                                             
   r_Clock_Count[2]                                                                        Net          10             (fanout=4)       1718                     -                                                                                                                                   
   RBB_18/D4                                                                               RBB_6L       18  [TILE 0 0, RBB 10 20]          -     r            5003                                                                                                                                   
   RBB_18/D                                                                                RBB_6L       18  [TILE 0 0, RBB 10 20]        703     r            5706     {inst69: r_Clock_Count_FDRE_Q_9_D_LUT6_O_I4_CARRY4_O_CI_CARRY4_CO_CI_CARRY4_CO_O_2_CARRY4_O_S_1_LUT6_O (LUT,site=dlut,dluto)} 
   r_Clock_Count_FDRE_Q_9_D_LUT6_O_I4_CARRY4_O_CI_CARRY4_CO_CI_CARRY4_CO_O_2_CARRY4_O_S_1  Net         151             (fanout=1)       1238                     -                                                                                                                                   
   RBB_8/A1                                                                                RBB_6L        8  [TILE 0 0, RBB 13 14]          -     r            6944                                                                                                                                   
   RBB_8/DMUX                                                                              RBB_6L        8  [TILE 0 0, RBB 13 14]       1342     r            8286     {inst60: r_Clock_Count_FDRE_Q_9_D_LUT6_O_I4_CARRY4_O_CI_CARRY4_CO_CI_CARRY4_CO_O_2_CARRY4_O (CARRY4)}                         
   r_Clock_Count_FDRE_Q_9_D_LUT6_O_I4_CARRY4_O_CI_CARRY4_CO_CI_CARRY4_CO_O_2[5]            Net          80            (fanout=13)       1027                     -                                                                                                                                   
   RBB_16/D6                                                                               RBB_6L       16   [TILE 0 0, RBB 7 14]          -     r            9313     {inst21: r_Bit_Index_FDRE_Q_D_LUT2_O_I1_CARRY4_O_O_LUT6_I1 (LUT,site=dlut,dluto)} {inst100: r_SM_Main_FDRE_Q_2 (FD,site=dff)} 
   ----------------------------------------------------------------------------------------------------------------------------------------------------------------------------------------------------------------------------------------------------------------------------------------------------
   RBB_16/CLK                                                                              RBB_6L       16   [TILE 0 0, RBB 7 14]        789     r           10102                                                                                                                                   
   clk_BUFG_I_O                                                                            Clock net    82           (fanout=519)      -2443                     -                                                                                                                                   
   clk                                                                                     CLOCK-PORT    -                      -    capture     r            7659                                                                                                                                   
   ----------------------------------------------------------------------------------------------------------------------------------------------------------------------------------------------------------------------------------------------------------------------------------------------------


Path 477:
   Slack (met):                             12280ps
     Path type:                               SETUP
     Group:                               <DEFAULT>
     Launching clock:                           clk (rising edge)
     Capturing clock:                           clk (rising edge)

     Requested period:                      20000ps
   + Delay of the capturing clock:           2452ps
   - Clock uncertainty:                       150ps
   = Required time:                         22302ps
   - Propagation time:                       7537ps (57.5% logic, 42.5% route, logic stage 3)
   - Delay of the launching clock:           2485ps
   = Slack:                                 12280ps

   Instance/Pin or Net Name                                                                  Type         ID     Location or Fanout   Delay(ps)  Edge  Arrival Time(ps)    Instance detail                                                                                                                                             
   --------------------------------------------------------------------------------------------------------------------------------------------------------------------------------------------------------------------------------------------------------------------------------------------------------------------------------------
   clk                                                                                       CLOCK-PORT    -                      -     launch     r               0                                                                                                                                                                   
   clk_BUFG_I_O                                                                              Clock net    82           (fanout=519)       2485                     -                                                                                                                                                                   
   RBB_12/CLK                                                                                RBB_6L       12  [TILE 0 0, RBB 10 18]          -     r            2485                                                                                                                                                                   
   --------------------------------------------------------------------------------------------------------------------------------------------------------------------------------------------------------------------------------------------------------------------------------------------------------------------------------------
   RBB_12/DQ                                                                                 RBB_6L       12  [TILE 0 0, RBB 10 18]        800     r            3285     {inst45: r_Clock_Count_FDRE_Q_15 (FDRE,site=dff)}                                                                                                             
   r_Clock_Count[2]                                                                          Net          10             (fanout=4)       1680                     -                                                                                                                                                                   
   RBB_24/D4                                                                                 RBB_6L       24  [TILE 0 0, RBB 10 22]          -     r            4965                                                                                                                                                                   
   RBB_24/D                                                                                  RBB_6L       24  [TILE 0 0, RBB 10 22]       1205     r            6170     {inst64: r_Clock_Count_FDRE_Q_9_D_LUT6_O_I4_CARRY4_O_CI_CARRY4_CO_CI_CARRY4_CO_O_2_CARRY4_O_1_S_1_LUT6_O (LUT,site=dlut,dluto)}                               
   r_Clock_Count_FDRE_Q_9_D_LUT6_O_I4_CARRY4_O_CI_CARRY4_CO_CI_CARRY4_CO_O_2_CARRY4_O_1_S_1  Net         144             (fanout=1)        693                     -                                                                                                                                                                   
   RBB_9/A1                                                                                  RBB_6L        9  [TILE 0 0, RBB 13 20]          -     r            6863                                                                                                                                                                   
   RBB_9/DMUX                                                                                RBB_6L        9  [TILE 0 0, RBB 13 20]       1431     r            8294     {inst61: r_Clock_Count_FDRE_Q_9_D_LUT6_O_I4_CARRY4_O_CI_CARRY4_CO_CI_CARRY4_CO_O_2_CARRY4_O_1 (CARRY4)}                                                       
   r_Clock_Count_FDRE_Q_9_D_LUT6_O_I4_CARRY4_O_CI_CARRY4_CO_CI_CARRY4_CO_O_2[4]              Net          79            (fanout=11)        829                     -                                                                                                                                                                   
   RBB_10/D2                                                                                 RBB_6L       10  [TILE 0 0, RBB 13 16]          -     r            9123     {inst77: r_Clock_Count_FDRE_Q_9_D_LUT6_O_I4_CARRY4_O_CI_CARRY4_CO_O_LUT6_I3_O_LUT6_O (LUT,site=dlut,dluto)} {inst44: r_Clock_Count_FDRE_Q_14 (FDRE,site=dff)} 
   --------------------------------------------------------------------------------------------------------------------------------------------------------------------------------------------------------------------------------------------------------------------------------------------------------------------------------------
   RBB_10/CLK                                                                                RBB_6L       10  [TILE 0 0, RBB 13 16]        899     r           10022                                                                                                                                                                   
   clk_BUFG_I_O                                                                              Clock net    82           (fanout=519)      -2452                     -                                                                                                                                                                   
   clk                                                                                       CLOCK-PORT    -                      -    capture     r            7570                                                                                                                                                                   
   --------------------------------------------------------------------------------------------------------------------------------------------------------------------------------------------------------------------------------------------------------------------------------------------------------------------------------------


Path 271:
   Slack (met):                             12287ps
     Path type:                               SETUP
     Group:                               <DEFAULT>
     Launching clock:                           clk (rising edge)
     Capturing clock:                           clk (rising edge)

     Requested period:                      20000ps
   + Delay of the capturing clock:           2452ps
   - Clock uncertainty:                       150ps
   = Required time:                         22302ps
   - Propagation time:                       7530ps (48.3% logic, 51.7% route, logic stage 3)
   - Delay of the launching clock:           2485ps
   = Slack:                                 12287ps

   Instance/Pin or Net Name                                                                Type         ID     Location or Fanout   Delay(ps)  Edge  Arrival Time(ps)    Instance detail                                                                                                                                             
   ------------------------------------------------------------------------------------------------------------------------------------------------------------------------------------------------------------------------------------------------------------------------------------------------------------------------------------
   clk                                                                                     CLOCK-PORT    -                      -     launch     r               0                                                                                                                                                                   
   clk_BUFG_I_O                                                                            Clock net    82           (fanout=519)       2485                     -                                                                                                                                                                   
   RBB_12/CLK                                                                              RBB_6L       12  [TILE 0 0, RBB 10 18]          -     r            2485                                                                                                                                                                   
   ------------------------------------------------------------------------------------------------------------------------------------------------------------------------------------------------------------------------------------------------------------------------------------------------------------------------------------
   RBB_12/DQ                                                                               RBB_6L       12  [TILE 0 0, RBB 10 18]        800     r            3285     {inst45: r_Clock_Count_FDRE_Q_15 (FDRE,site=dff)}                                                                                                             
   r_Clock_Count[2]                                                                        Net          10             (fanout=4)       1718                     -                                                                                                                                                                   
   RBB_18/D4                                                                               RBB_6L       18  [TILE 0 0, RBB 10 20]          -     r            5003                                                                                                                                                                   
   RBB_18/D                                                                                RBB_6L       18  [TILE 0 0, RBB 10 20]        703     r            5706     {inst69: r_Clock_Count_FDRE_Q_9_D_LUT6_O_I4_CARRY4_O_CI_CARRY4_CO_CI_CARRY4_CO_O_2_CARRY4_O_S_1_LUT6_O (LUT,site=dlut,dluto)}                                 
   r_Clock_Count_FDRE_Q_9_D_LUT6_O_I4_CARRY4_O_CI_CARRY4_CO_CI_CARRY4_CO_O_2_CARRY4_O_S_1  Net         151             (fanout=1)       1238                     -                                                                                                                                                                   
   RBB_8/A1                                                                                RBB_6L        8  [TILE 0 0, RBB 13 14]          -     r            6944                                                                                                                                                                   
   RBB_8/DMUX                                                                              RBB_6L        8  [TILE 0 0, RBB 13 14]       1342     r            8286     {inst60: r_Clock_Count_FDRE_Q_9_D_LUT6_O_I4_CARRY4_O_CI_CARRY4_CO_CI_CARRY4_CO_O_2_CARRY4_O (CARRY4)}                                                         
   r_Clock_Count_FDRE_Q_9_D_LUT6_O_I4_CARRY4_O_CI_CARRY4_CO_CI_CARRY4_CO_O_2[5]            Net          80            (fanout=13)        940                     -                                                                                                                                                                   
   RBB_10/C6                                                                               RBB_6L       10  [TILE 0 0, RBB 13 16]          -     r            9226     {inst77: r_Clock_Count_FDRE_Q_9_D_LUT6_O_I4_CARRY4_O_CI_CARRY4_CO_O_LUT6_I3_O_LUT6_O (LUT,site=dlut,dluto)} {inst44: r_Clock_Count_FDRE_Q_14 (FDRE,site=dff)} 
   ------------------------------------------------------------------------------------------------------------------------------------------------------------------------------------------------------------------------------------------------------------------------------------------------------------------------------------
   RBB_10/CLK                                                                              RBB_6L       10  [TILE 0 0, RBB 13 16]        789     r           10015                                                                                                                                                                   
   clk_BUFG_I_O                                                                            Clock net    82           (fanout=519)      -2452                     -                                                                                                                                                                   
   clk                                                                                     CLOCK-PORT    -                      -    capture     r            7563                                                                                                                                                                   
   ------------------------------------------------------------------------------------------------------------------------------------------------------------------------------------------------------------------------------------------------------------------------------------------------------------------------------------


Path 478:
   Slack (met):                             12352ps
     Path type:                               SETUP
     Group:                               <DEFAULT>
     Launching clock:                           clk (rising edge)
     Capturing clock:                           clk (rising edge)

     Requested period:                      20000ps
   + Delay of the capturing clock:           2452ps
   - Clock uncertainty:                       150ps
   = Required time:                         22302ps
   - Propagation time:                       7465ps (57.2% logic, 42.8% route, logic stage 3)
   - Delay of the launching clock:           2485ps
   = Slack:                                 12352ps

   Instance/Pin or Net Name                                                                  Type         ID     Location or Fanout   Delay(ps)  Edge  Arrival Time(ps)    Instance detail                                                                                                                                    
   -----------------------------------------------------------------------------------------------------------------------------------------------------------------------------------------------------------------------------------------------------------------------------------------------------------------------------
   clk                                                                                       CLOCK-PORT    -                      -     launch     r               0                                                                                                                                                          
   clk_BUFG_I_O                                                                              Clock net    82           (fanout=519)       2485                     -                                                                                                                                                          
   RBB_12/CLK                                                                                RBB_6L       12  [TILE 0 0, RBB 10 18]          -     r            2485                                                                                                                                                          
   -----------------------------------------------------------------------------------------------------------------------------------------------------------------------------------------------------------------------------------------------------------------------------------------------------------------------------
   RBB_12/DQ                                                                                 RBB_6L       12  [TILE 0 0, RBB 10 18]        800     r            3285     {inst45: r_Clock_Count_FDRE_Q_15 (FDRE,site=dff)}                                                                                                    
   r_Clock_Count[2]                                                                          Net          10             (fanout=4)       1680                     -                                                                                                                                                          
   RBB_24/D4                                                                                 RBB_6L       24  [TILE 0 0, RBB 10 22]          -     r            4965                                                                                                                                                          
   RBB_24/D                                                                                  RBB_6L       24  [TILE 0 0, RBB 10 22]       1205     r            6170     {inst64: r_Clock_Count_FDRE_Q_9_D_LUT6_O_I4_CARRY4_O_CI_CARRY4_CO_CI_CARRY4_CO_O_2_CARRY4_O_1_S_1_LUT6_O (LUT,site=dlut,dluto)}                      
   r_Clock_Count_FDRE_Q_9_D_LUT6_O_I4_CARRY4_O_CI_CARRY4_CO_CI_CARRY4_CO_O_2_CARRY4_O_1_S_1  Net         144             (fanout=1)        693                     -                                                                                                                                                          
   RBB_9/A1                                                                                  RBB_6L        9  [TILE 0 0, RBB 13 20]          -     r            6863                                                                                                                                                          
   RBB_9/DMUX                                                                                RBB_6L        9  [TILE 0 0, RBB 13 20]       1431     r            8294     {inst61: r_Clock_Count_FDRE_Q_9_D_LUT6_O_I4_CARRY4_O_CI_CARRY4_CO_CI_CARRY4_CO_O_2_CARRY4_O_1 (CARRY4)}                                              
   r_Clock_Count_FDRE_Q_9_D_LUT6_O_I4_CARRY4_O_CI_CARRY4_CO_CI_CARRY4_CO_O_2[4]              Net          79            (fanout=11)        824                     -                                                                                                                                                          
   RBB_10/C2                                                                                 RBB_6L       10  [TILE 0 0, RBB 13 16]          -     r            9118     {inst76: r_Clock_Count_FDRE_Q_9_D_LUT6_O_I4_CARRY4_O_CI_CARRY4_CO_O_LUT6_I3 (LUT,site=clut,cluto)} {inst40: r_Clock_Count_FDRE_Q_10 (FDRE,site=cff)} 
   -----------------------------------------------------------------------------------------------------------------------------------------------------------------------------------------------------------------------------------------------------------------------------------------------------------------------------
   RBB_10/CLK                                                                                RBB_6L       10  [TILE 0 0, RBB 13 16]        832     r            9950                                                                                                                                                          
   clk_BUFG_I_O                                                                              Clock net    82           (fanout=519)      -2452                     -                                                                                                                                                          
   clk                                                                                       CLOCK-PORT    -                      -    capture     r            7498                                                                                                                                                          
   -----------------------------------------------------------------------------------------------------------------------------------------------------------------------------------------------------------------------------------------------------------------------------------------------------------------------------


Path 275:
   Slack (met):                             12377ps
     Path type:                               SETUP
     Group:                               <DEFAULT>
     Launching clock:                           clk (rising edge)
     Capturing clock:                           clk (rising edge)

     Requested period:                      20000ps
   + Delay of the capturing clock:           2476ps
   - Clock uncertainty:                       150ps
   = Required time:                         22326ps
   - Propagation time:                       7464ps (48.0% logic, 52.0% route, logic stage 3)
   - Delay of the launching clock:           2485ps
   = Slack:                                 12377ps

   Instance/Pin or Net Name                                                                Type         ID     Location or Fanout   Delay(ps)  Edge  Arrival Time(ps)    Instance detail                                                                                                                                      
   -----------------------------------------------------------------------------------------------------------------------------------------------------------------------------------------------------------------------------------------------------------------------------------------------------------------------------
   clk                                                                                     CLOCK-PORT    -                      -     launch     r               0                                                                                                                                                            
   clk_BUFG_I_O                                                                            Clock net    82           (fanout=519)       2485                     -                                                                                                                                                            
   RBB_12/CLK                                                                              RBB_6L       12  [TILE 0 0, RBB 10 18]          -     r            2485                                                                                                                                                            
   -----------------------------------------------------------------------------------------------------------------------------------------------------------------------------------------------------------------------------------------------------------------------------------------------------------------------------
   RBB_12/DQ                                                                               RBB_6L       12  [TILE 0 0, RBB 10 18]        800     r            3285     {inst45: r_Clock_Count_FDRE_Q_15 (FDRE,site=dff)}                                                                                                      
   r_Clock_Count[2]                                                                        Net          10             (fanout=4)       1718                     -                                                                                                                                                            
   RBB_18/D4                                                                               RBB_6L       18  [TILE 0 0, RBB 10 20]          -     r            5003                                                                                                                                                            
   RBB_18/D                                                                                RBB_6L       18  [TILE 0 0, RBB 10 20]        703     r            5706     {inst69: r_Clock_Count_FDRE_Q_9_D_LUT6_O_I4_CARRY4_O_CI_CARRY4_CO_CI_CARRY4_CO_O_2_CARRY4_O_S_1_LUT6_O (LUT,site=dlut,dluto)}                          
   r_Clock_Count_FDRE_Q_9_D_LUT6_O_I4_CARRY4_O_CI_CARRY4_CO_CI_CARRY4_CO_O_2_CARRY4_O_S_1  Net         151             (fanout=1)       1238                     -                                                                                                                                                            
   RBB_8/A1                                                                                RBB_6L        8  [TILE 0 0, RBB 13 14]          -     r            6944                                                                                                                                                            
   RBB_8/DMUX                                                                              RBB_6L        8  [TILE 0 0, RBB 13 14]       1342     r            8286     {inst60: r_Clock_Count_FDRE_Q_9_D_LUT6_O_I4_CARRY4_O_CI_CARRY4_CO_CI_CARRY4_CO_O_2_CARRY4_O (CARRY4)}                                                  
   r_Clock_Count_FDRE_Q_9_D_LUT6_O_I4_CARRY4_O_CI_CARRY4_CO_CI_CARRY4_CO_O_2[5]            Net          80            (fanout=13)        928                     -                                                                                                                                                            
   RBB_13/C6                                                                               RBB_6L       13  [TILE 0 0, RBB 10 16]          -     r            9214     {inst74: r_Clock_Count_FDRE_Q_9_D_LUT6_O_I4_CARRY4_O_CI_CARRY4_CO_O_2_LUT6_I3 (LUT,site=clut,cluto)} {inst42: r_Clock_Count_FDRE_Q_12 (FDRE,site=cff)} 
   -----------------------------------------------------------------------------------------------------------------------------------------------------------------------------------------------------------------------------------------------------------------------------------------------------------------------------
   RBB_13/CLK                                                                              RBB_6L       13  [TILE 0 0, RBB 10 16]        735     r            9949                                                                                                                                                            
   clk_BUFG_I_O                                                                            Clock net    82           (fanout=519)      -2476                     -                                                                                                                                                            
   clk                                                                                     CLOCK-PORT    -                      -    capture     r            7473                                                                                                                                                            
   -----------------------------------------------------------------------------------------------------------------------------------------------------------------------------------------------------------------------------------------------------------------------------------------------------------------------------


Path 272:
   Slack (met):                             12383ps
     Path type:                               SETUP
     Group:                               <DEFAULT>
     Launching clock:                           clk (rising edge)
     Capturing clock:                           clk (rising edge)

     Requested period:                      20000ps
   + Delay of the capturing clock:           2476ps
   - Clock uncertainty:                       150ps
   = Required time:                         22326ps
   - Propagation time:                       7458ps (47.9% logic, 52.1% route, logic stage 3)
   - Delay of the launching clock:           2485ps
   = Slack:                                 12383ps

   Instance/Pin or Net Name                                                                Type         ID     Location or Fanout   Delay(ps)  Edge  Arrival Time(ps)    Instance detail                                                                                                                                               
   --------------------------------------------------------------------------------------------------------------------------------------------------------------------------------------------------------------------------------------------------------------------------------------------------------------------------------------
   clk                                                                                     CLOCK-PORT    -                      -     launch     r               0                                                                                                                                                                     
   clk_BUFG_I_O                                                                            Clock net    82           (fanout=519)       2485                     -                                                                                                                                                                     
   RBB_12/CLK                                                                              RBB_6L       12  [TILE 0 0, RBB 10 18]          -     r            2485                                                                                                                                                                     
   --------------------------------------------------------------------------------------------------------------------------------------------------------------------------------------------------------------------------------------------------------------------------------------------------------------------------------------
   RBB_12/DQ                                                                               RBB_6L       12  [TILE 0 0, RBB 10 18]        800     r            3285     {inst45: r_Clock_Count_FDRE_Q_15 (FDRE,site=dff)}                                                                                                               
   r_Clock_Count[2]                                                                        Net          10             (fanout=4)       1718                     -                                                                                                                                                                     
   RBB_18/D4                                                                               RBB_6L       18  [TILE 0 0, RBB 10 20]          -     r            5003                                                                                                                                                                     
   RBB_18/D                                                                                RBB_6L       18  [TILE 0 0, RBB 10 20]        703     r            5706     {inst69: r_Clock_Count_FDRE_Q_9_D_LUT6_O_I4_CARRY4_O_CI_CARRY4_CO_CI_CARRY4_CO_O_2_CARRY4_O_S_1_LUT6_O (LUT,site=dlut,dluto)}                                   
   r_Clock_Count_FDRE_Q_9_D_LUT6_O_I4_CARRY4_O_CI_CARRY4_CO_CI_CARRY4_CO_O_2_CARRY4_O_S_1  Net         151             (fanout=1)       1238                     -                                                                                                                                                                     
   RBB_8/A1                                                                                RBB_6L        8  [TILE 0 0, RBB 13 14]          -     r            6944                                                                                                                                                                     
   RBB_8/DMUX                                                                              RBB_6L        8  [TILE 0 0, RBB 13 14]       1342     r            8286     {inst60: r_Clock_Count_FDRE_Q_9_D_LUT6_O_I4_CARRY4_O_CI_CARRY4_CO_CI_CARRY4_CO_O_2_CARRY4_O (CARRY4)}                                                           
   r_Clock_Count_FDRE_Q_9_D_LUT6_O_I4_CARRY4_O_CI_CARRY4_CO_CI_CARRY4_CO_O_2[5]            Net          80            (fanout=13)        928                     -                                                                                                                                                                     
   RBB_13/C6                                                                               RBB_6L       13  [TILE 0 0, RBB 10 16]          -     r            9214     {inst79: r_Clock_Count_FDRE_Q_9_D_LUT6_O_I4_CARRY4_O_CI_CARRY4_CO_O_LUT6_I3_O_LUT6_O_2 (LUT,site=dlut,dluto)} {inst46: r_Clock_Count_FDRE_Q_16 (FDRE,site=dff)} 
   --------------------------------------------------------------------------------------------------------------------------------------------------------------------------------------------------------------------------------------------------------------------------------------------------------------------------------------
   RBB_13/CLK                                                                              RBB_6L       13  [TILE 0 0, RBB 10 16]        729     r            9943                                                                                                                                                                     
   clk_BUFG_I_O                                                                            Clock net    82           (fanout=519)      -2476                     -                                                                                                                                                                     
   clk                                                                                     CLOCK-PORT    -                      -    capture     r            7467                                                                                                                                                                     
   --------------------------------------------------------------------------------------------------------------------------------------------------------------------------------------------------------------------------------------------------------------------------------------------------------------------------------------


Path 33:
   Slack (met):                             12394ps
     Path type:                               SETUP
     Group:                               <DEFAULT>
     Launching clock:                           clk (rising edge)
     Capturing clock:                           clk (rising edge)

     Requested period:                      20000ps
   + Delay of the capturing clock:           2336ps
   - Clock uncertainty:                       150ps
   = Required time:                         22186ps
   - Propagation time:                       7343ps (63.5% logic, 36.5% route, logic stage 3)
   - Delay of the launching clock:           2449ps
   = Slack:                                 12394ps

   Instance/Pin or Net Name                                                       Type         ID     Location or Fanout   Delay(ps)  Edge  Arrival Time(ps)    Instance detail                                                                                                                              
   ------------------------------------------------------------------------------------------------------------------------------------------------------------------------------------------------------------------------------------------------------------------------------------------------------------
   clk                                                                            CLOCK-PORT    -                      -     launch     r               0                                                                                                                                                    
   clk_BUFG_I_O                                                                   Clock net    82           (fanout=519)       2449                     -                                                                                                                                                    
   RBB_15/CLK                                                                     RBB_6L       15  [TILE 0 0, RBB 13 12]          -     r            2449                                                                                                                                                    
   ------------------------------------------------------------------------------------------------------------------------------------------------------------------------------------------------------------------------------------------------------------------------------------------------------------
   RBB_15/DMUX                                                                    RBB_6L       15  [TILE 0 0, RBB 13 12]       1466     r            3915     {inst10: r_Bit_Index_FDRE_Q_1 (FDRE,site=dffo)}                                                                                                
   r_Bit_Index[1]                                                                 Net          27             (fanout=2)        890                     -                                                                                                                                                    
   RBB_4/B1                                                                       RBB_6L        4  [TILE 0 0, RBB 16 12]          -     r            4805                                                                                                                                                    
   RBB_4/CMUX                                                                     RBB_6L        4  [TILE 0 0, RBB 16 12]       1212     r            6017     {inst23: r_Bit_Index_FDRE_Q_D_LUT2_O_I1_CARRY4_O_S_CARRY4_S (CARRY4)}                                                                          
   r_Bit_Index_FDRE_Q_D_LUT2_O_I1_CARRY4_O_S_CARRY4_S_O_1[3]                      Net          87             (fanout=5)       1171                     -                                                                                                                                                    
   RBB_3/A1                                                                       RBB_6L        3  [TILE 0 0, RBB 13 10]          -     r            7188                                                                                                                                                    
   RBB_3/AMUX                                                                     RBB_6L        3  [TILE 0 0, RBB 13 10]        813     r            8001     {inst28: r_Bit_Index_FDRE_Q_D_LUT2_O_I1_CARRY4_O_S_CARRY4_S_O_LUT4_I3_O_LUT4_O_1_I3_LUT3_O (LUT,site=aluto)}                                   
   r_Bit_Index_FDRE_Q_D_LUT2_O_I1_CARRY4_O_S_CARRY4_S_O_LUT4_I3_O_LUT4_O_1_I3[3]  Net          94             (fanout=1)        618                     -                                                                                                                                                    
   RBB_19/C2                                                                      RBB_6L       19   [TILE 0 0, RBB 13 8]          -     r            8619     {inst27: r_Bit_Index_FDRE_Q_D_LUT2_O_I1_CARRY4_O_S_CARRY4_S_O_LUT4_I3_O_LUT4_O_1 (LUT,site=clut)} {inst83: r_RX_Byte_FDRE_Q_1 (FDRE,site=cff)} 
   ------------------------------------------------------------------------------------------------------------------------------------------------------------------------------------------------------------------------------------------------------------------------------------------------------------
   RBB_19/CLK                                                                     RBB_6L       19   [TILE 0 0, RBB 13 8]       1173     r            9792                                                                                                                                                    
   clk_BUFG_I_O                                                                   Clock net    82           (fanout=519)      -2336                     -                                                                                                                                                    
   clk                                                                            CLOCK-PORT    -                      -    capture     r            7456                                                                                                                                                    
   ------------------------------------------------------------------------------------------------------------------------------------------------------------------------------------------------------------------------------------------------------------------------------------------------------------


Path 273:
   Slack (met):                             12409ps
     Path type:                               SETUP
     Group:                               <DEFAULT>
     Launching clock:                           clk (rising edge)
     Capturing clock:                           clk (rising edge)

     Requested period:                      20000ps
   + Delay of the capturing clock:           2452ps
   - Clock uncertainty:                       150ps
   = Required time:                         22302ps
   - Propagation time:                       7408ps (47.4% logic, 52.6% route, logic stage 3)
   - Delay of the launching clock:           2485ps
   = Slack:                                 12409ps

   Instance/Pin or Net Name                                                                Type         ID     Location or Fanout   Delay(ps)  Edge  Arrival Time(ps)    Instance detail                                                                                                                                    
   ---------------------------------------------------------------------------------------------------------------------------------------------------------------------------------------------------------------------------------------------------------------------------------------------------------------------------
   clk                                                                                     CLOCK-PORT    -                      -     launch     r               0                                                                                                                                                          
   clk_BUFG_I_O                                                                            Clock net    82           (fanout=519)       2485                     -                                                                                                                                                          
   RBB_12/CLK                                                                              RBB_6L       12  [TILE 0 0, RBB 10 18]          -     r            2485                                                                                                                                                          
   ---------------------------------------------------------------------------------------------------------------------------------------------------------------------------------------------------------------------------------------------------------------------------------------------------------------------------
   RBB_12/DQ                                                                               RBB_6L       12  [TILE 0 0, RBB 10 18]        800     r            3285     {inst45: r_Clock_Count_FDRE_Q_15 (FDRE,site=dff)}                                                                                                    
   r_Clock_Count[2]                                                                        Net          10             (fanout=4)       1718                     -                                                                                                                                                          
   RBB_18/D4                                                                               RBB_6L       18  [TILE 0 0, RBB 10 20]          -     r            5003                                                                                                                                                          
   RBB_18/D                                                                                RBB_6L       18  [TILE 0 0, RBB 10 20]        703     r            5706     {inst69: r_Clock_Count_FDRE_Q_9_D_LUT6_O_I4_CARRY4_O_CI_CARRY4_CO_CI_CARRY4_CO_O_2_CARRY4_O_S_1_LUT6_O (LUT,site=dlut,dluto)}                        
   r_Clock_Count_FDRE_Q_9_D_LUT6_O_I4_CARRY4_O_CI_CARRY4_CO_CI_CARRY4_CO_O_2_CARRY4_O_S_1  Net         151             (fanout=1)       1238                     -                                                                                                                                                          
   RBB_8/A1                                                                                RBB_6L        8  [TILE 0 0, RBB 13 14]          -     r            6944                                                                                                                                                          
   RBB_8/DMUX                                                                              RBB_6L        8  [TILE 0 0, RBB 13 14]       1342     r            8286     {inst60: r_Clock_Count_FDRE_Q_9_D_LUT6_O_I4_CARRY4_O_CI_CARRY4_CO_CI_CARRY4_CO_O_2_CARRY4_O (CARRY4)}                                                
   r_Clock_Count_FDRE_Q_9_D_LUT6_O_I4_CARRY4_O_CI_CARRY4_CO_CI_CARRY4_CO_O_2[5]            Net          80            (fanout=13)        940                     -                                                                                                                                                          
   RBB_10/C6                                                                               RBB_6L       10  [TILE 0 0, RBB 13 16]          -     r            9226     {inst76: r_Clock_Count_FDRE_Q_9_D_LUT6_O_I4_CARRY4_O_CI_CARRY4_CO_O_LUT6_I3 (LUT,site=clut,cluto)} {inst40: r_Clock_Count_FDRE_Q_10 (FDRE,site=cff)} 
   ---------------------------------------------------------------------------------------------------------------------------------------------------------------------------------------------------------------------------------------------------------------------------------------------------------------------------
   RBB_10/CLK                                                                              RBB_6L       10  [TILE 0 0, RBB 13 16]        667     r            9893                                                                                                                                                          
   clk_BUFG_I_O                                                                            Clock net    82           (fanout=519)      -2452                     -                                                                                                                                                          
   clk                                                                                     CLOCK-PORT    -                      -    capture     r            7441                                                                                                                                                          
   ---------------------------------------------------------------------------------------------------------------------------------------------------------------------------------------------------------------------------------------------------------------------------------------------------------------------------


Path 287:
   Slack (met):                             12427ps
     Path type:                               SETUP
     Group:                               <DEFAULT>
     Launching clock:                           clk (rising edge)
     Capturing clock:                           clk (rising edge)

     Requested period:                      20000ps
   + Delay of the capturing clock:           2456ps
   - Clock uncertainty:                       150ps
   = Required time:                         22306ps
   - Propagation time:                       7543ps (50.9% logic, 49.1% route, logic stage 3)
   - Delay of the launching clock:           2336ps
   = Slack:                                 12427ps

   Instance/Pin or Net Name   Type         ID    Location or Fanout   Delay(ps)  Edge  Arrival Time(ps)    Instance detail                                                                
   -----------------------------------------------------------------------------------------------------------------------------------------------------------------------------------------
   clk                        CLOCK-PORT    -                     -     launch     r               0                                                                                      
   clk_BUFG_I_O               Clock net    82          (fanout=519)       2336                     -                                                                                      
   RBB_19/CLK                 RBB_6L       19  [TILE 0 0, RBB 13 8]          -     r            2336                                                                                      
   -----------------------------------------------------------------------------------------------------------------------------------------------------------------------------------------
   RBB_19/DQ                  RBB_6L       19  [TILE 0 0, RBB 13 8]        800     r            3136     {inst82: r_RX_Byte_FDRE_Q (FDRE,site=dff)}                                       
   r_RX_Byte[7]               Net          31            (fanout=2)       1489                     -                                                                                      
   RBB_22/B1                  RBB_6L       22  [TILE 0 0, RBB 16 8]          -     r            4625                                                                                      
   RBB_22/B                   RBB_6L       22  [TILE 0 0, RBB 16 8]       1011     r            5636     {inst97: r_RX_DV_LUT6_I2_I3_LUT4_O_1 (LUT,site=blut)}                            
   r_RX_DV_LUT6_I2_I3[5]      Net         104            (fanout=2)        584                     -                                                                                      
   RBB_22/C2                  RBB_6L       22  [TILE 0 0, RBB 16 8]          -     r            6220                                                                                      
   RBB_22/C                   RBB_6L       22  [TILE 0 0, RBB 16 8]       1190     r            7410     {inst94: r_RX_DV_LUT6_I2 (LUT,site=clut,cluto)}                                  
   led_internal_FDRE_Q_CE     Net          90            (fanout=1)       1628                     -                                                                                      
   RBB_2/CE                   IOB           2  [TILE 0 0, RBB 31 6]          -     r            9038     {inst7: led_internal_FDRE_Q (FDRE)} {(output_port) inst111: g_111_led_obuf (IO)} 
   -----------------------------------------------------------------------------------------------------------------------------------------------------------------------------------------
   RBB_2/CLK                  IOB           2  [TILE 0 0, RBB 31 6]        841     r            9879                                                                                      
   clk_BUFG_I_O               Clock net    82          (fanout=519)      -2456                     -                                                                                      
   clk                        CLOCK-PORT    -                     -    capture     r            7423                                                                                      
   -----------------------------------------------------------------------------------------------------------------------------------------------------------------------------------------


Path 276:
   Slack (met):                             12466ps
     Path type:                               SETUP
     Group:                               <DEFAULT>
     Launching clock:                           clk (rising edge)
     Capturing clock:                           clk (rising edge)

     Requested period:                      20000ps
   + Delay of the capturing clock:           2485ps
   - Clock uncertainty:                       150ps
   = Required time:                         22335ps
   - Propagation time:                       7384ps (48.5% logic, 51.5% route, logic stage 3)
   - Delay of the launching clock:           2485ps
   = Slack:                                 12466ps

   Instance/Pin or Net Name                                                                Type         ID     Location or Fanout   Delay(ps)  Edge  Arrival Time(ps)    Instance detail                                                                                                                                      
   -----------------------------------------------------------------------------------------------------------------------------------------------------------------------------------------------------------------------------------------------------------------------------------------------------------------------------
   clk                                                                                     CLOCK-PORT    -                      -     launch     r               0                                                                                                                                                            
   clk_BUFG_I_O                                                                            Clock net    82           (fanout=519)       2485                     -                                                                                                                                                            
   RBB_12/CLK                                                                              RBB_6L       12  [TILE 0 0, RBB 10 18]          -     r            2485                                                                                                                                                            
   -----------------------------------------------------------------------------------------------------------------------------------------------------------------------------------------------------------------------------------------------------------------------------------------------------------------------------
   RBB_12/DQ                                                                               RBB_6L       12  [TILE 0 0, RBB 10 18]        800     r            3285     {inst45: r_Clock_Count_FDRE_Q_15 (FDRE,site=dff)}                                                                                                      
   r_Clock_Count[2]                                                                        Net          10             (fanout=4)       1718                     -                                                                                                                                                            
   RBB_18/D4                                                                               RBB_6L       18  [TILE 0 0, RBB 10 20]          -     r            5003                                                                                                                                                            
   RBB_18/D                                                                                RBB_6L       18  [TILE 0 0, RBB 10 20]        703     r            5706     {inst69: r_Clock_Count_FDRE_Q_9_D_LUT6_O_I4_CARRY4_O_CI_CARRY4_CO_CI_CARRY4_CO_O_2_CARRY4_O_S_1_LUT6_O (LUT,site=dlut,dluto)}                          
   r_Clock_Count_FDRE_Q_9_D_LUT6_O_I4_CARRY4_O_CI_CARRY4_CO_CI_CARRY4_CO_O_2_CARRY4_O_S_1  Net         151             (fanout=1)       1238                     -                                                                                                                                                            
   RBB_8/A1                                                                                RBB_6L        8  [TILE 0 0, RBB 13 14]          -     r            6944                                                                                                                                                            
   RBB_8/DMUX                                                                              RBB_6L        8  [TILE 0 0, RBB 13 14]       1342     r            8286     {inst60: r_Clock_Count_FDRE_Q_9_D_LUT6_O_I4_CARRY4_O_CI_CARRY4_CO_CI_CARRY4_CO_O_2_CARRY4_O (CARRY4)}                                                  
   r_Clock_Count_FDRE_Q_9_D_LUT6_O_I4_CARRY4_O_CI_CARRY4_CO_CI_CARRY4_CO_O_2[5]            Net          80            (fanout=13)        848                     -                                                                                                                                                            
   RBB_12/C6                                                                               RBB_6L       12  [TILE 0 0, RBB 10 18]          -     r            9134     {inst73: r_Clock_Count_FDRE_Q_9_D_LUT6_O_I4_CARRY4_O_CI_CARRY4_CO_O_1_LUT6_I3 (LUT,site=clut,cluto)} {inst41: r_Clock_Count_FDRE_Q_11 (FDRE,site=cff)} 
   -----------------------------------------------------------------------------------------------------------------------------------------------------------------------------------------------------------------------------------------------------------------------------------------------------------------------------
   RBB_12/CLK                                                                              RBB_6L       12  [TILE 0 0, RBB 10 18]        735     r            9869                                                                                                                                                            
   clk_BUFG_I_O                                                                            Clock net    82           (fanout=519)      -2485                     -                                                                                                                                                            
   clk                                                                                     CLOCK-PORT    -                      -    capture     r            7384                                                                                                                                                            
   -----------------------------------------------------------------------------------------------------------------------------------------------------------------------------------------------------------------------------------------------------------------------------------------------------------------------------


Path 274:
   Slack (met):                             12472ps
     Path type:                               SETUP
     Group:                               <DEFAULT>
     Launching clock:                           clk (rising edge)
     Capturing clock:                           clk (rising edge)

     Requested period:                      20000ps
   + Delay of the capturing clock:           2485ps
   - Clock uncertainty:                       150ps
   = Required time:                         22335ps
   - Propagation time:                       7378ps (48.4% logic, 51.6% route, logic stage 3)
   - Delay of the launching clock:           2485ps
   = Slack:                                 12472ps

   Instance/Pin or Net Name                                                                Type         ID     Location or Fanout   Delay(ps)  Edge  Arrival Time(ps)    Instance detail                                                                                                                                               
   --------------------------------------------------------------------------------------------------------------------------------------------------------------------------------------------------------------------------------------------------------------------------------------------------------------------------------------
   clk                                                                                     CLOCK-PORT    -                      -     launch     r               0                                                                                                                                                                     
   clk_BUFG_I_O                                                                            Clock net    82           (fanout=519)       2485                     -                                                                                                                                                                     
   RBB_12/CLK                                                                              RBB_6L       12  [TILE 0 0, RBB 10 18]          -     r            2485                                                                                                                                                                     
   --------------------------------------------------------------------------------------------------------------------------------------------------------------------------------------------------------------------------------------------------------------------------------------------------------------------------------------
   RBB_12/DQ                                                                               RBB_6L       12  [TILE 0 0, RBB 10 18]        800     r            3285     {inst45: r_Clock_Count_FDRE_Q_15 (FDRE,site=dff)}                                                                                                               
   r_Clock_Count[2]                                                                        Net          10             (fanout=4)       1718                     -                                                                                                                                                                     
   RBB_18/D4                                                                               RBB_6L       18  [TILE 0 0, RBB 10 20]          -     r            5003                                                                                                                                                                     
   RBB_18/D                                                                                RBB_6L       18  [TILE 0 0, RBB 10 20]        703     r            5706     {inst69: r_Clock_Count_FDRE_Q_9_D_LUT6_O_I4_CARRY4_O_CI_CARRY4_CO_CI_CARRY4_CO_O_2_CARRY4_O_S_1_LUT6_O (LUT,site=dlut,dluto)}                                   
   r_Clock_Count_FDRE_Q_9_D_LUT6_O_I4_CARRY4_O_CI_CARRY4_CO_CI_CARRY4_CO_O_2_CARRY4_O_S_1  Net         151             (fanout=1)       1238                     -                                                                                                                                                                     
   RBB_8/A1                                                                                RBB_6L        8  [TILE 0 0, RBB 13 14]          -     r            6944                                                                                                                                                                     
   RBB_8/DMUX                                                                              RBB_6L        8  [TILE 0 0, RBB 13 14]       1342     r            8286     {inst60: r_Clock_Count_FDRE_Q_9_D_LUT6_O_I4_CARRY4_O_CI_CARRY4_CO_CI_CARRY4_CO_O_2_CARRY4_O (CARRY4)}                                                           
   r_Clock_Count_FDRE_Q_9_D_LUT6_O_I4_CARRY4_O_CI_CARRY4_CO_CI_CARRY4_CO_O_2[5]            Net          80            (fanout=13)        848                     -                                                                                                                                                                     
   RBB_12/C6                                                                               RBB_6L       12  [TILE 0 0, RBB 10 18]          -     r            9134     {inst78: r_Clock_Count_FDRE_Q_9_D_LUT6_O_I4_CARRY4_O_CI_CARRY4_CO_O_LUT6_I3_O_LUT6_O_1 (LUT,site=dlut,dluto)} {inst45: r_Clock_Count_FDRE_Q_15 (FDRE,site=dff)} 
   --------------------------------------------------------------------------------------------------------------------------------------------------------------------------------------------------------------------------------------------------------------------------------------------------------------------------------------
   RBB_12/CLK                                                                              RBB_6L       12  [TILE 0 0, RBB 10 18]        729     r            9863                                                                                                                                                                     
   clk_BUFG_I_O                                                                            Clock net    82           (fanout=519)      -2485                     -                                                                                                                                                                     
   clk                                                                                     CLOCK-PORT    -                      -    capture     r            7378                                                                                                                                                                     
   --------------------------------------------------------------------------------------------------------------------------------------------------------------------------------------------------------------------------------------------------------------------------------------------------------------------------------------


Path 285:
   Slack (met):                             12607ps
     Path type:                               SETUP
     Group:                               <DEFAULT>
     Launching clock:                           clk (rising edge)
     Capturing clock:                           clk (rising edge)

     Requested period:                      20000ps
   + Delay of the capturing clock:           2456ps
   - Clock uncertainty:                       150ps
   = Required time:                         22306ps
   - Propagation time:                       7363ps (49.3% logic, 50.7% route, logic stage 3)
   - Delay of the launching clock:           2336ps
   = Slack:                                 12607ps

   Instance/Pin or Net Name   Type         ID    Location or Fanout   Delay(ps)  Edge  Arrival Time(ps)    Instance detail                                                                
   -----------------------------------------------------------------------------------------------------------------------------------------------------------------------------------------
   clk                        CLOCK-PORT    -                     -     launch     r               0                                                                                      
   clk_BUFG_I_O               Clock net    82          (fanout=519)       2336                     -                                                                                      
   RBB_19/CLK                 RBB_6L       19  [TILE 0 0, RBB 13 8]          -     r            2336                                                                                      
   -----------------------------------------------------------------------------------------------------------------------------------------------------------------------------------------
   RBB_19/DQ                  RBB_6L       19  [TILE 0 0, RBB 13 8]        800     r            3136     {inst82: r_RX_Byte_FDRE_Q (FDRE,site=dff)}                                       
   r_RX_Byte[7]               Net          31            (fanout=2)       1489                     -                                                                                      
   RBB_22/B1                  RBB_6L       22  [TILE 0 0, RBB 16 8]          -     r            4625                                                                                      
   RBB_22/B                   RBB_6L       22  [TILE 0 0, RBB 16 8]       1011     r            5636     {inst97: r_RX_DV_LUT6_I2_I3_LUT4_O_1 (LUT,site=blut)}                            
   r_RX_DV_LUT6_I2_I3[5]      Net         104            (fanout=2)        565                     -                                                                                      
   RBB_22/A2                  RBB_6L       22  [TILE 0 0, RBB 16 8]          -     r            6201                                                                                      
   RBB_22/A                   RBB_6L       22  [TILE 0 0, RBB 16 8]       1013     r            7214     {inst8: led_internal_FDRE_Q_D_LUT4_O (LUT,site=alut)}                            
   led_internal_FDRE_Q_D      Net          96            (fanout=1)       1679                     -                                                                                      
   RBB_2/O[0]                 IOB           2  [TILE 0 0, RBB 31 6]          -     r            8893     {inst7: led_internal_FDRE_Q (FDRE)} {(output_port) inst111: g_111_led_obuf (IO)} 
   -----------------------------------------------------------------------------------------------------------------------------------------------------------------------------------------
   RBB_2/CLK                  IOB           2  [TILE 0 0, RBB 31 6]        806     r            9699                                                                                      
   clk_BUFG_I_O               Clock net    82          (fanout=519)      -2456                     -                                                                                      
   clk                        CLOCK-PORT    -                     -    capture     r            7243                                                                                      
   -----------------------------------------------------------------------------------------------------------------------------------------------------------------------------------------


Path 277:
   Slack (met):                             12629ps
     Path type:                               SETUP
     Group:                               <DEFAULT>
     Launching clock:                           clk (rising edge)
     Capturing clock:                           clk (rising edge)

     Requested period:                      20000ps
   + Delay of the capturing clock:           2449ps
   - Clock uncertainty:                       150ps
   = Required time:                         22299ps
   - Propagation time:                       7185ps (50.5% logic, 49.5% route, logic stage 3)
   - Delay of the launching clock:           2485ps
   = Slack:                                 12629ps

   Instance/Pin or Net Name                                                                Type         ID     Location or Fanout   Delay(ps)  Edge  Arrival Time(ps)    Instance detail                                                                                                             
   ----------------------------------------------------------------------------------------------------------------------------------------------------------------------------------------------------------------------------------------------------------------------------------------------------
   clk                                                                                     CLOCK-PORT    -                      -     launch     r               0                                                                                                                                   
   clk_BUFG_I_O                                                                            Clock net    82           (fanout=519)       2485                     -                                                                                                                                   
   RBB_12/CLK                                                                              RBB_6L       12  [TILE 0 0, RBB 10 18]          -     r            2485                                                                                                                                   
   ----------------------------------------------------------------------------------------------------------------------------------------------------------------------------------------------------------------------------------------------------------------------------------------------------
   RBB_12/DQ                                                                               RBB_6L       12  [TILE 0 0, RBB 10 18]        800     r            3285     {inst45: r_Clock_Count_FDRE_Q_15 (FDRE,site=dff)}                                                                             
   r_Clock_Count[2]                                                                        Net          10             (fanout=4)       1718                     -                                                                                                                                   
   RBB_18/D4                                                                               RBB_6L       18  [TILE 0 0, RBB 10 20]          -     r            5003                                                                                                                                   
   RBB_18/D                                                                                RBB_6L       18  [TILE 0 0, RBB 10 20]        703     r            5706     {inst69: r_Clock_Count_FDRE_Q_9_D_LUT6_O_I4_CARRY4_O_CI_CARRY4_CO_CI_CARRY4_CO_O_2_CARRY4_O_S_1_LUT6_O (LUT,site=dlut,dluto)} 
   r_Clock_Count_FDRE_Q_9_D_LUT6_O_I4_CARRY4_O_CI_CARRY4_CO_CI_CARRY4_CO_O_2_CARRY4_O_S_1  Net         151             (fanout=1)       1238                     -                                                                                                                                   
   RBB_8/A1                                                                                RBB_6L        8  [TILE 0 0, RBB 13 14]          -     r            6944                                                                                                                                   
   RBB_8/DMUX                                                                              RBB_6L        8  [TILE 0 0, RBB 13 14]       1342     r            8286     {inst60: r_Clock_Count_FDRE_Q_9_D_LUT6_O_I4_CARRY4_O_CI_CARRY4_CO_CI_CARRY4_CO_O_2_CARRY4_O (CARRY4)}                         
   r_Clock_Count_FDRE_Q_9_D_LUT6_O_I4_CARRY4_O_CI_CARRY4_CO_CI_CARRY4_CO_O_2[5]            Net          80            (fanout=13)        599                     -                                                                                                                                   
   RBB_8/D5                                                                                RBB_6L        8  [TILE 0 0, RBB 13 14]          -     r            8885     {inst20: r_Bit_Index_FDRE_Q_D_LUT2_O_I1_CARRY4_O_O_LUT5_I3 (LUT,site=dluto)} {inst98: r_SM_Main_FDRE_Q (FD,site=dff)}         
   ----------------------------------------------------------------------------------------------------------------------------------------------------------------------------------------------------------------------------------------------------------------------------------------------------
   RBB_8/CLK                                                                               RBB_6L        8  [TILE 0 0, RBB 13 14]        785     r            9670                                                                                                                                   
   clk_BUFG_I_O                                                                            Clock net    82           (fanout=519)      -2449                     -                                                                                                                                   
   clk                                                                                     CLOCK-PORT    -                      -    capture     r            7221                                                                                                                                   
   ----------------------------------------------------------------------------------------------------------------------------------------------------------------------------------------------------------------------------------------------------------------------------------------------------


Path 124:
   Slack (met):                             12638ps
     Path type:                               SETUP
     Group:                               <DEFAULT>
     Launching clock:                           clk (rising edge)
     Capturing clock:                           clk (rising edge)

     Requested period:                      20000ps
   + Delay of the capturing clock:           2475ps
   - Clock uncertainty:                       150ps
   = Required time:                         22325ps
   - Propagation time:                       7225ps (51.1% logic, 48.9% route, logic stage 4)
   - Delay of the launching clock:           2462ps
   = Slack:                                 12638ps

   Instance/Pin or Net Name                                     Type         ID     Location or Fanout   Delay(ps)  Edge  Arrival Time(ps)    Instance detail                                                                                               
   -----------------------------------------------------------------------------------------------------------------------------------------------------------------------------------------------------------------------------------------------------------
   clk                                                          CLOCK-PORT    -                      -     launch     r               0                                                                                                                     
   clk_BUFG_I_O                                                 Clock net    82           (fanout=519)       2462                     -                                                                                                                     
   RBB_14/CLK                                                   RBB_6L       14   [TILE 0 0, RBB 7 18]          -     r            2462                                                                                                                     
   -----------------------------------------------------------------------------------------------------------------------------------------------------------------------------------------------------------------------------------------------------------
   RBB_14/DQ                                                    RBB_6L       14   [TILE 0 0, RBB 7 18]        800     r            3262     {inst47: r_Clock_Count_FDRE_Q_17 (FDRE,site=dff)}                                                               
   r_Clock_Count[0]                                             Net           8             (fanout=4)       1441                     -                                                                                                                     
   RBB_5/A1                                                     RBB_6L        5  [TILE 0 0, RBB 13 18]          -     r            4703                                                                                                                     
   RBB_5/COUT                                                   RBB_6L        5  [TILE 0 0, RBB 13 18]       1268     r            5971     {inst59: r_Clock_Count_FDRE_Q_9_D_LUT6_O_I4_CARRY4_O_CI_CARRY4_CO_CI_CARRY4_CO (CARRY4)}                        
   r_Clock_Count_FDRE_Q_9_D_LUT6_O_I4_CARRY4_O_CI_CARRY4_CO_CI  Net         130             (fanout=1)          0                     -                                                                                                                     
   RBB_6/CIN                                                    RBB_6L        6  [TILE 0 0, RBB 16 18]          -     r            5971                                                                                                                     
   RBB_6/COUT                                                   RBB_6L        6  [TILE 0 0, RBB 16 18]        292     r            6263     {inst58: r_Clock_Count_FDRE_Q_9_D_LUT6_O_I4_CARRY4_O_CI_CARRY4_CO (CARRY4)}                                     
   r_Clock_Count_FDRE_Q_9_D_LUT6_O_I4_CARRY4_O_CI               Net         147             (fanout=1)          0                     -                                                                                                                     
   RBB_7/CIN                                                    RBB_6L        7  [TILE 0 0, RBB 19 18]          -     r            6263                                                                                                                     
   RBB_7/AMUX                                                   RBB_6L        7  [TILE 0 0, RBB 19 18]        497     r            6760     {inst57: r_Clock_Count_FDRE_Q_9_D_LUT6_O_I4_CARRY4_O (CARRY4)}                                                  
   r_Clock_Count_FDRE_Q_9_D_LUT6_O_I4[2]                        Net          89             (fanout=1)       2093                     -                                                                                                                     
   RBB_11/D2                                                    RBB_6L       11  [TILE 0 0, RBB 10 14]          -     r            8853     {inst56: r_Clock_Count_FDRE_Q_9_D_LUT6_O (LUT,site=dlut,dluto)} {inst55: r_Clock_Count_FDRE_Q_9 (FDR,site=dff)} 
   -----------------------------------------------------------------------------------------------------------------------------------------------------------------------------------------------------------------------------------------------------------
   RBB_11/CLK                                                   RBB_6L       11  [TILE 0 0, RBB 10 14]        834     r            9687                                                                                                                     
   clk_BUFG_I_O                                                 Clock net    82           (fanout=519)      -2475                     -                                                                                                                     
   clk                                                          CLOCK-PORT    -                      -    capture     r            7212                                                                                                                     
   -----------------------------------------------------------------------------------------------------------------------------------------------------------------------------------------------------------------------------------------------------------


Path 280:
   Slack (met):                             12661ps
     Path type:                               SETUP
     Group:                               <DEFAULT>
     Launching clock:                           clk (rising edge)
     Capturing clock:                           clk (rising edge)

     Requested period:                      20000ps
   + Delay of the capturing clock:           2434ps
   - Clock uncertainty:                       150ps
   = Required time:                         22284ps
   - Propagation time:                       7148ps (50.0% logic, 50.0% route, logic stage 3)
   - Delay of the launching clock:           2475ps
   = Slack:                                 12661ps

   Instance/Pin or Net Name                                                       Type         ID     Location or Fanout   Delay(ps)  Edge  Arrival Time(ps)    Instance detail                                                                                                                              
   ------------------------------------------------------------------------------------------------------------------------------------------------------------------------------------------------------------------------------------------------------------------------------------------------------------
   clk                                                                            CLOCK-PORT    -                      -     launch     r               0                                                                                                                                                    
   clk_BUFG_I_O                                                                   Clock net    82           (fanout=519)       2475                     -                                                                                                                                                    
   RBB_11/CLK                                                                     RBB_6L       11  [TILE 0 0, RBB 10 14]          -     r            2475                                                                                                                                                    
   ------------------------------------------------------------------------------------------------------------------------------------------------------------------------------------------------------------------------------------------------------------------------------------------------------------
   RBB_11/CQ                                                                      RBB_6L       11  [TILE 0 0, RBB 10 14]        800     r            3275     {inst11: r_Bit_Index_FDRE_Q_2 (FDR,site=cff)}                                                                                                  
   r_Bit_Index[0]                                                                 Net          26             (fanout=7)       1325                     -                                                                                                                                                    
   RBB_3/A5                                                                       RBB_6L        3  [TILE 0 0, RBB 13 10]          -     r            4600                                                                                                                                                    
   RBB_3/BQ                                                                       RBB_6L        3  [TILE 0 0, RBB 13 10]       1313     r            5913     {inst16: r_Bit_Index_FDRE_Q_D_LUT2_O_I1_CARRY4_O (CARRY4)}                                                                                     
   r_Bit_Index_FDRE_Q_D_LUT2_O_I1_CARRY4_O_O_1[1]                                 Net          91             (fanout=6)       1357                     -                                                                                                                                                    
   RBB_26/D2                                                                      RBB_6L       26  [TILE 0 0, RBB 16 14]          -     r            7270                                                                                                                                                    
   RBB_26/D                                                                       RBB_6L       26  [TILE 0 0, RBB 16 14]        659     r            7929     {inst30: r_Bit_Index_FDRE_Q_D_LUT2_O_I1_CARRY4_O_S_CARRY4_S_O_LUT4_I3_O_LUT4_O_2_I3_LUT3_O (LUT,site=dlut)}                                    
   r_Bit_Index_FDRE_Q_D_LUT2_O_I1_CARRY4_O_S_CARRY4_S_O_LUT4_I3_O_LUT4_O_2_I3[3]  Net          66             (fanout=1)        893                     -                                                                                                                                                    
   RBB_20/C2                                                                      RBB_6L       20  [TILE 0 0, RBB 16 10]          -     r            8822     {inst29: r_Bit_Index_FDRE_Q_D_LUT2_O_I1_CARRY4_O_S_CARRY4_S_O_LUT4_I3_O_LUT4_O_2 (LUT,site=clut)} {inst87: r_RX_Byte_FDRE_Q_5 (FDRE,site=cff)} 
   ------------------------------------------------------------------------------------------------------------------------------------------------------------------------------------------------------------------------------------------------------------------------------------------------------------
   RBB_20/CLK                                                                     RBB_6L       20  [TILE 0 0, RBB 16 10]        801     r            9623                                                                                                                                                    
   clk_BUFG_I_O                                                                   Clock net    82           (fanout=519)      -2434                     -                                                                                                                                                    
   clk                                                                            CLOCK-PORT    -                      -    capture     r            7189                                                                                                                                                    
   ------------------------------------------------------------------------------------------------------------------------------------------------------------------------------------------------------------------------------------------------------------------------------------------------------------


Path 281:
   Slack (met):                             12697ps
     Path type:                               SETUP
     Group:                               <DEFAULT>
     Launching clock:                           clk (rising edge)
     Capturing clock:                           clk (rising edge)

     Requested period:                      20000ps
   + Delay of the capturing clock:           2475ps
   - Clock uncertainty:                       150ps
   = Required time:                         22325ps
   - Propagation time:                       7143ps (50.1% logic, 49.9% route, logic stage 3)
   - Delay of the launching clock:           2485ps
   = Slack:                                 12697ps

   Instance/Pin or Net Name                                                                Type         ID     Location or Fanout   Delay(ps)  Edge  Arrival Time(ps)    Instance detail                                                                                                             
   ----------------------------------------------------------------------------------------------------------------------------------------------------------------------------------------------------------------------------------------------------------------------------------------------------
   clk                                                                                     CLOCK-PORT    -                      -     launch     r               0                                                                                                                                   
   clk_BUFG_I_O                                                                            Clock net    82           (fanout=519)       2485                     -                                                                                                                                   
   RBB_12/CLK                                                                              RBB_6L       12  [TILE 0 0, RBB 10 18]          -     r            2485                                                                                                                                   
   ----------------------------------------------------------------------------------------------------------------------------------------------------------------------------------------------------------------------------------------------------------------------------------------------------
   RBB_12/DQ                                                                               RBB_6L       12  [TILE 0 0, RBB 10 18]        800     r            3285     {inst45: r_Clock_Count_FDRE_Q_15 (FDRE,site=dff)}                                                                             
   r_Clock_Count[2]                                                                        Net          10             (fanout=4)       1718                     -                                                                                                                                   
   RBB_18/D4                                                                               RBB_6L       18  [TILE 0 0, RBB 10 20]          -     r            5003                                                                                                                                   
   RBB_18/D                                                                                RBB_6L       18  [TILE 0 0, RBB 10 20]        703     r            5706     {inst69: r_Clock_Count_FDRE_Q_9_D_LUT6_O_I4_CARRY4_O_CI_CARRY4_CO_CI_CARRY4_CO_O_2_CARRY4_O_S_1_LUT6_O (LUT,site=dlut,dluto)} 
   r_Clock_Count_FDRE_Q_9_D_LUT6_O_I4_CARRY4_O_CI_CARRY4_CO_CI_CARRY4_CO_O_2_CARRY4_O_S_1  Net         151             (fanout=1)       1238                     -                                                                                                                                   
   RBB_8/A1                                                                                RBB_6L        8  [TILE 0 0, RBB 13 14]          -     r            6944                                                                                                                                   
   RBB_8/DMUX                                                                              RBB_6L        8  [TILE 0 0, RBB 13 14]       1342     r            8286     {inst60: r_Clock_Count_FDRE_Q_9_D_LUT6_O_I4_CARRY4_O_CI_CARRY4_CO_CI_CARRY4_CO_O_2_CARRY4_O (CARRY4)}                         
   r_Clock_Count_FDRE_Q_9_D_LUT6_O_I4_CARRY4_O_CI_CARRY4_CO_CI_CARRY4_CO_O_2[5]            Net          80            (fanout=13)        607                     -                                                                                                                                   
   RBB_11/B6                                                                               RBB_6L       11  [TILE 0 0, RBB 10 14]          -     r            8893     {inst12: r_Bit_Index_FDRE_Q_2_D_LUT6_O (LUT,site=clut,cluto)} {inst11: r_Bit_Index_FDRE_Q_2 (FDR,site=cff)}                   
   ----------------------------------------------------------------------------------------------------------------------------------------------------------------------------------------------------------------------------------------------------------------------------------------------------
   RBB_11/CLK                                                                              RBB_6L       11  [TILE 0 0, RBB 10 14]        735     r            9628                                                                                                                                   
   clk_BUFG_I_O                                                                            Clock net    82           (fanout=519)      -2475                     -                                                                                                                                   
   clk                                                                                     CLOCK-PORT    -                      -    capture     r            7153                                                                                                                                   
   ----------------------------------------------------------------------------------------------------------------------------------------------------------------------------------------------------------------------------------------------------------------------------------------------------


Path 282:
   Slack (met):                             12697ps
     Path type:                               SETUP
     Group:                               <DEFAULT>
     Launching clock:                           clk (rising edge)
     Capturing clock:                           clk (rising edge)

     Requested period:                      20000ps
   + Delay of the capturing clock:           2475ps
   - Clock uncertainty:                       150ps
   = Required time:                         22325ps
   - Propagation time:                       7143ps (50.1% logic, 49.9% route, logic stage 3)
   - Delay of the launching clock:           2485ps
   = Slack:                                 12697ps

   Instance/Pin or Net Name                                                                Type         ID     Location or Fanout   Delay(ps)  Edge  Arrival Time(ps)    Instance detail                                                                                                             
   ----------------------------------------------------------------------------------------------------------------------------------------------------------------------------------------------------------------------------------------------------------------------------------------------------
   clk                                                                                     CLOCK-PORT    -                      -     launch     r               0                                                                                                                                   
   clk_BUFG_I_O                                                                            Clock net    82           (fanout=519)       2485                     -                                                                                                                                   
   RBB_12/CLK                                                                              RBB_6L       12  [TILE 0 0, RBB 10 18]          -     r            2485                                                                                                                                   
   ----------------------------------------------------------------------------------------------------------------------------------------------------------------------------------------------------------------------------------------------------------------------------------------------------
   RBB_12/DQ                                                                               RBB_6L       12  [TILE 0 0, RBB 10 18]        800     r            3285     {inst45: r_Clock_Count_FDRE_Q_15 (FDRE,site=dff)}                                                                             
   r_Clock_Count[2]                                                                        Net          10             (fanout=4)       1718                     -                                                                                                                                   
   RBB_18/D4                                                                               RBB_6L       18  [TILE 0 0, RBB 10 20]          -     r            5003                                                                                                                                   
   RBB_18/D                                                                                RBB_6L       18  [TILE 0 0, RBB 10 20]        703     r            5706     {inst69: r_Clock_Count_FDRE_Q_9_D_LUT6_O_I4_CARRY4_O_CI_CARRY4_CO_CI_CARRY4_CO_O_2_CARRY4_O_S_1_LUT6_O (LUT,site=dlut,dluto)} 
   r_Clock_Count_FDRE_Q_9_D_LUT6_O_I4_CARRY4_O_CI_CARRY4_CO_CI_CARRY4_CO_O_2_CARRY4_O_S_1  Net         151             (fanout=1)       1238                     -                                                                                                                                   
   RBB_8/A1                                                                                RBB_6L        8  [TILE 0 0, RBB 13 14]          -     r            6944                                                                                                                                   
   RBB_8/DMUX                                                                              RBB_6L        8  [TILE 0 0, RBB 13 14]       1342     r            8286     {inst60: r_Clock_Count_FDRE_Q_9_D_LUT6_O_I4_CARRY4_O_CI_CARRY4_CO_CI_CARRY4_CO_O_2_CARRY4_O (CARRY4)}                         
   r_Clock_Count_FDRE_Q_9_D_LUT6_O_I4_CARRY4_O_CI_CARRY4_CO_CI_CARRY4_CO_O_2[5]            Net          80            (fanout=13)        607                     -                                                                                                                                   
   RBB_11/D6                                                                               RBB_6L       11  [TILE 0 0, RBB 10 14]          -     r            8893     {inst12: r_Bit_Index_FDRE_Q_2_D_LUT6_O (LUT,site=clut,cluto)} {inst11: r_Bit_Index_FDRE_Q_2 (FDR,site=cff)}                   
   ----------------------------------------------------------------------------------------------------------------------------------------------------------------------------------------------------------------------------------------------------------------------------------------------------
   RBB_11/CLK                                                                              RBB_6L       11  [TILE 0 0, RBB 10 14]        735     r            9628                                                                                                                                   
   clk_BUFG_I_O                                                                            Clock net    82           (fanout=519)      -2475                     -                                                                                                                                   
   clk                                                                                     CLOCK-PORT    -                      -    capture     r            7153                                                                                                                                   
   ----------------------------------------------------------------------------------------------------------------------------------------------------------------------------------------------------------------------------------------------------------------------------------------------------


Path 279:
   Slack (met):                             12703ps
     Path type:                               SETUP
     Group:                               <DEFAULT>
     Launching clock:                           clk (rising edge)
     Capturing clock:                           clk (rising edge)

     Requested period:                      20000ps
   + Delay of the capturing clock:           2475ps
   - Clock uncertainty:                       150ps
   = Required time:                         22325ps
   - Propagation time:                       7137ps (50.1% logic, 49.9% route, logic stage 3)
   - Delay of the launching clock:           2485ps
   = Slack:                                 12703ps

   Instance/Pin or Net Name                                                                Type         ID     Location or Fanout   Delay(ps)  Edge  Arrival Time(ps)    Instance detail                                                                                                             
   ----------------------------------------------------------------------------------------------------------------------------------------------------------------------------------------------------------------------------------------------------------------------------------------------------
   clk                                                                                     CLOCK-PORT    -                      -     launch     r               0                                                                                                                                   
   clk_BUFG_I_O                                                                            Clock net    82           (fanout=519)       2485                     -                                                                                                                                   
   RBB_12/CLK                                                                              RBB_6L       12  [TILE 0 0, RBB 10 18]          -     r            2485                                                                                                                                   
   ----------------------------------------------------------------------------------------------------------------------------------------------------------------------------------------------------------------------------------------------------------------------------------------------------
   RBB_12/DQ                                                                               RBB_6L       12  [TILE 0 0, RBB 10 18]        800     r            3285     {inst45: r_Clock_Count_FDRE_Q_15 (FDRE,site=dff)}                                                                             
   r_Clock_Count[2]                                                                        Net          10             (fanout=4)       1718                     -                                                                                                                                   
   RBB_18/D4                                                                               RBB_6L       18  [TILE 0 0, RBB 10 20]          -     r            5003                                                                                                                                   
   RBB_18/D                                                                                RBB_6L       18  [TILE 0 0, RBB 10 20]        703     r            5706     {inst69: r_Clock_Count_FDRE_Q_9_D_LUT6_O_I4_CARRY4_O_CI_CARRY4_CO_CI_CARRY4_CO_O_2_CARRY4_O_S_1_LUT6_O (LUT,site=dlut,dluto)} 
   r_Clock_Count_FDRE_Q_9_D_LUT6_O_I4_CARRY4_O_CI_CARRY4_CO_CI_CARRY4_CO_O_2_CARRY4_O_S_1  Net         151             (fanout=1)       1238                     -                                                                                                                                   
   RBB_8/A1                                                                                RBB_6L        8  [TILE 0 0, RBB 13 14]          -     r            6944                                                                                                                                   
   RBB_8/DMUX                                                                              RBB_6L        8  [TILE 0 0, RBB 13 14]       1342     r            8286     {inst60: r_Clock_Count_FDRE_Q_9_D_LUT6_O_I4_CARRY4_O_CI_CARRY4_CO_CI_CARRY4_CO_O_2_CARRY4_O (CARRY4)}                         
   r_Clock_Count_FDRE_Q_9_D_LUT6_O_I4_CARRY4_O_CI_CARRY4_CO_CI_CARRY4_CO_O_2[5]            Net          80            (fanout=13)        607                     -                                                                                                                                   
   RBB_11/D6                                                                               RBB_6L       11  [TILE 0 0, RBB 10 14]          -     r            8893     {inst56: r_Clock_Count_FDRE_Q_9_D_LUT6_O (LUT,site=dlut,dluto)} {inst55: r_Clock_Count_FDRE_Q_9 (FDR,site=dff)}               
   ----------------------------------------------------------------------------------------------------------------------------------------------------------------------------------------------------------------------------------------------------------------------------------------------------
   RBB_11/CLK                                                                              RBB_6L       11  [TILE 0 0, RBB 10 14]        729     r            9622                                                                                                                                   
   clk_BUFG_I_O                                                                            Clock net    82           (fanout=519)      -2475                     -                                                                                                                                   
   clk                                                                                     CLOCK-PORT    -                      -    capture     r            7147                                                                                                                                   
   ----------------------------------------------------------------------------------------------------------------------------------------------------------------------------------------------------------------------------------------------------------------------------------------------------


Path 278:
   Slack (met):                             12703ps
     Path type:                               SETUP
     Group:                               <DEFAULT>
     Launching clock:                           clk (rising edge)
     Capturing clock:                           clk (rising edge)

     Requested period:                      20000ps
   + Delay of the capturing clock:           2475ps
   - Clock uncertainty:                       150ps
   = Required time:                         22325ps
   - Propagation time:                       7137ps (50.1% logic, 49.9% route, logic stage 3)
   - Delay of the launching clock:           2485ps
   = Slack:                                 12703ps

   Instance/Pin or Net Name                                                                Type         ID     Location or Fanout   Delay(ps)  Edge  Arrival Time(ps)    Instance detail                                                                                                             
   ----------------------------------------------------------------------------------------------------------------------------------------------------------------------------------------------------------------------------------------------------------------------------------------------------
   clk                                                                                     CLOCK-PORT    -                      -     launch     r               0                                                                                                                                   
   clk_BUFG_I_O                                                                            Clock net    82           (fanout=519)       2485                     -                                                                                                                                   
   RBB_12/CLK                                                                              RBB_6L       12  [TILE 0 0, RBB 10 18]          -     r            2485                                                                                                                                   
   ----------------------------------------------------------------------------------------------------------------------------------------------------------------------------------------------------------------------------------------------------------------------------------------------------
   RBB_12/DQ                                                                               RBB_6L       12  [TILE 0 0, RBB 10 18]        800     r            3285     {inst45: r_Clock_Count_FDRE_Q_15 (FDRE,site=dff)}                                                                             
   r_Clock_Count[2]                                                                        Net          10             (fanout=4)       1718                     -                                                                                                                                   
   RBB_18/D4                                                                               RBB_6L       18  [TILE 0 0, RBB 10 20]          -     r            5003                                                                                                                                   
   RBB_18/D                                                                                RBB_6L       18  [TILE 0 0, RBB 10 20]        703     r            5706     {inst69: r_Clock_Count_FDRE_Q_9_D_LUT6_O_I4_CARRY4_O_CI_CARRY4_CO_CI_CARRY4_CO_O_2_CARRY4_O_S_1_LUT6_O (LUT,site=dlut,dluto)} 
   r_Clock_Count_FDRE_Q_9_D_LUT6_O_I4_CARRY4_O_CI_CARRY4_CO_CI_CARRY4_CO_O_2_CARRY4_O_S_1  Net         151             (fanout=1)       1238                     -                                                                                                                                   
   RBB_8/A1                                                                                RBB_6L        8  [TILE 0 0, RBB 13 14]          -     r            6944                                                                                                                                   
   RBB_8/DMUX                                                                              RBB_6L        8  [TILE 0 0, RBB 13 14]       1342     r            8286     {inst60: r_Clock_Count_FDRE_Q_9_D_LUT6_O_I4_CARRY4_O_CI_CARRY4_CO_CI_CARRY4_CO_O_2_CARRY4_O (CARRY4)}                         
   r_Clock_Count_FDRE_Q_9_D_LUT6_O_I4_CARRY4_O_CI_CARRY4_CO_CI_CARRY4_CO_O_2[5]            Net          80            (fanout=13)        607                     -                                                                                                                                   
   RBB_11/B6                                                                               RBB_6L       11  [TILE 0 0, RBB 10 14]          -     r            8893     {inst56: r_Clock_Count_FDRE_Q_9_D_LUT6_O (LUT,site=dlut,dluto)} {inst55: r_Clock_Count_FDRE_Q_9 (FDR,site=dff)}               
   ----------------------------------------------------------------------------------------------------------------------------------------------------------------------------------------------------------------------------------------------------------------------------------------------------
   RBB_11/CLK                                                                              RBB_6L       11  [TILE 0 0, RBB 10 14]        729     r            9622                                                                                                                                   
   clk_BUFG_I_O                                                                            Clock net    82           (fanout=519)      -2475                     -                                                                                                                                   
   clk                                                                                     CLOCK-PORT    -                      -    capture     r            7147                                                                                                                                   
   ----------------------------------------------------------------------------------------------------------------------------------------------------------------------------------------------------------------------------------------------------------------------------------------------------


Path 288:
   Slack (met):                             12813ps
     Path type:                               SETUP
     Group:                               <DEFAULT>
     Launching clock:                           clk (rising edge)
     Capturing clock:                           clk (rising edge)

     Requested period:                      20000ps
   + Delay of the capturing clock:           2336ps
   - Clock uncertainty:                       150ps
   = Required time:                         22186ps
   - Propagation time:                       6898ps (60.3% logic, 39.7% route, logic stage 3)
   - Delay of the launching clock:           2475ps
   = Slack:                                 12813ps

   Instance/Pin or Net Name                                   Type         ID     Location or Fanout   Delay(ps)  Edge  Arrival Time(ps)    Instance detail                                                                                                                            
   --------------------------------------------------------------------------------------------------------------------------------------------------------------------------------------------------------------------------------------------------------------------------------------
   clk                                                        CLOCK-PORT    -                      -     launch     r               0                                                                                                                                                  
   clk_BUFG_I_O                                               Clock net    82           (fanout=519)       2475                     -                                                                                                                                                  
   RBB_11/CLK                                                 RBB_6L       11  [TILE 0 0, RBB 10 14]          -     r            2475                                                                                                                                                  
   --------------------------------------------------------------------------------------------------------------------------------------------------------------------------------------------------------------------------------------------------------------------------------------
   RBB_11/CQ                                                  RBB_6L       11  [TILE 0 0, RBB 10 14]        800     r            3275     {inst11: r_Bit_Index_FDRE_Q_2 (FDR,site=cff)}                                                                                                
   r_Bit_Index[0]                                             Net          26             (fanout=7)       1325                     -                                                                                                                                                  
   RBB_3/A5                                                   RBB_6L        3  [TILE 0 0, RBB 13 10]          -     r            4600                                                                                                                                                  
   RBB_3/BQ                                                   RBB_6L        3  [TILE 0 0, RBB 13 10]       1313     r            5913     {inst16: r_Bit_Index_FDRE_Q_D_LUT2_O_I1_CARRY4_O (CARRY4)}                                                                                   
   r_Bit_Index_FDRE_Q_D_LUT2_O_I1_CARRY4_O_O_1[1]             Net          91             (fanout=6)        824                     -                                                                                                                                                  
   RBB_3/C4                                                   RBB_6L        3  [TILE 0 0, RBB 13 10]          -     r            6737                                                                                                                                                  
   RBB_3/CMUX                                                 RBB_6L        3  [TILE 0 0, RBB 13 10]        835     r            7572     {inst24: r_Bit_Index_FDRE_Q_D_LUT2_O_I1_CARRY4_O_S_CARRY4_S_O_1_LUT2_O (LUT,site=cluto)}                                                     
   r_Bit_Index_FDRE_Q_D_LUT2_O_I1_CARRY4_O_S_CARRY4_S_O_1[4]  Net          88             (fanout=2)        590                     -                                                                                                                                                  
   RBB_19/B2                                                  RBB_6L       19   [TILE 0 0, RBB 13 8]          -     r            8162     {inst31: r_Bit_Index_FDRE_Q_D_LUT2_O_I1_CARRY4_O_S_CARRY4_S_O_LUT4_I3_O_LUT5_O (LUT,site=blut)} {inst84: r_RX_Byte_FDRE_Q_2 (FDRE,site=bff)} 
   --------------------------------------------------------------------------------------------------------------------------------------------------------------------------------------------------------------------------------------------------------------------------------------
   RBB_19/CLK                                                 RBB_6L       19   [TILE 0 0, RBB 13 8]       1211     r            9373                                                                                                                                                  
   clk_BUFG_I_O                                               Clock net    82           (fanout=519)      -2336                     -                                                                                                                                                  
   clk                                                        CLOCK-PORT    -                      -    capture     r            7037                                                                                                                                                  
   --------------------------------------------------------------------------------------------------------------------------------------------------------------------------------------------------------------------------------------------------------------------------------------


Path 283:
   Slack (met):                             12920ps
     Path type:                               SETUP
     Group:                               <DEFAULT>
     Launching clock:                           clk (rising edge)
     Capturing clock:                           clk (rising edge)

     Requested period:                      20000ps
   + Delay of the capturing clock:           2336ps
   - Clock uncertainty:                       150ps
   = Required time:                         22186ps
   - Propagation time:                       6791ps (59.4% logic, 40.6% route, logic stage 3)
   - Delay of the launching clock:           2475ps
   = Slack:                                 12920ps

   Instance/Pin or Net Name                         Type         ID     Location or Fanout   Delay(ps)  Edge  Arrival Time(ps)    Instance detail                                                                                                                              
   ------------------------------------------------------------------------------------------------------------------------------------------------------------------------------------------------------------------------------------------------------------------------------
   clk                                              CLOCK-PORT    -                      -     launch     r               0                                                                                                                                                    
   clk_BUFG_I_O                                     Clock net    82           (fanout=519)       2475                     -                                                                                                                                                    
   RBB_11/CLK                                       RBB_6L       11  [TILE 0 0, RBB 10 14]          -     r            2475                                                                                                                                                    
   ------------------------------------------------------------------------------------------------------------------------------------------------------------------------------------------------------------------------------------------------------------------------------
   RBB_11/CQ                                        RBB_6L       11  [TILE 0 0, RBB 10 14]        800     r            3275     {inst11: r_Bit_Index_FDRE_Q_2 (FDR,site=cff)}                                                                                                  
   r_Bit_Index[0]                                   Net          26             (fanout=7)       1325                     -                                                                                                                                                    
   RBB_3/A5                                         RBB_6L        3  [TILE 0 0, RBB 13 10]          -     r            4600                                                                                                                                                    
   RBB_3/BQ                                         RBB_6L        3  [TILE 0 0, RBB 13 10]       1313     r            5913     {inst16: r_Bit_Index_FDRE_Q_D_LUT2_O_I1_CARRY4_O (CARRY4)}                                                                                     
   r_Bit_Index_FDRE_Q_D_LUT2_O_I1_CARRY4_O_O_1[1]   Net          91             (fanout=6)        837                     -                                                                                                                                                    
   RBB_3/D4                                         RBB_6L        3  [TILE 0 0, RBB 13 10]          -     r            6750                                                                                                                                                    
   RBB_3/DMUX                                       RBB_6L        3  [TILE 0 0, RBB 13 10]        612     r            7362     {inst17: r_Bit_Index_FDRE_Q_D_LUT2_O_I1_CARRY4_O_CO_2_LUT3_O (LUT,site=dluto)}                                                                 
   r_Bit_Index_FDRE_Q_D_LUT2_O_I1_CARRY4_O_CO_2[4]  Net         122             (fanout=2)        596                     -                                                                                                                                                    
   RBB_19/A3                                        RBB_6L       19   [TILE 0 0, RBB 13 8]          -     r            7958     {inst32: r_Bit_Index_FDRE_Q_D_LUT2_O_I1_CARRY4_O_S_CARRY4_S_O_LUT4_I3_O_LUT5_O_1 (LUT,site=alut)} {inst86: r_RX_Byte_FDRE_Q_4 (FDRE,site=aff)} 
   ------------------------------------------------------------------------------------------------------------------------------------------------------------------------------------------------------------------------------------------------------------------------------
   RBB_19/CLK                                       RBB_6L       19   [TILE 0 0, RBB 13 8]       1308     r            9266                                                                                                                                                    
   clk_BUFG_I_O                                     Clock net    82           (fanout=519)      -2336                     -                                                                                                                                                    
   clk                                              CLOCK-PORT    -                      -    capture     r            6930                                                                                                                                                    
   ------------------------------------------------------------------------------------------------------------------------------------------------------------------------------------------------------------------------------------------------------------------------------


Path 284:
   Slack (met):                             12964ps
     Path type:                               SETUP
     Group:                               <DEFAULT>
     Launching clock:                           clk (rising edge)
     Capturing clock:                           clk (rising edge)

     Requested period:                      20000ps
   + Delay of the capturing clock:           2336ps
   - Clock uncertainty:                       150ps
   = Required time:                         22186ps
   - Propagation time:                       6747ps (59.3% logic, 40.7% route, logic stage 3)
   - Delay of the launching clock:           2475ps
   = Slack:                                 12964ps

   Instance/Pin or Net Name                         Type         ID     Location or Fanout   Delay(ps)  Edge  Arrival Time(ps)    Instance detail                                                                                                                          
   --------------------------------------------------------------------------------------------------------------------------------------------------------------------------------------------------------------------------------------------------------------------------
   clk                                              CLOCK-PORT    -                      -     launch     r               0                                                                                                                                                
   clk_BUFG_I_O                                     Clock net    82           (fanout=519)       2475                     -                                                                                                                                                
   RBB_11/CLK                                       RBB_6L       11  [TILE 0 0, RBB 10 14]          -     r            2475                                                                                                                                                
   --------------------------------------------------------------------------------------------------------------------------------------------------------------------------------------------------------------------------------------------------------------------------
   RBB_11/CQ                                        RBB_6L       11  [TILE 0 0, RBB 10 14]        800     r            3275     {inst11: r_Bit_Index_FDRE_Q_2 (FDR,site=cff)}                                                                                              
   r_Bit_Index[0]                                   Net          26             (fanout=7)       1325                     -                                                                                                                                                
   RBB_3/A5                                         RBB_6L        3  [TILE 0 0, RBB 13 10]          -     r            4600                                                                                                                                                
   RBB_3/BQ                                         RBB_6L        3  [TILE 0 0, RBB 13 10]       1313     r            5913     {inst16: r_Bit_Index_FDRE_Q_D_LUT2_O_I1_CARRY4_O (CARRY4)}                                                                                 
   r_Bit_Index_FDRE_Q_D_LUT2_O_I1_CARRY4_O_O_1[1]   Net          91             (fanout=6)        837                     -                                                                                                                                                
   RBB_3/D4                                         RBB_6L        3  [TILE 0 0, RBB 13 10]          -     r            6750                                                                                                                                                
   RBB_3/DMUX                                       RBB_6L        3  [TILE 0 0, RBB 13 10]        612     r            7362     {inst17: r_Bit_Index_FDRE_Q_D_LUT2_O_I1_CARRY4_O_CO_2_LUT3_O (LUT,site=dluto)}                                                             
   r_Bit_Index_FDRE_Q_D_LUT2_O_I1_CARRY4_O_CO_2[4]  Net         122             (fanout=2)        584                     -                                                                                                                                                
   RBB_19/D3                                        RBB_6L       19   [TILE 0 0, RBB 13 8]          -     r            7946     {inst26: r_Bit_Index_FDRE_Q_D_LUT2_O_I1_CARRY4_O_S_CARRY4_S_O_LUT4_I3_O_LUT4_O (LUT,site=dlut)} {inst82: r_RX_Byte_FDRE_Q (FDRE,site=dff)} 
   --------------------------------------------------------------------------------------------------------------------------------------------------------------------------------------------------------------------------------------------------------------------------
   RBB_19/CLK                                       RBB_6L       19   [TILE 0 0, RBB 13 8]       1276     r            9222                                                                                                                                                
   clk_BUFG_I_O                                     Clock net    82           (fanout=519)      -2336                     -                                                                                                                                                
   clk                                              CLOCK-PORT    -                      -    capture     r            6886                                                                                                                                                
   --------------------------------------------------------------------------------------------------------------------------------------------------------------------------------------------------------------------------------------------------------------------------


Path 286:
   Slack (met):                             13073ps
     Path type:                               SETUP
     Group:                               <DEFAULT>
     Launching clock:                           clk (rising edge)
     Capturing clock:                           clk (rising edge)

     Requested period:                      20000ps
   + Delay of the capturing clock:           2434ps
   - Clock uncertainty:                       150ps
   = Required time:                         22284ps
   - Propagation time:                       6736ps (54.4% logic, 45.6% route, logic stage 3)
   - Delay of the launching clock:           2475ps
   = Slack:                                 13073ps

   Instance/Pin or Net Name                                   Type         ID     Location or Fanout   Delay(ps)  Edge  Arrival Time(ps)    Instance detail                                                                                                                              
   ----------------------------------------------------------------------------------------------------------------------------------------------------------------------------------------------------------------------------------------------------------------------------------------
   clk                                                        CLOCK-PORT    -                      -     launch     r               0                                                                                                                                                    
   clk_BUFG_I_O                                               Clock net    82           (fanout=519)       2475                     -                                                                                                                                                    
   RBB_11/CLK                                                 RBB_6L       11  [TILE 0 0, RBB 10 14]          -     r            2475                                                                                                                                                    
   ----------------------------------------------------------------------------------------------------------------------------------------------------------------------------------------------------------------------------------------------------------------------------------------
   RBB_11/CQ                                                  RBB_6L       11  [TILE 0 0, RBB 10 14]        800     r            3275     {inst11: r_Bit_Index_FDRE_Q_2 (FDR,site=cff)}                                                                                                  
   r_Bit_Index[0]                                             Net          26             (fanout=7)       1325                     -                                                                                                                                                    
   RBB_3/A5                                                   RBB_6L        3  [TILE 0 0, RBB 13 10]          -     r            4600                                                                                                                                                    
   RBB_3/BQ                                                   RBB_6L        3  [TILE 0 0, RBB 13 10]       1313     r            5913     {inst16: r_Bit_Index_FDRE_Q_D_LUT2_O_I1_CARRY4_O (CARRY4)}                                                                                     
   r_Bit_Index_FDRE_Q_D_LUT2_O_I1_CARRY4_O_O_1[1]             Net          91             (fanout=6)        824                     -                                                                                                                                                    
   RBB_3/C4                                                   RBB_6L        3  [TILE 0 0, RBB 13 10]          -     r            6737                                                                                                                                                    
   RBB_3/CMUX                                                 RBB_6L        3  [TILE 0 0, RBB 13 10]        835     r            7572     {inst24: r_Bit_Index_FDRE_Q_D_LUT2_O_I1_CARRY4_O_S_CARRY4_S_O_1_LUT2_O (LUT,site=cluto)}                                                       
   r_Bit_Index_FDRE_Q_D_LUT2_O_I1_CARRY4_O_S_CARRY4_S_O_1[4]  Net          88             (fanout=2)        925                     -                                                                                                                                                    
   RBB_20/B3                                                  RBB_6L       20  [TILE 0 0, RBB 16 10]          -     r            8497     {inst33: r_Bit_Index_FDRE_Q_D_LUT2_O_I1_CARRY4_O_S_CARRY4_S_O_LUT4_I3_O_LUT5_O_2 (LUT,site=blut)} {inst88: r_RX_Byte_FDRE_Q_6 (FDRE,site=bff)} 
   ----------------------------------------------------------------------------------------------------------------------------------------------------------------------------------------------------------------------------------------------------------------------------------------
   RBB_20/CLK                                                 RBB_6L       20  [TILE 0 0, RBB 16 10]        714     r            9211                                                                                                                                                    
   clk_BUFG_I_O                                               Clock net    82           (fanout=519)      -2434                     -                                                                                                                                                    
   clk                                                        CLOCK-PORT    -                      -    capture     r            6777                                                                                                                                                    
   ----------------------------------------------------------------------------------------------------------------------------------------------------------------------------------------------------------------------------------------------------------------------------------------


Path 145:
   Slack (met):                             13095ps
     Path type:                               SETUP
     Group:                               <DEFAULT>
     Launching clock:                           clk (rising edge)
     Capturing clock:                           clk (rising edge)

     Requested period:                      20000ps
   + Delay of the capturing clock:           2336ps
   - Clock uncertainty:                       150ps
   = Required time:                         22186ps
   - Propagation time:                       6616ps (58.9% logic, 41.1% route, logic stage 2)
   - Delay of the launching clock:           2475ps
   = Slack:                                 13095ps

   Instance/Pin or Net Name                                 Type         ID     Location or Fanout   Delay(ps)  Edge  Arrival Time(ps)    Instance detail                                                                                  
   ------------------------------------------------------------------------------------------------------------------------------------------------------------------------------------------------------------------------------------------
   clk                                                      CLOCK-PORT    -                      -     launch     r               0                                                                                                        
   clk_BUFG_I_O                                             Clock net    82           (fanout=519)       2475                     -                                                                                                        
   RBB_11/CLK                                               RBB_6L       11  [TILE 0 0, RBB 10 14]          -     r            2475                                                                                                        
   ------------------------------------------------------------------------------------------------------------------------------------------------------------------------------------------------------------------------------------------
   RBB_11/CMUX                                              RBB_6L       11  [TILE 0 0, RBB 10 14]       1379     r            3854     {inst107: rx_sync_FDSE_Q (FDR,site=cffo)}                                                          
   r_Bit_Index_FDRE_Q_D_LUT2_O_I1_CARRY4_O_S_CARRY4_S_O[2]  Net         149            (fanout=11)       1449                     -                                                                                                        
   RBB_22/D2                                                RBB_6L       22   [TILE 0 0, RBB 16 8]          -     r            5303                                                                                                        
   RBB_22/D                                                 RBB_6L       22   [TILE 0 0, RBB 16 8]       1205     r            6508     {inst93: r_RX_DV_FDRE_Q_D_LUT2_O (LUT,site=dlut)}                                                  
   r_RX_DV_FDRE_Q_D[1]                                      Net         106             (fanout=1)       1269                     -                                                                                                        
   RBB_23/D2                                                RBB_6L       23   [TILE 0 0, RBB 10 8]          -     r            7777     {inst102: r_SM_Main_FDRE_Q_3_D_LUT3_O (LUT,site=dlut)} {inst101: r_SM_Main_FDRE_Q_3 (FD,site=dff)} 
   ------------------------------------------------------------------------------------------------------------------------------------------------------------------------------------------------------------------------------------------
   RBB_23/CLK                                               RBB_6L       23   [TILE 0 0, RBB 10 8]       1314     r            9091                                                                                                        
   clk_BUFG_I_O                                             Clock net    82           (fanout=519)      -2336                     -                                                                                                        
   clk                                                      CLOCK-PORT    -                      -    capture     r            6755                                                                                                        
   ------------------------------------------------------------------------------------------------------------------------------------------------------------------------------------------------------------------------------------------


Path 134:
   Slack (met):                             13597ps
     Path type:                               SETUP
     Group:                               <DEFAULT>
     Launching clock:                           clk (rising edge)
     Capturing clock:                           clk (rising edge)

     Requested period:                      20000ps
   + Delay of the capturing clock:           2476ps
   - Clock uncertainty:                       150ps
   = Required time:                         22326ps
   - Propagation time:                       6267ps (57.3% logic, 42.7% route, logic stage 3)
   - Delay of the launching clock:           2462ps
   = Slack:                                 13597ps

   Instance/Pin or Net Name                                         Type         ID     Location or Fanout   Delay(ps)  Edge  Arrival Time(ps)    Instance detail                                                                                                                                      
   ------------------------------------------------------------------------------------------------------------------------------------------------------------------------------------------------------------------------------------------------------------------------------------------------------
   clk                                                              CLOCK-PORT    -                      -     launch     r               0                                                                                                                                                            
   clk_BUFG_I_O                                                     Clock net    82           (fanout=519)       2462                     -                                                                                                                                                            
   RBB_14/CLK                                                       RBB_6L       14   [TILE 0 0, RBB 7 18]          -     r            2462                                                                                                                                                            
   ------------------------------------------------------------------------------------------------------------------------------------------------------------------------------------------------------------------------------------------------------------------------------------------------------
   RBB_14/DQ                                                        RBB_6L       14   [TILE 0 0, RBB 7 18]        800     r            3262     {inst47: r_Clock_Count_FDRE_Q_17 (FDRE,site=dff)}                                                                                                      
   r_Clock_Count[0]                                                 Net           8             (fanout=4)       1441                     -                                                                                                                                                            
   RBB_5/A1                                                         RBB_6L        5  [TILE 0 0, RBB 13 18]          -     r            4703                                                                                                                                                            
   RBB_5/COUT                                                       RBB_6L        5  [TILE 0 0, RBB 13 18]       1268     r            5971     {inst59: r_Clock_Count_FDRE_Q_9_D_LUT6_O_I4_CARRY4_O_CI_CARRY4_CO_CI_CARRY4_CO (CARRY4)}                                                               
   r_Clock_Count_FDRE_Q_9_D_LUT6_O_I4_CARRY4_O_CI_CARRY4_CO_CI      Net         130             (fanout=1)          0                     -                                                                                                                                                            
   RBB_6/CIN                                                        RBB_6L        6  [TILE 0 0, RBB 16 18]          -     r            5971                                                                                                                                                            
   RBB_6/BMUX                                                       RBB_6L        6  [TILE 0 0, RBB 16 18]        653     r            6624     {inst58: r_Clock_Count_FDRE_Q_9_D_LUT6_O_I4_CARRY4_O_CI_CARRY4_CO (CARRY4)}                                                                            
   r_Clock_Count_FDRE_Q_9_D_LUT6_O_I4_CARRY4_O_CI_CARRY4_CO_O_2[3]  Net          64             (fanout=1)       1234                     -                                                                                                                                                            
   RBB_13/C1                                                        RBB_6L       13  [TILE 0 0, RBB 10 16]          -     r            7858     {inst74: r_Clock_Count_FDRE_Q_9_D_LUT6_O_I4_CARRY4_O_CI_CARRY4_CO_O_2_LUT6_I3 (LUT,site=clut,cluto)} {inst42: r_Clock_Count_FDRE_Q_12 (FDRE,site=cff)} 
   ------------------------------------------------------------------------------------------------------------------------------------------------------------------------------------------------------------------------------------------------------------------------------------------------------
   RBB_13/CLK                                                       RBB_6L       13  [TILE 0 0, RBB 10 16]        871     r            8729                                                                                                                                                            
   clk_BUFG_I_O                                                     Clock net    82           (fanout=519)      -2476                     -                                                                                                                                                            
   clk                                                              CLOCK-PORT    -                      -    capture     r            6253                                                                                                                                                            
   ------------------------------------------------------------------------------------------------------------------------------------------------------------------------------------------------------------------------------------------------------------------------------------------------------


Path 130:
   Slack (met):                             13636ps
     Path type:                               SETUP
     Group:                               <DEFAULT>
     Launching clock:                           clk (rising edge)
     Capturing clock:                           clk (rising edge)

     Requested period:                      20000ps
   + Delay of the capturing clock:           2485ps
   - Clock uncertainty:                       150ps
   = Required time:                         22335ps
   - Propagation time:                       6237ps (58.1% logic, 41.9% route, logic stage 3)
   - Delay of the launching clock:           2462ps
   = Slack:                                 13636ps

   Instance/Pin or Net Name                                         Type         ID     Location or Fanout   Delay(ps)  Edge  Arrival Time(ps)    Instance detail                                                                                                                                      
   ------------------------------------------------------------------------------------------------------------------------------------------------------------------------------------------------------------------------------------------------------------------------------------------------------
   clk                                                              CLOCK-PORT    -                      -     launch     r               0                                                                                                                                                            
   clk_BUFG_I_O                                                     Clock net    82           (fanout=519)       2462                     -                                                                                                                                                            
   RBB_14/CLK                                                       RBB_6L       14   [TILE 0 0, RBB 7 18]          -     r            2462                                                                                                                                                            
   ------------------------------------------------------------------------------------------------------------------------------------------------------------------------------------------------------------------------------------------------------------------------------------------------------
   RBB_14/DQ                                                        RBB_6L       14   [TILE 0 0, RBB 7 18]        800     r            3262     {inst47: r_Clock_Count_FDRE_Q_17 (FDRE,site=dff)}                                                                                                      
   r_Clock_Count[0]                                                 Net           8             (fanout=4)       1441                     -                                                                                                                                                            
   RBB_5/A1                                                         RBB_6L        5  [TILE 0 0, RBB 13 18]          -     r            4703                                                                                                                                                            
   RBB_5/COUT                                                       RBB_6L        5  [TILE 0 0, RBB 13 18]       1268     r            5971     {inst59: r_Clock_Count_FDRE_Q_9_D_LUT6_O_I4_CARRY4_O_CI_CARRY4_CO_CI_CARRY4_CO (CARRY4)}                                                               
   r_Clock_Count_FDRE_Q_9_D_LUT6_O_I4_CARRY4_O_CI_CARRY4_CO_CI      Net         130             (fanout=1)          0                     -                                                                                                                                                            
   RBB_6/CIN                                                        RBB_6L        6  [TILE 0 0, RBB 16 18]          -     r            5971                                                                                                                                                            
   RBB_6/CMUX                                                       RBB_6L        6  [TILE 0 0, RBB 16 18]        752     r            6723     {inst58: r_Clock_Count_FDRE_Q_9_D_LUT6_O_I4_CARRY4_O_CI_CARRY4_CO (CARRY4)}                                                                            
   r_Clock_Count_FDRE_Q_9_D_LUT6_O_I4_CARRY4_O_CI_CARRY4_CO_O_1[3]  Net          63             (fanout=1)       1175                     -                                                                                                                                                            
   RBB_12/C1                                                        RBB_6L       12  [TILE 0 0, RBB 10 18]          -     r            7898     {inst73: r_Clock_Count_FDRE_Q_9_D_LUT6_O_I4_CARRY4_O_CI_CARRY4_CO_O_1_LUT6_I3 (LUT,site=clut,cluto)} {inst41: r_Clock_Count_FDRE_Q_11 (FDRE,site=cff)} 
   ------------------------------------------------------------------------------------------------------------------------------------------------------------------------------------------------------------------------------------------------------------------------------------------------------
   RBB_12/CLK                                                       RBB_6L       12  [TILE 0 0, RBB 10 18]        801     r            8699                                                                                                                                                            
   clk_BUFG_I_O                                                     Clock net    82           (fanout=519)      -2485                     -                                                                                                                                                            
   clk                                                              CLOCK-PORT    -                      -    capture     r            6214                                                                                                                                                            
   ------------------------------------------------------------------------------------------------------------------------------------------------------------------------------------------------------------------------------------------------------------------------------------------------------


Path 138:
   Slack (met):                             13766ps
     Path type:                               SETUP
     Group:                               <DEFAULT>
     Launching clock:                           clk (rising edge)
     Capturing clock:                           clk (rising edge)

     Requested period:                      20000ps
   + Delay of the capturing clock:           2336ps
   - Clock uncertainty:                       150ps
   = Required time:                         22186ps
   - Propagation time:                       5971ps (66.4% logic, 33.6% route, logic stage 2)
   - Delay of the launching clock:           2449ps
   = Slack:                                 13766ps

   Instance/Pin or Net Name                                   Type         ID     Location or Fanout   Delay(ps)  Edge  Arrival Time(ps)    Instance detail                                                                                                                            
   --------------------------------------------------------------------------------------------------------------------------------------------------------------------------------------------------------------------------------------------------------------------------------------
   clk                                                        CLOCK-PORT    -                      -     launch     r               0                                                                                                                                                  
   clk_BUFG_I_O                                               Clock net    82           (fanout=519)       2449                     -                                                                                                                                                  
   RBB_15/CLK                                                 RBB_6L       15  [TILE 0 0, RBB 13 12]          -     r            2449                                                                                                                                                  
   --------------------------------------------------------------------------------------------------------------------------------------------------------------------------------------------------------------------------------------------------------------------------------------
   RBB_15/DMUX                                                RBB_6L       15  [TILE 0 0, RBB 13 12]       1466     r            3915     {inst10: r_Bit_Index_FDRE_Q_1 (FDRE,site=dffo)}                                                                                              
   r_Bit_Index[1]                                             Net          27             (fanout=2)        890                     -                                                                                                                                                  
   RBB_4/B1                                                   RBB_6L        4  [TILE 0 0, RBB 16 12]          -     r            4805                                                                                                                                                  
   RBB_4/CMUX                                                 RBB_6L        4  [TILE 0 0, RBB 16 12]       1212     r            6017     {inst23: r_Bit_Index_FDRE_Q_D_LUT2_O_I1_CARRY4_O_S_CARRY4_S (CARRY4)}                                                                        
   r_Bit_Index_FDRE_Q_D_LUT2_O_I1_CARRY4_O_S_CARRY4_S_O_1[3]  Net          87             (fanout=5)       1118                     -                                                                                                                                                  
   RBB_19/B4                                                  RBB_6L       19   [TILE 0 0, RBB 13 8]          -     r            7135     {inst31: r_Bit_Index_FDRE_Q_D_LUT2_O_I1_CARRY4_O_S_CARRY4_S_O_LUT4_I3_O_LUT5_O (LUT,site=blut)} {inst84: r_RX_Byte_FDRE_Q_2 (FDRE,site=bff)} 
   --------------------------------------------------------------------------------------------------------------------------------------------------------------------------------------------------------------------------------------------------------------------------------------
   RBB_19/CLK                                                 RBB_6L       19   [TILE 0 0, RBB 13 8]       1285     r            8420                                                                                                                                                  
   clk_BUFG_I_O                                               Clock net    82           (fanout=519)      -2336                     -                                                                                                                                                  
   clk                                                        CLOCK-PORT    -                      -    capture     r            6084                                                                                                                                                  
   --------------------------------------------------------------------------------------------------------------------------------------------------------------------------------------------------------------------------------------------------------------------------------------


Path 136:
   Slack (met):                             13834ps
     Path type:                               SETUP
     Group:                               <DEFAULT>
     Launching clock:                           clk (rising edge)
     Capturing clock:                           clk (rising edge)

     Requested period:                      20000ps
   + Delay of the capturing clock:           2462ps
   - Clock uncertainty:                       150ps
   = Required time:                         22312ps
   - Propagation time:                       6016ps (56.8% logic, 43.2% route, logic stage 3)
   - Delay of the launching clock:           2462ps
   = Slack:                                 13834ps

   Instance/Pin or Net Name                                         Type         ID     Location or Fanout   Delay(ps)  Edge  Arrival Time(ps)    Instance detail                                                                                                                                      
   ------------------------------------------------------------------------------------------------------------------------------------------------------------------------------------------------------------------------------------------------------------------------------------------------------
   clk                                                              CLOCK-PORT    -                      -     launch     r               0                                                                                                                                                            
   clk_BUFG_I_O                                                     Clock net    82           (fanout=519)       2462                     -                                                                                                                                                            
   RBB_14/CLK                                                       RBB_6L       14   [TILE 0 0, RBB 7 18]          -     r            2462                                                                                                                                                            
   ------------------------------------------------------------------------------------------------------------------------------------------------------------------------------------------------------------------------------------------------------------------------------------------------------
   RBB_14/DQ                                                        RBB_6L       14   [TILE 0 0, RBB 7 18]        800     r            3262     {inst47: r_Clock_Count_FDRE_Q_17 (FDRE,site=dff)}                                                                                                      
   r_Clock_Count[0]                                                 Net           8             (fanout=4)       1441                     -                                                                                                                                                            
   RBB_5/A1                                                         RBB_6L        5  [TILE 0 0, RBB 13 18]          -     r            4703                                                                                                                                                            
   RBB_5/COUT                                                       RBB_6L        5  [TILE 0 0, RBB 13 18]       1268     r            5971     {inst59: r_Clock_Count_FDRE_Q_9_D_LUT6_O_I4_CARRY4_O_CI_CARRY4_CO_CI_CARRY4_CO (CARRY4)}                                                               
   r_Clock_Count_FDRE_Q_9_D_LUT6_O_I4_CARRY4_O_CI_CARRY4_CO_CI      Net         130             (fanout=1)          0                     -                                                                                                                                                            
   RBB_6/CIN                                                        RBB_6L        6  [TILE 0 0, RBB 16 18]          -     r            5971                                                                                                                                                            
   RBB_6/AMUX                                                       RBB_6L        6  [TILE 0 0, RBB 16 18]        595     r            6566     {inst58: r_Clock_Count_FDRE_Q_9_D_LUT6_O_I4_CARRY4_O_CI_CARRY4_CO (CARRY4)}                                                                            
   r_Clock_Count_FDRE_Q_9_D_LUT6_O_I4_CARRY4_O_CI_CARRY4_CO_O_3[3]  Net          67             (fanout=1)       1158                     -                                                                                                                                                            
   RBB_14/C1                                                        RBB_6L       14   [TILE 0 0, RBB 7 18]          -     r            7724     {inst75: r_Clock_Count_FDRE_Q_9_D_LUT6_O_I4_CARRY4_O_CI_CARRY4_CO_O_3_LUT6_I3 (LUT,site=clut,cluto)} {inst43: r_Clock_Count_FDRE_Q_13 (FDRE,site=cff)} 
   ------------------------------------------------------------------------------------------------------------------------------------------------------------------------------------------------------------------------------------------------------------------------------------------------------
   RBB_14/CLK                                                       RBB_6L       14   [TILE 0 0, RBB 7 18]        754     r            8478                                                                                                                                                            
   clk_BUFG_I_O                                                     Clock net    82           (fanout=519)      -2462                     -                                                                                                                                                            
   clk                                                              CLOCK-PORT    -                      -    capture     r            6016                                                                                                                                                            
   ------------------------------------------------------------------------------------------------------------------------------------------------------------------------------------------------------------------------------------------------------------------------------------------------------


Path 125:
   Slack (met):                             13856ps
     Path type:                               SETUP
     Group:                               <DEFAULT>
     Launching clock:                           clk (rising edge)
     Capturing clock:                           clk (rising edge)

     Requested period:                      20000ps
   + Delay of the capturing clock:           2452ps
   - Clock uncertainty:                       150ps
   = Required time:                         22302ps
   - Propagation time:                       5984ps (60.4% logic, 39.6% route, logic stage 3)
   - Delay of the launching clock:           2462ps
   = Slack:                                 13856ps

   Instance/Pin or Net Name                                       Type         ID     Location or Fanout   Delay(ps)  Edge  Arrival Time(ps)    Instance detail                                                                                                                                    
   --------------------------------------------------------------------------------------------------------------------------------------------------------------------------------------------------------------------------------------------------------------------------------------------------
   clk                                                            CLOCK-PORT    -                      -     launch     r               0                                                                                                                                                          
   clk_BUFG_I_O                                                   Clock net    82           (fanout=519)       2462                     -                                                                                                                                                          
   RBB_14/CLK                                                     RBB_6L       14   [TILE 0 0, RBB 7 18]          -     r            2462                                                                                                                                                          
   --------------------------------------------------------------------------------------------------------------------------------------------------------------------------------------------------------------------------------------------------------------------------------------------------
   RBB_14/DQ                                                      RBB_6L       14   [TILE 0 0, RBB 7 18]        800     r            3262     {inst47: r_Clock_Count_FDRE_Q_17 (FDRE,site=dff)}                                                                                                    
   r_Clock_Count[0]                                               Net           8             (fanout=4)       1441                     -                                                                                                                                                          
   RBB_5/A1                                                       RBB_6L        5  [TILE 0 0, RBB 13 18]          -     r            4703                                                                                                                                                          
   RBB_5/COUT                                                     RBB_6L        5  [TILE 0 0, RBB 13 18]       1268     r            5971     {inst59: r_Clock_Count_FDRE_Q_9_D_LUT6_O_I4_CARRY4_O_CI_CARRY4_CO_CI_CARRY4_CO (CARRY4)}                                                             
   r_Clock_Count_FDRE_Q_9_D_LUT6_O_I4_CARRY4_O_CI_CARRY4_CO_CI    Net         130             (fanout=1)          0                     -                                                                                                                                                          
   RBB_6/CIN                                                      RBB_6L        6  [TILE 0 0, RBB 16 18]          -     r            5971                                                                                                                                                          
   RBB_6/DMUX                                                     RBB_6L        6  [TILE 0 0, RBB 16 18]        790     r            6761     {inst58: r_Clock_Count_FDRE_Q_9_D_LUT6_O_I4_CARRY4_O_CI_CARRY4_CO (CARRY4)}                                                                          
   r_Clock_Count_FDRE_Q_9_D_LUT6_O_I4_CARRY4_O_CI_CARRY4_CO_O[3]  Net          42             (fanout=1)        931                     -                                                                                                                                                          
   RBB_10/C1                                                      RBB_6L       10  [TILE 0 0, RBB 13 16]          -     r            7692     {inst76: r_Clock_Count_FDRE_Q_9_D_LUT6_O_I4_CARRY4_O_CI_CARRY4_CO_O_LUT6_I3 (LUT,site=clut,cluto)} {inst40: r_Clock_Count_FDRE_Q_10 (FDRE,site=cff)} 
   --------------------------------------------------------------------------------------------------------------------------------------------------------------------------------------------------------------------------------------------------------------------------------------------------
   RBB_10/CLK                                                     RBB_6L       10  [TILE 0 0, RBB 13 16]        754     r            8446                                                                                                                                                          
   clk_BUFG_I_O                                                   Clock net    82           (fanout=519)      -2452                     -                                                                                                                                                          
   clk                                                            CLOCK-PORT    -                      -    capture     r            5994                                                                                                                                                          
   --------------------------------------------------------------------------------------------------------------------------------------------------------------------------------------------------------------------------------------------------------------------------------------------------


Path 131:
   Slack (met):                             13944ps
     Path type:                               SETUP
     Group:                               <DEFAULT>
     Launching clock:                           clk (rising edge)
     Capturing clock:                           clk (rising edge)

     Requested period:                      20000ps
   + Delay of the capturing clock:           2336ps
   - Clock uncertainty:                       150ps
   = Required time:                         22186ps
   - Propagation time:                       5793ps (64.8% logic, 35.2% route, logic stage 2)
   - Delay of the launching clock:           2449ps
   = Slack:                                 13944ps

   Instance/Pin or Net Name                                   Type         ID     Location or Fanout   Delay(ps)  Edge  Arrival Time(ps)    Instance detail                                                                                                                              
   ----------------------------------------------------------------------------------------------------------------------------------------------------------------------------------------------------------------------------------------------------------------------------------------
   clk                                                        CLOCK-PORT    -                      -     launch     r               0                                                                                                                                                    
   clk_BUFG_I_O                                               Clock net    82           (fanout=519)       2449                     -                                                                                                                                                    
   RBB_15/CLK                                                 RBB_6L       15  [TILE 0 0, RBB 13 12]          -     r            2449                                                                                                                                                    
   ----------------------------------------------------------------------------------------------------------------------------------------------------------------------------------------------------------------------------------------------------------------------------------------
   RBB_15/DMUX                                                RBB_6L       15  [TILE 0 0, RBB 13 12]       1466     r            3915     {inst10: r_Bit_Index_FDRE_Q_1 (FDRE,site=dffo)}                                                                                                
   r_Bit_Index[1]                                             Net          27             (fanout=2)        890                     -                                                                                                                                                    
   RBB_4/B1                                                   RBB_6L        4  [TILE 0 0, RBB 16 12]          -     r            4805                                                                                                                                                    
   RBB_4/CMUX                                                 RBB_6L        4  [TILE 0 0, RBB 16 12]       1212     r            6017     {inst23: r_Bit_Index_FDRE_Q_D_LUT2_O_I1_CARRY4_O_S_CARRY4_S (CARRY4)}                                                                          
   r_Bit_Index_FDRE_Q_D_LUT2_O_I1_CARRY4_O_S_CARRY4_S_O_1[3]  Net          87             (fanout=5)       1147                     -                                                                                                                                                    
   RBB_19/A4                                                  RBB_6L       19   [TILE 0 0, RBB 13 8]          -     r            7164     {inst32: r_Bit_Index_FDRE_Q_D_LUT2_O_I1_CARRY4_O_S_CARRY4_S_O_LUT4_I3_O_LUT5_O_1 (LUT,site=alut)} {inst86: r_RX_Byte_FDRE_Q_4 (FDRE,site=aff)} 
   ----------------------------------------------------------------------------------------------------------------------------------------------------------------------------------------------------------------------------------------------------------------------------------------
   RBB_19/CLK                                                 RBB_6L       19   [TILE 0 0, RBB 13 8]       1078     r            8242                                                                                                                                                    
   clk_BUFG_I_O                                               Clock net    82           (fanout=519)      -2336                     -                                                                                                                                                    
   clk                                                        CLOCK-PORT    -                      -    capture     r            5906                                                                                                                                                    
   ----------------------------------------------------------------------------------------------------------------------------------------------------------------------------------------------------------------------------------------------------------------------------------------


Path 128:
   Slack (met):                             14002ps
     Path type:                               SETUP
     Group:                               <DEFAULT>
     Launching clock:                           clk (rising edge)
     Capturing clock:                           clk (rising edge)

     Requested period:                      20000ps
   + Delay of the capturing clock:           2443ps
   - Clock uncertainty:                       150ps
   = Required time:                         22293ps
   - Propagation time:                       5842ps (62.6% logic, 37.4% route, logic stage 2)
   - Delay of the launching clock:           2449ps
   = Slack:                                 14002ps

   Instance/Pin or Net Name                      Type         ID     Location or Fanout   Delay(ps)  Edge  Arrival Time(ps)    Instance detail                                                                                                             
   ----------------------------------------------------------------------------------------------------------------------------------------------------------------------------------------------------------------------------------------------------------
   clk                                           CLOCK-PORT    -                      -     launch     r               0                                                                                                                                   
   clk_BUFG_I_O                                  Clock net    82           (fanout=519)       2449                     -                                                                                                                                   
   RBB_15/CLK                                    RBB_6L       15  [TILE 0 0, RBB 13 12]          -     r            2449                                                                                                                                   
   ----------------------------------------------------------------------------------------------------------------------------------------------------------------------------------------------------------------------------------------------------------
   RBB_15/DMUX                                   RBB_6L       15  [TILE 0 0, RBB 13 12]       1466     r            3915     {inst10: r_Bit_Index_FDRE_Q_1 (FDRE,site=dffo)}                                                                               
   r_Bit_Index[1]                                Net          27             (fanout=2)        821                     -                                                                                                                                   
   RBB_3/B1                                      RBB_6L        3  [TILE 0 0, RBB 13 10]          -     r            4736                                                                                                                                   
   RBB_3/DQ                                      RBB_6L        3  [TILE 0 0, RBB 13 10]       1268     r            6004     {inst16: r_Bit_Index_FDRE_Q_D_LUT2_O_I1_CARRY4_O (CARRY4)}                                                                    
   r_Bit_Index_FDRE_Q_D_LUT2_O_I1_CARRY4_O_O[3]  Net          34             (fanout=3)       1362                     -                                                                                                                                   
   RBB_16/D4                                     RBB_6L       16   [TILE 0 0, RBB 7 14]          -     r            7366     {inst21: r_Bit_Index_FDRE_Q_D_LUT2_O_I1_CARRY4_O_O_LUT6_I1 (LUT,site=dlut,dluto)} {inst100: r_SM_Main_FDRE_Q_2 (FD,site=dff)} 
   ----------------------------------------------------------------------------------------------------------------------------------------------------------------------------------------------------------------------------------------------------------
   RBB_16/CLK                                    RBB_6L       16   [TILE 0 0, RBB 7 14]        925     r            8291                                                                                                                                   
   clk_BUFG_I_O                                  Clock net    82           (fanout=519)      -2443                     -                                                                                                                                   
   clk                                           CLOCK-PORT    -                      -    capture     r            5848                                                                                                                                   
   ----------------------------------------------------------------------------------------------------------------------------------------------------------------------------------------------------------------------------------------------------------


Path 127:
   Slack (met):                             14219ps
     Path type:                               SETUP
     Group:                               <DEFAULT>
     Launching clock:                           clk (rising edge)
     Capturing clock:                           clk (rising edge)

     Requested period:                      20000ps
   + Delay of the capturing clock:           2336ps
   - Clock uncertainty:                       150ps
   = Required time:                         22186ps
   - Propagation time:                       5518ps (70.7% logic, 29.3% route, logic stage 2)
   - Delay of the launching clock:           2449ps
   = Slack:                                 14219ps

   Instance/Pin or Net Name                      Type         ID     Location or Fanout   Delay(ps)  Edge  Arrival Time(ps)    Instance detail                                                                                                                          
   -----------------------------------------------------------------------------------------------------------------------------------------------------------------------------------------------------------------------------------------------------------------------
   clk                                           CLOCK-PORT    -                      -     launch     r               0                                                                                                                                                
   clk_BUFG_I_O                                  Clock net    82           (fanout=519)       2449                     -                                                                                                                                                
   RBB_15/CLK                                    RBB_6L       15  [TILE 0 0, RBB 13 12]          -     r            2449                                                                                                                                                
   -----------------------------------------------------------------------------------------------------------------------------------------------------------------------------------------------------------------------------------------------------------------------
   RBB_15/DMUX                                   RBB_6L       15  [TILE 0 0, RBB 13 12]       1466     r            3915     {inst10: r_Bit_Index_FDRE_Q_1 (FDRE,site=dffo)}                                                                                            
   r_Bit_Index[1]                                Net          27             (fanout=2)        821                     -                                                                                                                                                
   RBB_3/B1                                      RBB_6L        3  [TILE 0 0, RBB 13 10]          -     r            4736                                                                                                                                                
   RBB_3/DQ                                      RBB_6L        3  [TILE 0 0, RBB 13 10]       1268     r            6004     {inst16: r_Bit_Index_FDRE_Q_D_LUT2_O_I1_CARRY4_O (CARRY4)}                                                                                 
   r_Bit_Index_FDRE_Q_D_LUT2_O_I1_CARRY4_O_O[3]  Net          34             (fanout=3)        798                     -                                                                                                                                                
   RBB_19/D2                                     RBB_6L       19   [TILE 0 0, RBB 13 8]          -     r            6802     {inst26: r_Bit_Index_FDRE_Q_D_LUT2_O_I1_CARRY4_O_S_CARRY4_S_O_LUT4_I3_O_LUT4_O (LUT,site=dlut)} {inst82: r_RX_Byte_FDRE_Q (FDRE,site=dff)} 
   -----------------------------------------------------------------------------------------------------------------------------------------------------------------------------------------------------------------------------------------------------------------------
   RBB_19/CLK                                    RBB_6L       19   [TILE 0 0, RBB 13 8]       1165     r            7967                                                                                                                                                
   clk_BUFG_I_O                                  Clock net    82           (fanout=519)      -2336                     -                                                                                                                                                
   clk                                           CLOCK-PORT    -                      -    capture     r            5631                                                                                                                                                
   -----------------------------------------------------------------------------------------------------------------------------------------------------------------------------------------------------------------------------------------------------------------------


Path 133:
   Slack (met):                             14301ps
     Path type:                               SETUP
     Group:                               <DEFAULT>
     Launching clock:                           clk (rising edge)
     Capturing clock:                           clk (rising edge)

     Requested period:                      20000ps
   + Delay of the capturing clock:           2449ps
   - Clock uncertainty:                       150ps
   = Required time:                         22299ps
   - Propagation time:                       5549ps (65.2% logic, 34.8% route, logic stage 2)
   - Delay of the launching clock:           2449ps
   = Slack:                                 14301ps

   Instance/Pin or Net Name           Type         ID     Location or Fanout   Delay(ps)  Edge  Arrival Time(ps)    Instance detail                                                                                 
   -------------------------------------------------------------------------------------------------------------------------------------------------------------------------------------------------------------------
   clk                                CLOCK-PORT    -                      -     launch     r               0                                                                                                       
   clk_BUFG_I_O                       Clock net    82           (fanout=519)       2449                     -                                                                                                       
   RBB_15/CLK                         RBB_6L       15  [TILE 0 0, RBB 13 12]          -     r            2449                                                                                                       
   -------------------------------------------------------------------------------------------------------------------------------------------------------------------------------------------------------------------
   RBB_15/DMUX                        RBB_6L       15  [TILE 0 0, RBB 13 12]       1466     r            3915     {inst10: r_Bit_Index_FDRE_Q_1 (FDRE,site=dffo)}                                                   
   r_Bit_Index[1]                     Net          27             (fanout=2)        821                     -                                                                                                       
   RBB_3/B1                           RBB_6L        3  [TILE 0 0, RBB 13 10]          -     r            4736                                                                                                       
   RBB_3/CQ                           RBB_6L        3  [TILE 0 0, RBB 13 10]       1226     r            5962     {inst16: r_Bit_Index_FDRE_Q_D_LUT2_O_I1_CARRY4_O (CARRY4)}                                        
   r_Bit_Index_FDRE_Q_D_LUT2_O_I1[1]  Net         110             (fanout=1)       1111                     -                                                                                                       
   RBB_15/D1                          RBB_6L       15  [TILE 0 0, RBB 13 12]          -     r            7073     {inst14: r_Bit_Index_FDRE_Q_D_LUT2_O (LUT,site=dlut)} {inst9: r_Bit_Index_FDRE_Q (FDRE,site=dff)} 
   -------------------------------------------------------------------------------------------------------------------------------------------------------------------------------------------------------------------
   RBB_15/CLK                         RBB_6L       15  [TILE 0 0, RBB 13 12]        925     r            7998                                                                                                       
   clk_BUFG_I_O                       Clock net    82           (fanout=519)      -2449                     -                                                                                                       
   clk                                CLOCK-PORT    -                      -    capture     r            5549                                                                                                       
   -------------------------------------------------------------------------------------------------------------------------------------------------------------------------------------------------------------------


Path 289:
   Slack (met):                             14323ps
     Path type:                               SETUP
     Group:                               <DEFAULT>
     Launching clock:                           clk (rising edge)
     Capturing clock:                           clk (rising edge)

     Requested period:                      20000ps
   + Delay of the capturing clock:           2449ps
   - Clock uncertainty:                       150ps
   = Required time:                         22299ps
   - Propagation time:                       5501ps (55.2% logic, 44.8% route, logic stage 2)
   - Delay of the launching clock:           2475ps
   = Slack:                                 14323ps

   Instance/Pin or Net Name                        Type         ID     Location or Fanout   Delay(ps)  Edge  Arrival Time(ps)    Instance detail                                                                                        
   ---------------------------------------------------------------------------------------------------------------------------------------------------------------------------------------------------------------------------------------
   clk                                             CLOCK-PORT    -                      -     launch     r               0                                                                                                              
   clk_BUFG_I_O                                    Clock net    82           (fanout=519)       2475                     -                                                                                                              
   RBB_11/CLK                                      RBB_6L       11  [TILE 0 0, RBB 10 14]          -     r            2475                                                                                                              
   ---------------------------------------------------------------------------------------------------------------------------------------------------------------------------------------------------------------------------------------
   RBB_11/CQ                                       RBB_6L       11  [TILE 0 0, RBB 10 14]        800     r            3275     {inst11: r_Bit_Index_FDRE_Q_2 (FDR,site=cff)}                                                            
   r_Bit_Index[0]                                  Net          26             (fanout=7)       1325                     -                                                                                                              
   RBB_3/A5                                        RBB_6L        3  [TILE 0 0, RBB 13 10]          -     r            4600                                                                                                              
   RBB_3/BQ                                        RBB_6L        3  [TILE 0 0, RBB 13 10]       1313     r            5913     {inst16: r_Bit_Index_FDRE_Q_D_LUT2_O_I1_CARRY4_O (CARRY4)}                                               
   r_Bit_Index_FDRE_Q_D_LUT2_O_I1_CARRY4_O_O_1[1]  Net          91             (fanout=6)       1138                     -                                                                                                              
   RBB_15/D2                                       RBB_6L       15  [TILE 0 0, RBB 13 12]          -     r            7051     {inst15: r_Bit_Index_FDRE_Q_D_LUT2_O_1 (LUT,site=dluto)} {inst10: r_Bit_Index_FDRE_Q_1 (FDRE,site=dffo)} 
   ---------------------------------------------------------------------------------------------------------------------------------------------------------------------------------------------------------------------------------------
   RBB_15/CLK                                      RBB_6L       15  [TILE 0 0, RBB 13 12]        925     r            7976                                                                                                              
   clk_BUFG_I_O                                    Clock net    82           (fanout=519)      -2449                     -                                                                                                              
   clk                                             CLOCK-PORT    -                      -    capture     r            5527                                                                                                              
   ---------------------------------------------------------------------------------------------------------------------------------------------------------------------------------------------------------------------------------------


Path 132:
   Slack (met):                             14351ps
     Path type:                               SETUP
     Group:                               <DEFAULT>
     Launching clock:                           clk (rising edge)
     Capturing clock:                           clk (rising edge)

     Requested period:                      20000ps
   + Delay of the capturing clock:           2336ps
   - Clock uncertainty:                       150ps
   = Required time:                         22186ps
   - Propagation time:                       5386ps (73.6% logic, 26.4% route, logic stage 2)
   - Delay of the launching clock:           2449ps
   = Slack:                                 14351ps

   Instance/Pin or Net Name                         Type         ID     Location or Fanout   Delay(ps)  Edge  Arrival Time(ps)    Instance detail                                                                                                                              
   ------------------------------------------------------------------------------------------------------------------------------------------------------------------------------------------------------------------------------------------------------------------------------
   clk                                              CLOCK-PORT    -                      -     launch     r               0                                                                                                                                                    
   clk_BUFG_I_O                                     Clock net    82           (fanout=519)       2449                     -                                                                                                                                                    
   RBB_15/CLK                                       RBB_6L       15  [TILE 0 0, RBB 13 12]          -     r            2449                                                                                                                                                    
   ------------------------------------------------------------------------------------------------------------------------------------------------------------------------------------------------------------------------------------------------------------------------------
   RBB_15/DMUX                                      RBB_6L       15  [TILE 0 0, RBB 13 12]       1466     r            3915     {inst10: r_Bit_Index_FDRE_Q_1 (FDRE,site=dffo)}                                                                                                
   r_Bit_Index[1]                                   Net          27             (fanout=2)        821                     -                                                                                                                                                    
   RBB_3/B1                                         RBB_6L        3  [TILE 0 0, RBB 13 10]          -     r            4736                                                                                                                                                    
   RBB_3/BMUX                                       RBB_6L        3  [TILE 0 0, RBB 13 10]       1192     r            5928     {inst16: r_Bit_Index_FDRE_Q_D_LUT2_O_I1_CARRY4_O (CARRY4)}                                                                                     
   r_Bit_Index_FDRE_Q_D_LUT2_O_I1_CARRY4_O_CO_2[2]  Net         121             (fanout=1)        599                     -                                                                                                                                                    
   RBB_19/A2                                        RBB_6L       19   [TILE 0 0, RBB 13 8]          -     r            6527     {inst32: r_Bit_Index_FDRE_Q_D_LUT2_O_I1_CARRY4_O_S_CARRY4_S_O_LUT4_I3_O_LUT5_O_1 (LUT,site=alut)} {inst86: r_RX_Byte_FDRE_Q_4 (FDRE,site=aff)} 
   ------------------------------------------------------------------------------------------------------------------------------------------------------------------------------------------------------------------------------------------------------------------------------
   RBB_19/CLK                                       RBB_6L       19   [TILE 0 0, RBB 13 8]       1308     r            7835                                                                                                                                                    
   clk_BUFG_I_O                                     Clock net    82           (fanout=519)      -2336                     -                                                                                                                                                    
   clk                                              CLOCK-PORT    -                      -    capture     r            5499                                                                                                                                                    
   ------------------------------------------------------------------------------------------------------------------------------------------------------------------------------------------------------------------------------------------------------------------------------


Path 290:
   Slack (met):                             14531ps
     Path type:                               SETUP
     Group:                               <DEFAULT>
     Launching clock:                           clk (rising edge)
     Capturing clock:                           clk (rising edge)

     Requested period:                      20000ps
   + Delay of the capturing clock:           2434ps
   - Clock uncertainty:                       150ps
   = Required time:                         22284ps
   - Propagation time:                       5278ps (53.7% logic, 46.3% route, logic stage 2)
   - Delay of the launching clock:           2475ps
   = Slack:                                 14531ps

   Instance/Pin or Net Name                        Type         ID     Location or Fanout   Delay(ps)  Edge  Arrival Time(ps)    Instance detail                                                                                                                         
   ------------------------------------------------------------------------------------------------------------------------------------------------------------------------------------------------------------------------------------------------------------------------
   clk                                             CLOCK-PORT    -                      -     launch     r               0                                                                                                                                               
   clk_BUFG_I_O                                    Clock net    82           (fanout=519)       2475                     -                                                                                                                                               
   RBB_11/CLK                                      RBB_6L       11  [TILE 0 0, RBB 10 14]          -     r            2475                                                                                                                                               
   ------------------------------------------------------------------------------------------------------------------------------------------------------------------------------------------------------------------------------------------------------------------------
   RBB_11/CQ                                       RBB_6L       11  [TILE 0 0, RBB 10 14]        800     r            3275     {inst11: r_Bit_Index_FDRE_Q_2 (FDR,site=cff)}                                                                                             
   r_Bit_Index[0]                                  Net          26             (fanout=7)       1325                     -                                                                                                                                               
   RBB_3/A5                                        RBB_6L        3  [TILE 0 0, RBB 13 10]          -     r            4600                                                                                                                                               
   RBB_3/BQ                                        RBB_6L        3  [TILE 0 0, RBB 13 10]       1313     r            5913     {inst16: r_Bit_Index_FDRE_Q_D_LUT2_O_I1_CARRY4_O (CARRY4)}                                                                                
   r_Bit_Index_FDRE_Q_D_LUT2_O_I1_CARRY4_O_O_1[1]  Net          91             (fanout=6)       1120                     -                                                                                                                                               
   RBB_20/D6                                       RBB_6L       20  [TILE 0 0, RBB 16 10]          -     r            7033     {inst34: r_Bit_Index_FDRE_Q_D_LUT2_O_I1_CARRY4_O_S_CARRY4_S_O_LUT6_I5 (LUT,site=dlut,dluto)} {inst85: r_RX_Byte_FDRE_Q_3 (FDRE,site=dff)} 
   ------------------------------------------------------------------------------------------------------------------------------------------------------------------------------------------------------------------------------------------------------------------------
   RBB_20/CLK                                      RBB_6L       20  [TILE 0 0, RBB 16 10]        720     r            7753                                                                                                                                               
   clk_BUFG_I_O                                    Clock net    82           (fanout=519)      -2434                     -                                                                                                                                               
   clk                                             CLOCK-PORT    -                      -    capture     r            5319                                                                                                                                               
   ------------------------------------------------------------------------------------------------------------------------------------------------------------------------------------------------------------------------------------------------------------------------


Path 479:
   Slack (met):                             14613ps
     Path type:                               SETUP
     Group:                               <DEFAULT>
     Launching clock:                           clk (rising edge)
     Capturing clock:                           clk (rising edge)

     Requested period:                      20000ps
   + Delay of the capturing clock:           2434ps
   - Clock uncertainty:                       150ps
   = Required time:                         22284ps
   - Propagation time:                       5222ps (56.6% logic, 43.4% route, logic stage 2)
   - Delay of the launching clock:           2449ps
   = Slack:                                 14613ps

   Instance/Pin or Net Name                                 Type         ID     Location or Fanout   Delay(ps)  Edge  Arrival Time(ps)    Instance detail                                                                                                                         
   ---------------------------------------------------------------------------------------------------------------------------------------------------------------------------------------------------------------------------------------------------------------------------------
   clk                                                      CLOCK-PORT    -                      -     launch     r               0                                                                                                                                               
   clk_BUFG_I_O                                             Clock net    82           (fanout=519)       2449                     -                                                                                                                                               
   RBB_15/CLK                                               RBB_6L       15  [TILE 0 0, RBB 13 12]          -     r            2449                                                                                                                                               
   ---------------------------------------------------------------------------------------------------------------------------------------------------------------------------------------------------------------------------------------------------------------------------------
   RBB_15/DQ                                                RBB_6L       15  [TILE 0 0, RBB 13 12]        800     r            3249     {inst9: r_Bit_Index_FDRE_Q (FDRE,site=dff)}                                                                                               
   r_Bit_Index[2]                                           Net          28             (fanout=2)       1431                     -                                                                                                                                               
   RBB_4/C1                                                 RBB_6L        4  [TILE 0 0, RBB 16 12]          -     r            4680                                                                                                                                               
   RBB_4/DMUX                                               RBB_6L        4  [TILE 0 0, RBB 16 12]       1322     r            6002     {inst23: r_Bit_Index_FDRE_Q_D_LUT2_O_I1_CARRY4_O_S_CARRY4_S (CARRY4)}                                                                     
   r_Bit_Index_FDRE_Q_D_LUT2_O_I1_CARRY4_O_S_CARRY4_S_O[3]  Net         150             (fanout=2)        835                     -                                                                                                                                               
   RBB_20/D3                                                RBB_6L       20  [TILE 0 0, RBB 16 10]          -     r            6837     {inst34: r_Bit_Index_FDRE_Q_D_LUT2_O_I1_CARRY4_O_S_CARRY4_S_O_LUT6_I5 (LUT,site=dlut,dluto)} {inst85: r_RX_Byte_FDRE_Q_3 (FDRE,site=dff)} 
   ---------------------------------------------------------------------------------------------------------------------------------------------------------------------------------------------------------------------------------------------------------------------------------
   RBB_20/CLK                                               RBB_6L       20  [TILE 0 0, RBB 16 10]        834     r            7671                                                                                                                                               
   clk_BUFG_I_O                                             Clock net    82           (fanout=519)      -2434                     -                                                                                                                                               
   clk                                                      CLOCK-PORT    -                      -    capture     r            5237                                                                                                                                               
   ---------------------------------------------------------------------------------------------------------------------------------------------------------------------------------------------------------------------------------------------------------------------------------


Path 143:
   Slack (met):                             14652ps
     Path type:                               SETUP
     Group:                               <DEFAULT>
     Launching clock:                           clk (rising edge)
     Capturing clock:                           clk (rising edge)

     Requested period:                      20000ps
   + Delay of the capturing clock:           2485ps
   - Clock uncertainty:                       150ps
   = Required time:                         22335ps
   - Propagation time:                       5221ps (56.2% logic, 43.8% route, logic stage 2)
   - Delay of the launching clock:           2462ps
   = Slack:                                 14652ps

   Instance/Pin or Net Name                                                      Type         ID     Location or Fanout   Delay(ps)  Edge  Arrival Time(ps)    Instance detail                                                                                                                                               
   ----------------------------------------------------------------------------------------------------------------------------------------------------------------------------------------------------------------------------------------------------------------------------------------------------------------------------
   clk                                                                           CLOCK-PORT    -                      -     launch     r               0                                                                                                                                                                     
   clk_BUFG_I_O                                                                  Clock net    82           (fanout=519)       2462                     -                                                                                                                                                                     
   RBB_14/CLK                                                                    RBB_6L       14   [TILE 0 0, RBB 7 18]          -     r            2462                                                                                                                                                                     
   ----------------------------------------------------------------------------------------------------------------------------------------------------------------------------------------------------------------------------------------------------------------------------------------------------------------------------
   RBB_14/DQ                                                                     RBB_6L       14   [TILE 0 0, RBB 7 18]        800     r            3262     {inst47: r_Clock_Count_FDRE_Q_17 (FDRE,site=dff)}                                                                                                               
   r_Clock_Count[0]                                                              Net           8             (fanout=4)       1441                     -                                                                                                                                                                     
   RBB_5/A1                                                                      RBB_6L        5  [TILE 0 0, RBB 13 18]          -     r            4703                                                                                                                                                                     
   RBB_5/CMUX                                                                    RBB_6L        5  [TILE 0 0, RBB 13 18]       1274     r            5977     {inst59: r_Clock_Count_FDRE_Q_9_D_LUT6_O_I4_CARRY4_O_CI_CARRY4_CO_CI_CARRY4_CO (CARRY4)}                                                                        
   r_Clock_Count_FDRE_Q_9_D_LUT6_O_I4_CARRY4_O_CI_CARRY4_CO_CI_CARRY4_CO_O_1[3]  Net          72             (fanout=1)        845                     -                                                                                                                                                                     
   RBB_12/D1                                                                     RBB_6L       12  [TILE 0 0, RBB 10 18]          -     r            6822     {inst78: r_Clock_Count_FDRE_Q_9_D_LUT6_O_I4_CARRY4_O_CI_CARRY4_CO_O_LUT6_I3_O_LUT6_O_1 (LUT,site=dlut,dluto)} {inst45: r_Clock_Count_FDRE_Q_15 (FDRE,site=dff)} 
   ----------------------------------------------------------------------------------------------------------------------------------------------------------------------------------------------------------------------------------------------------------------------------------------------------------------------------
   RBB_12/CLK                                                                    RBB_6L       12  [TILE 0 0, RBB 10 18]        861     r            7683                                                                                                                                                                     
   clk_BUFG_I_O                                                                  Clock net    82           (fanout=519)      -2485                     -                                                                                                                                                                     
   clk                                                                           CLOCK-PORT    -                      -    capture     r            5198                                                                                                                                                                     
   ----------------------------------------------------------------------------------------------------------------------------------------------------------------------------------------------------------------------------------------------------------------------------------------------------------------------------


Path 144:
   Slack (met):                             14663ps
     Path type:                               SETUP
     Group:                               <DEFAULT>
     Launching clock:                           clk (rising edge)
     Capturing clock:                           clk (rising edge)

     Requested period:                      20000ps
   + Delay of the capturing clock:           2476ps
   - Clock uncertainty:                       150ps
   = Required time:                         22326ps
   - Propagation time:                       5201ps (55.2% logic, 44.8% route, logic stage 2)
   - Delay of the launching clock:           2462ps
   = Slack:                                 14663ps

   Instance/Pin or Net Name                                                      Type         ID     Location or Fanout   Delay(ps)  Edge  Arrival Time(ps)    Instance detail                                                                                                                                               
   ----------------------------------------------------------------------------------------------------------------------------------------------------------------------------------------------------------------------------------------------------------------------------------------------------------------------------
   clk                                                                           CLOCK-PORT    -                      -     launch     r               0                                                                                                                                                                     
   clk_BUFG_I_O                                                                  Clock net    82           (fanout=519)       2462                     -                                                                                                                                                                     
   RBB_14/CLK                                                                    RBB_6L       14   [TILE 0 0, RBB 7 18]          -     r            2462                                                                                                                                                                     
   ----------------------------------------------------------------------------------------------------------------------------------------------------------------------------------------------------------------------------------------------------------------------------------------------------------------------------
   RBB_14/DQ                                                                     RBB_6L       14   [TILE 0 0, RBB 7 18]        800     r            3262     {inst47: r_Clock_Count_FDRE_Q_17 (FDRE,site=dff)}                                                                                                               
   r_Clock_Count[0]                                                              Net           8             (fanout=4)       1441                     -                                                                                                                                                                     
   RBB_5/A1                                                                      RBB_6L        5  [TILE 0 0, RBB 13 18]          -     r            4703                                                                                                                                                                     
   RBB_5/BMUX                                                                    RBB_6L        5  [TILE 0 0, RBB 13 18]       1208     r            5911     {inst59: r_Clock_Count_FDRE_Q_9_D_LUT6_O_I4_CARRY4_O_CI_CARRY4_CO_CI_CARRY4_CO (CARRY4)}                                                                        
   r_Clock_Count_FDRE_Q_9_D_LUT6_O_I4_CARRY4_O_CI_CARRY4_CO_CI_CARRY4_CO_O_2[3]  Net          78             (fanout=1)        891                     -                                                                                                                                                                     
   RBB_13/D1                                                                     RBB_6L       13  [TILE 0 0, RBB 10 16]          -     r            6802     {inst79: r_Clock_Count_FDRE_Q_9_D_LUT6_O_I4_CARRY4_O_CI_CARRY4_CO_O_LUT6_I3_O_LUT6_O_2 (LUT,site=dlut,dluto)} {inst46: r_Clock_Count_FDRE_Q_16 (FDRE,site=dff)} 
   ----------------------------------------------------------------------------------------------------------------------------------------------------------------------------------------------------------------------------------------------------------------------------------------------------------------------------
   RBB_13/CLK                                                                    RBB_6L       13  [TILE 0 0, RBB 10 16]        861     r            7663                                                                                                                                                                     
   clk_BUFG_I_O                                                                  Clock net    82           (fanout=519)      -2476                     -                                                                                                                                                                     
   clk                                                                           CLOCK-PORT    -                      -    capture     r            5187                                                                                                                                                                     
   ----------------------------------------------------------------------------------------------------------------------------------------------------------------------------------------------------------------------------------------------------------------------------------------------------------------------------


Path 137:
   Slack (met):                             14665ps
     Path type:                               SETUP
     Group:                               <DEFAULT>
     Launching clock:                           clk (rising edge)
     Capturing clock:                           clk (rising edge)

     Requested period:                      20000ps
   + Delay of the capturing clock:           2434ps
   - Clock uncertainty:                       150ps
   = Required time:                         22284ps
   - Propagation time:                       5170ps (66.7% logic, 33.3% route, logic stage 2)
   - Delay of the launching clock:           2449ps
   = Slack:                                 14665ps

   Instance/Pin or Net Name                                   Type         ID     Location or Fanout   Delay(ps)  Edge  Arrival Time(ps)    Instance detail                                                                                                                              
   ----------------------------------------------------------------------------------------------------------------------------------------------------------------------------------------------------------------------------------------------------------------------------------------
   clk                                                        CLOCK-PORT    -                      -     launch     r               0                                                                                                                                                    
   clk_BUFG_I_O                                               Clock net    82           (fanout=519)       2449                     -                                                                                                                                                    
   RBB_15/CLK                                                 RBB_6L       15  [TILE 0 0, RBB 13 12]          -     r            2449                                                                                                                                                    
   ----------------------------------------------------------------------------------------------------------------------------------------------------------------------------------------------------------------------------------------------------------------------------------------
   RBB_15/DMUX                                                RBB_6L       15  [TILE 0 0, RBB 13 12]       1466     r            3915     {inst10: r_Bit_Index_FDRE_Q_1 (FDRE,site=dffo)}                                                                                                
   r_Bit_Index[1]                                             Net          27             (fanout=2)        890                     -                                                                                                                                                    
   RBB_4/B1                                                   RBB_6L        4  [TILE 0 0, RBB 16 12]          -     r            4805                                                                                                                                                    
   RBB_4/CMUX                                                 RBB_6L        4  [TILE 0 0, RBB 16 12]       1212     r            6017     {inst23: r_Bit_Index_FDRE_Q_D_LUT2_O_I1_CARRY4_O_S_CARRY4_S (CARRY4)}                                                                          
   r_Bit_Index_FDRE_Q_D_LUT2_O_I1_CARRY4_O_S_CARRY4_S_O_1[3]  Net          87             (fanout=5)        834                     -                                                                                                                                                    
   RBB_20/B1                                                  RBB_6L       20  [TILE 0 0, RBB 16 10]          -     r            6851     {inst33: r_Bit_Index_FDRE_Q_D_LUT2_O_I1_CARRY4_O_S_CARRY4_S_O_LUT4_I3_O_LUT5_O_2 (LUT,site=blut)} {inst88: r_RX_Byte_FDRE_Q_6 (FDRE,site=bff)} 
   ----------------------------------------------------------------------------------------------------------------------------------------------------------------------------------------------------------------------------------------------------------------------------------------
   RBB_20/CLK                                                 RBB_6L       20  [TILE 0 0, RBB 16 10]        768     r            7619                                                                                                                                                    
   clk_BUFG_I_O                                               Clock net    82           (fanout=519)      -2434                     -                                                                                                                                                    
   clk                                                        CLOCK-PORT    -                      -    capture     r            5185                                                                                                                                                    
   ----------------------------------------------------------------------------------------------------------------------------------------------------------------------------------------------------------------------------------------------------------------------------------------


Path 480:
   Slack (met):                             14670ps
     Path type:                               SETUP
     Group:                               <DEFAULT>
     Launching clock:                           clk (rising edge)
     Capturing clock:                           clk (rising edge)

     Requested period:                      20000ps
   + Delay of the capturing clock:           2434ps
   - Clock uncertainty:                       150ps
   = Required time:                         22284ps
   - Propagation time:                       5165ps (56.1% logic, 43.9% route, logic stage 2)
   - Delay of the launching clock:           2449ps
   = Slack:                                 14670ps

   Instance/Pin or Net Name                                 Type         ID     Location or Fanout   Delay(ps)  Edge  Arrival Time(ps)    Instance detail                                                                                                                   
   ---------------------------------------------------------------------------------------------------------------------------------------------------------------------------------------------------------------------------------------------------------------------------
   clk                                                      CLOCK-PORT    -                      -     launch     r               0                                                                                                                                         
   clk_BUFG_I_O                                             Clock net    82           (fanout=519)       2449                     -                                                                                                                                         
   RBB_15/CLK                                               RBB_6L       15  [TILE 0 0, RBB 13 12]          -     r            2449                                                                                                                                         
   ---------------------------------------------------------------------------------------------------------------------------------------------------------------------------------------------------------------------------------------------------------------------------
   RBB_15/DQ                                                RBB_6L       15  [TILE 0 0, RBB 13 12]        800     r            3249     {inst9: r_Bit_Index_FDRE_Q (FDRE,site=dff)}                                                                                         
   r_Bit_Index[2]                                           Net          28             (fanout=2)       1431                     -                                                                                                                                         
   RBB_4/C1                                                 RBB_6L        4  [TILE 0 0, RBB 16 12]          -     r            4680                                                                                                                                         
   RBB_4/DMUX                                               RBB_6L        4  [TILE 0 0, RBB 16 12]       1322     r            6002     {inst23: r_Bit_Index_FDRE_Q_D_LUT2_O_I1_CARRY4_O_S_CARRY4_S (CARRY4)}                                                               
   r_Bit_Index_FDRE_Q_D_LUT2_O_I1_CARRY4_O_S_CARRY4_S_O[3]  Net         150             (fanout=2)        834                     -                                                                                                                                         
   RBB_20/A3                                                RBB_6L       20  [TILE 0 0, RBB 16 10]          -     r            6836     {inst25: r_Bit_Index_FDRE_Q_D_LUT2_O_I1_CARRY4_O_S_CARRY4_S_O_LUT4_I3 (LUT,site=alut)} {inst89: r_RX_Byte_FDRE_Q_7 (FDRE,site=aff)} 
   ---------------------------------------------------------------------------------------------------------------------------------------------------------------------------------------------------------------------------------------------------------------------------
   RBB_20/CLK                                               RBB_6L       20  [TILE 0 0, RBB 16 10]        778     r            7614                                                                                                                                         
   clk_BUFG_I_O                                             Clock net    82           (fanout=519)      -2434                     -                                                                                                                                         
   clk                                                      CLOCK-PORT    -                      -    capture     r            5180                                                                                                                                         
   ---------------------------------------------------------------------------------------------------------------------------------------------------------------------------------------------------------------------------------------------------------------------------


Path 481:
   Slack (met):                             14687ps
     Path type:                               SETUP
     Group:                               <DEFAULT>
     Launching clock:                           clk (rising edge)
     Capturing clock:                           clk (rising edge)

     Requested period:                      20000ps
   + Delay of the capturing clock:           2463ps
   - Clock uncertainty:                       150ps
   = Required time:                         22313ps
   - Propagation time:                       5151ps (49.3% logic, 50.7% route, logic stage 2)
   - Delay of the launching clock:           2475ps
   = Slack:                                 14687ps

   Instance/Pin or Net Name   Type         ID     Location or Fanout   Delay(ps)  Edge  Arrival Time(ps)    Instance detail                                                                                                             
   ---------------------------------------------------------------------------------------------------------------------------------------------------------------------------------------------------------------------------------------
   clk                        CLOCK-PORT    -                      -     launch     r               0                                                                                                                                   
   clk_BUFG_I_O               Clock net    82           (fanout=519)       2475                     -                                                                                                                                   
   RBB_11/CLK                 RBB_6L       11  [TILE 0 0, RBB 10 14]          -     r            2475                                                                                                                                   
   ---------------------------------------------------------------------------------------------------------------------------------------------------------------------------------------------------------------------------------------
   RBB_11/BQ                  RBB_6L       11  [TILE 0 0, RBB 10 14]        800     r            3275     {inst105: rst_sync_FDRE_Q (FD,site=bff)}                                                                                      
   r_RX_DV_FDRE_Q_D[0]        Net         105            (fanout=16)       1697                     -                                                                                                                                   
   RBB_10/A2                  RBB_6L       10  [TILE 0 0, RBB 13 16]          -     r            4972                                                                                                                                   
   RBB_10/AMUX                RBB_6L       10  [TILE 0 0, RBB 13 16]        815     r            5787     {inst108: rx_sync_LUT4_I2 (LUT,site=aluto)}                                                                                   
   rx_sync_LUT4_I2_O[3]       Net          76             (fanout=1)        914                     -                                                                                                                                   
   RBB_17/D4                  RBB_6L       17   [TILE 0 0, RBB 7 16]          -     r            6701     {inst22: r_Bit_Index_FDRE_Q_D_LUT2_O_I1_CARRY4_O_O_LUT6_I2 (LUT,site=dlut,dluto)} {inst103: r_SM_Main_FDRE_Q_4 (FD,site=dff)} 
   ---------------------------------------------------------------------------------------------------------------------------------------------------------------------------------------------------------------------------------------
   RBB_17/CLK                 RBB_6L       17   [TILE 0 0, RBB 7 16]        925     r            7626                                                                                                                                   
   clk_BUFG_I_O               Clock net    82           (fanout=519)      -2463                     -                                                                                                                                   
   clk                        CLOCK-PORT    -                      -    capture     r            5163                                                                                                                                   
   ---------------------------------------------------------------------------------------------------------------------------------------------------------------------------------------------------------------------------------------


Path 141:
   Slack (met):                             14755ps
     Path type:                               SETUP
     Group:                               <DEFAULT>
     Launching clock:                           clk (rising edge)
     Capturing clock:                           clk (rising edge)

     Requested period:                      20000ps
   + Delay of the capturing clock:           2452ps
   - Clock uncertainty:                       150ps
   = Required time:                         22302ps
   - Propagation time:                       5085ps (59.4% logic, 40.6% route, logic stage 2)
   - Delay of the launching clock:           2462ps
   = Slack:                                 14755ps

   Instance/Pin or Net Name                                                    Type         ID     Location or Fanout   Delay(ps)  Edge  Arrival Time(ps)    Instance detail                                                                                                                                             
   ------------------------------------------------------------------------------------------------------------------------------------------------------------------------------------------------------------------------------------------------------------------------------------------------------------------------
   clk                                                                         CLOCK-PORT    -                      -     launch     r               0                                                                                                                                                                   
   clk_BUFG_I_O                                                                Clock net    82           (fanout=519)       2462                     -                                                                                                                                                                   
   RBB_14/CLK                                                                  RBB_6L       14   [TILE 0 0, RBB 7 18]          -     r            2462                                                                                                                                                                   
   ------------------------------------------------------------------------------------------------------------------------------------------------------------------------------------------------------------------------------------------------------------------------------------------------------------------------
   RBB_14/DQ                                                                   RBB_6L       14   [TILE 0 0, RBB 7 18]        800     r            3262     {inst47: r_Clock_Count_FDRE_Q_17 (FDRE,site=dff)}                                                                                                             
   r_Clock_Count[0]                                                            Net           8             (fanout=4)       1441                     -                                                                                                                                                                   
   RBB_5/A1                                                                    RBB_6L        5  [TILE 0 0, RBB 13 18]          -     r            4703                                                                                                                                                                   
   RBB_5/DMUX                                                                  RBB_6L        5  [TILE 0 0, RBB 13 18]       1323     r            6026     {inst59: r_Clock_Count_FDRE_Q_9_D_LUT6_O_I4_CARRY4_O_CI_CARRY4_CO_CI_CARRY4_CO (CARRY4)}                                                                      
   r_Clock_Count_FDRE_Q_9_D_LUT6_O_I4_CARRY4_O_CI_CARRY4_CO_CI_CARRY4_CO_O[3]  Net          41             (fanout=1)        622                     -                                                                                                                                                                   
   RBB_10/D1                                                                   RBB_6L       10  [TILE 0 0, RBB 13 16]          -     r            6648     {inst77: r_Clock_Count_FDRE_Q_9_D_LUT6_O_I4_CARRY4_O_CI_CARRY4_CO_O_LUT6_I3_O_LUT6_O (LUT,site=dlut,dluto)} {inst44: r_Clock_Count_FDRE_Q_14 (FDRE,site=dff)} 
   ------------------------------------------------------------------------------------------------------------------------------------------------------------------------------------------------------------------------------------------------------------------------------------------------------------------------
   RBB_10/CLK                                                                  RBB_6L       10  [TILE 0 0, RBB 13 16]        899     r            7547                                                                                                                                                                   
   clk_BUFG_I_O                                                                Clock net    82           (fanout=519)      -2452                     -                                                                                                                                                                   
   clk                                                                         CLOCK-PORT    -                      -    capture     r            5095                                                                                                                                                                   
   ------------------------------------------------------------------------------------------------------------------------------------------------------------------------------------------------------------------------------------------------------------------------------------------------------------------------


Path 140:
   Slack (met):                             14771ps
     Path type:                               SETUP
     Group:                               <DEFAULT>
     Launching clock:                           clk (rising edge)
     Capturing clock:                           clk (rising edge)

     Requested period:                      20000ps
   + Delay of the capturing clock:           2449ps
   - Clock uncertainty:                       150ps
   = Required time:                         22299ps
   - Propagation time:                       5079ps (64.0% logic, 36.0% route, logic stage 2)
   - Delay of the launching clock:           2449ps
   = Slack:                                 14771ps

   Instance/Pin or Net Name                      Type         ID     Location or Fanout   Delay(ps)  Edge  Arrival Time(ps)    Instance detail                                                                                                     
   --------------------------------------------------------------------------------------------------------------------------------------------------------------------------------------------------------------------------------------------------
   clk                                           CLOCK-PORT    -                      -     launch     r               0                                                                                                                           
   clk_BUFG_I_O                                  Clock net    82           (fanout=519)       2449                     -                                                                                                                           
   RBB_15/CLK                                    RBB_6L       15  [TILE 0 0, RBB 13 12]          -     r            2449                                                                                                                           
   --------------------------------------------------------------------------------------------------------------------------------------------------------------------------------------------------------------------------------------------------
   RBB_15/DMUX                                   RBB_6L       15  [TILE 0 0, RBB 13 12]       1466     r            3915     {inst10: r_Bit_Index_FDRE_Q_1 (FDRE,site=dffo)}                                                                       
   r_Bit_Index[1]                                Net          27             (fanout=2)        821                     -                                                                                                                           
   RBB_3/B1                                      RBB_6L        3  [TILE 0 0, RBB 13 10]          -     r            4736                                                                                                                           
   RBB_3/DQ                                      RBB_6L        3  [TILE 0 0, RBB 13 10]       1268     r            6004     {inst16: r_Bit_Index_FDRE_Q_D_LUT2_O_I1_CARRY4_O (CARRY4)}                                                            
   r_Bit_Index_FDRE_Q_D_LUT2_O_I1_CARRY4_O_O[3]  Net          34             (fanout=3)       1007                     -                                                                                                                           
   RBB_8/D4                                      RBB_6L        8  [TILE 0 0, RBB 13 14]          -     r            7011     {inst20: r_Bit_Index_FDRE_Q_D_LUT2_O_I1_CARRY4_O_O_LUT5_I3 (LUT,site=dluto)} {inst98: r_SM_Main_FDRE_Q (FD,site=dff)} 
   --------------------------------------------------------------------------------------------------------------------------------------------------------------------------------------------------------------------------------------------------
   RBB_8/CLK                                     RBB_6L        8  [TILE 0 0, RBB 13 14]        517     r            7528                                                                                                                           
   clk_BUFG_I_O                                  Clock net    82           (fanout=519)      -2449                     -                                                                                                                           
   clk                                           CLOCK-PORT    -                      -    capture     r            5079                                                                                                                           
   --------------------------------------------------------------------------------------------------------------------------------------------------------------------------------------------------------------------------------------------------


Path 149:
   Slack (met):                             14783ps
     Path type:                               SETUP
     Group:                               <DEFAULT>
     Launching clock:                           clk (rising edge)
     Capturing clock:                           clk (rising edge)

     Requested period:                      20000ps
   + Delay of the capturing clock:           2462ps
   - Clock uncertainty:                       150ps
   = Required time:                         22312ps
   - Propagation time:                       5193ps (44.3% logic, 55.7% route, logic stage 2)
   - Delay of the launching clock:           2336ps
   = Slack:                                 14783ps

   Instance/Pin or Net Name   Type         ID     Location or Fanout   Delay(ps)  Edge  Arrival Time(ps)    Instance detail                                       
   -----------------------------------------------------------------------------------------------------------------------------------------------------------------
   clk                        CLOCK-PORT    -                      -     launch     r               0                                                             
   clk_BUFG_I_O               Clock net    82           (fanout=519)       2336                     -                                                             
   RBB_23/CLK                 RBB_6L       23   [TILE 0 0, RBB 10 8]          -     r            2336                                                             
   -----------------------------------------------------------------------------------------------------------------------------------------------------------------
   RBB_23/DQ                  RBB_6L       23   [TILE 0 0, RBB 10 8]        800     r            3136     {inst101: r_SM_Main_FDRE_Q_3 (FD,site=dff)}             
   r_SM_Main[1]               Net          36             (fanout=5)       1702                     -                                                             
   RBB_10/A1                  RBB_6L       10  [TILE 0 0, RBB 13 16]          -     r            4838                                                             
   RBB_10/A                   RBB_6L       10  [TILE 0 0, RBB 13 16]        763     r            5601     {inst81: r_Clock_Count_FDRE_Q_CE_INV_O (LUT,site=alut)} 
   r_Clock_Count_FDRE_Q_CE    Net          77             (fanout=4)       1189                     -                                                             
   RBB_14/A6                  RBB_6L       14   [TILE 0 0, RBB 7 18]          -     r            6790     {<CE>inst47: r_Clock_Count_FDRE_Q_17 (FDRE,site=dff)}   
   -----------------------------------------------------------------------------------------------------------------------------------------------------------------
   RBB_14/CLK                 RBB_6L       14   [TILE 0 0, RBB 7 18]        739     r            7529                                                             
   clk_BUFG_I_O               Clock net    82           (fanout=519)      -2462                     -                                                             
   clk                        CLOCK-PORT    -                      -    capture     r            5067                                                             
   -----------------------------------------------------------------------------------------------------------------------------------------------------------------


Path 148:
   Slack (met):                             14783ps
     Path type:                               SETUP
     Group:                               <DEFAULT>
     Launching clock:                           clk (rising edge)
     Capturing clock:                           clk (rising edge)

     Requested period:                      20000ps
   + Delay of the capturing clock:           2462ps
   - Clock uncertainty:                       150ps
   = Required time:                         22312ps
   - Propagation time:                       5193ps (44.3% logic, 55.7% route, logic stage 2)
   - Delay of the launching clock:           2336ps
   = Slack:                                 14783ps

   Instance/Pin or Net Name   Type         ID     Location or Fanout   Delay(ps)  Edge  Arrival Time(ps)    Instance detail                                       
   -----------------------------------------------------------------------------------------------------------------------------------------------------------------
   clk                        CLOCK-PORT    -                      -     launch     r               0                                                             
   clk_BUFG_I_O               Clock net    82           (fanout=519)       2336                     -                                                             
   RBB_23/CLK                 RBB_6L       23   [TILE 0 0, RBB 10 8]          -     r            2336                                                             
   -----------------------------------------------------------------------------------------------------------------------------------------------------------------
   RBB_23/DQ                  RBB_6L       23   [TILE 0 0, RBB 10 8]        800     r            3136     {inst101: r_SM_Main_FDRE_Q_3 (FD,site=dff)}             
   r_SM_Main[1]               Net          36             (fanout=5)       1702                     -                                                             
   RBB_10/A1                  RBB_6L       10  [TILE 0 0, RBB 13 16]          -     r            4838                                                             
   RBB_10/A                   RBB_6L       10  [TILE 0 0, RBB 13 16]        763     r            5601     {inst81: r_Clock_Count_FDRE_Q_CE_INV_O (LUT,site=alut)} 
   r_Clock_Count_FDRE_Q_CE    Net          77             (fanout=4)       1189                     -                                                             
   RBB_14/A6                  RBB_6L       14   [TILE 0 0, RBB 7 18]          -     r            6790     {<CE>inst43: r_Clock_Count_FDRE_Q_13 (FDRE,site=cff)}   
   -----------------------------------------------------------------------------------------------------------------------------------------------------------------
   RBB_14/CLK                 RBB_6L       14   [TILE 0 0, RBB 7 18]        739     r            7529                                                             
   clk_BUFG_I_O               Clock net    82           (fanout=519)      -2462                     -                                                             
   clk                        CLOCK-PORT    -                      -    capture     r            5067                                                             
   -----------------------------------------------------------------------------------------------------------------------------------------------------------------


Path 152:
   Slack (met):                             15084ps
     Path type:                               SETUP
     Group:                               <DEFAULT>
     Launching clock:                           clk (rising edge)
     Capturing clock:                           clk (rising edge)

     Requested period:                      20000ps
   + Delay of the capturing clock:           2485ps
   - Clock uncertainty:                       150ps
   = Required time:                         22335ps
   - Propagation time:                       4915ps (51.4% logic, 48.6% route, logic stage 2)
   - Delay of the launching clock:           2336ps
   = Slack:                                 15084ps

   Instance/Pin or Net Name   Type         ID     Location or Fanout   Delay(ps)  Edge  Arrival Time(ps)    Instance detail                                       
   -----------------------------------------------------------------------------------------------------------------------------------------------------------------
   clk                        CLOCK-PORT    -                      -     launch     r               0                                                             
   clk_BUFG_I_O               Clock net    82           (fanout=519)       2336                     -                                                             
   RBB_23/CLK                 RBB_6L       23   [TILE 0 0, RBB 10 8]          -     r            2336                                                             
   -----------------------------------------------------------------------------------------------------------------------------------------------------------------
   RBB_23/DQ                  RBB_6L       23   [TILE 0 0, RBB 10 8]        800     r            3136     {inst101: r_SM_Main_FDRE_Q_3 (FD,site=dff)}             
   r_SM_Main[1]               Net          36             (fanout=5)       1702                     -                                                             
   RBB_10/A1                  RBB_6L       10  [TILE 0 0, RBB 13 16]          -     r            4838                                                             
   RBB_10/A                   RBB_6L       10  [TILE 0 0, RBB 13 16]        763     r            5601     {inst81: r_Clock_Count_FDRE_Q_CE_INV_O (LUT,site=alut)} 
   r_Clock_Count_FDRE_Q_CE    Net          77             (fanout=4)        687                     -                                                             
   RBB_12/A6                  RBB_6L       12  [TILE 0 0, RBB 10 18]          -     r            6288     {<CE>inst41: r_Clock_Count_FDRE_Q_11 (FDRE,site=cff)}   
   -----------------------------------------------------------------------------------------------------------------------------------------------------------------
   RBB_12/CLK                 RBB_6L       12  [TILE 0 0, RBB 10 18]        963     r            7251                                                             
   clk_BUFG_I_O               Clock net    82           (fanout=519)      -2485                     -                                                             
   clk                        CLOCK-PORT    -                      -    capture     r            4766                                                             
   -----------------------------------------------------------------------------------------------------------------------------------------------------------------


Path 147:
   Slack (met):                             15084ps
     Path type:                               SETUP
     Group:                               <DEFAULT>
     Launching clock:                           clk (rising edge)
     Capturing clock:                           clk (rising edge)

     Requested period:                      20000ps
   + Delay of the capturing clock:           2485ps
   - Clock uncertainty:                       150ps
   = Required time:                         22335ps
   - Propagation time:                       4915ps (51.4% logic, 48.6% route, logic stage 2)
   - Delay of the launching clock:           2336ps
   = Slack:                                 15084ps

   Instance/Pin or Net Name   Type         ID     Location or Fanout   Delay(ps)  Edge  Arrival Time(ps)    Instance detail                                       
   -----------------------------------------------------------------------------------------------------------------------------------------------------------------
   clk                        CLOCK-PORT    -                      -     launch     r               0                                                             
   clk_BUFG_I_O               Clock net    82           (fanout=519)       2336                     -                                                             
   RBB_23/CLK                 RBB_6L       23   [TILE 0 0, RBB 10 8]          -     r            2336                                                             
   -----------------------------------------------------------------------------------------------------------------------------------------------------------------
   RBB_23/DQ                  RBB_6L       23   [TILE 0 0, RBB 10 8]        800     r            3136     {inst101: r_SM_Main_FDRE_Q_3 (FD,site=dff)}             
   r_SM_Main[1]               Net          36             (fanout=5)       1702                     -                                                             
   RBB_10/A1                  RBB_6L       10  [TILE 0 0, RBB 13 16]          -     r            4838                                                             
   RBB_10/A                   RBB_6L       10  [TILE 0 0, RBB 13 16]        763     r            5601     {inst81: r_Clock_Count_FDRE_Q_CE_INV_O (LUT,site=alut)} 
   r_Clock_Count_FDRE_Q_CE    Net          77             (fanout=4)        687                     -                                                             
   RBB_12/A6                  RBB_6L       12  [TILE 0 0, RBB 10 18]          -     r            6288     {<CE>inst45: r_Clock_Count_FDRE_Q_15 (FDRE,site=dff)}   
   -----------------------------------------------------------------------------------------------------------------------------------------------------------------
   RBB_12/CLK                 RBB_6L       12  [TILE 0 0, RBB 10 18]        963     r            7251                                                             
   clk_BUFG_I_O               Clock net    82           (fanout=519)      -2485                     -                                                             
   clk                        CLOCK-PORT    -                      -    capture     r            4766                                                             
   -----------------------------------------------------------------------------------------------------------------------------------------------------------------


Path 155:
   Slack (met):                             15295ps
     Path type:                               SETUP
     Group:                               <DEFAULT>
     Launching clock:                           clk (rising edge)
     Capturing clock:                           clk (rising edge)

     Requested period:                      20000ps
   + Delay of the capturing clock:           2452ps
   - Clock uncertainty:                       150ps
   = Required time:                         22302ps
   - Propagation time:                       4671ps (50.7% logic, 49.3% route, logic stage 2)
   - Delay of the launching clock:           2336ps
   = Slack:                                 15295ps

   Instance/Pin or Net Name   Type         ID     Location or Fanout   Delay(ps)  Edge  Arrival Time(ps)    Instance detail                                       
   -----------------------------------------------------------------------------------------------------------------------------------------------------------------
   clk                        CLOCK-PORT    -                      -     launch     r               0                                                             
   clk_BUFG_I_O               Clock net    82           (fanout=519)       2336                     -                                                             
   RBB_23/CLK                 RBB_6L       23   [TILE 0 0, RBB 10 8]          -     r            2336                                                             
   -----------------------------------------------------------------------------------------------------------------------------------------------------------------
   RBB_23/DQ                  RBB_6L       23   [TILE 0 0, RBB 10 8]        800     r            3136     {inst101: r_SM_Main_FDRE_Q_3 (FD,site=dff)}             
   r_SM_Main[1]               Net          36             (fanout=5)       1702                     -                                                             
   RBB_10/A1                  RBB_6L       10  [TILE 0 0, RBB 13 16]          -     r            4838                                                             
   RBB_10/A                   RBB_6L       10  [TILE 0 0, RBB 13 16]        763     r            5601     {inst81: r_Clock_Count_FDRE_Q_CE_INV_O (LUT,site=alut)} 
   r_Clock_Count_FDRE_Q_CE    Net          77             (fanout=4)        602                     -                                                             
   RBB_10/A6                  RBB_6L       10  [TILE 0 0, RBB 13 16]          -     r            6203     {<CE>inst38: r_Clock_Count_FDRE_Q (FDRE,site=cffo)}     
   -----------------------------------------------------------------------------------------------------------------------------------------------------------------
   RBB_10/CLK                 RBB_6L       10  [TILE 0 0, RBB 13 16]        804     r            7007                                                             
   clk_BUFG_I_O               Clock net    82           (fanout=519)      -2452                     -                                                             
   clk                        CLOCK-PORT    -                      -    capture     r            4555                                                             
   -----------------------------------------------------------------------------------------------------------------------------------------------------------------


Path 157:
   Slack (met):                             15295ps
     Path type:                               SETUP
     Group:                               <DEFAULT>
     Launching clock:                           clk (rising edge)
     Capturing clock:                           clk (rising edge)

     Requested period:                      20000ps
   + Delay of the capturing clock:           2452ps
   - Clock uncertainty:                       150ps
   = Required time:                         22302ps
   - Propagation time:                       4671ps (50.7% logic, 49.3% route, logic stage 2)
   - Delay of the launching clock:           2336ps
   = Slack:                                 15295ps

   Instance/Pin or Net Name   Type         ID     Location or Fanout   Delay(ps)  Edge  Arrival Time(ps)    Instance detail                                       
   -----------------------------------------------------------------------------------------------------------------------------------------------------------------
   clk                        CLOCK-PORT    -                      -     launch     r               0                                                             
   clk_BUFG_I_O               Clock net    82           (fanout=519)       2336                     -                                                             
   RBB_23/CLK                 RBB_6L       23   [TILE 0 0, RBB 10 8]          -     r            2336                                                             
   -----------------------------------------------------------------------------------------------------------------------------------------------------------------
   RBB_23/DQ                  RBB_6L       23   [TILE 0 0, RBB 10 8]        800     r            3136     {inst101: r_SM_Main_FDRE_Q_3 (FD,site=dff)}             
   r_SM_Main[1]               Net          36             (fanout=5)       1702                     -                                                             
   RBB_10/A1                  RBB_6L       10  [TILE 0 0, RBB 13 16]          -     r            4838                                                             
   RBB_10/A                   RBB_6L       10  [TILE 0 0, RBB 13 16]        763     r            5601     {inst81: r_Clock_Count_FDRE_Q_CE_INV_O (LUT,site=alut)} 
   r_Clock_Count_FDRE_Q_CE    Net          77             (fanout=4)        602                     -                                                             
   RBB_10/A6                  RBB_6L       10  [TILE 0 0, RBB 13 16]          -     r            6203     {<CE>inst40: r_Clock_Count_FDRE_Q_10 (FDRE,site=cff)}   
   -----------------------------------------------------------------------------------------------------------------------------------------------------------------
   RBB_10/CLK                 RBB_6L       10  [TILE 0 0, RBB 13 16]        804     r            7007                                                             
   clk_BUFG_I_O               Clock net    82           (fanout=519)      -2452                     -                                                             
   clk                        CLOCK-PORT    -                      -    capture     r            4555                                                             
   -----------------------------------------------------------------------------------------------------------------------------------------------------------------


Path 156:
   Slack (met):                             15295ps
     Path type:                               SETUP
     Group:                               <DEFAULT>
     Launching clock:                           clk (rising edge)
     Capturing clock:                           clk (rising edge)

     Requested period:                      20000ps
   + Delay of the capturing clock:           2452ps
   - Clock uncertainty:                       150ps
   = Required time:                         22302ps
   - Propagation time:                       4671ps (50.7% logic, 49.3% route, logic stage 2)
   - Delay of the launching clock:           2336ps
   = Slack:                                 15295ps

   Instance/Pin or Net Name   Type         ID     Location or Fanout   Delay(ps)  Edge  Arrival Time(ps)    Instance detail                                       
   -----------------------------------------------------------------------------------------------------------------------------------------------------------------
   clk                        CLOCK-PORT    -                      -     launch     r               0                                                             
   clk_BUFG_I_O               Clock net    82           (fanout=519)       2336                     -                                                             
   RBB_23/CLK                 RBB_6L       23   [TILE 0 0, RBB 10 8]          -     r            2336                                                             
   -----------------------------------------------------------------------------------------------------------------------------------------------------------------
   RBB_23/DQ                  RBB_6L       23   [TILE 0 0, RBB 10 8]        800     r            3136     {inst101: r_SM_Main_FDRE_Q_3 (FD,site=dff)}             
   r_SM_Main[1]               Net          36             (fanout=5)       1702                     -                                                             
   RBB_10/A1                  RBB_6L       10  [TILE 0 0, RBB 13 16]          -     r            4838                                                             
   RBB_10/A                   RBB_6L       10  [TILE 0 0, RBB 13 16]        763     r            5601     {inst81: r_Clock_Count_FDRE_Q_CE_INV_O (LUT,site=alut)} 
   r_Clock_Count_FDRE_Q_CE    Net          77             (fanout=4)        602                     -                                                             
   RBB_10/A6                  RBB_6L       10  [TILE 0 0, RBB 13 16]          -     r            6203     {<CE>inst44: r_Clock_Count_FDRE_Q_14 (FDRE,site=dff)}   
   -----------------------------------------------------------------------------------------------------------------------------------------------------------------
   RBB_10/CLK                 RBB_6L       10  [TILE 0 0, RBB 13 16]        804     r            7007                                                             
   clk_BUFG_I_O               Clock net    82           (fanout=519)      -2452                     -                                                             
   clk                        CLOCK-PORT    -                      -    capture     r            4555                                                             
   -----------------------------------------------------------------------------------------------------------------------------------------------------------------


Path 151:
   Slack (met):                             15301ps
     Path type:                               SETUP
     Group:                               <DEFAULT>
     Launching clock:                           clk (rising edge)
     Capturing clock:                           clk (rising edge)

     Requested period:                      20000ps
   + Delay of the capturing clock:           2476ps
   - Clock uncertainty:                       150ps
   = Required time:                         22326ps
   - Propagation time:                       4689ps (50.8% logic, 49.2% route, logic stage 2)
   - Delay of the launching clock:           2336ps
   = Slack:                                 15301ps

   Instance/Pin or Net Name   Type         ID     Location or Fanout   Delay(ps)  Edge  Arrival Time(ps)    Instance detail                                       
   -----------------------------------------------------------------------------------------------------------------------------------------------------------------
   clk                        CLOCK-PORT    -                      -     launch     r               0                                                             
   clk_BUFG_I_O               Clock net    82           (fanout=519)       2336                     -                                                             
   RBB_23/CLK                 RBB_6L       23   [TILE 0 0, RBB 10 8]          -     r            2336                                                             
   -----------------------------------------------------------------------------------------------------------------------------------------------------------------
   RBB_23/DQ                  RBB_6L       23   [TILE 0 0, RBB 10 8]        800     r            3136     {inst101: r_SM_Main_FDRE_Q_3 (FD,site=dff)}             
   r_SM_Main[1]               Net          36             (fanout=5)       1702                     -                                                             
   RBB_10/A1                  RBB_6L       10  [TILE 0 0, RBB 13 16]          -     r            4838                                                             
   RBB_10/A                   RBB_6L       10  [TILE 0 0, RBB 13 16]        763     r            5601     {inst81: r_Clock_Count_FDRE_Q_CE_INV_O (LUT,site=alut)} 
   r_Clock_Count_FDRE_Q_CE    Net          77             (fanout=4)        607                     -                                                             
   RBB_13/A6                  RBB_6L       13  [TILE 0 0, RBB 10 16]          -     r            6208     {<CE>inst46: r_Clock_Count_FDRE_Q_16 (FDRE,site=dff)}   
   -----------------------------------------------------------------------------------------------------------------------------------------------------------------
   RBB_13/CLK                 RBB_6L       13  [TILE 0 0, RBB 10 16]        817     r            7025                                                             
   clk_BUFG_I_O               Clock net    82           (fanout=519)      -2476                     -                                                             
   clk                        CLOCK-PORT    -                      -    capture     r            4549                                                             
   -----------------------------------------------------------------------------------------------------------------------------------------------------------------


Path 150:
   Slack (met):                             15301ps
     Path type:                               SETUP
     Group:                               <DEFAULT>
     Launching clock:                           clk (rising edge)
     Capturing clock:                           clk (rising edge)

     Requested period:                      20000ps
   + Delay of the capturing clock:           2476ps
   - Clock uncertainty:                       150ps
   = Required time:                         22326ps
   - Propagation time:                       4689ps (50.8% logic, 49.2% route, logic stage 2)
   - Delay of the launching clock:           2336ps
   = Slack:                                 15301ps

   Instance/Pin or Net Name   Type         ID     Location or Fanout   Delay(ps)  Edge  Arrival Time(ps)    Instance detail                                       
   -----------------------------------------------------------------------------------------------------------------------------------------------------------------
   clk                        CLOCK-PORT    -                      -     launch     r               0                                                             
   clk_BUFG_I_O               Clock net    82           (fanout=519)       2336                     -                                                             
   RBB_23/CLK                 RBB_6L       23   [TILE 0 0, RBB 10 8]          -     r            2336                                                             
   -----------------------------------------------------------------------------------------------------------------------------------------------------------------
   RBB_23/DQ                  RBB_6L       23   [TILE 0 0, RBB 10 8]        800     r            3136     {inst101: r_SM_Main_FDRE_Q_3 (FD,site=dff)}             
   r_SM_Main[1]               Net          36             (fanout=5)       1702                     -                                                             
   RBB_10/A1                  RBB_6L       10  [TILE 0 0, RBB 13 16]          -     r            4838                                                             
   RBB_10/A                   RBB_6L       10  [TILE 0 0, RBB 13 16]        763     r            5601     {inst81: r_Clock_Count_FDRE_Q_CE_INV_O (LUT,site=alut)} 
   r_Clock_Count_FDRE_Q_CE    Net          77             (fanout=4)        607                     -                                                             
   RBB_13/A6                  RBB_6L       13  [TILE 0 0, RBB 10 16]          -     r            6208     {<CE>inst42: r_Clock_Count_FDRE_Q_12 (FDRE,site=cff)}   
   -----------------------------------------------------------------------------------------------------------------------------------------------------------------
   RBB_13/CLK                 RBB_6L       13  [TILE 0 0, RBB 10 16]        817     r            7025                                                             
   clk_BUFG_I_O               Clock net    82           (fanout=519)      -2476                     -                                                             
   clk                        CLOCK-PORT    -                      -    capture     r            4549                                                             
   -----------------------------------------------------------------------------------------------------------------------------------------------------------------


Path 146:
   Slack (met):                             15322ps
     Path type:                               SETUP
     Group:                               <DEFAULT>
     Launching clock:                           clk (rising edge)
     Capturing clock:                           clk (rising edge)

     Requested period:                      20000ps
   + Delay of the capturing clock:           2443ps
   - Clock uncertainty:                       150ps
   = Required time:                         22293ps
   - Propagation time:                       4528ps (55.0% logic, 45.0% route, logic stage 2)
   - Delay of the launching clock:           2443ps
   = Slack:                                 15322ps

   Instance/Pin or Net Name                      Type         ID     Location or Fanout   Delay(ps)  Edge  Arrival Time(ps)    Instance detail                                                                                                             
   ----------------------------------------------------------------------------------------------------------------------------------------------------------------------------------------------------------------------------------------------------------
   clk                                           CLOCK-PORT    -                      -     launch     r               0                                                                                                                                   
   clk_BUFG_I_O                                  Clock net    82           (fanout=519)       2443                     -                                                                                                                                   
   RBB_16/CLK                                    RBB_6L       16   [TILE 0 0, RBB 7 14]          -     r            2443                                                                                                                                   
   ----------------------------------------------------------------------------------------------------------------------------------------------------------------------------------------------------------------------------------------------------------
   RBB_16/DQ                                     RBB_6L       16   [TILE 0 0, RBB 7 14]        800     r            3243     {inst100: r_SM_Main_FDRE_Q_2 (FD,site=dff)}                                                                                   
   r_SM_Main[2]                                  Net          37            (fanout=24)       1375                     -                                                                                                                                   
   RBB_11/A5                                     RBB_6L       11  [TILE 0 0, RBB 10 14]          -     r            4618                                                                                                                                   
   RBB_11/A                                      RBB_6L       11  [TILE 0 0, RBB 10 14]        765     r            5383     {inst18: r_Bit_Index_FDRE_Q_D_LUT2_O_I1_CARRY4_O_O_LUT2_O (LUT,site=alut)}                                                    
   r_Bit_Index_FDRE_Q_D_LUT2_O_I1_CARRY4_O_O[1]  Net          32             (fanout=1)        663                     -                                                                                                                                   
   RBB_16/D2                                     RBB_6L       16   [TILE 0 0, RBB 7 14]          -     r            6046     {inst21: r_Bit_Index_FDRE_Q_D_LUT2_O_I1_CARRY4_O_O_LUT6_I1 (LUT,site=dlut,dluto)} {inst100: r_SM_Main_FDRE_Q_2 (FD,site=dff)} 
   ----------------------------------------------------------------------------------------------------------------------------------------------------------------------------------------------------------------------------------------------------------
   RBB_16/CLK                                    RBB_6L       16   [TILE 0 0, RBB 7 14]        925     r            6971                                                                                                                                   
   clk_BUFG_I_O                                  Clock net    82           (fanout=519)      -2443                     -                                                                                                                                   
   clk                                           CLOCK-PORT    -                      -    capture     r            4528                                                                                                                                   
   ----------------------------------------------------------------------------------------------------------------------------------------------------------------------------------------------------------------------------------------------------------


Path 154:
   Slack (met):                             15401ps
     Path type:                               SETUP
     Group:                               <DEFAULT>
     Launching clock:                           clk (rising edge)
     Capturing clock:                           clk (rising edge)

     Requested period:                      20000ps
   + Delay of the capturing clock:           2463ps
   - Clock uncertainty:                       150ps
   = Required time:                         22313ps
   - Propagation time:                       4437ps (66.0% logic, 34.0% route, logic stage 2)
   - Delay of the launching clock:           2475ps
   = Slack:                                 15401ps

   Instance/Pin or Net Name                                 Type         ID     Location or Fanout   Delay(ps)  Edge  Arrival Time(ps)    Instance detail                                                                                                             
   ---------------------------------------------------------------------------------------------------------------------------------------------------------------------------------------------------------------------------------------------------------------------
   clk                                                      CLOCK-PORT    -                      -     launch     r               0                                                                                                                                   
   clk_BUFG_I_O                                             Clock net    82           (fanout=519)       2475                     -                                                                                                                                   
   RBB_11/CLK                                               RBB_6L       11  [TILE 0 0, RBB 10 14]          -     r            2475                                                                                                                                   
   ---------------------------------------------------------------------------------------------------------------------------------------------------------------------------------------------------------------------------------------------------------------------
   RBB_11/CMUX                                              RBB_6L       11  [TILE 0 0, RBB 10 14]       1379     r            3854     {inst107: rx_sync_FDSE_Q (FDR,site=cffo)}                                                                                     
   r_Bit_Index_FDRE_Q_D_LUT2_O_I1_CARRY4_O_S_CARRY4_S_O[2]  Net         149            (fanout=11)        555                     -                                                                                                                                   
   RBB_11/B2                                                RBB_6L       11  [TILE 0 0, RBB 10 14]          -     r            4409                                                                                                                                   
   RBB_11/B                                                 RBB_6L       11  [TILE 0 0, RBB 10 14]        651     r            5060     {inst19: r_Bit_Index_FDRE_Q_D_LUT2_O_I1_CARRY4_O_O_LUT2_O_1 (LUT,site=blut)}                                                  
   r_Bit_Index_FDRE_Q_D_LUT2_O_I1_CARRY4_O_O[2]             Net          33             (fanout=2)        953                     -                                                                                                                                   
   RBB_17/D3                                                RBB_6L       17   [TILE 0 0, RBB 7 16]          -     r            6013     {inst22: r_Bit_Index_FDRE_Q_D_LUT2_O_I1_CARRY4_O_O_LUT6_I2 (LUT,site=dlut,dluto)} {inst103: r_SM_Main_FDRE_Q_4 (FD,site=dff)} 
   ---------------------------------------------------------------------------------------------------------------------------------------------------------------------------------------------------------------------------------------------------------------------
   RBB_17/CLK                                               RBB_6L       17   [TILE 0 0, RBB 7 16]        899     r            6912                                                                                                                                   
   clk_BUFG_I_O                                             Clock net    82           (fanout=519)      -2463                     -                                                                                                                                   
   clk                                                      CLOCK-PORT    -                      -    capture     r            4449                                                                                                                                   
   ---------------------------------------------------------------------------------------------------------------------------------------------------------------------------------------------------------------------------------------------------------------------


Path 227:
   Slack (met):                             15593ps
     Path type:                               SETUP
     Group:                               <DEFAULT>
     Launching clock:                           clk (rising edge)
     Capturing clock:                           clk (rising edge)

     Requested period:                      20000ps
   + Delay of the capturing clock:           2456ps
   - Clock uncertainty:                       150ps
   = Required time:                         22306ps
   - Propagation time:                       4238ps (40.9% logic, 59.1% route, logic stage 1)
   - Delay of the launching clock:           2475ps
   = Slack:                                 15593ps

   Instance/Pin or Net Name   Type         ID     Location or Fanout   Delay(ps)  Edge  Arrival Time(ps)    Instance detail                                                                
   ------------------------------------------------------------------------------------------------------------------------------------------------------------------------------------------
   clk                        CLOCK-PORT    -                      -     launch     r               0                                                                                      
   clk_BUFG_I_O               Clock net    82           (fanout=519)       2475                     -                                                                                      
   RBB_11/CLK                 RBB_6L       11  [TILE 0 0, RBB 10 14]          -     r            2475                                                                                      
   ------------------------------------------------------------------------------------------------------------------------------------------------------------------------------------------
   RBB_11/BQ                  RBB_6L       11  [TILE 0 0, RBB 10 14]        800     r            3275     {inst105: rst_sync_FDRE_Q (FD,site=bff)}                                         
   r_RX_DV_FDRE_Q_D[0]        Net         105            (fanout=16)       2503                     -                                                                                      
   RBB_2/SR                   IOB           2   [TILE 0 0, RBB 31 6]          -     r            5778     {inst7: led_internal_FDRE_Q (FDRE)} {(output_port) inst111: g_111_led_obuf (IO)} 
   ------------------------------------------------------------------------------------------------------------------------------------------------------------------------------------------
   RBB_2/CLK                  IOB           2   [TILE 0 0, RBB 31 6]        935     r            6713                                                                                      
   clk_BUFG_I_O               Clock net    82           (fanout=519)      -2456                     -                                                                                      
   clk                        CLOCK-PORT    -                      -    capture     r            4257                                                                                      
   ------------------------------------------------------------------------------------------------------------------------------------------------------------------------------------------


Path 159:
   Slack (met):                             15655ps
     Path type:                               SETUP
     Group:                               <DEFAULT>
     Launching clock:                           clk (rising edge)
     Capturing clock:                           clk (rising edge)

     Requested period:                      20000ps
   + Delay of the capturing clock:           2422ps
   - Clock uncertainty:                       150ps
   = Required time:                         22272ps
   - Propagation time:                       4142ps (65.0% logic, 35.0% route, logic stage 1)
   - Delay of the launching clock:           2475ps
   = Slack:                                 15655ps

   Instance/Pin or Net Name                                 Type         ID     Location or Fanout   Delay(ps)  Edge  Arrival Time(ps)    Instance detail                                                                          
   ----------------------------------------------------------------------------------------------------------------------------------------------------------------------------------------------------------------------------------
   clk                                                      CLOCK-PORT    -                      -     launch     r               0                                                                                                
   clk_BUFG_I_O                                             Clock net    82           (fanout=519)       2475                     -                                                                                                
   RBB_11/CLK                                               RBB_6L       11  [TILE 0 0, RBB 10 14]          -     r            2475                                                                                                
   ----------------------------------------------------------------------------------------------------------------------------------------------------------------------------------------------------------------------------------
   RBB_11/CMUX                                              RBB_6L       11  [TILE 0 0, RBB 10 14]       1379     r            3854     {inst107: rx_sync_FDSE_Q (FDR,site=cffo)}                                                  
   r_Bit_Index_FDRE_Q_D_LUT2_O_I1_CARRY4_O_S_CARRY4_S_O[2]  Net         149            (fanout=11)       1449                     -                                                                                                
   RBB_22/D2                                                RBB_6L       22   [TILE 0 0, RBB 16 8]          -     r            5303     {inst93: r_RX_DV_FDRE_Q_D_LUT2_O (LUT,site=dlut)} {inst91: r_RX_DV_FDRE_Q (FDRE,site=dff)} 
   ----------------------------------------------------------------------------------------------------------------------------------------------------------------------------------------------------------------------------------
   RBB_22/CLK                                               RBB_6L       22   [TILE 0 0, RBB 16 8]       1314     r            6617                                                                                                
   clk_BUFG_I_O                                             Clock net    82           (fanout=519)      -2422                     -                                                                                                
   clk                                                      CLOCK-PORT    -                      -    capture     r            4195                                                                                                
   ----------------------------------------------------------------------------------------------------------------------------------------------------------------------------------------------------------------------------------


Path 153:
   Slack (met):                             15704ps
     Path type:                               SETUP
     Group:                               <DEFAULT>
     Launching clock:                           clk (rising edge)
     Capturing clock:                           clk (rising edge)

     Requested period:                      20000ps
   + Delay of the capturing clock:           2443ps
   - Clock uncertainty:                       150ps
   = Required time:                         22293ps
   - Propagation time:                       4114ps (71.2% logic, 28.8% route, logic stage 2)
   - Delay of the launching clock:           2475ps
   = Slack:                                 15704ps

   Instance/Pin or Net Name                                 Type         ID     Location or Fanout   Delay(ps)  Edge  Arrival Time(ps)    Instance detail                                                                                                             
   ---------------------------------------------------------------------------------------------------------------------------------------------------------------------------------------------------------------------------------------------------------------------
   clk                                                      CLOCK-PORT    -                      -     launch     r               0                                                                                                                                   
   clk_BUFG_I_O                                             Clock net    82           (fanout=519)       2475                     -                                                                                                                                   
   RBB_11/CLK                                               RBB_6L       11  [TILE 0 0, RBB 10 14]          -     r            2475                                                                                                                                   
   ---------------------------------------------------------------------------------------------------------------------------------------------------------------------------------------------------------------------------------------------------------------------
   RBB_11/CMUX                                              RBB_6L       11  [TILE 0 0, RBB 10 14]       1379     r            3854     {inst107: rx_sync_FDSE_Q (FDR,site=cffo)}                                                                                     
   r_Bit_Index_FDRE_Q_D_LUT2_O_I1_CARRY4_O_S_CARRY4_S_O[2]  Net         149            (fanout=11)        555                     -                                                                                                                                   
   RBB_11/B2                                                RBB_6L       11  [TILE 0 0, RBB 10 14]          -     r            4409                                                                                                                                   
   RBB_11/B                                                 RBB_6L       11  [TILE 0 0, RBB 10 14]        651     r            5060     {inst19: r_Bit_Index_FDRE_Q_D_LUT2_O_I1_CARRY4_O_O_LUT2_O_1 (LUT,site=blut)}                                                  
   r_Bit_Index_FDRE_Q_D_LUT2_O_I1_CARRY4_O_O[2]             Net          33             (fanout=2)        630                     -                                                                                                                                   
   RBB_16/D3                                                RBB_6L       16   [TILE 0 0, RBB 7 14]          -     r            5690     {inst21: r_Bit_Index_FDRE_Q_D_LUT2_O_I1_CARRY4_O_O_LUT6_I1 (LUT,site=dlut,dluto)} {inst100: r_SM_Main_FDRE_Q_2 (FD,site=dff)} 
   ---------------------------------------------------------------------------------------------------------------------------------------------------------------------------------------------------------------------------------------------------------------------
   RBB_16/CLK                                               RBB_6L       16   [TILE 0 0, RBB 7 14]        899     r            6589                                                                                                                                   
   clk_BUFG_I_O                                             Clock net    82           (fanout=519)      -2443                     -                                                                                                                                   
   clk                                                      CLOCK-PORT    -                      -    capture     r            4146                                                                                                                                   
   ---------------------------------------------------------------------------------------------------------------------------------------------------------------------------------------------------------------------------------------------------------------------


Path 182:
   Slack (met):                             15819ps
     Path type:                               SETUP
     Group:                               <DEFAULT>
     Launching clock:                           clk (rising edge)
     Capturing clock:                           clk (rising edge)

     Requested period:                      20000ps
   + Delay of the capturing clock:           2452ps
   - Clock uncertainty:                       150ps
   = Required time:                         22302ps
   - Propagation time:                       4008ps (47.1% logic, 52.9% route, logic stage 1)
   - Delay of the launching clock:           2475ps
   = Slack:                                 15819ps

   Instance/Pin or Net Name   Type         ID     Location or Fanout   Delay(ps)  Edge  Arrival Time(ps)    Instance detail                                                          
   ------------------------------------------------------------------------------------------------------------------------------------------------------------------------------------
   clk                        CLOCK-PORT    -                      -     launch     r               0                                                                                
   clk_BUFG_I_O               Clock net    82           (fanout=519)       2475                     -                                                                                
   RBB_11/CLK                 RBB_6L       11  [TILE 0 0, RBB 10 14]          -     r            2475                                                                                
   ------------------------------------------------------------------------------------------------------------------------------------------------------------------------------------
   RBB_11/BQ                  RBB_6L       11  [TILE 0 0, RBB 10 14]        800     r            3275     {inst105: rst_sync_FDRE_Q (FD,site=bff)}                                   
   r_RX_DV_FDRE_Q_D[0]        Net         105            (fanout=16)       2122                     -                                                                                
   RBB_0/SR                   IOB           0   [TILE 0 0, RBB 0 23]          -     r            5397     {(input_port) inst113: g_113_rx_ibuf (IO)} {inst106: rx_meta_FDSE_Q (FDR)} 
   ------------------------------------------------------------------------------------------------------------------------------------------------------------------------------------
   RBB_0/CLK                  IOB           0   [TILE 0 0, RBB 0 23]       1086     r            6483                                                                                
   clk_BUFG_I_O               Clock net    82           (fanout=519)      -2452                     -                                                                                
   clk                        CLOCK-PORT    -                      -    capture     r            4031                                                                                
   ------------------------------------------------------------------------------------------------------------------------------------------------------------------------------------


Path 163:
   Slack (met):                             15921ps
     Path type:                               SETUP
     Group:                               <DEFAULT>
     Launching clock:                           clk (rising edge)
     Capturing clock:                           clk (rising edge)

     Requested period:                      20000ps
   + Delay of the capturing clock:           2336ps
   - Clock uncertainty:                       150ps
   = Required time:                         22186ps
   - Propagation time:                       3790ps (70.6% logic, 29.4% route, logic stage 1)
   - Delay of the launching clock:           2475ps
   = Slack:                                 15921ps

   Instance/Pin or Net Name                                 Type         ID     Location or Fanout   Delay(ps)  Edge  Arrival Time(ps)    Instance detail                                                                                                                              
   --------------------------------------------------------------------------------------------------------------------------------------------------------------------------------------------------------------------------------------------------------------------------------------
   clk                                                      CLOCK-PORT    -                      -     launch     r               0                                                                                                                                                    
   clk_BUFG_I_O                                             Clock net    82           (fanout=519)       2475                     -                                                                                                                                                    
   RBB_11/CLK                                               RBB_6L       11  [TILE 0 0, RBB 10 14]          -     r            2475                                                                                                                                                    
   --------------------------------------------------------------------------------------------------------------------------------------------------------------------------------------------------------------------------------------------------------------------------------------
   RBB_11/CMUX                                              RBB_6L       11  [TILE 0 0, RBB 10 14]       1379     r            3854     {inst107: rx_sync_FDSE_Q (FDR,site=cffo)}                                                                                                      
   r_Bit_Index_FDRE_Q_D_LUT2_O_I1_CARRY4_O_S_CARRY4_S_O[2]  Net         149            (fanout=11)       1113                     -                                                                                                                                                    
   RBB_19/C3                                                RBB_6L       19   [TILE 0 0, RBB 13 8]          -     r            4967     {inst27: r_Bit_Index_FDRE_Q_D_LUT2_O_I1_CARRY4_O_S_CARRY4_S_O_LUT4_I3_O_LUT4_O_1 (LUT,site=clut)} {inst83: r_RX_Byte_FDRE_Q_1 (FDRE,site=cff)} 
   --------------------------------------------------------------------------------------------------------------------------------------------------------------------------------------------------------------------------------------------------------------------------------------
   RBB_19/CLK                                               RBB_6L       19   [TILE 0 0, RBB 13 8]       1298     r            6265                                                                                                                                                    
   clk_BUFG_I_O                                             Clock net    82           (fanout=519)      -2336                     -                                                                                                                                                    
   clk                                                      CLOCK-PORT    -                      -    capture     r            3929                                                                                                                                                    
   --------------------------------------------------------------------------------------------------------------------------------------------------------------------------------------------------------------------------------------------------------------------------------------


Path 165:
   Slack (met):                             15925ps
     Path type:                               SETUP
     Group:                               <DEFAULT>
     Launching clock:                           clk (rising edge)
     Capturing clock:                           clk (rising edge)

     Requested period:                      20000ps
   + Delay of the capturing clock:           2336ps
   - Clock uncertainty:                       150ps
   = Required time:                         22186ps
   - Propagation time:                       3786ps (69.9% logic, 30.1% route, logic stage 1)
   - Delay of the launching clock:           2475ps
   = Slack:                                 15925ps

   Instance/Pin or Net Name                                 Type         ID     Location or Fanout   Delay(ps)  Edge  Arrival Time(ps)    Instance detail                                                                                                                            
   ------------------------------------------------------------------------------------------------------------------------------------------------------------------------------------------------------------------------------------------------------------------------------------
   clk                                                      CLOCK-PORT    -                      -     launch     r               0                                                                                                                                                  
   clk_BUFG_I_O                                             Clock net    82           (fanout=519)       2475                     -                                                                                                                                                  
   RBB_11/CLK                                               RBB_6L       11  [TILE 0 0, RBB 10 14]          -     r            2475                                                                                                                                                  
   ------------------------------------------------------------------------------------------------------------------------------------------------------------------------------------------------------------------------------------------------------------------------------------
   RBB_11/CMUX                                              RBB_6L       11  [TILE 0 0, RBB 10 14]       1379     r            3854     {inst107: rx_sync_FDSE_Q (FDR,site=cffo)}                                                                                                    
   r_Bit_Index_FDRE_Q_D_LUT2_O_I1_CARRY4_O_S_CARRY4_S_O[2]  Net         149            (fanout=11)       1138                     -                                                                                                                                                  
   RBB_19/B3                                                RBB_6L       19   [TILE 0 0, RBB 13 8]          -     r            4992     {inst31: r_Bit_Index_FDRE_Q_D_LUT2_O_I1_CARRY4_O_S_CARRY4_S_O_LUT4_I3_O_LUT5_O (LUT,site=blut)} {inst84: r_RX_Byte_FDRE_Q_2 (FDRE,site=bff)} 
   ------------------------------------------------------------------------------------------------------------------------------------------------------------------------------------------------------------------------------------------------------------------------------------
   RBB_19/CLK                                               RBB_6L       19   [TILE 0 0, RBB 13 8]       1269     r            6261                                                                                                                                                  
   clk_BUFG_I_O                                             Clock net    82           (fanout=519)      -2336                     -                                                                                                                                                  
   clk                                                      CLOCK-PORT    -                      -    capture     r            3925                                                                                                                                                  
   ------------------------------------------------------------------------------------------------------------------------------------------------------------------------------------------------------------------------------------------------------------------------------------


Path 175:
   Slack (met):                             15932ps
     Path type:                               SETUP
     Group:                               <DEFAULT>
     Launching clock:                           clk (rising edge)
     Capturing clock:                           clk (rising edge)

     Requested period:                      20000ps
   + Delay of the capturing clock:           2434ps
   - Clock uncertainty:                       150ps
   = Required time:                         22284ps
   - Propagation time:                       3877ps (51.0% logic, 49.0% route, logic stage 1)
   - Delay of the launching clock:           2475ps
   = Slack:                                 15932ps

   Instance/Pin or Net Name   Type         ID     Location or Fanout   Delay(ps)  Edge  Arrival Time(ps)    Instance detail                                
   ----------------------------------------------------------------------------------------------------------------------------------------------------------
   clk                        CLOCK-PORT    -                      -     launch     r               0                                                      
   clk_BUFG_I_O               Clock net    82           (fanout=519)       2475                     -                                                      
   RBB_11/CLK                 RBB_6L       11  [TILE 0 0, RBB 10 14]          -     r            2475                                                      
   ----------------------------------------------------------------------------------------------------------------------------------------------------------
   RBB_11/BQ                  RBB_6L       11  [TILE 0 0, RBB 10 14]        800     r            3275     {inst105: rst_sync_FDRE_Q (FD,site=bff)}         
   r_RX_DV_FDRE_Q_D[0]        Net         105            (fanout=16)       1898                     -                                                      
   RBB_20/B6                  RBB_6L       20  [TILE 0 0, RBB 16 10]          -     r            5173     {<SR>inst87: r_RX_Byte_FDRE_Q_5 (FDRE,site=cff)} 
   ----------------------------------------------------------------------------------------------------------------------------------------------------------
   RBB_20/CLK                 RBB_6L       20  [TILE 0 0, RBB 16 10]       1179     r            6352                                                      
   clk_BUFG_I_O               Clock net    82           (fanout=519)      -2434                     -                                                      
   clk                        CLOCK-PORT    -                      -    capture     r            3918                                                      
   ----------------------------------------------------------------------------------------------------------------------------------------------------------


Path 170:
   Slack (met):                             15970ps
     Path type:                               SETUP
     Group:                               <DEFAULT>
     Launching clock:                           clk (rising edge)
     Capturing clock:                           clk (rising edge)

     Requested period:                      20000ps
   + Delay of the capturing clock:           2434ps
   - Clock uncertainty:                       150ps
   = Required time:                         22284ps
   - Propagation time:                       3839ps (50.6% logic, 49.4% route, logic stage 1)
   - Delay of the launching clock:           2475ps
   = Slack:                                 15970ps

   Instance/Pin or Net Name   Type         ID     Location or Fanout   Delay(ps)  Edge  Arrival Time(ps)    Instance detail                                
   ----------------------------------------------------------------------------------------------------------------------------------------------------------
   clk                        CLOCK-PORT    -                      -     launch     r               0                                                      
   clk_BUFG_I_O               Clock net    82           (fanout=519)       2475                     -                                                      
   RBB_11/CLK                 RBB_6L       11  [TILE 0 0, RBB 10 14]          -     r            2475                                                      
   ----------------------------------------------------------------------------------------------------------------------------------------------------------
   RBB_11/BQ                  RBB_6L       11  [TILE 0 0, RBB 10 14]        800     r            3275     {inst105: rst_sync_FDRE_Q (FD,site=bff)}         
   r_RX_DV_FDRE_Q_D[0]        Net         105            (fanout=16)       1898                     -                                                      
   RBB_20/B6                  RBB_6L       20  [TILE 0 0, RBB 16 10]          -     r            5173     {<SR>inst85: r_RX_Byte_FDRE_Q_3 (FDRE,site=dff)} 
   ----------------------------------------------------------------------------------------------------------------------------------------------------------
   RBB_20/CLK                 RBB_6L       20  [TILE 0 0, RBB 16 10]       1141     r            6314                                                      
   clk_BUFG_I_O               Clock net    82           (fanout=519)      -2434                     -                                                      
   clk                        CLOCK-PORT    -                      -    capture     r            3880                                                      
   ----------------------------------------------------------------------------------------------------------------------------------------------------------


Path 185:
   Slack (met):                             16052ps
     Path type:                               SETUP
     Group:                               <DEFAULT>
     Launching clock:                           clk (rising edge)
     Capturing clock:                           clk (rising edge)

     Requested period:                      20000ps
   + Delay of the capturing clock:           2336ps
   - Clock uncertainty:                       150ps
   = Required time:                         22186ps
   - Propagation time:                       3691ps (53.9% logic, 46.1% route, logic stage 1)
   - Delay of the launching clock:           2443ps
   = Slack:                                 16052ps

   Instance/Pin or Net Name   Type         ID    Location or Fanout   Delay(ps)  Edge  Arrival Time(ps)    Instance detail                                                                                                                          
   ---------------------------------------------------------------------------------------------------------------------------------------------------------------------------------------------------------------------------------------------------
   clk                        CLOCK-PORT    -                     -     launch     r               0                                                                                                                                                
   clk_BUFG_I_O               Clock net    82          (fanout=519)       2443                     -                                                                                                                                                
   RBB_16/CLK                 RBB_6L       16  [TILE 0 0, RBB 7 14]          -     r            2443                                                                                                                                                
   ---------------------------------------------------------------------------------------------------------------------------------------------------------------------------------------------------------------------------------------------------
   RBB_16/DQ                  RBB_6L       16  [TILE 0 0, RBB 7 14]        800     r            3243     {inst100: r_SM_Main_FDRE_Q_2 (FD,site=dff)}                                                                                                
   r_SM_Main[2]               Net          37           (fanout=24)       1700                     -                                                                                                                                                
   RBB_19/D5                  RBB_6L       19  [TILE 0 0, RBB 13 8]          -     r            4943     {inst26: r_Bit_Index_FDRE_Q_D_LUT2_O_I1_CARRY4_O_S_CARRY4_S_O_LUT4_I3_O_LUT4_O (LUT,site=dlut)} {inst82: r_RX_Byte_FDRE_Q (FDRE,site=dff)} 
   ---------------------------------------------------------------------------------------------------------------------------------------------------------------------------------------------------------------------------------------------------
   RBB_19/CLK                 RBB_6L       19  [TILE 0 0, RBB 13 8]       1191     r            6134                                                                                                                                                
   clk_BUFG_I_O               Clock net    82          (fanout=519)      -2336                     -                                                                                                                                                
   clk                        CLOCK-PORT    -                     -    capture     r            3798                                                                                                                                                
   ---------------------------------------------------------------------------------------------------------------------------------------------------------------------------------------------------------------------------------------------------


Path 173:
   Slack (met):                             16075ps
     Path type:                               SETUP
     Group:                               <DEFAULT>
     Launching clock:                           clk (rising edge)
     Capturing clock:                           clk (rising edge)

     Requested period:                      20000ps
   + Delay of the capturing clock:           2422ps
   - Clock uncertainty:                       150ps
   = Required time:                         22272ps
   - Propagation time:                       3722ps (48.5% logic, 51.5% route, logic stage 1)
   - Delay of the launching clock:           2475ps
   = Slack:                                 16075ps

   Instance/Pin or Net Name   Type         ID     Location or Fanout   Delay(ps)  Edge  Arrival Time(ps)    Instance detail                            
   ------------------------------------------------------------------------------------------------------------------------------------------------------
   clk                        CLOCK-PORT    -                      -     launch     r               0                                                  
   clk_BUFG_I_O               Clock net    82           (fanout=519)       2475                     -                                                  
   RBB_11/CLK                 RBB_6L       11  [TILE 0 0, RBB 10 14]          -     r            2475                                                  
   ------------------------------------------------------------------------------------------------------------------------------------------------------
   RBB_11/BQ                  RBB_6L       11  [TILE 0 0, RBB 10 14]        800     r            3275     {inst105: rst_sync_FDRE_Q (FD,site=bff)}     
   r_RX_DV_FDRE_Q_D[0]        Net         105            (fanout=16)       1916                     -                                                  
   RBB_22/B6                  RBB_6L       22   [TILE 0 0, RBB 16 8]          -     r            5191     {<SR>inst91: r_RX_DV_FDRE_Q (FDRE,site=dff)} 
   ------------------------------------------------------------------------------------------------------------------------------------------------------
   RBB_22/CLK                 RBB_6L       22   [TILE 0 0, RBB 16 8]       1006     r            6197                                                  
   clk_BUFG_I_O               Clock net    82           (fanout=519)      -2422                     -                                                  
   clk                        CLOCK-PORT    -                      -    capture     r            3775                                                  
   ------------------------------------------------------------------------------------------------------------------------------------------------------


Path 232:
   Slack (met):                             16085ps
     Path type:                               SETUP
     Group:                               <DEFAULT>
     Launching clock:                           clk (rising edge)
     Capturing clock:                           clk (rising edge)

     Requested period:                      20000ps
   + Delay of the capturing clock:           2336ps
   - Clock uncertainty:                       150ps
   = Required time:                         22186ps
   - Propagation time:                       3658ps (53.5% logic, 46.5% route, logic stage 1)
   - Delay of the launching clock:           2443ps
   = Slack:                                 16085ps

   Instance/Pin or Net Name   Type         ID    Location or Fanout   Delay(ps)  Edge  Arrival Time(ps)    Instance detail                                                                                                                            
   -----------------------------------------------------------------------------------------------------------------------------------------------------------------------------------------------------------------------------------------------------
   clk                        CLOCK-PORT    -                     -     launch     r               0                                                                                                                                                  
   clk_BUFG_I_O               Clock net    82          (fanout=519)       2443                     -                                                                                                                                                  
   RBB_16/CLK                 RBB_6L       16  [TILE 0 0, RBB 7 14]          -     r            2443                                                                                                                                                  
   -----------------------------------------------------------------------------------------------------------------------------------------------------------------------------------------------------------------------------------------------------
   RBB_16/DQ                  RBB_6L       16  [TILE 0 0, RBB 7 14]        800     r            3243     {inst100: r_SM_Main_FDRE_Q_2 (FD,site=dff)}                                                                                                  
   r_SM_Main[2]               Net          37           (fanout=24)       1700                     -                                                                                                                                                  
   RBB_19/B5                  RBB_6L       19  [TILE 0 0, RBB 13 8]          -     r            4943     {inst31: r_Bit_Index_FDRE_Q_D_LUT2_O_I1_CARRY4_O_S_CARRY4_S_O_LUT4_I3_O_LUT5_O (LUT,site=blut)} {inst84: r_RX_Byte_FDRE_Q_2 (FDRE,site=bff)} 
   -----------------------------------------------------------------------------------------------------------------------------------------------------------------------------------------------------------------------------------------------------
   RBB_19/CLK                 RBB_6L       19  [TILE 0 0, RBB 13 8]       1158     r            6101                                                                                                                                                  
   clk_BUFG_I_O               Clock net    82          (fanout=519)      -2336                     -                                                                                                                                                  
   clk                        CLOCK-PORT    -                     -    capture     r            3765                                                                                                                                                  
   -----------------------------------------------------------------------------------------------------------------------------------------------------------------------------------------------------------------------------------------------------


Path 210:
   Slack (met):                             16104ps
     Path type:                               SETUP
     Group:                               <DEFAULT>
     Launching clock:                           clk (rising edge)
     Capturing clock:                           clk (rising edge)

     Requested period:                      20000ps
   + Delay of the capturing clock:           2336ps
   - Clock uncertainty:                       150ps
   = Required time:                         22186ps
   - Propagation time:                       3639ps (53.3% logic, 46.7% route, logic stage 1)
   - Delay of the launching clock:           2443ps
   = Slack:                                 16104ps

   Instance/Pin or Net Name   Type         ID    Location or Fanout   Delay(ps)  Edge  Arrival Time(ps)    Instance detail                                                                                                                              
   -------------------------------------------------------------------------------------------------------------------------------------------------------------------------------------------------------------------------------------------------------
   clk                        CLOCK-PORT    -                     -     launch     r               0                                                                                                                                                    
   clk_BUFG_I_O               Clock net    82          (fanout=519)       2443                     -                                                                                                                                                    
   RBB_16/CLK                 RBB_6L       16  [TILE 0 0, RBB 7 14]          -     r            2443                                                                                                                                                    
   -------------------------------------------------------------------------------------------------------------------------------------------------------------------------------------------------------------------------------------------------------
   RBB_16/DQ                  RBB_6L       16  [TILE 0 0, RBB 7 14]        800     r            3243     {inst100: r_SM_Main_FDRE_Q_2 (FD,site=dff)}                                                                                                    
   r_SM_Main[2]               Net          37           (fanout=24)       1700                     -                                                                                                                                                    
   RBB_19/C5                  RBB_6L       19  [TILE 0 0, RBB 13 8]          -     r            4943     {inst27: r_Bit_Index_FDRE_Q_D_LUT2_O_I1_CARRY4_O_S_CARRY4_S_O_LUT4_I3_O_LUT4_O_1 (LUT,site=clut)} {inst83: r_RX_Byte_FDRE_Q_1 (FDRE,site=cff)} 
   -------------------------------------------------------------------------------------------------------------------------------------------------------------------------------------------------------------------------------------------------------
   RBB_19/CLK                 RBB_6L       19  [TILE 0 0, RBB 13 8]       1139     r            6082                                                                                                                                                    
   clk_BUFG_I_O               Clock net    82          (fanout=519)      -2336                     -                                                                                                                                                    
   clk                        CLOCK-PORT    -                     -    capture     r            3746                                                                                                                                                    
   -------------------------------------------------------------------------------------------------------------------------------------------------------------------------------------------------------------------------------------------------------


Path 229:
   Slack (met):                             16106ps
     Path type:                               SETUP
     Group:                               <DEFAULT>
     Launching clock:                           clk (rising edge)
     Capturing clock:                           clk (rising edge)

     Requested period:                      20000ps
   + Delay of the capturing clock:           2336ps
   - Clock uncertainty:                       150ps
   = Required time:                         22186ps
   - Propagation time:                       3637ps (53.3% logic, 46.7% route, logic stage 1)
   - Delay of the launching clock:           2443ps
   = Slack:                                 16106ps

   Instance/Pin or Net Name   Type         ID    Location or Fanout   Delay(ps)  Edge  Arrival Time(ps)    Instance detail                                                                                                                              
   -------------------------------------------------------------------------------------------------------------------------------------------------------------------------------------------------------------------------------------------------------
   clk                        CLOCK-PORT    -                     -     launch     r               0                                                                                                                                                    
   clk_BUFG_I_O               Clock net    82          (fanout=519)       2443                     -                                                                                                                                                    
   RBB_16/CLK                 RBB_6L       16  [TILE 0 0, RBB 7 14]          -     r            2443                                                                                                                                                    
   -------------------------------------------------------------------------------------------------------------------------------------------------------------------------------------------------------------------------------------------------------
   RBB_16/DQ                  RBB_6L       16  [TILE 0 0, RBB 7 14]        800     r            3243     {inst100: r_SM_Main_FDRE_Q_2 (FD,site=dff)}                                                                                                    
   r_SM_Main[2]               Net          37           (fanout=24)       1700                     -                                                                                                                                                    
   RBB_19/A5                  RBB_6L       19  [TILE 0 0, RBB 13 8]          -     r            4943     {inst32: r_Bit_Index_FDRE_Q_D_LUT2_O_I1_CARRY4_O_S_CARRY4_S_O_LUT4_I3_O_LUT5_O_1 (LUT,site=alut)} {inst86: r_RX_Byte_FDRE_Q_4 (FDRE,site=aff)} 
   -------------------------------------------------------------------------------------------------------------------------------------------------------------------------------------------------------------------------------------------------------
   RBB_19/CLK                 RBB_6L       19  [TILE 0 0, RBB 13 8]       1137     r            6080                                                                                                                                                    
   clk_BUFG_I_O               Clock net    82          (fanout=519)      -2336                     -                                                                                                                                                    
   clk                        CLOCK-PORT    -                     -    capture     r            3744                                                                                                                                                    
   -------------------------------------------------------------------------------------------------------------------------------------------------------------------------------------------------------------------------------------------------------


Path 160:
   Slack (met):                             16112ps
     Path type:                               SETUP
     Group:                               <DEFAULT>
     Launching clock:                           clk (rising edge)
     Capturing clock:                           clk (rising edge)

     Requested period:                      20000ps
   + Delay of the capturing clock:           2434ps
   - Clock uncertainty:                       150ps
   = Required time:                         22284ps
   - Propagation time:                       3697ps (60.6% logic, 39.4% route, logic stage 1)
   - Delay of the launching clock:           2475ps
   = Slack:                                 16112ps

   Instance/Pin or Net Name                                 Type         ID     Location or Fanout   Delay(ps)  Edge  Arrival Time(ps)    Instance detail                                                                                                                         
   ---------------------------------------------------------------------------------------------------------------------------------------------------------------------------------------------------------------------------------------------------------------------------------
   clk                                                      CLOCK-PORT    -                      -     launch     r               0                                                                                                                                               
   clk_BUFG_I_O                                             Clock net    82           (fanout=519)       2475                     -                                                                                                                                               
   RBB_11/CLK                                               RBB_6L       11  [TILE 0 0, RBB 10 14]          -     r            2475                                                                                                                                               
   ---------------------------------------------------------------------------------------------------------------------------------------------------------------------------------------------------------------------------------------------------------------------------------
   RBB_11/CMUX                                              RBB_6L       11  [TILE 0 0, RBB 10 14]       1379     r            3854     {inst107: rx_sync_FDSE_Q (FDR,site=cffo)}                                                                                                 
   r_Bit_Index_FDRE_Q_D_LUT2_O_I1_CARRY4_O_S_CARRY4_S_O[2]  Net         149            (fanout=11)       1457                     -                                                                                                                                               
   RBB_20/D4                                                RBB_6L       20  [TILE 0 0, RBB 16 10]          -     r            5311     {inst34: r_Bit_Index_FDRE_Q_D_LUT2_O_I1_CARRY4_O_S_CARRY4_S_O_LUT6_I5 (LUT,site=dlut,dluto)} {inst85: r_RX_Byte_FDRE_Q_3 (FDRE,site=dff)} 
   ---------------------------------------------------------------------------------------------------------------------------------------------------------------------------------------------------------------------------------------------------------------------------------
   RBB_20/CLK                                               RBB_6L       20  [TILE 0 0, RBB 16 10]        861     r            6172                                                                                                                                               
   clk_BUFG_I_O                                             Clock net    82           (fanout=519)      -2434                     -                                                                                                                                               
   clk                                                      CLOCK-PORT    -                      -    capture     r            3738                                                                                                                                               
   ---------------------------------------------------------------------------------------------------------------------------------------------------------------------------------------------------------------------------------------------------------------------------------


Path 162:
   Slack (met):                             16149ps
     Path type:                               SETUP
     Group:                               <DEFAULT>
     Launching clock:                           clk (rising edge)
     Capturing clock:                           clk (rising edge)

     Requested period:                      20000ps
   + Delay of the capturing clock:           2434ps
   - Clock uncertainty:                       150ps
   = Required time:                         22284ps
   - Propagation time:                       3660ps (61.9% logic, 38.1% route, logic stage 1)
   - Delay of the launching clock:           2475ps
   = Slack:                                 16149ps

   Instance/Pin or Net Name                                 Type         ID     Location or Fanout   Delay(ps)  Edge  Arrival Time(ps)    Instance detail                                                                                                                              
   --------------------------------------------------------------------------------------------------------------------------------------------------------------------------------------------------------------------------------------------------------------------------------------
   clk                                                      CLOCK-PORT    -                      -     launch     r               0                                                                                                                                                    
   clk_BUFG_I_O                                             Clock net    82           (fanout=519)       2475                     -                                                                                                                                                    
   RBB_11/CLK                                               RBB_6L       11  [TILE 0 0, RBB 10 14]          -     r            2475                                                                                                                                                    
   --------------------------------------------------------------------------------------------------------------------------------------------------------------------------------------------------------------------------------------------------------------------------------------
   RBB_11/CMUX                                              RBB_6L       11  [TILE 0 0, RBB 10 14]       1379     r            3854     {inst107: rx_sync_FDSE_Q (FDR,site=cffo)}                                                                                                      
   r_Bit_Index_FDRE_Q_D_LUT2_O_I1_CARRY4_O_S_CARRY4_S_O[2]  Net         149            (fanout=11)       1396                     -                                                                                                                                                    
   RBB_20/C4                                                RBB_6L       20  [TILE 0 0, RBB 16 10]          -     r            5250     {inst29: r_Bit_Index_FDRE_Q_D_LUT2_O_I1_CARRY4_O_S_CARRY4_S_O_LUT4_I3_O_LUT4_O_2 (LUT,site=clut)} {inst87: r_RX_Byte_FDRE_Q_5 (FDRE,site=cff)} 
   --------------------------------------------------------------------------------------------------------------------------------------------------------------------------------------------------------------------------------------------------------------------------------------
   RBB_20/CLK                                               RBB_6L       20  [TILE 0 0, RBB 16 10]        885     r            6135                                                                                                                                                    
   clk_BUFG_I_O                                             Clock net    82           (fanout=519)      -2434                     -                                                                                                                                                    
   clk                                                      CLOCK-PORT    -                      -    capture     r            3701                                                                                                                                                    
   --------------------------------------------------------------------------------------------------------------------------------------------------------------------------------------------------------------------------------------------------------------------------------------


Path 186:
   Slack (met):                             16158ps
     Path type:                               SETUP
     Group:                               <DEFAULT>
     Launching clock:                           clk (rising edge)
     Capturing clock:                           clk (rising edge)

     Requested period:                      20000ps
   + Delay of the capturing clock:           2434ps
   - Clock uncertainty:                       150ps
   = Required time:                         22284ps
   - Propagation time:                       3683ps (46.7% logic, 53.3% route, logic stage 1)
   - Delay of the launching clock:           2443ps
   = Slack:                                 16158ps

   Instance/Pin or Net Name   Type         ID     Location or Fanout   Delay(ps)  Edge  Arrival Time(ps)    Instance detail                                                                                                                         
   ---------------------------------------------------------------------------------------------------------------------------------------------------------------------------------------------------------------------------------------------------
   clk                        CLOCK-PORT    -                      -     launch     r               0                                                                                                                                               
   clk_BUFG_I_O               Clock net    82           (fanout=519)       2443                     -                                                                                                                                               
   RBB_16/CLK                 RBB_6L       16   [TILE 0 0, RBB 7 14]          -     r            2443                                                                                                                                               
   ---------------------------------------------------------------------------------------------------------------------------------------------------------------------------------------------------------------------------------------------------
   RBB_16/DQ                  RBB_6L       16   [TILE 0 0, RBB 7 14]        800     r            3243     {inst100: r_SM_Main_FDRE_Q_2 (FD,site=dff)}                                                                                               
   r_SM_Main[2]               Net          37            (fanout=24)       1964                     -                                                                                                                                               
   RBB_20/D5                  RBB_6L       20  [TILE 0 0, RBB 16 10]          -     r            5207     {inst34: r_Bit_Index_FDRE_Q_D_LUT2_O_I1_CARRY4_O_S_CARRY4_S_O_LUT6_I5 (LUT,site=dlut,dluto)} {inst85: r_RX_Byte_FDRE_Q_3 (FDRE,site=dff)} 
   ---------------------------------------------------------------------------------------------------------------------------------------------------------------------------------------------------------------------------------------------------
   RBB_20/CLK                 RBB_6L       20  [TILE 0 0, RBB 16 10]        919     r            6126                                                                                                                                               
   clk_BUFG_I_O               Clock net    82           (fanout=519)      -2434                     -                                                                                                                                               
   clk                        CLOCK-PORT    -                      -    capture     r            3692                                                                                                                                               
   ---------------------------------------------------------------------------------------------------------------------------------------------------------------------------------------------------------------------------------------------------


Path 209:
   Slack (met):                             16158ps
     Path type:                               SETUP
     Group:                               <DEFAULT>
     Launching clock:                           clk (rising edge)
     Capturing clock:                           clk (rising edge)

     Requested period:                      20000ps
   + Delay of the capturing clock:           2434ps
   - Clock uncertainty:                       150ps
   = Required time:                         22284ps
   - Propagation time:                       3683ps (46.7% logic, 53.3% route, logic stage 1)
   - Delay of the launching clock:           2443ps
   = Slack:                                 16158ps

   Instance/Pin or Net Name   Type         ID     Location or Fanout   Delay(ps)  Edge  Arrival Time(ps)    Instance detail                                                                                                                              
   --------------------------------------------------------------------------------------------------------------------------------------------------------------------------------------------------------------------------------------------------------
   clk                        CLOCK-PORT    -                      -     launch     r               0                                                                                                                                                    
   clk_BUFG_I_O               Clock net    82           (fanout=519)       2443                     -                                                                                                                                                    
   RBB_16/CLK                 RBB_6L       16   [TILE 0 0, RBB 7 14]          -     r            2443                                                                                                                                                    
   --------------------------------------------------------------------------------------------------------------------------------------------------------------------------------------------------------------------------------------------------------
   RBB_16/DQ                  RBB_6L       16   [TILE 0 0, RBB 7 14]        800     r            3243     {inst100: r_SM_Main_FDRE_Q_2 (FD,site=dff)}                                                                                                    
   r_SM_Main[2]               Net          37            (fanout=24)       1964                     -                                                                                                                                                    
   RBB_20/C5                  RBB_6L       20  [TILE 0 0, RBB 16 10]          -     r            5207     {inst29: r_Bit_Index_FDRE_Q_D_LUT2_O_I1_CARRY4_O_S_CARRY4_S_O_LUT4_I3_O_LUT4_O_2 (LUT,site=clut)} {inst87: r_RX_Byte_FDRE_Q_5 (FDRE,site=cff)} 
   --------------------------------------------------------------------------------------------------------------------------------------------------------------------------------------------------------------------------------------------------------
   RBB_20/CLK                 RBB_6L       20  [TILE 0 0, RBB 16 10]        919     r            6126                                                                                                                                                    
   clk_BUFG_I_O               Clock net    82           (fanout=519)      -2434                     -                                                                                                                                                    
   clk                        CLOCK-PORT    -                      -    capture     r            3692                                                                                                                                                    
   --------------------------------------------------------------------------------------------------------------------------------------------------------------------------------------------------------------------------------------------------------


Path 179:
   Slack (met):                             16185ps
     Path type:                               SETUP
     Group:                               <DEFAULT>
     Launching clock:                           clk (rising edge)
     Capturing clock:                           clk (rising edge)

     Requested period:                      20000ps
   + Delay of the capturing clock:           2476ps
   - Clock uncertainty:                       150ps
   = Required time:                         22326ps
   - Propagation time:                       3666ps (54.0% logic, 46.0% route, logic stage 1)
   - Delay of the launching clock:           2475ps
   = Slack:                                 16185ps

   Instance/Pin or Net Name   Type         ID     Location or Fanout   Delay(ps)  Edge  Arrival Time(ps)    Instance detail                                     
   ---------------------------------------------------------------------------------------------------------------------------------------------------------------
   clk                        CLOCK-PORT    -                      -     launch     r               0                                                           
   clk_BUFG_I_O               Clock net    82           (fanout=519)       2475                     -                                                           
   RBB_11/CLK                 RBB_6L       11  [TILE 0 0, RBB 10 14]          -     r            2475                                                           
   ---------------------------------------------------------------------------------------------------------------------------------------------------------------
   RBB_11/BQ                  RBB_6L       11  [TILE 0 0, RBB 10 14]        800     r            3275     {inst105: rst_sync_FDRE_Q (FD,site=bff)}              
   r_RX_DV_FDRE_Q_D[0]        Net         105            (fanout=16)       1687                     -                                                           
   RBB_13/B6                  RBB_6L       13  [TILE 0 0, RBB 10 16]          -     r            4962     {<SR>inst42: r_Clock_Count_FDRE_Q_12 (FDRE,site=cff)} 
   ---------------------------------------------------------------------------------------------------------------------------------------------------------------
   RBB_13/CLK                 RBB_6L       13  [TILE 0 0, RBB 10 16]       1179     r            6141                                                           
   clk_BUFG_I_O               Clock net    82           (fanout=519)      -2476                     -                                                           
   clk                        CLOCK-PORT    -                      -    capture     r            3665                                                           
   ---------------------------------------------------------------------------------------------------------------------------------------------------------------


Path 172:
   Slack (met):                             16210ps
     Path type:                               SETUP
     Group:                               <DEFAULT>
     Launching clock:                           clk (rising edge)
     Capturing clock:                           clk (rising edge)

     Requested period:                      20000ps
   + Delay of the capturing clock:           2462ps
   - Clock uncertainty:                       150ps
   = Required time:                         22312ps
   - Propagation time:                       3627ps (54.4% logic, 45.6% route, logic stage 1)
   - Delay of the launching clock:           2475ps
   = Slack:                                 16210ps

   Instance/Pin or Net Name   Type         ID     Location or Fanout   Delay(ps)  Edge  Arrival Time(ps)    Instance detail                                     
   ---------------------------------------------------------------------------------------------------------------------------------------------------------------
   clk                        CLOCK-PORT    -                      -     launch     r               0                                                           
   clk_BUFG_I_O               Clock net    82           (fanout=519)       2475                     -                                                           
   RBB_11/CLK                 RBB_6L       11  [TILE 0 0, RBB 10 14]          -     r            2475                                                           
   ---------------------------------------------------------------------------------------------------------------------------------------------------------------
   RBB_11/BQ                  RBB_6L       11  [TILE 0 0, RBB 10 14]        800     r            3275     {inst105: rst_sync_FDRE_Q (FD,site=bff)}              
   r_RX_DV_FDRE_Q_D[0]        Net         105            (fanout=16)       1654                     -                                                           
   RBB_14/B6                  RBB_6L       14   [TILE 0 0, RBB 7 18]          -     r            4929     {<SR>inst47: r_Clock_Count_FDRE_Q_17 (FDRE,site=dff)} 
   ---------------------------------------------------------------------------------------------------------------------------------------------------------------
   RBB_14/CLK                 RBB_6L       14   [TILE 0 0, RBB 7 18]       1173     r            6102                                                           
   clk_BUFG_I_O               Clock net    82           (fanout=519)      -2462                     -                                                           
   clk                        CLOCK-PORT    -                      -    capture     r            3640                                                           
   ---------------------------------------------------------------------------------------------------------------------------------------------------------------


Path 177:
   Slack (met):                             16219ps
     Path type:                               SETUP
     Group:                               <DEFAULT>
     Launching clock:                           clk (rising edge)
     Capturing clock:                           clk (rising edge)

     Requested period:                      20000ps
   + Delay of the capturing clock:           2462ps
   - Clock uncertainty:                       150ps
   = Required time:                         22312ps
   - Propagation time:                       3618ps (54.3% logic, 45.7% route, logic stage 1)
   - Delay of the launching clock:           2475ps
   = Slack:                                 16219ps

   Instance/Pin or Net Name   Type         ID     Location or Fanout   Delay(ps)  Edge  Arrival Time(ps)    Instance detail                                     
   ---------------------------------------------------------------------------------------------------------------------------------------------------------------
   clk                        CLOCK-PORT    -                      -     launch     r               0                                                           
   clk_BUFG_I_O               Clock net    82           (fanout=519)       2475                     -                                                           
   RBB_11/CLK                 RBB_6L       11  [TILE 0 0, RBB 10 14]          -     r            2475                                                           
   ---------------------------------------------------------------------------------------------------------------------------------------------------------------
   RBB_11/BQ                  RBB_6L       11  [TILE 0 0, RBB 10 14]        800     r            3275     {inst105: rst_sync_FDRE_Q (FD,site=bff)}              
   r_RX_DV_FDRE_Q_D[0]        Net         105            (fanout=16)       1654                     -                                                           
   RBB_14/B6                  RBB_6L       14   [TILE 0 0, RBB 7 18]          -     r            4929     {<SR>inst43: r_Clock_Count_FDRE_Q_13 (FDRE,site=cff)} 
   ---------------------------------------------------------------------------------------------------------------------------------------------------------------
   RBB_14/CLK                 RBB_6L       14   [TILE 0 0, RBB 7 18]       1164     r            6093                                                           
   clk_BUFG_I_O               Clock net    82           (fanout=519)      -2462                     -                                                           
   clk                        CLOCK-PORT    -                      -    capture     r            3631                                                           
   ---------------------------------------------------------------------------------------------------------------------------------------------------------------


Path 196:
   Slack (met):                             16219ps
     Path type:                               SETUP
     Group:                               <DEFAULT>
     Launching clock:                           clk (rising edge)
     Capturing clock:                           clk (rising edge)

     Requested period:                      20000ps
   + Delay of the capturing clock:           2336ps
   - Clock uncertainty:                       150ps
   = Required time:                         22186ps
   - Propagation time:                       3492ps (60.5% logic, 39.5% route, logic stage 1)
   - Delay of the launching clock:           2475ps
   = Slack:                                 16219ps

   Instance/Pin or Net Name   Type         ID     Location or Fanout   Delay(ps)  Edge  Arrival Time(ps)    Instance detail                                                                                  
   ------------------------------------------------------------------------------------------------------------------------------------------------------------------------------------------------------------
   clk                        CLOCK-PORT    -                      -     launch     r               0                                                                                                        
   clk_BUFG_I_O               Clock net    82           (fanout=519)       2475                     -                                                                                                        
   RBB_11/CLK                 RBB_6L       11  [TILE 0 0, RBB 10 14]          -     r            2475                                                                                                        
   ------------------------------------------------------------------------------------------------------------------------------------------------------------------------------------------------------------
   RBB_11/BQ                  RBB_6L       11  [TILE 0 0, RBB 10 14]        800     r            3275     {inst105: rst_sync_FDRE_Q (FD,site=bff)}                                                           
   r_RX_DV_FDRE_Q_D[0]        Net         105            (fanout=16)       1378                     -                                                                                                        
   RBB_23/D1                  RBB_6L       23   [TILE 0 0, RBB 10 8]          -     r            4653     {inst102: r_SM_Main_FDRE_Q_3_D_LUT3_O (LUT,site=dlut)} {inst101: r_SM_Main_FDRE_Q_3 (FD,site=dff)} 
   ------------------------------------------------------------------------------------------------------------------------------------------------------------------------------------------------------------
   RBB_23/CLK                 RBB_6L       23   [TILE 0 0, RBB 10 8]       1314     r            5967                                                                                                        
   clk_BUFG_I_O               Clock net    82           (fanout=519)      -2336                     -                                                                                                        
   clk                        CLOCK-PORT    -                      -    capture     r            3631                                                                                                        
   ------------------------------------------------------------------------------------------------------------------------------------------------------------------------------------------------------------


Path 230:
   Slack (met):                             16220ps
     Path type:                               SETUP
     Group:                               <DEFAULT>
     Launching clock:                           clk (rising edge)
     Capturing clock:                           clk (rising edge)

     Requested period:                      20000ps
   + Delay of the capturing clock:           2434ps
   - Clock uncertainty:                       150ps
   = Required time:                         22284ps
   - Propagation time:                       3621ps (45.8% logic, 54.2% route, logic stage 1)
   - Delay of the launching clock:           2443ps
   = Slack:                                 16220ps

   Instance/Pin or Net Name   Type         ID     Location or Fanout   Delay(ps)  Edge  Arrival Time(ps)    Instance detail                                                                                                                   
   ---------------------------------------------------------------------------------------------------------------------------------------------------------------------------------------------------------------------------------------------
   clk                        CLOCK-PORT    -                      -     launch     r               0                                                                                                                                         
   clk_BUFG_I_O               Clock net    82           (fanout=519)       2443                     -                                                                                                                                         
   RBB_16/CLK                 RBB_6L       16   [TILE 0 0, RBB 7 14]          -     r            2443                                                                                                                                         
   ---------------------------------------------------------------------------------------------------------------------------------------------------------------------------------------------------------------------------------------------
   RBB_16/DQ                  RBB_6L       16   [TILE 0 0, RBB 7 14]        800     r            3243     {inst100: r_SM_Main_FDRE_Q_2 (FD,site=dff)}                                                                                         
   r_SM_Main[2]               Net          37            (fanout=24)       1964                     -                                                                                                                                         
   RBB_20/A5                  RBB_6L       20  [TILE 0 0, RBB 16 10]          -     r            5207     {inst25: r_Bit_Index_FDRE_Q_D_LUT2_O_I1_CARRY4_O_S_CARRY4_S_O_LUT4_I3 (LUT,site=alut)} {inst89: r_RX_Byte_FDRE_Q_7 (FDRE,site=aff)} 
   ---------------------------------------------------------------------------------------------------------------------------------------------------------------------------------------------------------------------------------------------
   RBB_20/CLK                 RBB_6L       20  [TILE 0 0, RBB 16 10]        857     r            6064                                                                                                                                         
   clk_BUFG_I_O               Clock net    82           (fanout=519)      -2434                     -                                                                                                                                         
   clk                        CLOCK-PORT    -                      -    capture     r            3630                                                                                                                                         
   ---------------------------------------------------------------------------------------------------------------------------------------------------------------------------------------------------------------------------------------------


Path 169:
   Slack (met):                             16223ps
     Path type:                               SETUP
     Group:                               <DEFAULT>
     Launching clock:                           clk (rising edge)
     Capturing clock:                           clk (rising edge)

     Requested period:                      20000ps
   + Delay of the capturing clock:           2476ps
   - Clock uncertainty:                       150ps
   = Required time:                         22326ps
   - Propagation time:                       3628ps (53.5% logic, 46.5% route, logic stage 1)
   - Delay of the launching clock:           2475ps
   = Slack:                                 16223ps

   Instance/Pin or Net Name   Type         ID     Location or Fanout   Delay(ps)  Edge  Arrival Time(ps)    Instance detail                                     
   ---------------------------------------------------------------------------------------------------------------------------------------------------------------
   clk                        CLOCK-PORT    -                      -     launch     r               0                                                           
   clk_BUFG_I_O               Clock net    82           (fanout=519)       2475                     -                                                           
   RBB_11/CLK                 RBB_6L       11  [TILE 0 0, RBB 10 14]          -     r            2475                                                           
   ---------------------------------------------------------------------------------------------------------------------------------------------------------------
   RBB_11/BQ                  RBB_6L       11  [TILE 0 0, RBB 10 14]        800     r            3275     {inst105: rst_sync_FDRE_Q (FD,site=bff)}              
   r_RX_DV_FDRE_Q_D[0]        Net         105            (fanout=16)       1687                     -                                                           
   RBB_13/B6                  RBB_6L       13  [TILE 0 0, RBB 10 16]          -     r            4962     {<SR>inst46: r_Clock_Count_FDRE_Q_16 (FDRE,site=dff)} 
   ---------------------------------------------------------------------------------------------------------------------------------------------------------------
   RBB_13/CLK                 RBB_6L       13  [TILE 0 0, RBB 10 16]       1141     r            6103                                                           
   clk_BUFG_I_O               Clock net    82           (fanout=519)      -2476                     -                                                           
   clk                        CLOCK-PORT    -                      -    capture     r            3627                                                           
   ---------------------------------------------------------------------------------------------------------------------------------------------------------------


Path 231:
   Slack (met):                             16230ps
     Path type:                               SETUP
     Group:                               <DEFAULT>
     Launching clock:                           clk (rising edge)
     Capturing clock:                           clk (rising edge)

     Requested period:                      20000ps
   + Delay of the capturing clock:           2434ps
   - Clock uncertainty:                       150ps
   = Required time:                         22284ps
   - Propagation time:                       3611ps (45.6% logic, 54.4% route, logic stage 1)
   - Delay of the launching clock:           2443ps
   = Slack:                                 16230ps

   Instance/Pin or Net Name   Type         ID     Location or Fanout   Delay(ps)  Edge  Arrival Time(ps)    Instance detail                                                                                                                              
   --------------------------------------------------------------------------------------------------------------------------------------------------------------------------------------------------------------------------------------------------------
   clk                        CLOCK-PORT    -                      -     launch     r               0                                                                                                                                                    
   clk_BUFG_I_O               Clock net    82           (fanout=519)       2443                     -                                                                                                                                                    
   RBB_16/CLK                 RBB_6L       16   [TILE 0 0, RBB 7 14]          -     r            2443                                                                                                                                                    
   --------------------------------------------------------------------------------------------------------------------------------------------------------------------------------------------------------------------------------------------------------
   RBB_16/DQ                  RBB_6L       16   [TILE 0 0, RBB 7 14]        800     r            3243     {inst100: r_SM_Main_FDRE_Q_2 (FD,site=dff)}                                                                                                    
   r_SM_Main[2]               Net          37            (fanout=24)       1964                     -                                                                                                                                                    
   RBB_20/B5                  RBB_6L       20  [TILE 0 0, RBB 16 10]          -     r            5207     {inst33: r_Bit_Index_FDRE_Q_D_LUT2_O_I1_CARRY4_O_S_CARRY4_S_O_LUT4_I3_O_LUT5_O_2 (LUT,site=blut)} {inst88: r_RX_Byte_FDRE_Q_6 (FDRE,site=bff)} 
   --------------------------------------------------------------------------------------------------------------------------------------------------------------------------------------------------------------------------------------------------------
   RBB_20/CLK                 RBB_6L       20  [TILE 0 0, RBB 16 10]        847     r            6054                                                                                                                                                    
   clk_BUFG_I_O               Clock net    82           (fanout=519)      -2434                     -                                                                                                                                                    
   clk                        CLOCK-PORT    -                      -    capture     r            3620                                                                                                                                                    
   --------------------------------------------------------------------------------------------------------------------------------------------------------------------------------------------------------------------------------------------------------


Path 180:
   Slack (met):                             16235ps
     Path type:                               SETUP
     Group:                               <DEFAULT>
     Launching clock:                           clk (rising edge)
     Capturing clock:                           clk (rising edge)

     Requested period:                      20000ps
   + Delay of the capturing clock:           2485ps
   - Clock uncertainty:                       150ps
   = Required time:                         22335ps
   - Propagation time:                       3625ps (54.6% logic, 45.4% route, logic stage 1)
   - Delay of the launching clock:           2475ps
   = Slack:                                 16235ps

   Instance/Pin or Net Name   Type         ID     Location or Fanout   Delay(ps)  Edge  Arrival Time(ps)    Instance detail                                     
   ---------------------------------------------------------------------------------------------------------------------------------------------------------------
   clk                        CLOCK-PORT    -                      -     launch     r               0                                                           
   clk_BUFG_I_O               Clock net    82           (fanout=519)       2475                     -                                                           
   RBB_11/CLK                 RBB_6L       11  [TILE 0 0, RBB 10 14]          -     r            2475                                                           
   ---------------------------------------------------------------------------------------------------------------------------------------------------------------
   RBB_11/BQ                  RBB_6L       11  [TILE 0 0, RBB 10 14]        800     r            3275     {inst105: rst_sync_FDRE_Q (FD,site=bff)}              
   r_RX_DV_FDRE_Q_D[0]        Net         105            (fanout=16)       1646                     -                                                           
   RBB_12/B6                  RBB_6L       12  [TILE 0 0, RBB 10 18]          -     r            4921     {<SR>inst41: r_Clock_Count_FDRE_Q_11 (FDRE,site=cff)} 
   ---------------------------------------------------------------------------------------------------------------------------------------------------------------
   RBB_12/CLK                 RBB_6L       12  [TILE 0 0, RBB 10 18]       1179     r            6100                                                           
   clk_BUFG_I_O               Clock net    82           (fanout=519)      -2485                     -                                                           
   clk                        CLOCK-PORT    -                      -    capture     r            3615                                                           
   ---------------------------------------------------------------------------------------------------------------------------------------------------------------


Path 164:
   Slack (met):                             16238ps
     Path type:                               SETUP
     Group:                               <DEFAULT>
     Launching clock:                           clk (rising edge)
     Capturing clock:                           clk (rising edge)

     Requested period:                      20000ps
   + Delay of the capturing clock:           2434ps
   - Clock uncertainty:                       150ps
   = Required time:                         22284ps
   - Propagation time:                       3571ps (59.7% logic, 40.3% route, logic stage 1)
   - Delay of the launching clock:           2475ps
   = Slack:                                 16238ps

   Instance/Pin or Net Name                                 Type         ID     Location or Fanout   Delay(ps)  Edge  Arrival Time(ps)    Instance detail                                                                                                                              
   --------------------------------------------------------------------------------------------------------------------------------------------------------------------------------------------------------------------------------------------------------------------------------------
   clk                                                      CLOCK-PORT    -                      -     launch     r               0                                                                                                                                                    
   clk_BUFG_I_O                                             Clock net    82           (fanout=519)       2475                     -                                                                                                                                                    
   RBB_11/CLK                                               RBB_6L       11  [TILE 0 0, RBB 10 14]          -     r            2475                                                                                                                                                    
   --------------------------------------------------------------------------------------------------------------------------------------------------------------------------------------------------------------------------------------------------------------------------------------
   RBB_11/CMUX                                              RBB_6L       11  [TILE 0 0, RBB 10 14]       1379     r            3854     {inst107: rx_sync_FDSE_Q (FDR,site=cffo)}                                                                                                      
   r_Bit_Index_FDRE_Q_D_LUT2_O_I1_CARRY4_O_S_CARRY4_S_O[2]  Net         149            (fanout=11)       1440                     -                                                                                                                                                    
   RBB_20/B4                                                RBB_6L       20  [TILE 0 0, RBB 16 10]          -     r            5294     {inst33: r_Bit_Index_FDRE_Q_D_LUT2_O_I1_CARRY4_O_S_CARRY4_S_O_LUT4_I3_O_LUT5_O_2 (LUT,site=blut)} {inst88: r_RX_Byte_FDRE_Q_6 (FDRE,site=bff)} 
   --------------------------------------------------------------------------------------------------------------------------------------------------------------------------------------------------------------------------------------------------------------------------------------
   RBB_20/CLK                                               RBB_6L       20  [TILE 0 0, RBB 16 10]        752     r            6046                                                                                                                                                    
   clk_BUFG_I_O                                             Clock net    82           (fanout=519)      -2434                     -                                                                                                                                                    
   clk                                                      CLOCK-PORT    -                      -    capture     r            3612                                                                                                                                                    
   --------------------------------------------------------------------------------------------------------------------------------------------------------------------------------------------------------------------------------------------------------------------------------------


Path 167:
   Slack (met):                             16239ps
     Path type:                               SETUP
     Group:                               <DEFAULT>
     Launching clock:                           clk (rising edge)
     Capturing clock:                           clk (rising edge)

     Requested period:                      20000ps
   + Delay of the capturing clock:           2452ps
   - Clock uncertainty:                       150ps
   = Required time:                         22302ps
   - Propagation time:                       3588ps (52.7% logic, 47.3% route, logic stage 1)
   - Delay of the launching clock:           2475ps
   = Slack:                                 16239ps

   Instance/Pin or Net Name   Type         ID     Location or Fanout   Delay(ps)  Edge  Arrival Time(ps)    Instance detail                                     
   ---------------------------------------------------------------------------------------------------------------------------------------------------------------
   clk                        CLOCK-PORT    -                      -     launch     r               0                                                           
   clk_BUFG_I_O               Clock net    82           (fanout=519)       2475                     -                                                           
   RBB_11/CLK                 RBB_6L       11  [TILE 0 0, RBB 10 14]          -     r            2475                                                           
   ---------------------------------------------------------------------------------------------------------------------------------------------------------------
   RBB_11/BQ                  RBB_6L       11  [TILE 0 0, RBB 10 14]        800     r            3275     {inst105: rst_sync_FDRE_Q (FD,site=bff)}              
   r_RX_DV_FDRE_Q_D[0]        Net         105            (fanout=16)       1698                     -                                                           
   RBB_10/B6                  RBB_6L       10  [TILE 0 0, RBB 13 16]          -     r            4973     {<SR>inst44: r_Clock_Count_FDRE_Q_14 (FDRE,site=dff)} 
   ---------------------------------------------------------------------------------------------------------------------------------------------------------------
   RBB_10/CLK                 RBB_6L       10  [TILE 0 0, RBB 13 16]       1090     r            6063                                                           
   clk_BUFG_I_O               Clock net    82           (fanout=519)      -2452                     -                                                           
   clk                        CLOCK-PORT    -                      -    capture     r            3611                                                           
   ---------------------------------------------------------------------------------------------------------------------------------------------------------------


Path 176:
   Slack (met):                             16248ps
     Path type:                               SETUP
     Group:                               <DEFAULT>
     Launching clock:                           clk (rising edge)
     Capturing clock:                           clk (rising edge)

     Requested period:                      20000ps
   + Delay of the capturing clock:           2452ps
   - Clock uncertainty:                       150ps
   = Required time:                         22302ps
   - Propagation time:                       3579ps (52.6% logic, 47.4% route, logic stage 1)
   - Delay of the launching clock:           2475ps
   = Slack:                                 16248ps

   Instance/Pin or Net Name   Type         ID     Location or Fanout   Delay(ps)  Edge  Arrival Time(ps)    Instance detail                                     
   ---------------------------------------------------------------------------------------------------------------------------------------------------------------
   clk                        CLOCK-PORT    -                      -     launch     r               0                                                           
   clk_BUFG_I_O               Clock net    82           (fanout=519)       2475                     -                                                           
   RBB_11/CLK                 RBB_6L       11  [TILE 0 0, RBB 10 14]          -     r            2475                                                           
   ---------------------------------------------------------------------------------------------------------------------------------------------------------------
   RBB_11/BQ                  RBB_6L       11  [TILE 0 0, RBB 10 14]        800     r            3275     {inst105: rst_sync_FDRE_Q (FD,site=bff)}              
   r_RX_DV_FDRE_Q_D[0]        Net         105            (fanout=16)       1698                     -                                                           
   RBB_10/B6                  RBB_6L       10  [TILE 0 0, RBB 13 16]          -     r            4973     {<SR>inst40: r_Clock_Count_FDRE_Q_10 (FDRE,site=cff)} 
   ---------------------------------------------------------------------------------------------------------------------------------------------------------------
   RBB_10/CLK                 RBB_6L       10  [TILE 0 0, RBB 13 16]       1081     r            6054                                                           
   clk_BUFG_I_O               Clock net    82           (fanout=519)      -2452                     -                                                           
   clk                        CLOCK-PORT    -                      -    capture     r            3602                                                           
   ---------------------------------------------------------------------------------------------------------------------------------------------------------------


Path 233:
   Slack (met):                             16260ps
     Path type:                               SETUP
     Group:                               <DEFAULT>
     Launching clock:                           clk (rising edge)
     Capturing clock:                           clk (rising edge)

     Requested period:                      20000ps
   + Delay of the capturing clock:           2434ps
   - Clock uncertainty:                       150ps
   = Required time:                         22284ps
   - Propagation time:                       3549ps (46.5% logic, 53.5% route, logic stage 1)
   - Delay of the launching clock:           2475ps
   = Slack:                                 16260ps

   Instance/Pin or Net Name   Type         ID     Location or Fanout   Delay(ps)  Edge  Arrival Time(ps)    Instance detail                                
   ----------------------------------------------------------------------------------------------------------------------------------------------------------
   clk                        CLOCK-PORT    -                      -     launch     r               0                                                      
   clk_BUFG_I_O               Clock net    82           (fanout=519)       2475                     -                                                      
   RBB_11/CLK                 RBB_6L       11  [TILE 0 0, RBB 10 14]          -     r            2475                                                      
   ----------------------------------------------------------------------------------------------------------------------------------------------------------
   RBB_11/BQ                  RBB_6L       11  [TILE 0 0, RBB 10 14]        800     r            3275     {inst105: rst_sync_FDRE_Q (FD,site=bff)}         
   r_RX_DV_FDRE_Q_D[0]        Net         105            (fanout=16)       1898                     -                                                      
   RBB_20/B6                  RBB_6L       20  [TILE 0 0, RBB 16 10]          -     r            5173     {<SR>inst88: r_RX_Byte_FDRE_Q_6 (FDRE,site=bff)} 
   ----------------------------------------------------------------------------------------------------------------------------------------------------------
   RBB_20/CLK                 RBB_6L       20  [TILE 0 0, RBB 16 10]        851     r            6024                                                      
   clk_BUFG_I_O               Clock net    82           (fanout=519)      -2434                     -                                                      
   clk                        CLOCK-PORT    -                      -    capture     r            3590                                                      
   ----------------------------------------------------------------------------------------------------------------------------------------------------------


Path 236:
   Slack (met):                             16261ps
     Path type:                               SETUP
     Group:                               <DEFAULT>
     Launching clock:                           clk (rising edge)
     Capturing clock:                           clk (rising edge)

     Requested period:                      20000ps
   + Delay of the capturing clock:           2336ps
   - Clock uncertainty:                       150ps
   = Required time:                         22186ps
   - Propagation time:                       3450ps (50.1% logic, 49.9% route, logic stage 1)
   - Delay of the launching clock:           2475ps
   = Slack:                                 16261ps

   Instance/Pin or Net Name   Type         ID     Location or Fanout   Delay(ps)  Edge  Arrival Time(ps)    Instance detail                                
   ----------------------------------------------------------------------------------------------------------------------------------------------------------
   clk                        CLOCK-PORT    -                      -     launch     r               0                                                      
   clk_BUFG_I_O               Clock net    82           (fanout=519)       2475                     -                                                      
   RBB_11/CLK                 RBB_6L       11  [TILE 0 0, RBB 10 14]          -     r            2475                                                      
   ----------------------------------------------------------------------------------------------------------------------------------------------------------
   RBB_11/BQ                  RBB_6L       11  [TILE 0 0, RBB 10 14]        800     r            3275     {inst105: rst_sync_FDRE_Q (FD,site=bff)}         
   r_RX_DV_FDRE_Q_D[0]        Net         105            (fanout=16)       1723                     -                                                      
   RBB_19/B6                  RBB_6L       19   [TILE 0 0, RBB 13 8]          -     r            4998     {<SR>inst86: r_RX_Byte_FDRE_Q_4 (FDRE,site=aff)} 
   ----------------------------------------------------------------------------------------------------------------------------------------------------------
   RBB_19/CLK                 RBB_6L       19   [TILE 0 0, RBB 13 8]        927     r            5925                                                      
   clk_BUFG_I_O               Clock net    82           (fanout=519)      -2336                     -                                                      
   clk                        CLOCK-PORT    -                      -    capture     r            3589                                                      
   ----------------------------------------------------------------------------------------------------------------------------------------------------------


Path 174:
   Slack (met):                             16273ps
     Path type:                               SETUP
     Group:                               <DEFAULT>
     Launching clock:                           clk (rising edge)
     Capturing clock:                           clk (rising edge)

     Requested period:                      20000ps
   + Delay of the capturing clock:           2485ps
   - Clock uncertainty:                       150ps
   = Required time:                         22335ps
   - Propagation time:                       3587ps (54.1% logic, 45.9% route, logic stage 1)
   - Delay of the launching clock:           2475ps
   = Slack:                                 16273ps

   Instance/Pin or Net Name   Type         ID     Location or Fanout   Delay(ps)  Edge  Arrival Time(ps)    Instance detail                                     
   ---------------------------------------------------------------------------------------------------------------------------------------------------------------
   clk                        CLOCK-PORT    -                      -     launch     r               0                                                           
   clk_BUFG_I_O               Clock net    82           (fanout=519)       2475                     -                                                           
   RBB_11/CLK                 RBB_6L       11  [TILE 0 0, RBB 10 14]          -     r            2475                                                           
   ---------------------------------------------------------------------------------------------------------------------------------------------------------------
   RBB_11/BQ                  RBB_6L       11  [TILE 0 0, RBB 10 14]        800     r            3275     {inst105: rst_sync_FDRE_Q (FD,site=bff)}              
   r_RX_DV_FDRE_Q_D[0]        Net         105            (fanout=16)       1646                     -                                                           
   RBB_12/B6                  RBB_6L       12  [TILE 0 0, RBB 10 18]          -     r            4921     {<SR>inst45: r_Clock_Count_FDRE_Q_15 (FDRE,site=dff)} 
   ---------------------------------------------------------------------------------------------------------------------------------------------------------------
   RBB_12/CLK                 RBB_6L       12  [TILE 0 0, RBB 10 18]       1141     r            6062                                                           
   clk_BUFG_I_O               Clock net    82           (fanout=519)      -2485                     -                                                           
   clk                        CLOCK-PORT    -                      -    capture     r            3577                                                           
   ---------------------------------------------------------------------------------------------------------------------------------------------------------------


Path 158:
   Slack (met):                             16277ps
     Path type:                               SETUP
     Group:                               <DEFAULT>
     Launching clock:                           clk (rising edge)
     Capturing clock:                           clk (rising edge)

     Requested period:                      20000ps
   + Delay of the capturing clock:           2434ps
   - Clock uncertainty:                       150ps
   = Required time:                         22284ps
   - Propagation time:                       3532ps (60.4% logic, 39.6% route, logic stage 1)
   - Delay of the launching clock:           2475ps
   = Slack:                                 16277ps

   Instance/Pin or Net Name                                 Type         ID     Location or Fanout   Delay(ps)  Edge  Arrival Time(ps)    Instance detail                                                                                                                   
   ---------------------------------------------------------------------------------------------------------------------------------------------------------------------------------------------------------------------------------------------------------------------------
   clk                                                      CLOCK-PORT    -                      -     launch     r               0                                                                                                                                         
   clk_BUFG_I_O                                             Clock net    82           (fanout=519)       2475                     -                                                                                                                                         
   RBB_11/CLK                                               RBB_6L       11  [TILE 0 0, RBB 10 14]          -     r            2475                                                                                                                                         
   ---------------------------------------------------------------------------------------------------------------------------------------------------------------------------------------------------------------------------------------------------------------------------
   RBB_11/CMUX                                              RBB_6L       11  [TILE 0 0, RBB 10 14]       1379     r            3854     {inst107: rx_sync_FDSE_Q (FDR,site=cffo)}                                                                                           
   r_Bit_Index_FDRE_Q_D_LUT2_O_I1_CARRY4_O_S_CARRY4_S_O[2]  Net         149            (fanout=11)       1400                     -                                                                                                                                         
   RBB_20/A4                                                RBB_6L       20  [TILE 0 0, RBB 16 10]          -     r            5254     {inst25: r_Bit_Index_FDRE_Q_D_LUT2_O_I1_CARRY4_O_S_CARRY4_S_O_LUT4_I3 (LUT,site=alut)} {inst89: r_RX_Byte_FDRE_Q_7 (FDRE,site=aff)} 
   ---------------------------------------------------------------------------------------------------------------------------------------------------------------------------------------------------------------------------------------------------------------------------
   RBB_20/CLK                                               RBB_6L       20  [TILE 0 0, RBB 16 10]        753     r            6007                                                                                                                                         
   clk_BUFG_I_O                                             Clock net    82           (fanout=519)      -2434                     -                                                                                                                                         
   clk                                                      CLOCK-PORT    -                      -    capture     r            3573                                                                                                                                         
   ---------------------------------------------------------------------------------------------------------------------------------------------------------------------------------------------------------------------------------------------------------------------------


Path 234:
   Slack (met):                             16301ps
     Path type:                               SETUP
     Group:                               <DEFAULT>
     Launching clock:                           clk (rising edge)
     Capturing clock:                           clk (rising edge)

     Requested period:                      20000ps
   + Delay of the capturing clock:           2336ps
   - Clock uncertainty:                       150ps
   = Required time:                         22186ps
   - Propagation time:                       3410ps (49.5% logic, 50.5% route, logic stage 1)
   - Delay of the launching clock:           2475ps
   = Slack:                                 16301ps

   Instance/Pin or Net Name   Type         ID     Location or Fanout   Delay(ps)  Edge  Arrival Time(ps)    Instance detail                                
   ----------------------------------------------------------------------------------------------------------------------------------------------------------
   clk                        CLOCK-PORT    -                      -     launch     r               0                                                      
   clk_BUFG_I_O               Clock net    82           (fanout=519)       2475                     -                                                      
   RBB_11/CLK                 RBB_6L       11  [TILE 0 0, RBB 10 14]          -     r            2475                                                      
   ----------------------------------------------------------------------------------------------------------------------------------------------------------
   RBB_11/BQ                  RBB_6L       11  [TILE 0 0, RBB 10 14]        800     r            3275     {inst105: rst_sync_FDRE_Q (FD,site=bff)}         
   r_RX_DV_FDRE_Q_D[0]        Net         105            (fanout=16)       1723                     -                                                      
   RBB_19/B6                  RBB_6L       19   [TILE 0 0, RBB 13 8]          -     r            4998     {<SR>inst84: r_RX_Byte_FDRE_Q_2 (FDRE,site=bff)} 
   ----------------------------------------------------------------------------------------------------------------------------------------------------------
   RBB_19/CLK                 RBB_6L       19   [TILE 0 0, RBB 13 8]        887     r            5885                                                      
   clk_BUFG_I_O               Clock net    82           (fanout=519)      -2336                     -                                                      
   clk                        CLOCK-PORT    -                      -    capture     r            3549                                                      
   ----------------------------------------------------------------------------------------------------------------------------------------------------------


Path 200:
   Slack (met):                             16303ps
     Path type:                               SETUP
     Group:                               <DEFAULT>
     Launching clock:                           clk (rising edge)
     Capturing clock:                           clk (rising edge)

     Requested period:                      20000ps
   + Delay of the capturing clock:           2422ps
   - Clock uncertainty:                       150ps
   = Required time:                         22272ps
   - Propagation time:                       3520ps (50.5% logic, 49.5% route, logic stage 1)
   - Delay of the launching clock:           2449ps
   = Slack:                                 16303ps

   Instance/Pin or Net Name   Type         ID     Location or Fanout   Delay(ps)  Edge  Arrival Time(ps)    Instance detail                                                                          
   ----------------------------------------------------------------------------------------------------------------------------------------------------------------------------------------------------
   clk                        CLOCK-PORT    -                      -     launch     r               0                                                                                                
   clk_BUFG_I_O               Clock net    82           (fanout=519)       2449                     -                                                                                                
   RBB_8/CLK                  RBB_6L        8  [TILE 0 0, RBB 13 14]          -     r            2449                                                                                                
   ----------------------------------------------------------------------------------------------------------------------------------------------------------------------------------------------------
   RBB_8/DQ                   RBB_6L        8  [TILE 0 0, RBB 13 14]        800     r            3249     {inst98: r_SM_Main_FDRE_Q (FD,site=dff)}                                                   
   r_SM_Main[4]               Net          39            (fanout=15)       1744                     -                                                                                                
   RBB_22/D1                  RBB_6L       22   [TILE 0 0, RBB 16 8]          -     r            4993     {inst93: r_RX_DV_FDRE_Q_D_LUT2_O (LUT,site=dlut)} {inst91: r_RX_DV_FDRE_Q (FDRE,site=dff)} 
   ----------------------------------------------------------------------------------------------------------------------------------------------------------------------------------------------------
   RBB_22/CLK                 RBB_6L       22   [TILE 0 0, RBB 16 8]        976     r            5969                                                                                                
   clk_BUFG_I_O               Clock net    82           (fanout=519)      -2422                     -                                                                                                
   clk                        CLOCK-PORT    -                      -    capture     r            3547                                                                                                
   ----------------------------------------------------------------------------------------------------------------------------------------------------------------------------------------------------


Path 171:
   Slack (met):                             16313ps
     Path type:                               SETUP
     Group:                               <DEFAULT>
     Launching clock:                           clk (rising edge)
     Capturing clock:                           clk (rising edge)

     Requested period:                      20000ps
   + Delay of the capturing clock:           2336ps
   - Clock uncertainty:                       150ps
   = Required time:                         22186ps
   - Propagation time:                       3398ps (49.3% logic, 50.7% route, logic stage 1)
   - Delay of the launching clock:           2475ps
   = Slack:                                 16313ps

   Instance/Pin or Net Name   Type         ID     Location or Fanout   Delay(ps)  Edge  Arrival Time(ps)    Instance detail                              
   --------------------------------------------------------------------------------------------------------------------------------------------------------
   clk                        CLOCK-PORT    -                      -     launch     r               0                                                    
   clk_BUFG_I_O               Clock net    82           (fanout=519)       2475                     -                                                    
   RBB_11/CLK                 RBB_6L       11  [TILE 0 0, RBB 10 14]          -     r            2475                                                    
   --------------------------------------------------------------------------------------------------------------------------------------------------------
   RBB_11/BQ                  RBB_6L       11  [TILE 0 0, RBB 10 14]        800     r            3275     {inst105: rst_sync_FDRE_Q (FD,site=bff)}       
   r_RX_DV_FDRE_Q_D[0]        Net         105            (fanout=16)       1723                     -                                                    
   RBB_19/B6                  RBB_6L       19   [TILE 0 0, RBB 13 8]          -     r            4998     {<SR>inst82: r_RX_Byte_FDRE_Q (FDRE,site=dff)} 
   --------------------------------------------------------------------------------------------------------------------------------------------------------
   RBB_19/CLK                 RBB_6L       19   [TILE 0 0, RBB 13 8]        875     r            5873                                                    
   clk_BUFG_I_O               Clock net    82           (fanout=519)      -2336                     -                                                    
   clk                        CLOCK-PORT    -                      -    capture     r            3537                                                    
   --------------------------------------------------------------------------------------------------------------------------------------------------------


Path 215:
   Slack (met):                             16347ps
     Path type:                               SETUP
     Group:                               <DEFAULT>
     Launching clock:                           clk (rising edge)
     Capturing clock:                           clk (rising edge)

     Requested period:                      20000ps
   + Delay of the capturing clock:           2462ps
   - Clock uncertainty:                       150ps
   = Required time:                         22312ps
   - Propagation time:                       3516ps (48.4% logic, 51.6% route, logic stage 1)
   - Delay of the launching clock:           2449ps
   = Slack:                                 16347ps

   Instance/Pin or Net Name   Type         ID     Location or Fanout   Delay(ps)  Edge  Arrival Time(ps)    Instance detail                                                                                                                                      
   ----------------------------------------------------------------------------------------------------------------------------------------------------------------------------------------------------------------------------------------------------------------
   clk                        CLOCK-PORT    -                      -     launch     r               0                                                                                                                                                            
   clk_BUFG_I_O               Clock net    82           (fanout=519)       2449                     -                                                                                                                                                            
   RBB_8/CLK                  RBB_6L        8  [TILE 0 0, RBB 13 14]          -     r            2449                                                                                                                                                            
   ----------------------------------------------------------------------------------------------------------------------------------------------------------------------------------------------------------------------------------------------------------------
   RBB_8/DQ                   RBB_6L        8  [TILE 0 0, RBB 13 14]        800     r            3249     {inst98: r_SM_Main_FDRE_Q (FD,site=dff)}                                                                                                               
   r_SM_Main[4]               Net          39            (fanout=15)       1815                     -                                                                                                                                                            
   RBB_14/C5                  RBB_6L       14   [TILE 0 0, RBB 7 18]          -     r            5064     {inst75: r_Clock_Count_FDRE_Q_9_D_LUT6_O_I4_CARRY4_O_CI_CARRY4_CO_O_3_LUT6_I3 (LUT,site=clut,cluto)} {inst43: r_Clock_Count_FDRE_Q_13 (FDRE,site=cff)} 
   ----------------------------------------------------------------------------------------------------------------------------------------------------------------------------------------------------------------------------------------------------------------
   RBB_14/CLK                 RBB_6L       14   [TILE 0 0, RBB 7 18]        901     r            5965                                                                                                                                                            
   clk_BUFG_I_O               Clock net    82           (fanout=519)      -2462                     -                                                                                                                                                            
   clk                        CLOCK-PORT    -                      -    capture     r            3503                                                                                                                                                            
   ----------------------------------------------------------------------------------------------------------------------------------------------------------------------------------------------------------------------------------------------------------------


Path 194:
   Slack (met):                             16347ps
     Path type:                               SETUP
     Group:                               <DEFAULT>
     Launching clock:                           clk (rising edge)
     Capturing clock:                           clk (rising edge)

     Requested period:                      20000ps
   + Delay of the capturing clock:           2462ps
   - Clock uncertainty:                       150ps
   = Required time:                         22312ps
   - Propagation time:                       3516ps (48.4% logic, 51.6% route, logic stage 1)
   - Delay of the launching clock:           2449ps
   = Slack:                                 16347ps

   Instance/Pin or Net Name   Type         ID     Location or Fanout   Delay(ps)  Edge  Arrival Time(ps)    Instance detail                                                                                                                                               
   -------------------------------------------------------------------------------------------------------------------------------------------------------------------------------------------------------------------------------------------------------------------------
   clk                        CLOCK-PORT    -                      -     launch     r               0                                                                                                                                                                     
   clk_BUFG_I_O               Clock net    82           (fanout=519)       2449                     -                                                                                                                                                                     
   RBB_8/CLK                  RBB_6L        8  [TILE 0 0, RBB 13 14]          -     r            2449                                                                                                                                                                     
   -------------------------------------------------------------------------------------------------------------------------------------------------------------------------------------------------------------------------------------------------------------------------
   RBB_8/DQ                   RBB_6L        8  [TILE 0 0, RBB 13 14]        800     r            3249     {inst98: r_SM_Main_FDRE_Q (FD,site=dff)}                                                                                                                        
   r_SM_Main[4]               Net          39            (fanout=15)       1815                     -                                                                                                                                                                     
   RBB_14/D5                  RBB_6L       14   [TILE 0 0, RBB 7 18]          -     r            5064     {inst80: r_Clock_Count_FDRE_Q_9_D_LUT6_O_I4_CARRY4_O_CI_CARRY4_CO_O_LUT6_I3_O_LUT6_O_3 (LUT,site=dlut,dluto)} {inst47: r_Clock_Count_FDRE_Q_17 (FDRE,site=dff)} 
   -------------------------------------------------------------------------------------------------------------------------------------------------------------------------------------------------------------------------------------------------------------------------
   RBB_14/CLK                 RBB_6L       14   [TILE 0 0, RBB 7 18]        901     r            5965                                                                                                                                                                     
   clk_BUFG_I_O               Clock net    82           (fanout=519)      -2462                     -                                                                                                                                                                     
   clk                        CLOCK-PORT    -                      -    capture     r            3503                                                                                                                                                                     
   -------------------------------------------------------------------------------------------------------------------------------------------------------------------------------------------------------------------------------------------------------------------------


Path 178:
   Slack (met):                             16349ps
     Path type:                               SETUP
     Group:                               <DEFAULT>
     Launching clock:                           clk (rising edge)
     Capturing clock:                           clk (rising edge)

     Requested period:                      20000ps
   + Delay of the capturing clock:           2336ps
   - Clock uncertainty:                       150ps
   = Required time:                         22186ps
   - Propagation time:                       3362ps (48.8% logic, 51.2% route, logic stage 1)
   - Delay of the launching clock:           2475ps
   = Slack:                                 16349ps

   Instance/Pin or Net Name   Type         ID     Location or Fanout   Delay(ps)  Edge  Arrival Time(ps)    Instance detail                                
   ----------------------------------------------------------------------------------------------------------------------------------------------------------
   clk                        CLOCK-PORT    -                      -     launch     r               0                                                      
   clk_BUFG_I_O               Clock net    82           (fanout=519)       2475                     -                                                      
   RBB_11/CLK                 RBB_6L       11  [TILE 0 0, RBB 10 14]          -     r            2475                                                      
   ----------------------------------------------------------------------------------------------------------------------------------------------------------
   RBB_11/BQ                  RBB_6L       11  [TILE 0 0, RBB 10 14]        800     r            3275     {inst105: rst_sync_FDRE_Q (FD,site=bff)}         
   r_RX_DV_FDRE_Q_D[0]        Net         105            (fanout=16)       1723                     -                                                      
   RBB_19/B6                  RBB_6L       19   [TILE 0 0, RBB 13 8]          -     r            4998     {<SR>inst83: r_RX_Byte_FDRE_Q_1 (FDRE,site=cff)} 
   ----------------------------------------------------------------------------------------------------------------------------------------------------------
   RBB_19/CLK                 RBB_6L       19   [TILE 0 0, RBB 13 8]        839     r            5837                                                      
   clk_BUFG_I_O               Clock net    82           (fanout=519)      -2336                     -                                                      
   clk                        CLOCK-PORT    -                      -    capture     r            3501                                                      
   ----------------------------------------------------------------------------------------------------------------------------------------------------------


Path 235:
   Slack (met):                             16359ps
     Path type:                               SETUP
     Group:                               <DEFAULT>
     Launching clock:                           clk (rising edge)
     Capturing clock:                           clk (rising edge)

     Requested period:                      20000ps
   + Delay of the capturing clock:           2434ps
   - Clock uncertainty:                       150ps
   = Required time:                         22284ps
   - Propagation time:                       3450ps (45.0% logic, 55.0% route, logic stage 1)
   - Delay of the launching clock:           2475ps
   = Slack:                                 16359ps

   Instance/Pin or Net Name   Type         ID     Location or Fanout   Delay(ps)  Edge  Arrival Time(ps)    Instance detail                                
   ----------------------------------------------------------------------------------------------------------------------------------------------------------
   clk                        CLOCK-PORT    -                      -     launch     r               0                                                      
   clk_BUFG_I_O               Clock net    82           (fanout=519)       2475                     -                                                      
   RBB_11/CLK                 RBB_6L       11  [TILE 0 0, RBB 10 14]          -     r            2475                                                      
   ----------------------------------------------------------------------------------------------------------------------------------------------------------
   RBB_11/BQ                  RBB_6L       11  [TILE 0 0, RBB 10 14]        800     r            3275     {inst105: rst_sync_FDRE_Q (FD,site=bff)}         
   r_RX_DV_FDRE_Q_D[0]        Net         105            (fanout=16)       1898                     -                                                      
   RBB_20/B6                  RBB_6L       20  [TILE 0 0, RBB 16 10]          -     r            5173     {<SR>inst89: r_RX_Byte_FDRE_Q_7 (FDRE,site=aff)} 
   ----------------------------------------------------------------------------------------------------------------------------------------------------------
   RBB_20/CLK                 RBB_6L       20  [TILE 0 0, RBB 16 10]        752     r            5925                                                      
   clk_BUFG_I_O               Clock net    82           (fanout=519)      -2434                     -                                                      
   clk                        CLOCK-PORT    -                      -    capture     r            3491                                                      
   ----------------------------------------------------------------------------------------------------------------------------------------------------------


Path 204:
   Slack (met):                             16386ps
     Path type:                               SETUP
     Group:                               <DEFAULT>
     Launching clock:                           clk (rising edge)
     Capturing clock:                           clk (rising edge)

     Requested period:                      20000ps
   + Delay of the capturing clock:           2463ps
   - Clock uncertainty:                       150ps
   = Required time:                         22313ps
   - Propagation time:                       3478ps (49.6% logic, 50.4% route, logic stage 1)
   - Delay of the launching clock:           2449ps
   = Slack:                                 16386ps

   Instance/Pin or Net Name   Type         ID     Location or Fanout   Delay(ps)  Edge  Arrival Time(ps)    Instance detail                                                                                                             
   ---------------------------------------------------------------------------------------------------------------------------------------------------------------------------------------------------------------------------------------
   clk                        CLOCK-PORT    -                      -     launch     r               0                                                                                                                                   
   clk_BUFG_I_O               Clock net    82           (fanout=519)       2449                     -                                                                                                                                   
   RBB_8/CLK                  RBB_6L        8  [TILE 0 0, RBB 13 14]          -     r            2449                                                                                                                                   
   ---------------------------------------------------------------------------------------------------------------------------------------------------------------------------------------------------------------------------------------
   RBB_8/DQ                   RBB_6L        8  [TILE 0 0, RBB 13 14]        800     r            3249     {inst98: r_SM_Main_FDRE_Q (FD,site=dff)}                                                                                      
   r_SM_Main[4]               Net          39            (fanout=15)       1753                     -                                                                                                                                   
   RBB_17/D2                  RBB_6L       17   [TILE 0 0, RBB 7 16]          -     r            5002     {inst22: r_Bit_Index_FDRE_Q_D_LUT2_O_I1_CARRY4_O_O_LUT6_I2 (LUT,site=dlut,dluto)} {inst103: r_SM_Main_FDRE_Q_4 (FD,site=dff)} 
   ---------------------------------------------------------------------------------------------------------------------------------------------------------------------------------------------------------------------------------------
   RBB_17/CLK                 RBB_6L       17   [TILE 0 0, RBB 7 16]        925     r            5927                                                                                                                                   
   clk_BUFG_I_O               Clock net    82           (fanout=519)      -2463                     -                                                                                                                                   
   clk                        CLOCK-PORT    -                      -    capture     r            3464                                                                                                                                   
   ---------------------------------------------------------------------------------------------------------------------------------------------------------------------------------------------------------------------------------------


Path 188:
   Slack (met):                             16402ps
     Path type:                               SETUP
     Group:                               <DEFAULT>
     Launching clock:                           clk (rising edge)
     Capturing clock:                           clk (rising edge)

     Requested period:                      20000ps
   + Delay of the capturing clock:           2452ps
   - Clock uncertainty:                       150ps
   = Required time:                         22302ps
   - Propagation time:                       3457ps (49.1% logic, 50.9% route, logic stage 1)
   - Delay of the launching clock:           2443ps
   = Slack:                                 16402ps

   Instance/Pin or Net Name   Type         ID     Location or Fanout   Delay(ps)  Edge  Arrival Time(ps)    Instance detail                                                                                                                                             
   -----------------------------------------------------------------------------------------------------------------------------------------------------------------------------------------------------------------------------------------------------------------------
   clk                        CLOCK-PORT    -                      -     launch     r               0                                                                                                                                                                   
   clk_BUFG_I_O               Clock net    82           (fanout=519)       2443                     -                                                                                                                                                                   
   RBB_16/CLK                 RBB_6L       16   [TILE 0 0, RBB 7 14]          -     r            2443                                                                                                                                                                   
   -----------------------------------------------------------------------------------------------------------------------------------------------------------------------------------------------------------------------------------------------------------------------
   RBB_16/DQ                  RBB_6L       16   [TILE 0 0, RBB 7 14]        800     r            3243     {inst100: r_SM_Main_FDRE_Q_2 (FD,site=dff)}                                                                                                                   
   r_SM_Main[2]               Net          37            (fanout=24)       1758                     -                                                                                                                                                                   
   RBB_10/D3                  RBB_6L       10  [TILE 0 0, RBB 13 16]          -     r            5001     {inst77: r_Clock_Count_FDRE_Q_9_D_LUT6_O_I4_CARRY4_O_CI_CARRY4_CO_O_LUT6_I3_O_LUT6_O (LUT,site=dlut,dluto)} {inst44: r_Clock_Count_FDRE_Q_14 (FDRE,site=dff)} 
   -----------------------------------------------------------------------------------------------------------------------------------------------------------------------------------------------------------------------------------------------------------------------
   RBB_10/CLK                 RBB_6L       10  [TILE 0 0, RBB 13 16]        899     r            5900                                                                                                                                                                   
   clk_BUFG_I_O               Clock net    82           (fanout=519)      -2452                     -                                                                                                                                                                   
   clk                        CLOCK-PORT    -                      -    capture     r            3448                                                                                                                                                                   
   -----------------------------------------------------------------------------------------------------------------------------------------------------------------------------------------------------------------------------------------------------------------------


Path 166:
   Slack (met):                             16421ps
     Path type:                               SETUP
     Group:                               <DEFAULT>
     Launching clock:                           clk (rising edge)
     Capturing clock:                           clk (rising edge)

     Requested period:                      20000ps
   + Delay of the capturing clock:           2449ps
   - Clock uncertainty:                       150ps
   = Required time:                         22299ps
   - Propagation time:                       3435ps (58.0% logic, 42.0% route, logic stage 1)
   - Delay of the launching clock:           2443ps
   = Slack:                                 16421ps

   Instance/Pin or Net Name   Type         ID     Location or Fanout   Delay(ps)  Edge  Arrival Time(ps)    Instance detail                                                                                        
   ------------------------------------------------------------------------------------------------------------------------------------------------------------------------------------------------------------------
   clk                        CLOCK-PORT    -                      -     launch     r               0                                                                                                              
   clk_BUFG_I_O               Clock net    82           (fanout=519)       2443                     -                                                                                                              
   RBB_16/CLK                 RBB_6L       16   [TILE 0 0, RBB 7 14]          -     r            2443                                                                                                              
   ------------------------------------------------------------------------------------------------------------------------------------------------------------------------------------------------------------------
   RBB_16/DQ                  RBB_6L       16   [TILE 0 0, RBB 7 14]        800     r            3243     {inst100: r_SM_Main_FDRE_Q_2 (FD,site=dff)}                                                              
   r_SM_Main[2]               Net          37            (fanout=24)       1441                     -                                                                                                              
   RBB_15/D5                  RBB_6L       15  [TILE 0 0, RBB 13 12]          -     r            4684     {inst15: r_Bit_Index_FDRE_Q_D_LUT2_O_1 (LUT,site=dluto)} {inst10: r_Bit_Index_FDRE_Q_1 (FDRE,site=dffo)} 
   ------------------------------------------------------------------------------------------------------------------------------------------------------------------------------------------------------------------
   RBB_15/CLK                 RBB_6L       15  [TILE 0 0, RBB 13 12]       1194     r            5878                                                                                                              
   clk_BUFG_I_O               Clock net    82           (fanout=519)      -2449                     -                                                                                                              
   clk                        CLOCK-PORT    -                      -    capture     r            3429                                                                                                              
   ------------------------------------------------------------------------------------------------------------------------------------------------------------------------------------------------------------------


Path 198:
   Slack (met):                             16431ps
     Path type:                               SETUP
     Group:                               <DEFAULT>
     Launching clock:                           clk (rising edge)
     Capturing clock:                           clk (rising edge)

     Requested period:                      20000ps
   + Delay of the capturing clock:           2462ps
   - Clock uncertainty:                       150ps
   = Required time:                         22312ps
   - Propagation time:                       3406ps (49.9% logic, 50.1% route, logic stage 1)
   - Delay of the launching clock:           2475ps
   = Slack:                                 16431ps

   Instance/Pin or Net Name   Type         ID     Location or Fanout   Delay(ps)  Edge  Arrival Time(ps)    Instance detail                                                                                                                                               
   -------------------------------------------------------------------------------------------------------------------------------------------------------------------------------------------------------------------------------------------------------------------------
   clk                        CLOCK-PORT    -                      -     launch     r               0                                                                                                                                                                     
   clk_BUFG_I_O               Clock net    82           (fanout=519)       2475                     -                                                                                                                                                                     
   RBB_25/CLK                 RBB_6L       25  [TILE 0 0, RBB 10 12]          -     r            2475                                                                                                                                                                     
   -------------------------------------------------------------------------------------------------------------------------------------------------------------------------------------------------------------------------------------------------------------------------
   RBB_25/DQ                  RBB_6L       25  [TILE 0 0, RBB 10 12]        800     r            3275     {inst99: r_SM_Main_FDRE_Q_1 (FD,site=dff)}                                                                                                                      
   r_SM_Main[3]               Net          38            (fanout=15)       1707                     -                                                                                                                                                                     
   RBB_14/D4                  RBB_6L       14   [TILE 0 0, RBB 7 18]          -     r            4982     {inst80: r_Clock_Count_FDRE_Q_9_D_LUT6_O_I4_CARRY4_O_CI_CARRY4_CO_O_LUT6_I3_O_LUT6_O_3 (LUT,site=dlut,dluto)} {inst47: r_Clock_Count_FDRE_Q_17 (FDRE,site=dff)} 
   -------------------------------------------------------------------------------------------------------------------------------------------------------------------------------------------------------------------------------------------------------------------------
   RBB_14/CLK                 RBB_6L       14   [TILE 0 0, RBB 7 18]        899     r            5881                                                                                                                                                                     
   clk_BUFG_I_O               Clock net    82           (fanout=519)      -2462                     -                                                                                                                                                                     
   clk                        CLOCK-PORT    -                      -    capture     r            3419                                                                                                                                                                     
   -------------------------------------------------------------------------------------------------------------------------------------------------------------------------------------------------------------------------------------------------------------------------


Path 226:
   Slack (met):                             16441ps
     Path type:                               SETUP
     Group:                               <DEFAULT>
     Launching clock:                           clk (rising edge)
     Capturing clock:                           clk (rising edge)

     Requested period:                      20000ps
   + Delay of the capturing clock:           2485ps
   - Clock uncertainty:                       150ps
   = Required time:                         22335ps
   - Propagation time:                       3419ps (48.9% logic, 51.1% route, logic stage 1)
   - Delay of the launching clock:           2475ps
   = Slack:                                 16441ps

   Instance/Pin or Net Name   Type         ID     Location or Fanout   Delay(ps)  Edge  Arrival Time(ps)    Instance detail                                                                                                                                      
   ----------------------------------------------------------------------------------------------------------------------------------------------------------------------------------------------------------------------------------------------------------------
   clk                        CLOCK-PORT    -                      -     launch     r               0                                                                                                                                                            
   clk_BUFG_I_O               Clock net    82           (fanout=519)       2475                     -                                                                                                                                                            
   RBB_25/CLK                 RBB_6L       25  [TILE 0 0, RBB 10 12]          -     r            2475                                                                                                                                                            
   ----------------------------------------------------------------------------------------------------------------------------------------------------------------------------------------------------------------------------------------------------------------
   RBB_25/DQ                  RBB_6L       25  [TILE 0 0, RBB 10 12]        800     r            3275     {inst99: r_SM_Main_FDRE_Q_1 (FD,site=dff)}                                                                                                             
   r_SM_Main[3]               Net          38            (fanout=15)       1748                     -                                                                                                                                                            
   RBB_12/C4                  RBB_6L       12  [TILE 0 0, RBB 10 18]          -     r            5023     {inst73: r_Clock_Count_FDRE_Q_9_D_LUT6_O_I4_CARRY4_O_CI_CARRY4_CO_O_1_LUT6_I3 (LUT,site=clut,cluto)} {inst41: r_Clock_Count_FDRE_Q_11 (FDRE,site=cff)} 
   ----------------------------------------------------------------------------------------------------------------------------------------------------------------------------------------------------------------------------------------------------------------
   RBB_12/CLK                 RBB_6L       12  [TILE 0 0, RBB 10 18]        871     r            5894                                                                                                                                                            
   clk_BUFG_I_O               Clock net    82           (fanout=519)      -2485                     -                                                                                                                                                            
   clk                        CLOCK-PORT    -                      -    capture     r            3409                                                                                                                                                            
   ----------------------------------------------------------------------------------------------------------------------------------------------------------------------------------------------------------------------------------------------------------------


Path 168:
   Slack (met):                             16451ps
     Path type:                               SETUP
     Group:                               <DEFAULT>
     Launching clock:                           clk (rising edge)
     Capturing clock:                           clk (rising edge)

     Requested period:                      20000ps
   + Delay of the capturing clock:           2449ps
   - Clock uncertainty:                       150ps
   = Required time:                         22299ps
   - Propagation time:                       3373ps (56.0% logic, 44.0% route, logic stage 1)
   - Delay of the launching clock:           2475ps
   = Slack:                                 16451ps

   Instance/Pin or Net Name   Type         ID     Location or Fanout   Delay(ps)  Edge  Arrival Time(ps)    Instance detail                               
   ---------------------------------------------------------------------------------------------------------------------------------------------------------
   clk                        CLOCK-PORT    -                      -     launch     r               0                                                     
   clk_BUFG_I_O               Clock net    82           (fanout=519)       2475                     -                                                     
   RBB_11/CLK                 RBB_6L       11  [TILE 0 0, RBB 10 14]          -     r            2475                                                     
   ---------------------------------------------------------------------------------------------------------------------------------------------------------
   RBB_11/BQ                  RBB_6L       11  [TILE 0 0, RBB 10 14]        800     r            3275     {inst105: rst_sync_FDRE_Q (FD,site=bff)}        
   r_RX_DV_FDRE_Q_D[0]        Net         105            (fanout=16)       1483                     -                                                     
   RBB_15/B6                  RBB_6L       15  [TILE 0 0, RBB 13 12]          -     r            4758     {<SR>inst9: r_Bit_Index_FDRE_Q (FDRE,site=dff)} 
   ---------------------------------------------------------------------------------------------------------------------------------------------------------
   RBB_15/CLK                 RBB_6L       15  [TILE 0 0, RBB 13 12]       1090     r            5848                                                     
   clk_BUFG_I_O               Clock net    82           (fanout=519)      -2449                     -                                                     
   clk                        CLOCK-PORT    -                      -    capture     r            3399                                                     
   ---------------------------------------------------------------------------------------------------------------------------------------------------------


Path 202:
   Slack (met):                             16470ps
     Path type:                               SETUP
     Group:                               <DEFAULT>
     Launching clock:                           clk (rising edge)
     Capturing clock:                           clk (rising edge)

     Requested period:                      20000ps
   + Delay of the capturing clock:           2485ps
   - Clock uncertainty:                       150ps
   = Required time:                         22335ps
   - Propagation time:                       3390ps (49.0% logic, 51.0% route, logic stage 1)
   - Delay of the launching clock:           2475ps
   = Slack:                                 16470ps

   Instance/Pin or Net Name   Type         ID     Location or Fanout   Delay(ps)  Edge  Arrival Time(ps)    Instance detail                                                                                                                                               
   -------------------------------------------------------------------------------------------------------------------------------------------------------------------------------------------------------------------------------------------------------------------------
   clk                        CLOCK-PORT    -                      -     launch     r               0                                                                                                                                                                     
   clk_BUFG_I_O               Clock net    82           (fanout=519)       2475                     -                                                                                                                                                                     
   RBB_25/CLK                 RBB_6L       25  [TILE 0 0, RBB 10 12]          -     r            2475                                                                                                                                                                     
   -------------------------------------------------------------------------------------------------------------------------------------------------------------------------------------------------------------------------------------------------------------------------
   RBB_25/DQ                  RBB_6L       25  [TILE 0 0, RBB 10 12]        800     r            3275     {inst99: r_SM_Main_FDRE_Q_1 (FD,site=dff)}                                                                                                                      
   r_SM_Main[3]               Net          38            (fanout=15)       1729                     -                                                                                                                                                                     
   RBB_12/D4                  RBB_6L       12  [TILE 0 0, RBB 10 18]          -     r            5004     {inst78: r_Clock_Count_FDRE_Q_9_D_LUT6_O_I4_CARRY4_O_CI_CARRY4_CO_O_LUT6_I3_O_LUT6_O_1 (LUT,site=dlut,dluto)} {inst45: r_Clock_Count_FDRE_Q_15 (FDRE,site=dff)} 
   -------------------------------------------------------------------------------------------------------------------------------------------------------------------------------------------------------------------------------------------------------------------------
   RBB_12/CLK                 RBB_6L       12  [TILE 0 0, RBB 10 18]        861     r            5865                                                                                                                                                                     
   clk_BUFG_I_O               Clock net    82           (fanout=519)      -2485                     -                                                                                                                                                                     
   clk                        CLOCK-PORT    -                      -    capture     r            3380                                                                                                                                                                     
   -------------------------------------------------------------------------------------------------------------------------------------------------------------------------------------------------------------------------------------------------------------------------


Path 203:
   Slack (met):                             16476ps
     Path type:                               SETUP
     Group:                               <DEFAULT>
     Launching clock:                           clk (rising edge)
     Capturing clock:                           clk (rising edge)

     Requested period:                      20000ps
   + Delay of the capturing clock:           2463ps
   - Clock uncertainty:                       150ps
   = Required time:                         22313ps
   - Propagation time:                       3362ps (50.5% logic, 49.5% route, logic stage 1)
   - Delay of the launching clock:           2475ps
   = Slack:                                 16476ps

   Instance/Pin or Net Name   Type         ID     Location or Fanout   Delay(ps)  Edge  Arrival Time(ps)    Instance detail                                                                                                             
   ---------------------------------------------------------------------------------------------------------------------------------------------------------------------------------------------------------------------------------------
   clk                        CLOCK-PORT    -                      -     launch     r               0                                                                                                                                   
   clk_BUFG_I_O               Clock net    82           (fanout=519)       2475                     -                                                                                                                                   
   RBB_25/CLK                 RBB_6L       25  [TILE 0 0, RBB 10 12]          -     r            2475                                                                                                                                   
   ---------------------------------------------------------------------------------------------------------------------------------------------------------------------------------------------------------------------------------------
   RBB_25/DQ                  RBB_6L       25  [TILE 0 0, RBB 10 12]        800     r            3275     {inst99: r_SM_Main_FDRE_Q_1 (FD,site=dff)}                                                                                    
   r_SM_Main[3]               Net          38            (fanout=15)       1663                     -                                                                                                                                   
   RBB_17/D1                  RBB_6L       17   [TILE 0 0, RBB 7 16]          -     r            4938     {inst22: r_Bit_Index_FDRE_Q_D_LUT2_O_I1_CARRY4_O_O_LUT6_I2 (LUT,site=dlut,dluto)} {inst103: r_SM_Main_FDRE_Q_4 (FD,site=dff)} 
   ---------------------------------------------------------------------------------------------------------------------------------------------------------------------------------------------------------------------------------------
   RBB_17/CLK                 RBB_6L       17   [TILE 0 0, RBB 7 16]        899     r            5837                                                                                                                                   
   clk_BUFG_I_O               Clock net    82           (fanout=519)      -2463                     -                                                                                                                                   
   clk                        CLOCK-PORT    -                      -    capture     r            3374                                                                                                                                   
   ---------------------------------------------------------------------------------------------------------------------------------------------------------------------------------------------------------------------------------------


Path 240:
   Slack (met):                             16488ps
     Path type:                               SETUP
     Group:                               <DEFAULT>
     Launching clock:                           clk (rising edge)
     Capturing clock:                           clk (rising edge)

     Requested period:                      20000ps
   + Delay of the capturing clock:           2475ps
   - Clock uncertainty:                       150ps
   = Required time:                         22325ps
   - Propagation time:                       3362ps (58.9% logic, 41.1% route, logic stage 1)
   - Delay of the launching clock:           2475ps
   = Slack:                                 16488ps

   Instance/Pin or Net Name   Type         ID     Location or Fanout   Delay(ps)  Edge  Arrival Time(ps)    Instance detail                                 
   -----------------------------------------------------------------------------------------------------------------------------------------------------------
   clk                        CLOCK-PORT    -                      -     launch     r               0                                                       
   clk_BUFG_I_O               Clock net    82           (fanout=519)       2475                     -                                                       
   RBB_11/CLK                 RBB_6L       11  [TILE 0 0, RBB 10 14]          -     r            2475                                                       
   -----------------------------------------------------------------------------------------------------------------------------------------------------------
   RBB_11/BQ                  RBB_6L       11  [TILE 0 0, RBB 10 14]        800     r            3275     {inst105: rst_sync_FDRE_Q (FD,site=bff)}          
   r_RX_DV_FDRE_Q_D[0]        Net         105            (fanout=16)       1383                     -                                                       
   RBB_11/A6                  RBB_6L       11  [TILE 0 0, RBB 10 14]          -     r            4658     {<SR>inst11: r_Bit_Index_FDRE_Q_2 (FDR,site=cff)} 
   -----------------------------------------------------------------------------------------------------------------------------------------------------------
   RBB_11/CLK                 RBB_6L       11  [TILE 0 0, RBB 10 14]       1179     r            5837                                                       
   clk_BUFG_I_O               Clock net    82           (fanout=519)      -2475                     -                                                       
   clk                        CLOCK-PORT    -                      -    capture     r            3362                                                       
   -----------------------------------------------------------------------------------------------------------------------------------------------------------


Path 216:
   Slack (met):                             16503ps
     Path type:                               SETUP
     Group:                               <DEFAULT>
     Launching clock:                           clk (rising edge)
     Capturing clock:                           clk (rising edge)

     Requested period:                      20000ps
   + Delay of the capturing clock:           2452ps
   - Clock uncertainty:                       150ps
   = Required time:                         22302ps
   - Propagation time:                       3324ps (48.9% logic, 51.1% route, logic stage 1)
   - Delay of the launching clock:           2475ps
   = Slack:                                 16503ps

   Instance/Pin or Net Name   Type         ID     Location or Fanout   Delay(ps)  Edge  Arrival Time(ps)    Instance detail                                   
   -------------------------------------------------------------------------------------------------------------------------------------------------------------
   clk                        CLOCK-PORT    -                      -     launch     r               0                                                         
   clk_BUFG_I_O               Clock net    82           (fanout=519)       2475                     -                                                         
   RBB_11/CLK                 RBB_6L       11  [TILE 0 0, RBB 10 14]          -     r            2475                                                         
   -------------------------------------------------------------------------------------------------------------------------------------------------------------
   RBB_11/BQ                  RBB_6L       11  [TILE 0 0, RBB 10 14]        800     r            3275     {inst105: rst_sync_FDRE_Q (FD,site=bff)}            
   r_RX_DV_FDRE_Q_D[0]        Net         105            (fanout=16)       1698                     -                                                         
   RBB_10/B6                  RBB_6L       10  [TILE 0 0, RBB 13 16]          -     r            4973     {<SR>inst38: r_Clock_Count_FDRE_Q (FDRE,site=cffo)} 
   -------------------------------------------------------------------------------------------------------------------------------------------------------------
   RBB_10/CLK                 RBB_6L       10  [TILE 0 0, RBB 13 16]        826     r            5799                                                         
   clk_BUFG_I_O               Clock net    82           (fanout=519)      -2452                     -                                                         
   clk                        CLOCK-PORT    -                      -    capture     r            3347                                                         
   -------------------------------------------------------------------------------------------------------------------------------------------------------------


Path 206:
   Slack (met):                             16509ps
     Path type:                               SETUP
     Group:                               <DEFAULT>
     Launching clock:                           clk (rising edge)
     Capturing clock:                           clk (rising edge)

     Requested period:                      20000ps
   + Delay of the capturing clock:           2434ps
   - Clock uncertainty:                       150ps
   = Required time:                         22284ps
   - Propagation time:                       3300ps (50.3% logic, 49.7% route, logic stage 1)
   - Delay of the launching clock:           2475ps
   = Slack:                                 16509ps

   Instance/Pin or Net Name   Type         ID     Location or Fanout   Delay(ps)  Edge  Arrival Time(ps)    Instance detail                                                                                                                         
   ---------------------------------------------------------------------------------------------------------------------------------------------------------------------------------------------------------------------------------------------------
   clk                        CLOCK-PORT    -                      -     launch     r               0                                                                                                                                               
   clk_BUFG_I_O               Clock net    82           (fanout=519)       2475                     -                                                                                                                                               
   RBB_11/CLK                 RBB_6L       11  [TILE 0 0, RBB 10 14]          -     r            2475                                                                                                                                               
   ---------------------------------------------------------------------------------------------------------------------------------------------------------------------------------------------------------------------------------------------------
   RBB_11/CQ                  RBB_6L       11  [TILE 0 0, RBB 10 14]        800     r            3275     {inst11: r_Bit_Index_FDRE_Q_2 (FDR,site=cff)}                                                                                             
   r_Bit_Index[0]             Net          26             (fanout=7)       1639                     -                                                                                                                                               
   RBB_20/D2                  RBB_6L       20  [TILE 0 0, RBB 16 10]          -     r            4914     {inst34: r_Bit_Index_FDRE_Q_D_LUT2_O_I1_CARRY4_O_S_CARRY4_S_O_LUT6_I5 (LUT,site=dlut,dluto)} {inst85: r_RX_Byte_FDRE_Q_3 (FDRE,site=dff)} 
   ---------------------------------------------------------------------------------------------------------------------------------------------------------------------------------------------------------------------------------------------------
   RBB_20/CLK                 RBB_6L       20  [TILE 0 0, RBB 16 10]        861     r            5775                                                                                                                                               
   clk_BUFG_I_O               Clock net    82           (fanout=519)      -2434                     -                                                                                                                                               
   clk                        CLOCK-PORT    -                      -    capture     r            3341                                                                                                                                               
   ---------------------------------------------------------------------------------------------------------------------------------------------------------------------------------------------------------------------------------------------------


Path 199:
   Slack (met):                             16526ps
     Path type:                               SETUP
     Group:                               <DEFAULT>
     Launching clock:                           clk (rising edge)
     Capturing clock:                           clk (rising edge)

     Requested period:                      20000ps
   + Delay of the capturing clock:           2476ps
   - Clock uncertainty:                       150ps
   = Required time:                         22326ps
   - Propagation time:                       3325ps (50.0% logic, 50.0% route, logic stage 1)
   - Delay of the launching clock:           2475ps
   = Slack:                                 16526ps

   Instance/Pin or Net Name   Type         ID     Location or Fanout   Delay(ps)  Edge  Arrival Time(ps)    Instance detail                                                                                                                                               
   -------------------------------------------------------------------------------------------------------------------------------------------------------------------------------------------------------------------------------------------------------------------------
   clk                        CLOCK-PORT    -                      -     launch     r               0                                                                                                                                                                     
   clk_BUFG_I_O               Clock net    82           (fanout=519)       2475                     -                                                                                                                                                                     
   RBB_25/CLK                 RBB_6L       25  [TILE 0 0, RBB 10 12]          -     r            2475                                                                                                                                                                     
   -------------------------------------------------------------------------------------------------------------------------------------------------------------------------------------------------------------------------------------------------------------------------
   RBB_25/DQ                  RBB_6L       25  [TILE 0 0, RBB 10 12]        800     r            3275     {inst99: r_SM_Main_FDRE_Q_1 (FD,site=dff)}                                                                                                                      
   r_SM_Main[3]               Net          38            (fanout=15)       1664                     -                                                                                                                                                                     
   RBB_13/D4                  RBB_6L       13  [TILE 0 0, RBB 10 16]          -     r            4939     {inst79: r_Clock_Count_FDRE_Q_9_D_LUT6_O_I4_CARRY4_O_CI_CARRY4_CO_O_LUT6_I3_O_LUT6_O_2 (LUT,site=dlut,dluto)} {inst46: r_Clock_Count_FDRE_Q_16 (FDRE,site=dff)} 
   -------------------------------------------------------------------------------------------------------------------------------------------------------------------------------------------------------------------------------------------------------------------------
   RBB_13/CLK                 RBB_6L       13  [TILE 0 0, RBB 10 16]        861     r            5800                                                                                                                                                                     
   clk_BUFG_I_O               Clock net    82           (fanout=519)      -2476                     -                                                                                                                                                                     
   clk                        CLOCK-PORT    -                      -    capture     r            3324                                                                                                                                                                     
   -------------------------------------------------------------------------------------------------------------------------------------------------------------------------------------------------------------------------------------------------------------------------


Path 239:
   Slack (met):                             16526ps
     Path type:                               SETUP
     Group:                               <DEFAULT>
     Launching clock:                           clk (rising edge)
     Capturing clock:                           clk (rising edge)

     Requested period:                      20000ps
   + Delay of the capturing clock:           2475ps
   - Clock uncertainty:                       150ps
   = Required time:                         22325ps
   - Propagation time:                       3324ps (58.4% logic, 41.6% route, logic stage 1)
   - Delay of the launching clock:           2475ps
   = Slack:                                 16526ps

   Instance/Pin or Net Name   Type         ID     Location or Fanout   Delay(ps)  Edge  Arrival Time(ps)    Instance detail                                   
   -------------------------------------------------------------------------------------------------------------------------------------------------------------
   clk                        CLOCK-PORT    -                      -     launch     r               0                                                         
   clk_BUFG_I_O               Clock net    82           (fanout=519)       2475                     -                                                         
   RBB_11/CLK                 RBB_6L       11  [TILE 0 0, RBB 10 14]          -     r            2475                                                         
   -------------------------------------------------------------------------------------------------------------------------------------------------------------
   RBB_11/BQ                  RBB_6L       11  [TILE 0 0, RBB 10 14]        800     r            3275     {inst105: rst_sync_FDRE_Q (FD,site=bff)}            
   r_RX_DV_FDRE_Q_D[0]        Net         105            (fanout=16)       1383                     -                                                         
   RBB_11/A6                  RBB_6L       11  [TILE 0 0, RBB 10 14]          -     r            4658     {<SR>inst55: r_Clock_Count_FDRE_Q_9 (FDR,site=dff)} 
   -------------------------------------------------------------------------------------------------------------------------------------------------------------
   RBB_11/CLK                 RBB_6L       11  [TILE 0 0, RBB 10 14]       1141     r            5799                                                         
   clk_BUFG_I_O               Clock net    82           (fanout=519)      -2475                     -                                                         
   clk                        CLOCK-PORT    -                      -    capture     r            3324                                                         
   -------------------------------------------------------------------------------------------------------------------------------------------------------------


Path 222:
   Slack (met):                             16541ps
     Path type:                               SETUP
     Group:                               <DEFAULT>
     Launching clock:                           clk (rising edge)
     Capturing clock:                           clk (rising edge)

     Requested period:                      20000ps
   + Delay of the capturing clock:           2476ps
   - Clock uncertainty:                       150ps
   = Required time:                         22326ps
   - Propagation time:                       3310ps (48.4% logic, 51.6% route, logic stage 1)
   - Delay of the launching clock:           2475ps
   = Slack:                                 16541ps

   Instance/Pin or Net Name   Type         ID     Location or Fanout   Delay(ps)  Edge  Arrival Time(ps)    Instance detail                                                                                                                                      
   ----------------------------------------------------------------------------------------------------------------------------------------------------------------------------------------------------------------------------------------------------------------
   clk                        CLOCK-PORT    -                      -     launch     r               0                                                                                                                                                            
   clk_BUFG_I_O               Clock net    82           (fanout=519)       2475                     -                                                                                                                                                            
   RBB_25/CLK                 RBB_6L       25  [TILE 0 0, RBB 10 12]          -     r            2475                                                                                                                                                            
   ----------------------------------------------------------------------------------------------------------------------------------------------------------------------------------------------------------------------------------------------------------------
   RBB_25/DQ                  RBB_6L       25  [TILE 0 0, RBB 10 12]        800     r            3275     {inst99: r_SM_Main_FDRE_Q_1 (FD,site=dff)}                                                                                                             
   r_SM_Main[3]               Net          38            (fanout=15)       1709                     -                                                                                                                                                            
   RBB_13/C4                  RBB_6L       13  [TILE 0 0, RBB 10 16]          -     r            4984     {inst74: r_Clock_Count_FDRE_Q_9_D_LUT6_O_I4_CARRY4_O_CI_CARRY4_CO_O_2_LUT6_I3 (LUT,site=clut,cluto)} {inst42: r_Clock_Count_FDRE_Q_12 (FDRE,site=cff)} 
   ----------------------------------------------------------------------------------------------------------------------------------------------------------------------------------------------------------------------------------------------------------------
   RBB_13/CLK                 RBB_6L       13  [TILE 0 0, RBB 10 16]        801     r            5785                                                                                                                                                            
   clk_BUFG_I_O               Clock net    82           (fanout=519)      -2476                     -                                                                                                                                                            
   clk                        CLOCK-PORT    -                      -    capture     r            3309                                                                                                                                                            
   ----------------------------------------------------------------------------------------------------------------------------------------------------------------------------------------------------------------------------------------------------------------


Path 220:
   Slack (met):                             16569ps
     Path type:                               SETUP
     Group:                               <DEFAULT>
     Launching clock:                           clk (rising edge)
     Capturing clock:                           clk (rising edge)

     Requested period:                      20000ps
   + Delay of the capturing clock:           2452ps
   - Clock uncertainty:                       150ps
   = Required time:                         22302ps
   - Propagation time:                       3290ps (47.2% logic, 52.8% route, logic stage 1)
   - Delay of the launching clock:           2443ps
   = Slack:                                 16569ps

   Instance/Pin or Net Name   Type         ID     Location or Fanout   Delay(ps)  Edge  Arrival Time(ps)    Instance detail                                                                                                                                    
   --------------------------------------------------------------------------------------------------------------------------------------------------------------------------------------------------------------------------------------------------------------
   clk                        CLOCK-PORT    -                      -     launch     r               0                                                                                                                                                          
   clk_BUFG_I_O               Clock net    82           (fanout=519)       2443                     -                                                                                                                                                          
   RBB_16/CLK                 RBB_6L       16   [TILE 0 0, RBB 7 14]          -     r            2443                                                                                                                                                          
   --------------------------------------------------------------------------------------------------------------------------------------------------------------------------------------------------------------------------------------------------------------
   RBB_16/DQ                  RBB_6L       16   [TILE 0 0, RBB 7 14]        800     r            3243     {inst100: r_SM_Main_FDRE_Q_2 (FD,site=dff)}                                                                                                          
   r_SM_Main[2]               Net          37            (fanout=24)       1736                     -                                                                                                                                                          
   RBB_10/C3                  RBB_6L       10  [TILE 0 0, RBB 13 16]          -     r            4979     {inst76: r_Clock_Count_FDRE_Q_9_D_LUT6_O_I4_CARRY4_O_CI_CARRY4_CO_O_LUT6_I3 (LUT,site=clut,cluto)} {inst40: r_Clock_Count_FDRE_Q_10 (FDRE,site=cff)} 
   --------------------------------------------------------------------------------------------------------------------------------------------------------------------------------------------------------------------------------------------------------------
   RBB_10/CLK                 RBB_6L       10  [TILE 0 0, RBB 13 16]        754     r            5733                                                                                                                                                          
   clk_BUFG_I_O               Clock net    82           (fanout=519)      -2452                     -                                                                                                                                                          
   clk                        CLOCK-PORT    -                      -    capture     r            3281                                                                                                                                                          
   --------------------------------------------------------------------------------------------------------------------------------------------------------------------------------------------------------------------------------------------------------------


Path 221:
   Slack (met):                             16578ps
     Path type:                               SETUP
     Group:                               <DEFAULT>
     Launching clock:                           clk (rising edge)
     Capturing clock:                           clk (rising edge)

     Requested period:                      20000ps
   + Delay of the capturing clock:           2462ps
   - Clock uncertainty:                       150ps
   = Required time:                         22312ps
   - Propagation time:                       3259ps (47.7% logic, 52.3% route, logic stage 1)
   - Delay of the launching clock:           2475ps
   = Slack:                                 16578ps

   Instance/Pin or Net Name   Type         ID     Location or Fanout   Delay(ps)  Edge  Arrival Time(ps)    Instance detail                                                                                                                                      
   ----------------------------------------------------------------------------------------------------------------------------------------------------------------------------------------------------------------------------------------------------------------
   clk                        CLOCK-PORT    -                      -     launch     r               0                                                                                                                                                            
   clk_BUFG_I_O               Clock net    82           (fanout=519)       2475                     -                                                                                                                                                            
   RBB_25/CLK                 RBB_6L       25  [TILE 0 0, RBB 10 12]          -     r            2475                                                                                                                                                            
   ----------------------------------------------------------------------------------------------------------------------------------------------------------------------------------------------------------------------------------------------------------------
   RBB_25/DQ                  RBB_6L       25  [TILE 0 0, RBB 10 12]        800     r            3275     {inst99: r_SM_Main_FDRE_Q_1 (FD,site=dff)}                                                                                                             
   r_SM_Main[3]               Net          38            (fanout=15)       1705                     -                                                                                                                                                            
   RBB_14/C4                  RBB_6L       14   [TILE 0 0, RBB 7 18]          -     r            4980     {inst75: r_Clock_Count_FDRE_Q_9_D_LUT6_O_I4_CARRY4_O_CI_CARRY4_CO_O_3_LUT6_I3 (LUT,site=clut,cluto)} {inst43: r_Clock_Count_FDRE_Q_13 (FDRE,site=cff)} 
   ----------------------------------------------------------------------------------------------------------------------------------------------------------------------------------------------------------------------------------------------------------------
   RBB_14/CLK                 RBB_6L       14   [TILE 0 0, RBB 7 18]        754     r            5734                                                                                                                                                            
   clk_BUFG_I_O               Clock net    82           (fanout=519)      -2462                     -                                                                                                                                                            
   clk                        CLOCK-PORT    -                      -    capture     r            3272                                                                                                                                                            
   ----------------------------------------------------------------------------------------------------------------------------------------------------------------------------------------------------------------------------------------------------------------


Path 181:
   Slack (met):                             16590ps
     Path type:                               SETUP
     Group:                               <DEFAULT>
     Launching clock:                           clk (rising edge)
     Capturing clock:                           clk (rising edge)

     Requested period:                      20000ps
   + Delay of the capturing clock:           2449ps
   - Clock uncertainty:                       150ps
   = Required time:                         22299ps
   - Propagation time:                       3234ps (54.1% logic, 45.9% route, logic stage 1)
   - Delay of the launching clock:           2475ps
   = Slack:                                 16590ps

   Instance/Pin or Net Name   Type         ID     Location or Fanout   Delay(ps)  Edge  Arrival Time(ps)    Instance detail                                   
   -------------------------------------------------------------------------------------------------------------------------------------------------------------
   clk                        CLOCK-PORT    -                      -     launch     r               0                                                         
   clk_BUFG_I_O               Clock net    82           (fanout=519)       2475                     -                                                         
   RBB_11/CLK                 RBB_6L       11  [TILE 0 0, RBB 10 14]          -     r            2475                                                         
   -------------------------------------------------------------------------------------------------------------------------------------------------------------
   RBB_11/BQ                  RBB_6L       11  [TILE 0 0, RBB 10 14]        800     r            3275     {inst105: rst_sync_FDRE_Q (FD,site=bff)}            
   r_RX_DV_FDRE_Q_D[0]        Net         105            (fanout=16)       1483                     -                                                         
   RBB_15/B6                  RBB_6L       15  [TILE 0 0, RBB 13 12]          -     r            4758     {<SR>inst10: r_Bit_Index_FDRE_Q_1 (FDRE,site=dffo)} 
   -------------------------------------------------------------------------------------------------------------------------------------------------------------
   RBB_15/CLK                 RBB_6L       15  [TILE 0 0, RBB 13 12]        951     r            5709                                                         
   clk_BUFG_I_O               Clock net    82           (fanout=519)      -2449                     -                                                         
   clk                        CLOCK-PORT    -                      -    capture     r            3260                                                         
   -------------------------------------------------------------------------------------------------------------------------------------------------------------


Path 207:
   Slack (met):                             16618ps
     Path type:                               SETUP
     Group:                               <DEFAULT>
     Launching clock:                           clk (rising edge)
     Capturing clock:                           clk (rising edge)

     Requested period:                      20000ps
   + Delay of the capturing clock:           2475ps
   - Clock uncertainty:                       150ps
   = Required time:                         22325ps
   - Propagation time:                       3371ps (49.3% logic, 50.7% route, logic stage 1)
   - Delay of the launching clock:           2336ps
   = Slack:                                 16618ps

   Instance/Pin or Net Name   Type         ID     Location or Fanout   Delay(ps)  Edge  Arrival Time(ps)    Instance detail                                                                                               
   -------------------------------------------------------------------------------------------------------------------------------------------------------------------------------------------------------------------------
   clk                        CLOCK-PORT    -                      -     launch     r               0                                                                                                                     
   clk_BUFG_I_O               Clock net    82           (fanout=519)       2336                     -                                                                                                                     
   RBB_23/CLK                 RBB_6L       23   [TILE 0 0, RBB 10 8]          -     r            2336                                                                                                                     
   -------------------------------------------------------------------------------------------------------------------------------------------------------------------------------------------------------------------------
   RBB_23/DQ                  RBB_6L       23   [TILE 0 0, RBB 10 8]        800     r            3136     {inst101: r_SM_Main_FDRE_Q_3 (FD,site=dff)}                                                                     
   r_SM_Main[1]               Net          36             (fanout=5)       1710                     -                                                                                                                     
   RBB_11/D4                  RBB_6L       11  [TILE 0 0, RBB 10 14]          -     r            4846     {inst56: r_Clock_Count_FDRE_Q_9_D_LUT6_O (LUT,site=dlut,dluto)} {inst55: r_Clock_Count_FDRE_Q_9 (FDR,site=dff)} 
   -------------------------------------------------------------------------------------------------------------------------------------------------------------------------------------------------------------------------
   RBB_11/CLK                 RBB_6L       11  [TILE 0 0, RBB 10 14]        861     r            5707                                                                                                                     
   clk_BUFG_I_O               Clock net    82           (fanout=519)      -2475                     -                                                                                                                     
   clk                        CLOCK-PORT    -                      -    capture     r            3232                                                                                                                     
   -------------------------------------------------------------------------------------------------------------------------------------------------------------------------------------------------------------------------


Path 253:
   Slack (met):                             16638ps
     Path type:                               SETUP
     Group:                               <DEFAULT>
     Launching clock:                           clk (rising edge)
     Capturing clock:                           clk (rising edge)

     Requested period:                      20000ps
   + Delay of the capturing clock:           2336ps
   - Clock uncertainty:                       150ps
   = Required time:                         22186ps
   - Propagation time:                       3212ps (64.9% logic, 35.1% route, logic stage 1)
   - Delay of the launching clock:           2336ps
   = Slack:                                 16638ps

   Instance/Pin or Net Name   Type         ID    Location or Fanout   Delay(ps)  Edge  Arrival Time(ps)    Instance detail                                                                                                                            
   -----------------------------------------------------------------------------------------------------------------------------------------------------------------------------------------------------------------------------------------------------
   clk                        CLOCK-PORT    -                     -     launch     r               0                                                                                                                                                  
   clk_BUFG_I_O               Clock net    82          (fanout=519)       2336                     -                                                                                                                                                  
   RBB_19/CLK                 RBB_6L       19  [TILE 0 0, RBB 13 8]          -     r            2336                                                                                                                                                  
   -----------------------------------------------------------------------------------------------------------------------------------------------------------------------------------------------------------------------------------------------------
   RBB_19/BQ                  RBB_6L       19  [TILE 0 0, RBB 13 8]        800     r            3136     {inst84: r_RX_Byte_FDRE_Q_2 (FDRE,site=bff)}                                                                                                 
   r_RX_Byte[5]               Net          30            (fanout=2)       1127                     -                                                                                                                                                  
   RBB_19/B1                  RBB_6L       19  [TILE 0 0, RBB 13 8]          -     r            4263     {inst31: r_Bit_Index_FDRE_Q_D_LUT2_O_I1_CARRY4_O_S_CARRY4_S_O_LUT4_I3_O_LUT5_O (LUT,site=blut)} {inst84: r_RX_Byte_FDRE_Q_2 (FDRE,site=bff)} 
   -----------------------------------------------------------------------------------------------------------------------------------------------------------------------------------------------------------------------------------------------------
   RBB_19/CLK                 RBB_6L       19  [TILE 0 0, RBB 13 8]       1285     r            5548                                                                                                                                                  
   clk_BUFG_I_O               Clock net    82          (fanout=519)      -2336                     -                                                                                                                                                  
   clk                        CLOCK-PORT    -                     -    capture     r            3212                                                                                                                                                  
   -----------------------------------------------------------------------------------------------------------------------------------------------------------------------------------------------------------------------------------------------------


Path 228:
   Slack (met):                             16651ps
     Path type:                               SETUP
     Group:                               <DEFAULT>
     Launching clock:                           clk (rising edge)
     Capturing clock:                           clk (rising edge)

     Requested period:                      20000ps
   + Delay of the capturing clock:           2475ps
   - Clock uncertainty:                       150ps
   = Required time:                         22325ps
   - Propagation time:                       3338ps (48.0% logic, 52.0% route, logic stage 1)
   - Delay of the launching clock:           2336ps
   = Slack:                                 16651ps

   Instance/Pin or Net Name   Type         ID     Location or Fanout   Delay(ps)  Edge  Arrival Time(ps)    Instance detail                                                                                           
   ---------------------------------------------------------------------------------------------------------------------------------------------------------------------------------------------------------------------
   clk                        CLOCK-PORT    -                      -     launch     r               0                                                                                                                 
   clk_BUFG_I_O               Clock net    82           (fanout=519)       2336                     -                                                                                                                 
   RBB_23/CLK                 RBB_6L       23   [TILE 0 0, RBB 10 8]          -     r            2336                                                                                                                 
   ---------------------------------------------------------------------------------------------------------------------------------------------------------------------------------------------------------------------
   RBB_23/DQ                  RBB_6L       23   [TILE 0 0, RBB 10 8]        800     r            3136     {inst101: r_SM_Main_FDRE_Q_3 (FD,site=dff)}                                                                 
   r_SM_Main[1]               Net          36             (fanout=5)       1737                     -                                                                                                                 
   RBB_11/C4                  RBB_6L       11  [TILE 0 0, RBB 10 14]          -     r            4873     {inst12: r_Bit_Index_FDRE_Q_2_D_LUT6_O (LUT,site=clut,cluto)} {inst11: r_Bit_Index_FDRE_Q_2 (FDR,site=cff)} 
   ---------------------------------------------------------------------------------------------------------------------------------------------------------------------------------------------------------------------
   RBB_11/CLK                 RBB_6L       11  [TILE 0 0, RBB 10 14]        801     r            5674                                                                                                                 
   clk_BUFG_I_O               Clock net    82           (fanout=519)      -2475                     -                                                                                                                 
   clk                        CLOCK-PORT    -                      -    capture     r            3199                                                                                                                 
   ---------------------------------------------------------------------------------------------------------------------------------------------------------------------------------------------------------------------


Path 212:
   Slack (met):                             16659ps
     Path type:                               SETUP
     Group:                               <DEFAULT>
     Launching clock:                           clk (rising edge)
     Capturing clock:                           clk (rising edge)

     Requested period:                      20000ps
   + Delay of the capturing clock:           2476ps
   - Clock uncertainty:                       150ps
   = Required time:                         22326ps
   - Propagation time:                       3218ps (53.5% logic, 46.5% route, logic stage 1)
   - Delay of the launching clock:           2449ps
   = Slack:                                 16659ps

   Instance/Pin or Net Name   Type         ID     Location or Fanout   Delay(ps)  Edge  Arrival Time(ps)    Instance detail                                                                                                                                      
   ----------------------------------------------------------------------------------------------------------------------------------------------------------------------------------------------------------------------------------------------------------------
   clk                        CLOCK-PORT    -                      -     launch     r               0                                                                                                                                                            
   clk_BUFG_I_O               Clock net    82           (fanout=519)       2449                     -                                                                                                                                                            
   RBB_8/CLK                  RBB_6L        8  [TILE 0 0, RBB 13 14]          -     r            2449                                                                                                                                                            
   ----------------------------------------------------------------------------------------------------------------------------------------------------------------------------------------------------------------------------------------------------------------
   RBB_8/DQ                   RBB_6L        8  [TILE 0 0, RBB 13 14]        800     r            3249     {inst98: r_SM_Main_FDRE_Q (FD,site=dff)}                                                                                                               
   r_SM_Main[4]               Net          39            (fanout=15)       1495                     -                                                                                                                                                            
   RBB_13/C5                  RBB_6L       13  [TILE 0 0, RBB 10 16]          -     r            4744     {inst74: r_Clock_Count_FDRE_Q_9_D_LUT6_O_I4_CARRY4_O_CI_CARRY4_CO_O_2_LUT6_I3 (LUT,site=clut,cluto)} {inst42: r_Clock_Count_FDRE_Q_12 (FDRE,site=cff)} 
   ----------------------------------------------------------------------------------------------------------------------------------------------------------------------------------------------------------------------------------------------------------------
   RBB_13/CLK                 RBB_6L       13  [TILE 0 0, RBB 10 16]        923     r            5667                                                                                                                                                            
   clk_BUFG_I_O               Clock net    82           (fanout=519)      -2476                     -                                                                                                                                                            
   clk                        CLOCK-PORT    -                      -    capture     r            3191                                                                                                                                                            
   ----------------------------------------------------------------------------------------------------------------------------------------------------------------------------------------------------------------------------------------------------------------


Path 193:
   Slack (met):                             16659ps
     Path type:                               SETUP
     Group:                               <DEFAULT>
     Launching clock:                           clk (rising edge)
     Capturing clock:                           clk (rising edge)

     Requested period:                      20000ps
   + Delay of the capturing clock:           2476ps
   - Clock uncertainty:                       150ps
   = Required time:                         22326ps
   - Propagation time:                       3218ps (53.5% logic, 46.5% route, logic stage 1)
   - Delay of the launching clock:           2449ps
   = Slack:                                 16659ps

   Instance/Pin or Net Name   Type         ID     Location or Fanout   Delay(ps)  Edge  Arrival Time(ps)    Instance detail                                                                                                                                               
   -------------------------------------------------------------------------------------------------------------------------------------------------------------------------------------------------------------------------------------------------------------------------
   clk                        CLOCK-PORT    -                      -     launch     r               0                                                                                                                                                                     
   clk_BUFG_I_O               Clock net    82           (fanout=519)       2449                     -                                                                                                                                                                     
   RBB_8/CLK                  RBB_6L        8  [TILE 0 0, RBB 13 14]          -     r            2449                                                                                                                                                                     
   -------------------------------------------------------------------------------------------------------------------------------------------------------------------------------------------------------------------------------------------------------------------------
   RBB_8/DQ                   RBB_6L        8  [TILE 0 0, RBB 13 14]        800     r            3249     {inst98: r_SM_Main_FDRE_Q (FD,site=dff)}                                                                                                                        
   r_SM_Main[4]               Net          39            (fanout=15)       1495                     -                                                                                                                                                                     
   RBB_13/D5                  RBB_6L       13  [TILE 0 0, RBB 10 16]          -     r            4744     {inst79: r_Clock_Count_FDRE_Q_9_D_LUT6_O_I4_CARRY4_O_CI_CARRY4_CO_O_LUT6_I3_O_LUT6_O_2 (LUT,site=dlut,dluto)} {inst46: r_Clock_Count_FDRE_Q_16 (FDRE,site=dff)} 
   -------------------------------------------------------------------------------------------------------------------------------------------------------------------------------------------------------------------------------------------------------------------------
   RBB_13/CLK                 RBB_6L       13  [TILE 0 0, RBB 10 16]        923     r            5667                                                                                                                                                                     
   clk_BUFG_I_O               Clock net    82           (fanout=519)      -2476                     -                                                                                                                                                                     
   clk                        CLOCK-PORT    -                      -    capture     r            3191                                                                                                                                                                     
   -------------------------------------------------------------------------------------------------------------------------------------------------------------------------------------------------------------------------------------------------------------------------


Path 192:
   Slack (met):                             16662ps
     Path type:                               SETUP
     Group:                               <DEFAULT>
     Launching clock:                           clk (rising edge)
     Capturing clock:                           clk (rising edge)

     Requested period:                      20000ps
   + Delay of the capturing clock:           2452ps
   - Clock uncertainty:                       150ps
   = Required time:                         22302ps
   - Propagation time:                       3191ps (53.3% logic, 46.7% route, logic stage 1)
   - Delay of the launching clock:           2449ps
   = Slack:                                 16662ps

   Instance/Pin or Net Name   Type         ID     Location or Fanout   Delay(ps)  Edge  Arrival Time(ps)    Instance detail                                                                                                                                             
   -----------------------------------------------------------------------------------------------------------------------------------------------------------------------------------------------------------------------------------------------------------------------
   clk                        CLOCK-PORT    -                      -     launch     r               0                                                                                                                                                                   
   clk_BUFG_I_O               Clock net    82           (fanout=519)       2449                     -                                                                                                                                                                   
   RBB_8/CLK                  RBB_6L        8  [TILE 0 0, RBB 13 14]          -     r            2449                                                                                                                                                                   
   -----------------------------------------------------------------------------------------------------------------------------------------------------------------------------------------------------------------------------------------------------------------------
   RBB_8/DQ                   RBB_6L        8  [TILE 0 0, RBB 13 14]        800     r            3249     {inst98: r_SM_Main_FDRE_Q (FD,site=dff)}                                                                                                                      
   r_SM_Main[4]               Net          39            (fanout=15)       1490                     -                                                                                                                                                                   
   RBB_10/D5                  RBB_6L       10  [TILE 0 0, RBB 13 16]          -     r            4739     {inst77: r_Clock_Count_FDRE_Q_9_D_LUT6_O_I4_CARRY4_O_CI_CARRY4_CO_O_LUT6_I3_O_LUT6_O (LUT,site=dlut,dluto)} {inst44: r_Clock_Count_FDRE_Q_14 (FDRE,site=dff)} 
   -----------------------------------------------------------------------------------------------------------------------------------------------------------------------------------------------------------------------------------------------------------------------
   RBB_10/CLK                 RBB_6L       10  [TILE 0 0, RBB 13 16]        901     r            5640                                                                                                                                                                   
   clk_BUFG_I_O               Clock net    82           (fanout=519)      -2452                     -                                                                                                                                                                   
   clk                        CLOCK-PORT    -                      -    capture     r            3188                                                                                                                                                                   
   -----------------------------------------------------------------------------------------------------------------------------------------------------------------------------------------------------------------------------------------------------------------------


Path 214:
   Slack (met):                             16662ps
     Path type:                               SETUP
     Group:                               <DEFAULT>
     Launching clock:                           clk (rising edge)
     Capturing clock:                           clk (rising edge)

     Requested period:                      20000ps
   + Delay of the capturing clock:           2452ps
   - Clock uncertainty:                       150ps
   = Required time:                         22302ps
   - Propagation time:                       3191ps (53.3% logic, 46.7% route, logic stage 1)
   - Delay of the launching clock:           2449ps
   = Slack:                                 16662ps

   Instance/Pin or Net Name   Type         ID     Location or Fanout   Delay(ps)  Edge  Arrival Time(ps)    Instance detail                                                                                                                                    
   --------------------------------------------------------------------------------------------------------------------------------------------------------------------------------------------------------------------------------------------------------------
   clk                        CLOCK-PORT    -                      -     launch     r               0                                                                                                                                                          
   clk_BUFG_I_O               Clock net    82           (fanout=519)       2449                     -                                                                                                                                                          
   RBB_8/CLK                  RBB_6L        8  [TILE 0 0, RBB 13 14]          -     r            2449                                                                                                                                                          
   --------------------------------------------------------------------------------------------------------------------------------------------------------------------------------------------------------------------------------------------------------------
   RBB_8/DQ                   RBB_6L        8  [TILE 0 0, RBB 13 14]        800     r            3249     {inst98: r_SM_Main_FDRE_Q (FD,site=dff)}                                                                                                             
   r_SM_Main[4]               Net          39            (fanout=15)       1490                     -                                                                                                                                                          
   RBB_10/C5                  RBB_6L       10  [TILE 0 0, RBB 13 16]          -     r            4739     {inst76: r_Clock_Count_FDRE_Q_9_D_LUT6_O_I4_CARRY4_O_CI_CARRY4_CO_O_LUT6_I3 (LUT,site=clut,cluto)} {inst40: r_Clock_Count_FDRE_Q_10 (FDRE,site=cff)} 
   --------------------------------------------------------------------------------------------------------------------------------------------------------------------------------------------------------------------------------------------------------------
   RBB_10/CLK                 RBB_6L       10  [TILE 0 0, RBB 13 16]        901     r            5640                                                                                                                                                          
   clk_BUFG_I_O               Clock net    82           (fanout=519)      -2452                     -                                                                                                                                                          
   clk                        CLOCK-PORT    -                      -    capture     r            3188                                                                                                                                                          
   --------------------------------------------------------------------------------------------------------------------------------------------------------------------------------------------------------------------------------------------------------------


Path 223:
   Slack (met):                             16674ps
     Path type:                               SETUP
     Group:                               <DEFAULT>
     Launching clock:                           clk (rising edge)
     Capturing clock:                           clk (rising edge)

     Requested period:                      20000ps
   + Delay of the capturing clock:           2475ps
   - Clock uncertainty:                       150ps
   = Required time:                         22325ps
   - Propagation time:                       3176ps (52.6% logic, 47.4% route, logic stage 1)
   - Delay of the launching clock:           2475ps
   = Slack:                                 16674ps

   Instance/Pin or Net Name   Type         ID     Location or Fanout   Delay(ps)  Edge  Arrival Time(ps)    Instance detail                                                                                           
   ---------------------------------------------------------------------------------------------------------------------------------------------------------------------------------------------------------------------
   clk                        CLOCK-PORT    -                      -     launch     r               0                                                                                                                 
   clk_BUFG_I_O               Clock net    82           (fanout=519)       2475                     -                                                                                                                 
   RBB_25/CLK                 RBB_6L       25  [TILE 0 0, RBB 10 12]          -     r            2475                                                                                                                 
   ---------------------------------------------------------------------------------------------------------------------------------------------------------------------------------------------------------------------
   RBB_25/DQ                  RBB_6L       25  [TILE 0 0, RBB 10 12]        800     r            3275     {inst99: r_SM_Main_FDRE_Q_1 (FD,site=dff)}                                                                  
   r_SM_Main[3]               Net          38            (fanout=15)       1505                     -                                                                                                                 
   RBB_11/C2                  RBB_6L       11  [TILE 0 0, RBB 10 14]          -     r            4780     {inst12: r_Bit_Index_FDRE_Q_2_D_LUT6_O (LUT,site=clut,cluto)} {inst11: r_Bit_Index_FDRE_Q_2 (FDR,site=cff)} 
   ---------------------------------------------------------------------------------------------------------------------------------------------------------------------------------------------------------------------
   RBB_11/CLK                 RBB_6L       11  [TILE 0 0, RBB 10 14]        871     r            5651                                                                                                                 
   clk_BUFG_I_O               Clock net    82           (fanout=519)      -2475                     -                                                                                                                 
   clk                        CLOCK-PORT    -                      -    capture     r            3176                                                                                                                 
   ---------------------------------------------------------------------------------------------------------------------------------------------------------------------------------------------------------------------


Path 205:
   Slack (met):                             16680ps
     Path type:                               SETUP
     Group:                               <DEFAULT>
     Launching clock:                           clk (rising edge)
     Capturing clock:                           clk (rising edge)

     Requested period:                      20000ps
   + Delay of the capturing clock:           2443ps
   - Clock uncertainty:                       150ps
   = Required time:                         22293ps
   - Propagation time:                       3138ps (54.1% logic, 45.9% route, logic stage 1)
   - Delay of the launching clock:           2475ps
   = Slack:                                 16680ps

   Instance/Pin or Net Name   Type         ID     Location or Fanout   Delay(ps)  Edge  Arrival Time(ps)    Instance detail                                                                                                             
   ---------------------------------------------------------------------------------------------------------------------------------------------------------------------------------------------------------------------------------------
   clk                        CLOCK-PORT    -                      -     launch     r               0                                                                                                                                   
   clk_BUFG_I_O               Clock net    82           (fanout=519)       2475                     -                                                                                                                                   
   RBB_25/CLK                 RBB_6L       25  [TILE 0 0, RBB 10 12]          -     r            2475                                                                                                                                   
   ---------------------------------------------------------------------------------------------------------------------------------------------------------------------------------------------------------------------------------------
   RBB_25/DQ                  RBB_6L       25  [TILE 0 0, RBB 10 12]        800     r            3275     {inst99: r_SM_Main_FDRE_Q_1 (FD,site=dff)}                                                                                    
   r_SM_Main[3]               Net          38            (fanout=15)       1439                     -                                                                                                                                   
   RBB_16/D1                  RBB_6L       16   [TILE 0 0, RBB 7 14]          -     r            4714     {inst21: r_Bit_Index_FDRE_Q_D_LUT2_O_I1_CARRY4_O_O_LUT6_I1 (LUT,site=dlut,dluto)} {inst100: r_SM_Main_FDRE_Q_2 (FD,site=dff)} 
   ---------------------------------------------------------------------------------------------------------------------------------------------------------------------------------------------------------------------------------------
   RBB_16/CLK                 RBB_6L       16   [TILE 0 0, RBB 7 14]        899     r            5613                                                                                                                                   
   clk_BUFG_I_O               Clock net    82           (fanout=519)      -2443                     -                                                                                                                                   
   clk                        CLOCK-PORT    -                      -    capture     r            3170                                                                                                                                   
   ---------------------------------------------------------------------------------------------------------------------------------------------------------------------------------------------------------------------------------------


Path 250:
   Slack (met):                             16700ps
     Path type:                               SETUP
     Group:                               <DEFAULT>
     Launching clock:                           clk (rising edge)
     Capturing clock:                           clk (rising edge)

     Requested period:                      20000ps
   + Delay of the capturing clock:           2336ps
   - Clock uncertainty:                       150ps
   = Required time:                         22186ps
   - Propagation time:                       3150ps (66.6% logic, 33.4% route, logic stage 1)
   - Delay of the launching clock:           2336ps
   = Slack:                                 16700ps

   Instance/Pin or Net Name                                                       Type         ID    Location or Fanout   Delay(ps)  Edge  Arrival Time(ps)    Instance detail                                                                                                                              
   -----------------------------------------------------------------------------------------------------------------------------------------------------------------------------------------------------------------------------------------------------------------------------------------------------------
   clk                                                                            CLOCK-PORT    -                     -     launch     r               0                                                                                                                                                    
   clk_BUFG_I_O                                                                   Clock net    82          (fanout=519)       2336                     -                                                                                                                                                    
   RBB_19/CLK                                                                     RBB_6L       19  [TILE 0 0, RBB 13 8]          -     r            2336                                                                                                                                                    
   -----------------------------------------------------------------------------------------------------------------------------------------------------------------------------------------------------------------------------------------------------------------------------------------------------------
   RBB_19/CQ                                                                      RBB_6L       19  [TILE 0 0, RBB 13 8]        800     r            3136     {inst83: r_RX_Byte_FDRE_Q_1 (FDRE,site=cff)}                                                                                                   
   r_Bit_Index_FDRE_Q_D_LUT2_O_I1_CARRY4_O_S_CARRY4_S_O_LUT4_I3_O_LUT4_O_1_I3[0]  Net          93            (fanout=2)       1052                     -                                                                                                                                                    
   RBB_19/C1                                                                      RBB_6L       19  [TILE 0 0, RBB 13 8]          -     r            4188     {inst27: r_Bit_Index_FDRE_Q_D_LUT2_O_I1_CARRY4_O_S_CARRY4_S_O_LUT4_I3_O_LUT4_O_1 (LUT,site=clut)} {inst83: r_RX_Byte_FDRE_Q_1 (FDRE,site=cff)} 
   -----------------------------------------------------------------------------------------------------------------------------------------------------------------------------------------------------------------------------------------------------------------------------------------------------------
   RBB_19/CLK                                                                     RBB_6L       19  [TILE 0 0, RBB 13 8]       1298     r            5486                                                                                                                                                    
   clk_BUFG_I_O                                                                   Clock net    82          (fanout=519)      -2336                     -                                                                                                                                                    
   clk                                                                            CLOCK-PORT    -                     -    capture     r            3150                                                                                                                                                    
   -----------------------------------------------------------------------------------------------------------------------------------------------------------------------------------------------------------------------------------------------------------------------------------------------------------


Path 217:
   Slack (met):                             16709ps
     Path type:                               SETUP
     Group:                               <DEFAULT>
     Launching clock:                           clk (rising edge)
     Capturing clock:                           clk (rising edge)

     Requested period:                      20000ps
   + Delay of the capturing clock:           2476ps
   - Clock uncertainty:                       150ps
   = Required time:                         22326ps
   - Propagation time:                       3174ps (52.6% logic, 47.4% route, logic stage 1)
   - Delay of the launching clock:           2443ps
   = Slack:                                 16709ps

   Instance/Pin or Net Name   Type         ID     Location or Fanout   Delay(ps)  Edge  Arrival Time(ps)    Instance detail                                                                                                                                      
   ----------------------------------------------------------------------------------------------------------------------------------------------------------------------------------------------------------------------------------------------------------------
   clk                        CLOCK-PORT    -                      -     launch     r               0                                                                                                                                                            
   clk_BUFG_I_O               Clock net    82           (fanout=519)       2443                     -                                                                                                                                                            
   RBB_16/CLK                 RBB_6L       16   [TILE 0 0, RBB 7 14]          -     r            2443                                                                                                                                                            
   ----------------------------------------------------------------------------------------------------------------------------------------------------------------------------------------------------------------------------------------------------------------
   RBB_16/DQ                  RBB_6L       16   [TILE 0 0, RBB 7 14]        800     r            3243     {inst100: r_SM_Main_FDRE_Q_2 (FD,site=dff)}                                                                                                            
   r_SM_Main[2]               Net          37            (fanout=24)       1503                     -                                                                                                                                                            
   RBB_13/C3                  RBB_6L       13  [TILE 0 0, RBB 10 16]          -     r            4746     {inst74: r_Clock_Count_FDRE_Q_9_D_LUT6_O_I4_CARRY4_O_CI_CARRY4_CO_O_2_LUT6_I3 (LUT,site=clut,cluto)} {inst42: r_Clock_Count_FDRE_Q_12 (FDRE,site=cff)} 
   ----------------------------------------------------------------------------------------------------------------------------------------------------------------------------------------------------------------------------------------------------------------
   RBB_13/CLK                 RBB_6L       13  [TILE 0 0, RBB 10 16]        871     r            5617                                                                                                                                                            
   clk_BUFG_I_O               Clock net    82           (fanout=519)      -2476                     -                                                                                                                                                            
   clk                        CLOCK-PORT    -                      -    capture     r            3141                                                                                                                                                            
   ----------------------------------------------------------------------------------------------------------------------------------------------------------------------------------------------------------------------------------------------------------------


Path 184:
   Slack (met):                             16714ps
     Path type:                               SETUP
     Group:                               <DEFAULT>
     Launching clock:                           clk (rising edge)
     Capturing clock:                           clk (rising edge)

     Requested period:                      20000ps
   + Delay of the capturing clock:           2449ps
   - Clock uncertainty:                       150ps
   = Required time:                         22299ps
   - Propagation time:                       3142ps (54.1% logic, 45.9% route, logic stage 1)
   - Delay of the launching clock:           2443ps
   = Slack:                                 16714ps

   Instance/Pin or Net Name   Type         ID     Location or Fanout   Delay(ps)  Edge  Arrival Time(ps)    Instance detail                                                                                 
   -----------------------------------------------------------------------------------------------------------------------------------------------------------------------------------------------------------
   clk                        CLOCK-PORT    -                      -     launch     r               0                                                                                                       
   clk_BUFG_I_O               Clock net    82           (fanout=519)       2443                     -                                                                                                       
   RBB_16/CLK                 RBB_6L       16   [TILE 0 0, RBB 7 14]          -     r            2443                                                                                                       
   -----------------------------------------------------------------------------------------------------------------------------------------------------------------------------------------------------------
   RBB_16/DQ                  RBB_6L       16   [TILE 0 0, RBB 7 14]        800     r            3243     {inst100: r_SM_Main_FDRE_Q_2 (FD,site=dff)}                                                       
   r_SM_Main[2]               Net          37            (fanout=24)       1441                     -                                                                                                       
   RBB_15/D5                  RBB_6L       15  [TILE 0 0, RBB 13 12]          -     r            4684     {inst14: r_Bit_Index_FDRE_Q_D_LUT2_O (LUT,site=dlut)} {inst9: r_Bit_Index_FDRE_Q (FDRE,site=dff)} 
   -----------------------------------------------------------------------------------------------------------------------------------------------------------------------------------------------------------
   RBB_15/CLK                 RBB_6L       15  [TILE 0 0, RBB 13 12]        901     r            5585                                                                                                       
   clk_BUFG_I_O               Clock net    82           (fanout=519)      -2449                     -                                                                                                       
   clk                        CLOCK-PORT    -                      -    capture     r            3136                                                                                                       
   -----------------------------------------------------------------------------------------------------------------------------------------------------------------------------------------------------------


Path 201:
   Slack (met):                             16729ps
     Path type:                               SETUP
     Group:                               <DEFAULT>
     Launching clock:                           clk (rising edge)
     Capturing clock:                           clk (rising edge)

     Requested period:                      20000ps
   + Delay of the capturing clock:           2452ps
   - Clock uncertainty:                       150ps
   = Required time:                         22302ps
   - Propagation time:                       3098ps (54.8% logic, 45.2% route, logic stage 1)
   - Delay of the launching clock:           2475ps
   = Slack:                                 16729ps

   Instance/Pin or Net Name   Type         ID     Location or Fanout   Delay(ps)  Edge  Arrival Time(ps)    Instance detail                                                                                                                                             
   -----------------------------------------------------------------------------------------------------------------------------------------------------------------------------------------------------------------------------------------------------------------------
   clk                        CLOCK-PORT    -                      -     launch     r               0                                                                                                                                                                   
   clk_BUFG_I_O               Clock net    82           (fanout=519)       2475                     -                                                                                                                                                                   
   RBB_25/CLK                 RBB_6L       25  [TILE 0 0, RBB 10 12]          -     r            2475                                                                                                                                                                   
   -----------------------------------------------------------------------------------------------------------------------------------------------------------------------------------------------------------------------------------------------------------------------
   RBB_25/DQ                  RBB_6L       25  [TILE 0 0, RBB 10 12]        800     r            3275     {inst99: r_SM_Main_FDRE_Q_1 (FD,site=dff)}                                                                                                                    
   r_SM_Main[3]               Net          38            (fanout=15)       1399                     -                                                                                                                                                                   
   RBB_10/D4                  RBB_6L       10  [TILE 0 0, RBB 13 16]          -     r            4674     {inst77: r_Clock_Count_FDRE_Q_9_D_LUT6_O_I4_CARRY4_O_CI_CARRY4_CO_O_LUT6_I3_O_LUT6_O (LUT,site=dlut,dluto)} {inst44: r_Clock_Count_FDRE_Q_14 (FDRE,site=dff)} 
   -----------------------------------------------------------------------------------------------------------------------------------------------------------------------------------------------------------------------------------------------------------------------
   RBB_10/CLK                 RBB_6L       10  [TILE 0 0, RBB 13 16]        899     r            5573                                                                                                                                                                   
   clk_BUFG_I_O               Clock net    82           (fanout=519)      -2452                     -                                                                                                                                                                   
   clk                        CLOCK-PORT    -                      -    capture     r            3121                                                                                                                                                                   
   -----------------------------------------------------------------------------------------------------------------------------------------------------------------------------------------------------------------------------------------------------------------------


Path 249:
   Slack (met):                             16740ps
     Path type:                               SETUP
     Group:                               <DEFAULT>
     Launching clock:                           clk (rising edge)
     Capturing clock:                           clk (rising edge)

     Requested period:                      20000ps
   + Delay of the capturing clock:           2475ps
   - Clock uncertainty:                       150ps
   = Required time:                         22325ps
   - Propagation time:                       3110ps (54.2% logic, 45.8% route, logic stage 1)
   - Delay of the launching clock:           2475ps
   = Slack:                                 16740ps

   Instance/Pin or Net Name   Type         ID     Location or Fanout   Delay(ps)  Edge  Arrival Time(ps)    Instance detail                                                                                           
   ---------------------------------------------------------------------------------------------------------------------------------------------------------------------------------------------------------------------
   clk                        CLOCK-PORT    -                      -     launch     r               0                                                                                                                 
   clk_BUFG_I_O               Clock net    82           (fanout=519)       2475                     -                                                                                                                 
   RBB_11/CLK                 RBB_6L       11  [TILE 0 0, RBB 10 14]          -     r            2475                                                                                                                 
   ---------------------------------------------------------------------------------------------------------------------------------------------------------------------------------------------------------------------
   RBB_11/CQ                  RBB_6L       11  [TILE 0 0, RBB 10 14]        800     r            3275     {inst11: r_Bit_Index_FDRE_Q_2 (FDR,site=cff)}                                                               
   r_Bit_Index[0]             Net          26             (fanout=7)       1425                     -                                                                                                                 
   RBB_11/C1                  RBB_6L       11  [TILE 0 0, RBB 10 14]          -     r            4700     {inst12: r_Bit_Index_FDRE_Q_2_D_LUT6_O (LUT,site=clut,cluto)} {inst11: r_Bit_Index_FDRE_Q_2 (FDR,site=cff)} 
   ---------------------------------------------------------------------------------------------------------------------------------------------------------------------------------------------------------------------
   RBB_11/CLK                 RBB_6L       11  [TILE 0 0, RBB 10 14]        885     r            5585                                                                                                                 
   clk_BUFG_I_O               Clock net    82           (fanout=519)      -2475                     -                                                                                                                 
   clk                        CLOCK-PORT    -                      -    capture     r            3110                                                                                                                 
   ---------------------------------------------------------------------------------------------------------------------------------------------------------------------------------------------------------------------


Path 191:
   Slack (met):                             16748ps
     Path type:                               SETUP
     Group:                               <DEFAULT>
     Launching clock:                           clk (rising edge)
     Capturing clock:                           clk (rising edge)

     Requested period:                      20000ps
   + Delay of the capturing clock:           2485ps
   - Clock uncertainty:                       150ps
   = Required time:                         22335ps
   - Propagation time:                       3138ps (54.9% logic, 45.1% route, logic stage 1)
   - Delay of the launching clock:           2449ps
   = Slack:                                 16748ps

   Instance/Pin or Net Name   Type         ID     Location or Fanout   Delay(ps)  Edge  Arrival Time(ps)    Instance detail                                                                                                                                               
   -------------------------------------------------------------------------------------------------------------------------------------------------------------------------------------------------------------------------------------------------------------------------
   clk                        CLOCK-PORT    -                      -     launch     r               0                                                                                                                                                                     
   clk_BUFG_I_O               Clock net    82           (fanout=519)       2449                     -                                                                                                                                                                     
   RBB_8/CLK                  RBB_6L        8  [TILE 0 0, RBB 13 14]          -     r            2449                                                                                                                                                                     
   -------------------------------------------------------------------------------------------------------------------------------------------------------------------------------------------------------------------------------------------------------------------------
   RBB_8/DQ                   RBB_6L        8  [TILE 0 0, RBB 13 14]        800     r            3249     {inst98: r_SM_Main_FDRE_Q (FD,site=dff)}                                                                                                                        
   r_SM_Main[4]               Net          39            (fanout=15)       1415                     -                                                                                                                                                                     
   RBB_12/D5                  RBB_6L       12  [TILE 0 0, RBB 10 18]          -     r            4664     {inst78: r_Clock_Count_FDRE_Q_9_D_LUT6_O_I4_CARRY4_O_CI_CARRY4_CO_O_LUT6_I3_O_LUT6_O_1 (LUT,site=dlut,dluto)} {inst45: r_Clock_Count_FDRE_Q_15 (FDRE,site=dff)} 
   -------------------------------------------------------------------------------------------------------------------------------------------------------------------------------------------------------------------------------------------------------------------------
   RBB_12/CLK                 RBB_6L       12  [TILE 0 0, RBB 10 18]        923     r            5587                                                                                                                                                                     
   clk_BUFG_I_O               Clock net    82           (fanout=519)      -2485                     -                                                                                                                                                                     
   clk                        CLOCK-PORT    -                      -    capture     r            3102                                                                                                                                                                     
   -------------------------------------------------------------------------------------------------------------------------------------------------------------------------------------------------------------------------------------------------------------------------


Path 213:
   Slack (met):                             16748ps
     Path type:                               SETUP
     Group:                               <DEFAULT>
     Launching clock:                           clk (rising edge)
     Capturing clock:                           clk (rising edge)

     Requested period:                      20000ps
   + Delay of the capturing clock:           2485ps
   - Clock uncertainty:                       150ps
   = Required time:                         22335ps
   - Propagation time:                       3138ps (54.9% logic, 45.1% route, logic stage 1)
   - Delay of the launching clock:           2449ps
   = Slack:                                 16748ps

   Instance/Pin or Net Name   Type         ID     Location or Fanout   Delay(ps)  Edge  Arrival Time(ps)    Instance detail                                                                                                                                      
   ----------------------------------------------------------------------------------------------------------------------------------------------------------------------------------------------------------------------------------------------------------------
   clk                        CLOCK-PORT    -                      -     launch     r               0                                                                                                                                                            
   clk_BUFG_I_O               Clock net    82           (fanout=519)       2449                     -                                                                                                                                                            
   RBB_8/CLK                  RBB_6L        8  [TILE 0 0, RBB 13 14]          -     r            2449                                                                                                                                                            
   ----------------------------------------------------------------------------------------------------------------------------------------------------------------------------------------------------------------------------------------------------------------
   RBB_8/DQ                   RBB_6L        8  [TILE 0 0, RBB 13 14]        800     r            3249     {inst98: r_SM_Main_FDRE_Q (FD,site=dff)}                                                                                                               
   r_SM_Main[4]               Net          39            (fanout=15)       1415                     -                                                                                                                                                            
   RBB_12/C5                  RBB_6L       12  [TILE 0 0, RBB 10 18]          -     r            4664     {inst73: r_Clock_Count_FDRE_Q_9_D_LUT6_O_I4_CARRY4_O_CI_CARRY4_CO_O_1_LUT6_I3 (LUT,site=clut,cluto)} {inst41: r_Clock_Count_FDRE_Q_11 (FDRE,site=cff)} 
   ----------------------------------------------------------------------------------------------------------------------------------------------------------------------------------------------------------------------------------------------------------------
   RBB_12/CLK                 RBB_6L       12  [TILE 0 0, RBB 10 18]        923     r            5587                                                                                                                                                            
   clk_BUFG_I_O               Clock net    82           (fanout=519)      -2485                     -                                                                                                                                                            
   clk                        CLOCK-PORT    -                      -    capture     r            3102                                                                                                                                                            
   ----------------------------------------------------------------------------------------------------------------------------------------------------------------------------------------------------------------------------------------------------------------


Path 190:
   Slack (met):                             16750ps
     Path type:                               SETUP
     Group:                               <DEFAULT>
     Launching clock:                           clk (rising edge)
     Capturing clock:                           clk (rising edge)

     Requested period:                      20000ps
   + Delay of the capturing clock:           2476ps
   - Clock uncertainty:                       150ps
   = Required time:                         22326ps
   - Propagation time:                       3133ps (52.2% logic, 47.8% route, logic stage 1)
   - Delay of the launching clock:           2443ps
   = Slack:                                 16750ps

   Instance/Pin or Net Name   Type         ID     Location or Fanout   Delay(ps)  Edge  Arrival Time(ps)    Instance detail                                                                                                                                               
   -------------------------------------------------------------------------------------------------------------------------------------------------------------------------------------------------------------------------------------------------------------------------
   clk                        CLOCK-PORT    -                      -     launch     r               0                                                                                                                                                                     
   clk_BUFG_I_O               Clock net    82           (fanout=519)       2443                     -                                                                                                                                                                     
   RBB_16/CLK                 RBB_6L       16   [TILE 0 0, RBB 7 14]          -     r            2443                                                                                                                                                                     
   -------------------------------------------------------------------------------------------------------------------------------------------------------------------------------------------------------------------------------------------------------------------------
   RBB_16/DQ                  RBB_6L       16   [TILE 0 0, RBB 7 14]        800     r            3243     {inst100: r_SM_Main_FDRE_Q_2 (FD,site=dff)}                                                                                                                     
   r_SM_Main[2]               Net          37            (fanout=24)       1499                     -                                                                                                                                                                     
   RBB_13/D3                  RBB_6L       13  [TILE 0 0, RBB 10 16]          -     r            4742     {inst79: r_Clock_Count_FDRE_Q_9_D_LUT6_O_I4_CARRY4_O_CI_CARRY4_CO_O_LUT6_I3_O_LUT6_O_2 (LUT,site=dlut,dluto)} {inst46: r_Clock_Count_FDRE_Q_16 (FDRE,site=dff)} 
   -------------------------------------------------------------------------------------------------------------------------------------------------------------------------------------------------------------------------------------------------------------------------
   RBB_13/CLK                 RBB_6L       13  [TILE 0 0, RBB 10 16]        834     r            5576                                                                                                                                                                     
   clk_BUFG_I_O               Clock net    82           (fanout=519)      -2476                     -                                                                                                                                                                     
   clk                        CLOCK-PORT    -                      -    capture     r            3100                                                                                                                                                                     
   -------------------------------------------------------------------------------------------------------------------------------------------------------------------------------------------------------------------------------------------------------------------------


Path 245:
   Slack (met):                             16769ps
     Path type:                               SETUP
     Group:                               <DEFAULT>
     Launching clock:                           clk (rising edge)
     Capturing clock:                           clk (rising edge)

     Requested period:                      20000ps
   + Delay of the capturing clock:           2475ps
   - Clock uncertainty:                       150ps
   = Required time:                         22325ps
   - Propagation time:                       3081ps (53.9% logic, 46.1% route, logic stage 1)
   - Delay of the launching clock:           2475ps
   = Slack:                                 16769ps

   Instance/Pin or Net Name   Type         ID     Location or Fanout   Delay(ps)  Edge  Arrival Time(ps)    Instance detail                                                                     
   -----------------------------------------------------------------------------------------------------------------------------------------------------------------------------------------------
   clk                        CLOCK-PORT    -                      -     launch     r               0                                                                                           
   clk_BUFG_I_O               Clock net    82           (fanout=519)       2475                     -                                                                                           
   RBB_25/CLK                 RBB_6L       25  [TILE 0 0, RBB 10 12]          -     r            2475                                                                                           
   -----------------------------------------------------------------------------------------------------------------------------------------------------------------------------------------------
   RBB_25/DQ                  RBB_6L       25  [TILE 0 0, RBB 10 12]        800     r            3275     {inst99: r_SM_Main_FDRE_Q_1 (FD,site=dff)}                                            
   r_SM_Main[3]               Net          38            (fanout=15)       1420                     -                                                                                           
   RBB_25/D1                  RBB_6L       25  [TILE 0 0, RBB 10 12]          -     r            4695     {inst109: rx_sync_LUT5_I2 (LUT,site=dlut)} {inst99: r_SM_Main_FDRE_Q_1 (FD,site=dff)} 
   -----------------------------------------------------------------------------------------------------------------------------------------------------------------------------------------------
   RBB_25/CLK                 RBB_6L       25  [TILE 0 0, RBB 10 12]        861     r            5556                                                                                           
   clk_BUFG_I_O               Clock net    82           (fanout=519)      -2475                     -                                                                                           
   clk                        CLOCK-PORT    -                      -    capture     r            3081                                                                                           
   -----------------------------------------------------------------------------------------------------------------------------------------------------------------------------------------------


Path 244:
   Slack (met):                             16770ps
     Path type:                               SETUP
     Group:                               <DEFAULT>
     Launching clock:                           clk (rising edge)
     Capturing clock:                           clk (rising edge)

     Requested period:                      20000ps
   + Delay of the capturing clock:           2475ps
   - Clock uncertainty:                       150ps
   = Required time:                         22325ps
   - Propagation time:                       3080ps (53.9% logic, 46.1% route, logic stage 1)
   - Delay of the launching clock:           2475ps
   = Slack:                                 16770ps

   Instance/Pin or Net Name   Type         ID     Location or Fanout   Delay(ps)  Edge  Arrival Time(ps)    Instance detail                                                                                               
   -------------------------------------------------------------------------------------------------------------------------------------------------------------------------------------------------------------------------
   clk                        CLOCK-PORT    -                      -     launch     r               0                                                                                                                     
   clk_BUFG_I_O               Clock net    82           (fanout=519)       2475                     -                                                                                                                     
   RBB_11/CLK                 RBB_6L       11  [TILE 0 0, RBB 10 14]          -     r            2475                                                                                                                     
   -------------------------------------------------------------------------------------------------------------------------------------------------------------------------------------------------------------------------
   RBB_11/DQ                  RBB_6L       11  [TILE 0 0, RBB 10 14]        800     r            3275     {inst55: r_Clock_Count_FDRE_Q_9 (FDR,site=dff)}                                                                 
   r_Clock_Count[8]           Net          16             (fanout=4)       1419                     -                                                                                                                     
   RBB_11/D1                  RBB_6L       11  [TILE 0 0, RBB 10 14]          -     r            4694     {inst56: r_Clock_Count_FDRE_Q_9_D_LUT6_O (LUT,site=dlut,dluto)} {inst55: r_Clock_Count_FDRE_Q_9 (FDR,site=dff)} 
   -------------------------------------------------------------------------------------------------------------------------------------------------------------------------------------------------------------------------
   RBB_11/CLK                 RBB_6L       11  [TILE 0 0, RBB 10 14]        861     r            5555                                                                                                                     
   clk_BUFG_I_O               Clock net    82           (fanout=519)      -2475                     -                                                                                                                     
   clk                        CLOCK-PORT    -                      -    capture     r            3080                                                                                                                     
   -------------------------------------------------------------------------------------------------------------------------------------------------------------------------------------------------------------------------


Path 189:
   Slack (met):                             16776ps
     Path type:                               SETUP
     Group:                               <DEFAULT>
     Launching clock:                           clk (rising edge)
     Capturing clock:                           clk (rising edge)

     Requested period:                      20000ps
   + Delay of the capturing clock:           2462ps
   - Clock uncertainty:                       150ps
   = Required time:                         22312ps
   - Propagation time:                       3093ps (55.8% logic, 44.2% route, logic stage 1)
   - Delay of the launching clock:           2443ps
   = Slack:                                 16776ps

   Instance/Pin or Net Name   Type         ID    Location or Fanout   Delay(ps)  Edge  Arrival Time(ps)    Instance detail                                                                                                                                               
   ------------------------------------------------------------------------------------------------------------------------------------------------------------------------------------------------------------------------------------------------------------------------
   clk                        CLOCK-PORT    -                     -     launch     r               0                                                                                                                                                                     
   clk_BUFG_I_O               Clock net    82          (fanout=519)       2443                     -                                                                                                                                                                     
   RBB_16/CLK                 RBB_6L       16  [TILE 0 0, RBB 7 14]          -     r            2443                                                                                                                                                                     
   ------------------------------------------------------------------------------------------------------------------------------------------------------------------------------------------------------------------------------------------------------------------------
   RBB_16/DQ                  RBB_6L       16  [TILE 0 0, RBB 7 14]        800     r            3243     {inst100: r_SM_Main_FDRE_Q_2 (FD,site=dff)}                                                                                                                     
   r_SM_Main[2]               Net          37           (fanout=24)       1368                     -                                                                                                                                                                     
   RBB_14/D3                  RBB_6L       14  [TILE 0 0, RBB 7 18]          -     r            4611     {inst80: r_Clock_Count_FDRE_Q_9_D_LUT6_O_I4_CARRY4_O_CI_CARRY4_CO_O_LUT6_I3_O_LUT6_O_3 (LUT,site=dlut,dluto)} {inst47: r_Clock_Count_FDRE_Q_17 (FDRE,site=dff)} 
   ------------------------------------------------------------------------------------------------------------------------------------------------------------------------------------------------------------------------------------------------------------------------
   RBB_14/CLK                 RBB_6L       14  [TILE 0 0, RBB 7 18]        925     r            5536                                                                                                                                                                     
   clk_BUFG_I_O               Clock net    82          (fanout=519)      -2462                     -                                                                                                                                                                     
   clk                        CLOCK-PORT    -                     -    capture     r            3074                                                                                                                                                                     
   ------------------------------------------------------------------------------------------------------------------------------------------------------------------------------------------------------------------------------------------------------------------------


Path 183:
   Slack (met):                             16784ps
     Path type:                               SETUP
     Group:                               <DEFAULT>
     Launching clock:                           clk (rising edge)
     Capturing clock:                           clk (rising edge)

     Requested period:                      20000ps
   + Delay of the capturing clock:           2475ps
   - Clock uncertainty:                       150ps
   = Required time:                         22325ps
   - Propagation time:                       3098ps (55.6% logic, 44.4% route, logic stage 1)
   - Delay of the launching clock:           2443ps
   = Slack:                                 16784ps

   Instance/Pin or Net Name   Type         ID     Location or Fanout   Delay(ps)  Edge  Arrival Time(ps)    Instance detail                                                                                               
   -------------------------------------------------------------------------------------------------------------------------------------------------------------------------------------------------------------------------
   clk                        CLOCK-PORT    -                      -     launch     r               0                                                                                                                     
   clk_BUFG_I_O               Clock net    82           (fanout=519)       2443                     -                                                                                                                     
   RBB_16/CLK                 RBB_6L       16   [TILE 0 0, RBB 7 14]          -     r            2443                                                                                                                     
   -------------------------------------------------------------------------------------------------------------------------------------------------------------------------------------------------------------------------
   RBB_16/DQ                  RBB_6L       16   [TILE 0 0, RBB 7 14]        800     r            3243     {inst100: r_SM_Main_FDRE_Q_2 (FD,site=dff)}                                                                     
   r_SM_Main[2]               Net          37            (fanout=24)       1375                     -                                                                                                                     
   RBB_11/D5                  RBB_6L       11  [TILE 0 0, RBB 10 14]          -     r            4618     {inst56: r_Clock_Count_FDRE_Q_9_D_LUT6_O (LUT,site=dlut,dluto)} {inst55: r_Clock_Count_FDRE_Q_9 (FDR,site=dff)} 
   -------------------------------------------------------------------------------------------------------------------------------------------------------------------------------------------------------------------------
   RBB_11/CLK                 RBB_6L       11  [TILE 0 0, RBB 10 14]        923     r            5541                                                                                                                     
   clk_BUFG_I_O               Clock net    82           (fanout=519)      -2475                     -                                                                                                                     
   clk                        CLOCK-PORT    -                      -    capture     r            3066                                                                                                                     
   -------------------------------------------------------------------------------------------------------------------------------------------------------------------------------------------------------------------------


Path 211:
   Slack (met):                             16784ps
     Path type:                               SETUP
     Group:                               <DEFAULT>
     Launching clock:                           clk (rising edge)
     Capturing clock:                           clk (rising edge)

     Requested period:                      20000ps
   + Delay of the capturing clock:           2475ps
   - Clock uncertainty:                       150ps
   = Required time:                         22325ps
   - Propagation time:                       3098ps (55.6% logic, 44.4% route, logic stage 1)
   - Delay of the launching clock:           2443ps
   = Slack:                                 16784ps

   Instance/Pin or Net Name   Type         ID     Location or Fanout   Delay(ps)  Edge  Arrival Time(ps)    Instance detail                                                                                           
   ---------------------------------------------------------------------------------------------------------------------------------------------------------------------------------------------------------------------
   clk                        CLOCK-PORT    -                      -     launch     r               0                                                                                                                 
   clk_BUFG_I_O               Clock net    82           (fanout=519)       2443                     -                                                                                                                 
   RBB_16/CLK                 RBB_6L       16   [TILE 0 0, RBB 7 14]          -     r            2443                                                                                                                 
   ---------------------------------------------------------------------------------------------------------------------------------------------------------------------------------------------------------------------
   RBB_16/DQ                  RBB_6L       16   [TILE 0 0, RBB 7 14]        800     r            3243     {inst100: r_SM_Main_FDRE_Q_2 (FD,site=dff)}                                                                 
   r_SM_Main[2]               Net          37            (fanout=24)       1375                     -                                                                                                                 
   RBB_11/C5                  RBB_6L       11  [TILE 0 0, RBB 10 14]          -     r            4618     {inst12: r_Bit_Index_FDRE_Q_2_D_LUT6_O (LUT,site=clut,cluto)} {inst11: r_Bit_Index_FDRE_Q_2 (FDR,site=cff)} 
   ---------------------------------------------------------------------------------------------------------------------------------------------------------------------------------------------------------------------
   RBB_11/CLK                 RBB_6L       11  [TILE 0 0, RBB 10 14]        923     r            5541                                                                                                                 
   clk_BUFG_I_O               Clock net    82           (fanout=519)      -2475                     -                                                                                                                 
   clk                        CLOCK-PORT    -                      -    capture     r            3066                                                                                                                 
   ---------------------------------------------------------------------------------------------------------------------------------------------------------------------------------------------------------------------


Path 224:
   Slack (met):                             16790ps
     Path type:                               SETUP
     Group:                               <DEFAULT>
     Launching clock:                           clk (rising edge)
     Capturing clock:                           clk (rising edge)

     Requested period:                      20000ps
   + Delay of the capturing clock:           2475ps
   - Clock uncertainty:                       150ps
   = Required time:                         22325ps
   - Propagation time:                       3086ps (54.1% logic, 45.9% route, logic stage 1)
   - Delay of the launching clock:           2449ps
   = Slack:                                 16790ps

   Instance/Pin or Net Name   Type         ID     Location or Fanout   Delay(ps)  Edge  Arrival Time(ps)    Instance detail                                                                                           
   ---------------------------------------------------------------------------------------------------------------------------------------------------------------------------------------------------------------------
   clk                        CLOCK-PORT    -                      -     launch     r               0                                                                                                                 
   clk_BUFG_I_O               Clock net    82           (fanout=519)       2449                     -                                                                                                                 
   RBB_8/CLK                  RBB_6L        8  [TILE 0 0, RBB 13 14]          -     r            2449                                                                                                                 
   ---------------------------------------------------------------------------------------------------------------------------------------------------------------------------------------------------------------------
   RBB_8/DQ                   RBB_6L        8  [TILE 0 0, RBB 13 14]        800     r            3249     {inst98: r_SM_Main_FDRE_Q (FD,site=dff)}                                                                    
   r_SM_Main[4]               Net          39            (fanout=15)       1415                     -                                                                                                                 
   RBB_11/C3                  RBB_6L       11  [TILE 0 0, RBB 10 14]          -     r            4664     {inst12: r_Bit_Index_FDRE_Q_2_D_LUT6_O (LUT,site=clut,cluto)} {inst11: r_Bit_Index_FDRE_Q_2 (FDR,site=cff)} 
   ---------------------------------------------------------------------------------------------------------------------------------------------------------------------------------------------------------------------
   RBB_11/CLK                 RBB_6L       11  [TILE 0 0, RBB 10 14]        871     r            5535                                                                                                                 
   clk_BUFG_I_O               Clock net    82           (fanout=519)      -2475                     -                                                                                                                 
   clk                        CLOCK-PORT    -                      -    capture     r            3060                                                                                                                 
   ---------------------------------------------------------------------------------------------------------------------------------------------------------------------------------------------------------------------


Path 218:
   Slack (met):                             16796ps
     Path type:                               SETUP
     Group:                               <DEFAULT>
     Launching clock:                           clk (rising edge)
     Capturing clock:                           clk (rising edge)

     Requested period:                      20000ps
   + Delay of the capturing clock:           2485ps
   - Clock uncertainty:                       150ps
   = Required time:                         22335ps
   - Propagation time:                       3096ps (54.0% logic, 46.0% route, logic stage 1)
   - Delay of the launching clock:           2443ps
   = Slack:                                 16796ps

   Instance/Pin or Net Name   Type         ID     Location or Fanout   Delay(ps)  Edge  Arrival Time(ps)    Instance detail                                                                                                                                      
   ----------------------------------------------------------------------------------------------------------------------------------------------------------------------------------------------------------------------------------------------------------------
   clk                        CLOCK-PORT    -                      -     launch     r               0                                                                                                                                                            
   clk_BUFG_I_O               Clock net    82           (fanout=519)       2443                     -                                                                                                                                                            
   RBB_16/CLK                 RBB_6L       16   [TILE 0 0, RBB 7 14]          -     r            2443                                                                                                                                                            
   ----------------------------------------------------------------------------------------------------------------------------------------------------------------------------------------------------------------------------------------------------------------
   RBB_16/DQ                  RBB_6L       16   [TILE 0 0, RBB 7 14]        800     r            3243     {inst100: r_SM_Main_FDRE_Q_2 (FD,site=dff)}                                                                                                            
   r_SM_Main[2]               Net          37            (fanout=24)       1425                     -                                                                                                                                                            
   RBB_12/C3                  RBB_6L       12  [TILE 0 0, RBB 10 18]          -     r            4668     {inst73: r_Clock_Count_FDRE_Q_9_D_LUT6_O_I4_CARRY4_O_CI_CARRY4_CO_O_1_LUT6_I3 (LUT,site=clut,cluto)} {inst41: r_Clock_Count_FDRE_Q_11 (FDRE,site=cff)} 
   ----------------------------------------------------------------------------------------------------------------------------------------------------------------------------------------------------------------------------------------------------------------
   RBB_12/CLK                 RBB_6L       12  [TILE 0 0, RBB 10 18]        871     r            5539                                                                                                                                                            
   clk_BUFG_I_O               Clock net    82           (fanout=519)      -2485                     -                                                                                                                                                            
   clk                        CLOCK-PORT    -                      -    capture     r            3054                                                                                                                                                            
   ----------------------------------------------------------------------------------------------------------------------------------------------------------------------------------------------------------------------------------------------------------------


Path 208:
   Slack (met):                             16802ps
     Path type:                               SETUP
     Group:                               <DEFAULT>
     Launching clock:                           clk (rising edge)
     Capturing clock:                           clk (rising edge)

     Requested period:                      20000ps
   + Delay of the capturing clock:           2475ps
   - Clock uncertainty:                       150ps
   = Required time:                         22325ps
   - Propagation time:                       3060ps (53.4% logic, 46.6% route, logic stage 1)
   - Delay of the launching clock:           2463ps
   = Slack:                                 16802ps

   Instance/Pin or Net Name   Type         ID     Location or Fanout   Delay(ps)  Edge  Arrival Time(ps)    Instance detail                                                                     
   -----------------------------------------------------------------------------------------------------------------------------------------------------------------------------------------------
   clk                        CLOCK-PORT    -                      -     launch     r               0                                                                                           
   clk_BUFG_I_O               Clock net    82           (fanout=519)       2463                     -                                                                                           
   RBB_17/CLK                 RBB_6L       17   [TILE 0 0, RBB 7 16]          -     r            2463                                                                                           
   -----------------------------------------------------------------------------------------------------------------------------------------------------------------------------------------------
   RBB_17/DQ                  RBB_6L       17   [TILE 0 0, RBB 7 16]        800     r            3263     {inst103: r_SM_Main_FDRE_Q_4 (FD,site=dff)}                                           
   r_SM_Main[0]               Net          35             (fanout=3)       1426                     -                                                                                           
   RBB_25/D4                  RBB_6L       25  [TILE 0 0, RBB 10 12]          -     r            4689     {inst109: rx_sync_LUT5_I2 (LUT,site=dlut)} {inst99: r_SM_Main_FDRE_Q_1 (FD,site=dff)} 
   -----------------------------------------------------------------------------------------------------------------------------------------------------------------------------------------------
   RBB_25/CLK                 RBB_6L       25  [TILE 0 0, RBB 10 12]        834     r            5523                                                                                           
   clk_BUFG_I_O               Clock net    82           (fanout=519)      -2475                     -                                                                                           
   clk                        CLOCK-PORT    -                      -    capture     r            3048                                                                                           
   -----------------------------------------------------------------------------------------------------------------------------------------------------------------------------------------------


Path 242:
   Slack (met):                             16804ps
     Path type:                               SETUP
     Group:                               <DEFAULT>
     Launching clock:                           clk (rising edge)
     Capturing clock:                           clk (rising edge)

     Requested period:                      20000ps
   + Delay of the capturing clock:           2336ps
   - Clock uncertainty:                       150ps
   = Required time:                         22186ps
   - Propagation time:                       3046ps (61.7% logic, 38.3% route, logic stage 1)
   - Delay of the launching clock:           2336ps
   = Slack:                                 16804ps

   Instance/Pin or Net Name                         Type         ID    Location or Fanout   Delay(ps)  Edge  Arrival Time(ps)    Instance detail                                                                                                                              
   -----------------------------------------------------------------------------------------------------------------------------------------------------------------------------------------------------------------------------------------------------------------------------
   clk                                              CLOCK-PORT    -                     -     launch     r               0                                                                                                                                                    
   clk_BUFG_I_O                                     Clock net    82          (fanout=519)       2336                     -                                                                                                                                                    
   RBB_19/CLK                                       RBB_6L       19  [TILE 0 0, RBB 13 8]          -     r            2336                                                                                                                                                    
   -----------------------------------------------------------------------------------------------------------------------------------------------------------------------------------------------------------------------------------------------------------------------------
   RBB_19/AQ                                        RBB_6L       19  [TILE 0 0, RBB 13 8]        800     r            3136     {inst86: r_RX_Byte_FDRE_Q_4 (FDRE,site=aff)}                                                                                                   
   r_Bit_Index_FDRE_Q_D_LUT2_O_I1_CARRY4_O_CO_2[0]  Net         120            (fanout=3)       1168                     -                                                                                                                                                    
   RBB_19/A1                                        RBB_6L       19  [TILE 0 0, RBB 13 8]          -     r            4304     {inst32: r_Bit_Index_FDRE_Q_D_LUT2_O_I1_CARRY4_O_S_CARRY4_S_O_LUT4_I3_O_LUT5_O_1 (LUT,site=alut)} {inst86: r_RX_Byte_FDRE_Q_4 (FDRE,site=aff)} 
   -----------------------------------------------------------------------------------------------------------------------------------------------------------------------------------------------------------------------------------------------------------------------------
   RBB_19/CLK                                       RBB_6L       19  [TILE 0 0, RBB 13 8]       1078     r            5382                                                                                                                                                    
   clk_BUFG_I_O                                     Clock net    82          (fanout=519)      -2336                     -                                                                                                                                                    
   clk                                              CLOCK-PORT    -                     -    capture     r            3046                                                                                                                                                    
   -----------------------------------------------------------------------------------------------------------------------------------------------------------------------------------------------------------------------------------------------------------------------------


Path 197:
   Slack (met):                             16809ps
     Path type:                               SETUP
     Group:                               <DEFAULT>
     Launching clock:                           clk (rising edge)
     Capturing clock:                           clk (rising edge)

     Requested period:                      20000ps
   + Delay of the capturing clock:           2475ps
   - Clock uncertainty:                       150ps
   = Required time:                         22325ps
   - Propagation time:                       3067ps (54.2% logic, 45.8% route, logic stage 1)
   - Delay of the launching clock:           2449ps
   = Slack:                                 16809ps

   Instance/Pin or Net Name   Type         ID     Location or Fanout   Delay(ps)  Edge  Arrival Time(ps)    Instance detail                                                                                               
   -------------------------------------------------------------------------------------------------------------------------------------------------------------------------------------------------------------------------
   clk                        CLOCK-PORT    -                      -     launch     r               0                                                                                                                     
   clk_BUFG_I_O               Clock net    82           (fanout=519)       2449                     -                                                                                                                     
   RBB_8/CLK                  RBB_6L        8  [TILE 0 0, RBB 13 14]          -     r            2449                                                                                                                     
   -------------------------------------------------------------------------------------------------------------------------------------------------------------------------------------------------------------------------
   RBB_8/DQ                   RBB_6L        8  [TILE 0 0, RBB 13 14]        800     r            3249     {inst98: r_SM_Main_FDRE_Q (FD,site=dff)}                                                                        
   r_SM_Main[4]               Net          39            (fanout=15)       1406                     -                                                                                                                     
   RBB_11/D3                  RBB_6L       11  [TILE 0 0, RBB 10 14]          -     r            4655     {inst56: r_Clock_Count_FDRE_Q_9_D_LUT6_O (LUT,site=dlut,dluto)} {inst55: r_Clock_Count_FDRE_Q_9 (FDR,site=dff)} 
   -------------------------------------------------------------------------------------------------------------------------------------------------------------------------------------------------------------------------
   RBB_11/CLK                 RBB_6L       11  [TILE 0 0, RBB 10 14]        861     r            5516                                                                                                                     
   clk_BUFG_I_O               Clock net    82           (fanout=519)      -2475                     -                                                                                                                     
   clk                        CLOCK-PORT    -                      -    capture     r            3041                                                                                                                     
   -------------------------------------------------------------------------------------------------------------------------------------------------------------------------------------------------------------------------


Path 246:
   Slack (met):                             16819ps
     Path type:                               SETUP
     Group:                               <DEFAULT>
     Launching clock:                           clk (rising edge)
     Capturing clock:                           clk (rising edge)

     Requested period:                      20000ps
   + Delay of the capturing clock:           2336ps
   - Clock uncertainty:                       150ps
   = Required time:                         22186ps
   - Propagation time:                       3031ps (63.6% logic, 36.4% route, logic stage 1)
   - Delay of the launching clock:           2336ps
   = Slack:                                 16819ps

   Instance/Pin or Net Name   Type         ID    Location or Fanout   Delay(ps)  Edge  Arrival Time(ps)    Instance detail                                                                                                                          
   ---------------------------------------------------------------------------------------------------------------------------------------------------------------------------------------------------------------------------------------------------
   clk                        CLOCK-PORT    -                     -     launch     r               0                                                                                                                                                
   clk_BUFG_I_O               Clock net    82          (fanout=519)       2336                     -                                                                                                                                                
   RBB_19/CLK                 RBB_6L       19  [TILE 0 0, RBB 13 8]          -     r            2336                                                                                                                                                
   ---------------------------------------------------------------------------------------------------------------------------------------------------------------------------------------------------------------------------------------------------
   RBB_19/DQ                  RBB_6L       19  [TILE 0 0, RBB 13 8]        800     r            3136     {inst82: r_RX_Byte_FDRE_Q (FDRE,site=dff)}                                                                                                 
   r_RX_Byte[7]               Net          31            (fanout=2)       1104                     -                                                                                                                                                
   RBB_19/D1                  RBB_6L       19  [TILE 0 0, RBB 13 8]          -     r            4240     {inst26: r_Bit_Index_FDRE_Q_D_LUT2_O_I1_CARRY4_O_S_CARRY4_S_O_LUT4_I3_O_LUT4_O (LUT,site=dlut)} {inst82: r_RX_Byte_FDRE_Q (FDRE,site=dff)} 
   ---------------------------------------------------------------------------------------------------------------------------------------------------------------------------------------------------------------------------------------------------
   RBB_19/CLK                 RBB_6L       19  [TILE 0 0, RBB 13 8]       1127     r            5367                                                                                                                                                
   clk_BUFG_I_O               Clock net    82          (fanout=519)      -2336                     -                                                                                                                                                
   clk                        CLOCK-PORT    -                     -    capture     r            3031                                                                                                                                                
   ---------------------------------------------------------------------------------------------------------------------------------------------------------------------------------------------------------------------------------------------------


Path 248:
   Slack (met):                             16834ps
     Path type:                               SETUP
     Group:                               <DEFAULT>
     Launching clock:                           clk (rising edge)
     Capturing clock:                           clk (rising edge)

     Requested period:                      20000ps
   + Delay of the capturing clock:           2475ps
   - Clock uncertainty:                       150ps
   = Required time:                         22325ps
   - Propagation time:                       3016ps (54.1% logic, 45.9% route, logic stage 1)
   - Delay of the launching clock:           2475ps
   = Slack:                                 16834ps

   Instance/Pin or Net Name   Type         ID     Location or Fanout   Delay(ps)  Edge  Arrival Time(ps)    Instance detail                             
   -------------------------------------------------------------------------------------------------------------------------------------------------------
   clk                        CLOCK-PORT    -                      -     launch     r               0                                                   
   clk_BUFG_I_O               Clock net    82           (fanout=519)       2475                     -                                                   
   RBB_11/CLK                 RBB_6L       11  [TILE 0 0, RBB 10 14]          -     r            2475                                                   
   -------------------------------------------------------------------------------------------------------------------------------------------------------
   RBB_11/BQ                  RBB_6L       11  [TILE 0 0, RBB 10 14]        800     r            3275     {inst105: rst_sync_FDRE_Q (FD,site=bff)}      
   r_RX_DV_FDRE_Q_D[0]        Net         105            (fanout=16)       1383                     -                                                   
   RBB_11/A6                  RBB_6L       11  [TILE 0 0, RBB 10 14]          -     r            4658     {<SR>inst107: rx_sync_FDSE_Q (FDR,site=cffo)} 
   -------------------------------------------------------------------------------------------------------------------------------------------------------
   RBB_11/CLK                 RBB_6L       11  [TILE 0 0, RBB 10 14]        833     r            5491                                                   
   clk_BUFG_I_O               Clock net    82           (fanout=519)      -2475                     -                                                   
   clk                        CLOCK-PORT    -                      -    capture     r            3016                                                   
   -------------------------------------------------------------------------------------------------------------------------------------------------------


Path 187:
   Slack (met):                             16838ps
     Path type:                               SETUP
     Group:                               <DEFAULT>
     Launching clock:                           clk (rising edge)
     Capturing clock:                           clk (rising edge)

     Requested period:                      20000ps
   + Delay of the capturing clock:           2485ps
   - Clock uncertainty:                       150ps
   = Required time:                         22335ps
   - Propagation time:                       3054ps (53.5% logic, 46.5% route, logic stage 1)
   - Delay of the launching clock:           2443ps
   = Slack:                                 16838ps

   Instance/Pin or Net Name   Type         ID     Location or Fanout   Delay(ps)  Edge  Arrival Time(ps)    Instance detail                                                                                                                                               
   -------------------------------------------------------------------------------------------------------------------------------------------------------------------------------------------------------------------------------------------------------------------------
   clk                        CLOCK-PORT    -                      -     launch     r               0                                                                                                                                                                     
   clk_BUFG_I_O               Clock net    82           (fanout=519)       2443                     -                                                                                                                                                                     
   RBB_16/CLK                 RBB_6L       16   [TILE 0 0, RBB 7 14]          -     r            2443                                                                                                                                                                     
   -------------------------------------------------------------------------------------------------------------------------------------------------------------------------------------------------------------------------------------------------------------------------
   RBB_16/DQ                  RBB_6L       16   [TILE 0 0, RBB 7 14]        800     r            3243     {inst100: r_SM_Main_FDRE_Q_2 (FD,site=dff)}                                                                                                                     
   r_SM_Main[2]               Net          37            (fanout=24)       1420                     -                                                                                                                                                                     
   RBB_12/D3                  RBB_6L       12  [TILE 0 0, RBB 10 18]          -     r            4663     {inst78: r_Clock_Count_FDRE_Q_9_D_LUT6_O_I4_CARRY4_O_CI_CARRY4_CO_O_LUT6_I3_O_LUT6_O_1 (LUT,site=dlut,dluto)} {inst45: r_Clock_Count_FDRE_Q_15 (FDRE,site=dff)} 
   -------------------------------------------------------------------------------------------------------------------------------------------------------------------------------------------------------------------------------------------------------------------------
   RBB_12/CLK                 RBB_6L       12  [TILE 0 0, RBB 10 18]        834     r            5497                                                                                                                                                                     
   clk_BUFG_I_O               Clock net    82           (fanout=519)      -2485                     -                                                                                                                                                                     
   clk                        CLOCK-PORT    -                      -    capture     r            3012                                                                                                                                                                     
   -------------------------------------------------------------------------------------------------------------------------------------------------------------------------------------------------------------------------------------------------------------------------


Path 219:
   Slack (met):                             16873ps
     Path type:                               SETUP
     Group:                               <DEFAULT>
     Launching clock:                           clk (rising edge)
     Capturing clock:                           clk (rising edge)

     Requested period:                      20000ps
   + Delay of the capturing clock:           2462ps
   - Clock uncertainty:                       150ps
   = Required time:                         22312ps
   - Propagation time:                       2996ps (54.5% logic, 45.5% route, logic stage 1)
   - Delay of the launching clock:           2443ps
   = Slack:                                 16873ps

   Instance/Pin or Net Name   Type         ID    Location or Fanout   Delay(ps)  Edge  Arrival Time(ps)    Instance detail                                                                                                                                      
   ---------------------------------------------------------------------------------------------------------------------------------------------------------------------------------------------------------------------------------------------------------------
   clk                        CLOCK-PORT    -                     -     launch     r               0                                                                                                                                                            
   clk_BUFG_I_O               Clock net    82          (fanout=519)       2443                     -                                                                                                                                                            
   RBB_16/CLK                 RBB_6L       16  [TILE 0 0, RBB 7 14]          -     r            2443                                                                                                                                                            
   ---------------------------------------------------------------------------------------------------------------------------------------------------------------------------------------------------------------------------------------------------------------
   RBB_16/DQ                  RBB_6L       16  [TILE 0 0, RBB 7 14]        800     r            3243     {inst100: r_SM_Main_FDRE_Q_2 (FD,site=dff)}                                                                                                            
   r_SM_Main[2]               Net          37           (fanout=24)       1364                     -                                                                                                                                                            
   RBB_14/C3                  RBB_6L       14  [TILE 0 0, RBB 7 18]          -     r            4607     {inst75: r_Clock_Count_FDRE_Q_9_D_LUT6_O_I4_CARRY4_O_CI_CARRY4_CO_O_3_LUT6_I3 (LUT,site=clut,cluto)} {inst43: r_Clock_Count_FDRE_Q_13 (FDRE,site=cff)} 
   ---------------------------------------------------------------------------------------------------------------------------------------------------------------------------------------------------------------------------------------------------------------
   RBB_14/CLK                 RBB_6L       14  [TILE 0 0, RBB 7 18]        832     r            5439                                                                                                                                                            
   clk_BUFG_I_O               Clock net    82          (fanout=519)      -2462                     -                                                                                                                                                            
   clk                        CLOCK-PORT    -                     -    capture     r            2977                                                                                                                                                            
   ---------------------------------------------------------------------------------------------------------------------------------------------------------------------------------------------------------------------------------------------------------------


Path 225:
   Slack (met):                             16875ps
     Path type:                               SETUP
     Group:                               <DEFAULT>
     Launching clock:                           clk (rising edge)
     Capturing clock:                           clk (rising edge)

     Requested period:                      20000ps
   + Delay of the capturing clock:           2452ps
   - Clock uncertainty:                       150ps
   = Required time:                         22302ps
   - Propagation time:                       2952ps (52.6% logic, 47.4% route, logic stage 1)
   - Delay of the launching clock:           2475ps
   = Slack:                                 16875ps

   Instance/Pin or Net Name   Type         ID     Location or Fanout   Delay(ps)  Edge  Arrival Time(ps)    Instance detail                                                                                                                                    
   --------------------------------------------------------------------------------------------------------------------------------------------------------------------------------------------------------------------------------------------------------------
   clk                        CLOCK-PORT    -                      -     launch     r               0                                                                                                                                                          
   clk_BUFG_I_O               Clock net    82           (fanout=519)       2475                     -                                                                                                                                                          
   RBB_25/CLK                 RBB_6L       25  [TILE 0 0, RBB 10 12]          -     r            2475                                                                                                                                                          
   --------------------------------------------------------------------------------------------------------------------------------------------------------------------------------------------------------------------------------------------------------------
   RBB_25/DQ                  RBB_6L       25  [TILE 0 0, RBB 10 12]        800     r            3275     {inst99: r_SM_Main_FDRE_Q_1 (FD,site=dff)}                                                                                                           
   r_SM_Main[3]               Net          38            (fanout=15)       1398                     -                                                                                                                                                          
   RBB_10/C4                  RBB_6L       10  [TILE 0 0, RBB 13 16]          -     r            4673     {inst76: r_Clock_Count_FDRE_Q_9_D_LUT6_O_I4_CARRY4_O_CI_CARRY4_CO_O_LUT6_I3 (LUT,site=clut,cluto)} {inst40: r_Clock_Count_FDRE_Q_10 (FDRE,site=cff)} 
   --------------------------------------------------------------------------------------------------------------------------------------------------------------------------------------------------------------------------------------------------------------
   RBB_10/CLK                 RBB_6L       10  [TILE 0 0, RBB 13 16]        754     r            5427                                                                                                                                                          
   clk_BUFG_I_O               Clock net    82           (fanout=519)      -2452                     -                                                                                                                                                          
   clk                        CLOCK-PORT    -                      -    capture     r            2975                                                                                                                                                          
   --------------------------------------------------------------------------------------------------------------------------------------------------------------------------------------------------------------------------------------------------------------


Path 161:
   Slack (met):                             16966ps
     Path type:                               SETUP
     Group:                               <DEFAULT>
     Launching clock:                           clk (rising edge)
     Capturing clock:                           clk (rising edge)

     Requested period:                      20000ps
   + Delay of the capturing clock:           2475ps
   - Clock uncertainty:                       150ps
   = Required time:                         22325ps
   - Propagation time:                       2884ps (77.7% logic, 22.3% route, logic stage 1)
   - Delay of the launching clock:           2475ps
   = Slack:                                 16966ps

   Instance/Pin or Net Name                                 Type         ID     Location or Fanout   Delay(ps)  Edge  Arrival Time(ps)    Instance detail                                                                     
   -----------------------------------------------------------------------------------------------------------------------------------------------------------------------------------------------------------------------------
   clk                                                      CLOCK-PORT    -                      -     launch     r               0                                                                                           
   clk_BUFG_I_O                                             Clock net    82           (fanout=519)       2475                     -                                                                                           
   RBB_11/CLK                                               RBB_6L       11  [TILE 0 0, RBB 10 14]          -     r            2475                                                                                           
   -----------------------------------------------------------------------------------------------------------------------------------------------------------------------------------------------------------------------------
   RBB_11/CMUX                                              RBB_6L       11  [TILE 0 0, RBB 10 14]       1379     r            3854     {inst107: rx_sync_FDSE_Q (FDR,site=cffo)}                                             
   r_Bit_Index_FDRE_Q_D_LUT2_O_I1_CARRY4_O_S_CARRY4_S_O[2]  Net         149            (fanout=11)        644                     -                                                                                           
   RBB_25/D3                                                RBB_6L       25  [TILE 0 0, RBB 10 12]          -     r            4498     {inst109: rx_sync_LUT5_I2 (LUT,site=dlut)} {inst99: r_SM_Main_FDRE_Q_1 (FD,site=dff)} 
   -----------------------------------------------------------------------------------------------------------------------------------------------------------------------------------------------------------------------------
   RBB_25/CLK                                               RBB_6L       25  [TILE 0 0, RBB 10 12]        861     r            5359                                                                                           
   clk_BUFG_I_O                                             Clock net    82           (fanout=519)      -2475                     -                                                                                           
   clk                                                      CLOCK-PORT    -                      -    capture     r            2884                                                                                           
   -----------------------------------------------------------------------------------------------------------------------------------------------------------------------------------------------------------------------------


Path 243:
   Slack (met):                             17012ps
     Path type:                               SETUP
     Group:                               <DEFAULT>
     Launching clock:                           clk (rising edge)
     Capturing clock:                           clk (rising edge)

     Requested period:                      20000ps
   + Delay of the capturing clock:           2434ps
   - Clock uncertainty:                       150ps
   = Required time:                         22284ps
   - Propagation time:                       2838ps (58.5% logic, 41.5% route, logic stage 1)
   - Delay of the launching clock:           2434ps
   = Slack:                                 17012ps

   Instance/Pin or Net Name   Type         ID     Location or Fanout   Delay(ps)  Edge  Arrival Time(ps)    Instance detail                                                                                                                         
   ---------------------------------------------------------------------------------------------------------------------------------------------------------------------------------------------------------------------------------------------------
   clk                        CLOCK-PORT    -                      -     launch     r               0                                                                                                                                               
   clk_BUFG_I_O               Clock net    82           (fanout=519)       2434                     -                                                                                                                                               
   RBB_20/CLK                 RBB_6L       20  [TILE 0 0, RBB 16 10]          -     r            2434                                                                                                                                               
   ---------------------------------------------------------------------------------------------------------------------------------------------------------------------------------------------------------------------------------------------------
   RBB_20/DQ                  RBB_6L       20  [TILE 0 0, RBB 16 10]        800     r            3234     {inst85: r_RX_Byte_FDRE_Q_3 (FDRE,site=dff)}                                                                                              
   r_RX_Byte[4]               Net          29             (fanout=2)       1177                     -                                                                                                                                               
   RBB_20/D1                  RBB_6L       20  [TILE 0 0, RBB 16 10]          -     r            4411     {inst34: r_Bit_Index_FDRE_Q_D_LUT2_O_I1_CARRY4_O_S_CARRY4_S_O_LUT6_I5 (LUT,site=dlut,dluto)} {inst85: r_RX_Byte_FDRE_Q_3 (FDRE,site=dff)} 
   ---------------------------------------------------------------------------------------------------------------------------------------------------------------------------------------------------------------------------------------------------
   RBB_20/CLK                 RBB_6L       20  [TILE 0 0, RBB 16 10]        861     r            5272                                                                                                                                               
   clk_BUFG_I_O               Clock net    82           (fanout=519)      -2434                     -                                                                                                                                               
   clk                        CLOCK-PORT    -                      -    capture     r            2838                                                                                                                                               
   ---------------------------------------------------------------------------------------------------------------------------------------------------------------------------------------------------------------------------------------------------


Path 247:
   Slack (met):                             17014ps
     Path type:                               SETUP
     Group:                               <DEFAULT>
     Launching clock:                           clk (rising edge)
     Capturing clock:                           clk (rising edge)

     Requested period:                      20000ps
   + Delay of the capturing clock:           2462ps
   - Clock uncertainty:                       150ps
   = Required time:                         22312ps
   - Propagation time:                       2836ps (60.8% logic, 39.2% route, logic stage 1)
   - Delay of the launching clock:           2462ps
   = Slack:                                 17014ps

   Instance/Pin or Net Name   Type         ID    Location or Fanout   Delay(ps)  Edge  Arrival Time(ps)    Instance detail                                                                                                                                               
   ------------------------------------------------------------------------------------------------------------------------------------------------------------------------------------------------------------------------------------------------------------------------
   clk                        CLOCK-PORT    -                     -     launch     r               0                                                                                                                                                                     
   clk_BUFG_I_O               Clock net    82          (fanout=519)       2462                     -                                                                                                                                                                     
   RBB_14/CLK                 RBB_6L       14  [TILE 0 0, RBB 7 18]          -     r            2462                                                                                                                                                                     
   ------------------------------------------------------------------------------------------------------------------------------------------------------------------------------------------------------------------------------------------------------------------------
   RBB_14/DQ                  RBB_6L       14  [TILE 0 0, RBB 7 18]        800     r            3262     {inst47: r_Clock_Count_FDRE_Q_17 (FDRE,site=dff)}                                                                                                               
   r_Clock_Count[0]           Net           8            (fanout=4)       1111                     -                                                                                                                                                                     
   RBB_14/D1                  RBB_6L       14  [TILE 0 0, RBB 7 18]          -     r            4373     {inst80: r_Clock_Count_FDRE_Q_9_D_LUT6_O_I4_CARRY4_O_CI_CARRY4_CO_O_LUT6_I3_O_LUT6_O_3 (LUT,site=dlut,dluto)} {inst47: r_Clock_Count_FDRE_Q_17 (FDRE,site=dff)} 
   ------------------------------------------------------------------------------------------------------------------------------------------------------------------------------------------------------------------------------------------------------------------------
   RBB_14/CLK                 RBB_6L       14  [TILE 0 0, RBB 7 18]        925     r            5298                                                                                                                                                                     
   clk_BUFG_I_O               Clock net    82          (fanout=519)      -2462                     -                                                                                                                                                                     
   clk                        CLOCK-PORT    -                     -    capture     r            2836                                                                                                                                                                     
   ------------------------------------------------------------------------------------------------------------------------------------------------------------------------------------------------------------------------------------------------------------------------


Path 195:
   Slack (met):                             17065ps
     Path type:                               SETUP
     Group:                               <DEFAULT>
     Launching clock:                           clk (rising edge)
     Capturing clock:                           clk (rising edge)

     Requested period:                      20000ps
   + Delay of the capturing clock:           2475ps
   - Clock uncertainty:                       150ps
   = Required time:                         22325ps
   - Propagation time:                       2785ps (59.6% logic, 40.4% route, logic stage 1)
   - Delay of the launching clock:           2475ps
   = Slack:                                 17065ps

   Instance/Pin or Net Name   Type         ID     Location or Fanout   Delay(ps)  Edge  Arrival Time(ps)    Instance detail                                                                     
   -----------------------------------------------------------------------------------------------------------------------------------------------------------------------------------------------
   clk                        CLOCK-PORT    -                      -     launch     r               0                                                                                           
   clk_BUFG_I_O               Clock net    82           (fanout=519)       2475                     -                                                                                           
   RBB_11/CLK                 RBB_6L       11  [TILE 0 0, RBB 10 14]          -     r            2475                                                                                           
   -----------------------------------------------------------------------------------------------------------------------------------------------------------------------------------------------
   RBB_11/BQ                  RBB_6L       11  [TILE 0 0, RBB 10 14]        800     r            3275     {inst105: rst_sync_FDRE_Q (FD,site=bff)}                                              
   r_RX_DV_FDRE_Q_D[0]        Net         105            (fanout=16)       1124                     -                                                                                           
   RBB_25/D2                  RBB_6L       25  [TILE 0 0, RBB 10 12]          -     r            4399     {inst109: rx_sync_LUT5_I2 (LUT,site=dlut)} {inst99: r_SM_Main_FDRE_Q_1 (FD,site=dff)} 
   -----------------------------------------------------------------------------------------------------------------------------------------------------------------------------------------------
   RBB_25/CLK                 RBB_6L       25  [TILE 0 0, RBB 10 12]        861     r            5260                                                                                           
   clk_BUFG_I_O               Clock net    82           (fanout=519)      -2475                     -                                                                                           
   clk                        CLOCK-PORT    -                      -    capture     r            2785                                                                                           
   -----------------------------------------------------------------------------------------------------------------------------------------------------------------------------------------------


Path 251:
   Slack (met):                             17093ps
     Path type:                               SETUP
     Group:                               <DEFAULT>
     Launching clock:                           clk (rising edge)
     Capturing clock:                           clk (rising edge)

     Requested period:                      20000ps
   + Delay of the capturing clock:           2434ps
   - Clock uncertainty:                       150ps
   = Required time:                         22284ps
   - Propagation time:                       2757ps (58.1% logic, 41.9% route, logic stage 1)
   - Delay of the launching clock:           2434ps
   = Slack:                                 17093ps

   Instance/Pin or Net Name                                                       Type         ID     Location or Fanout   Delay(ps)  Edge  Arrival Time(ps)    Instance detail                                                                                                                              
   ------------------------------------------------------------------------------------------------------------------------------------------------------------------------------------------------------------------------------------------------------------------------------------------------------------
   clk                                                                            CLOCK-PORT    -                      -     launch     r               0                                                                                                                                                    
   clk_BUFG_I_O                                                                   Clock net    82           (fanout=519)       2434                     -                                                                                                                                                    
   RBB_20/CLK                                                                     RBB_6L       20  [TILE 0 0, RBB 16 10]          -     r            2434                                                                                                                                                    
   ------------------------------------------------------------------------------------------------------------------------------------------------------------------------------------------------------------------------------------------------------------------------------------------------------------
   RBB_20/CQ                                                                      RBB_6L       20  [TILE 0 0, RBB 16 10]        800     r            3234     {inst87: r_RX_Byte_FDRE_Q_5 (FDRE,site=cff)}                                                                                                   
   r_Bit_Index_FDRE_Q_D_LUT2_O_I1_CARRY4_O_S_CARRY4_S_O_LUT4_I3_O_LUT4_O_2_I3[0]  Net          65             (fanout=3)       1156                     -                                                                                                                                                    
   RBB_20/C1                                                                      RBB_6L       20  [TILE 0 0, RBB 16 10]          -     r            4390     {inst29: r_Bit_Index_FDRE_Q_D_LUT2_O_I1_CARRY4_O_S_CARRY4_S_O_LUT4_I3_O_LUT4_O_2 (LUT,site=clut)} {inst87: r_RX_Byte_FDRE_Q_5 (FDRE,site=cff)} 
   ------------------------------------------------------------------------------------------------------------------------------------------------------------------------------------------------------------------------------------------------------------------------------------------------------------
   RBB_20/CLK                                                                     RBB_6L       20  [TILE 0 0, RBB 16 10]        801     r            5191                                                                                                                                                    
   clk_BUFG_I_O                                                                   Clock net    82           (fanout=519)      -2434                     -                                                                                                                                                    
   clk                                                                            CLOCK-PORT    -                      -    capture     r            2757                                                                                                                                                    
   ------------------------------------------------------------------------------------------------------------------------------------------------------------------------------------------------------------------------------------------------------------------------------------------------------------


Path 237:
   Slack (met):                             17108ps
     Path type:                               SETUP
     Group:                               <DEFAULT>
     Launching clock:                           clk (rising edge)
     Capturing clock:                           clk (rising edge)

     Requested period:                      20000ps
   + Delay of the capturing clock:           2449ps
   - Clock uncertainty:                       150ps
   = Required time:                         22299ps
   - Propagation time:                       2748ps (47.9% logic, 52.1% route, logic stage 1)
   - Delay of the launching clock:           2443ps
   = Slack:                                 17108ps

   Instance/Pin or Net Name   Type         ID     Location or Fanout   Delay(ps)  Edge  Arrival Time(ps)    Instance detail                                                                                                     
   -------------------------------------------------------------------------------------------------------------------------------------------------------------------------------------------------------------------------------
   clk                        CLOCK-PORT    -                      -     launch     r               0                                                                                                                           
   clk_BUFG_I_O               Clock net    82           (fanout=519)       2443                     -                                                                                                                           
   RBB_16/CLK                 RBB_6L       16   [TILE 0 0, RBB 7 14]          -     r            2443                                                                                                                           
   -------------------------------------------------------------------------------------------------------------------------------------------------------------------------------------------------------------------------------
   RBB_16/DQ                  RBB_6L       16   [TILE 0 0, RBB 7 14]        800     r            3243     {inst100: r_SM_Main_FDRE_Q_2 (FD,site=dff)}                                                                           
   r_SM_Main[2]               Net          37            (fanout=24)       1431                     -                                                                                                                           
   RBB_8/D2                   RBB_6L        8  [TILE 0 0, RBB 13 14]          -     r            4674     {inst20: r_Bit_Index_FDRE_Q_D_LUT2_O_I1_CARRY4_O_O_LUT5_I3 (LUT,site=dluto)} {inst98: r_SM_Main_FDRE_Q (FD,site=dff)} 
   -------------------------------------------------------------------------------------------------------------------------------------------------------------------------------------------------------------------------------
   RBB_8/CLK                  RBB_6L        8  [TILE 0 0, RBB 13 14]        517     r            5191                                                                                                                           
   clk_BUFG_I_O               Clock net    82           (fanout=519)      -2449                     -                                                                                                                           
   clk                        CLOCK-PORT    -                      -    capture     r            2742                                                                                                                           
   -------------------------------------------------------------------------------------------------------------------------------------------------------------------------------------------------------------------------------


Path 238:
   Slack (met):                             17141ps
     Path type:                               SETUP
     Group:                               <DEFAULT>
     Launching clock:                           clk (rising edge)
     Capturing clock:                           clk (rising edge)

     Requested period:                      20000ps
   + Delay of the capturing clock:           2449ps
   - Clock uncertainty:                       150ps
   = Required time:                         22299ps
   - Propagation time:                       2683ps (49.1% logic, 50.9% route, logic stage 1)
   - Delay of the launching clock:           2475ps
   = Slack:                                 17141ps

   Instance/Pin or Net Name   Type         ID     Location or Fanout   Delay(ps)  Edge  Arrival Time(ps)    Instance detail                                                                                                     
   -------------------------------------------------------------------------------------------------------------------------------------------------------------------------------------------------------------------------------
   clk                        CLOCK-PORT    -                      -     launch     r               0                                                                                                                           
   clk_BUFG_I_O               Clock net    82           (fanout=519)       2475                     -                                                                                                                           
   RBB_11/CLK                 RBB_6L       11  [TILE 0 0, RBB 10 14]          -     r            2475                                                                                                                           
   -------------------------------------------------------------------------------------------------------------------------------------------------------------------------------------------------------------------------------
   RBB_11/BQ                  RBB_6L       11  [TILE 0 0, RBB 10 14]        800     r            3275     {inst105: rst_sync_FDRE_Q (FD,site=bff)}                                                                              
   r_RX_DV_FDRE_Q_D[0]        Net         105            (fanout=16)       1366                     -                                                                                                                           
   RBB_8/D3                   RBB_6L        8  [TILE 0 0, RBB 13 14]          -     r            4641     {inst20: r_Bit_Index_FDRE_Q_D_LUT2_O_I1_CARRY4_O_O_LUT5_I3 (LUT,site=dluto)} {inst98: r_SM_Main_FDRE_Q (FD,site=dff)} 
   -------------------------------------------------------------------------------------------------------------------------------------------------------------------------------------------------------------------------------
   RBB_8/CLK                  RBB_6L        8  [TILE 0 0, RBB 13 14]        517     r            5158                                                                                                                           
   clk_BUFG_I_O               Clock net    82           (fanout=519)      -2449                     -                                                                                                                           
   clk                        CLOCK-PORT    -                      -    capture     r            2709                                                                                                                           
   -------------------------------------------------------------------------------------------------------------------------------------------------------------------------------------------------------------------------------


Path 241:
   Slack (met):                             17174ps
     Path type:                               SETUP
     Group:                               <DEFAULT>
     Launching clock:                           clk (rising edge)
     Capturing clock:                           clk (rising edge)

     Requested period:                      20000ps
   + Delay of the capturing clock:           2434ps
   - Clock uncertainty:                       150ps
   = Required time:                         22284ps
   - Propagation time:                       2676ps (58.8% logic, 41.2% route, logic stage 1)
   - Delay of the launching clock:           2434ps
   = Slack:                                 17174ps

   Instance/Pin or Net Name                                 Type         ID     Location or Fanout   Delay(ps)  Edge  Arrival Time(ps)    Instance detail                                                                                                                   
   ---------------------------------------------------------------------------------------------------------------------------------------------------------------------------------------------------------------------------------------------------------------------------
   clk                                                      CLOCK-PORT    -                      -     launch     r               0                                                                                                                                         
   clk_BUFG_I_O                                             Clock net    82           (fanout=519)       2434                     -                                                                                                                                         
   RBB_20/CLK                                               RBB_6L       20  [TILE 0 0, RBB 16 10]          -     r            2434                                                                                                                                         
   ---------------------------------------------------------------------------------------------------------------------------------------------------------------------------------------------------------------------------------------------------------------------------
   RBB_20/AQ                                                RBB_6L       20  [TILE 0 0, RBB 16 10]        800     r            3234     {inst89: r_RX_Byte_FDRE_Q_7 (FDRE,site=aff)}                                                                                        
   r_Bit_Index_FDRE_Q_D_LUT2_O_I1_CARRY4_O_S_CARRY4_S_O[1]  Net         148             (fanout=1)       1102                     -                                                                                                                                         
   RBB_20/A1                                                RBB_6L       20  [TILE 0 0, RBB 16 10]          -     r            4336     {inst25: r_Bit_Index_FDRE_Q_D_LUT2_O_I1_CARRY4_O_S_CARRY4_S_O_LUT4_I3 (LUT,site=alut)} {inst89: r_RX_Byte_FDRE_Q_7 (FDRE,site=aff)} 
   ---------------------------------------------------------------------------------------------------------------------------------------------------------------------------------------------------------------------------------------------------------------------------
   RBB_20/CLK                                               RBB_6L       20  [TILE 0 0, RBB 16 10]        774     r            5110                                                                                                                                         
   clk_BUFG_I_O                                             Clock net    82           (fanout=519)      -2434                     -                                                                                                                                         
   clk                                                      CLOCK-PORT    -                      -    capture     r            2676                                                                                                                                         
   ---------------------------------------------------------------------------------------------------------------------------------------------------------------------------------------------------------------------------------------------------------------------------


Path 482:
   Slack (met):                             17237ps
     Path type:                               SETUP
     Group:                               <DEFAULT>
     Launching clock:                           clk (rising edge)
     Capturing clock:                           clk (rising edge)

     Requested period:                      20000ps
   + Delay of the capturing clock:           2475ps
   - Clock uncertainty:                       150ps
   = Required time:                         22325ps
   - Propagation time:                       2636ps (38.3% logic, 61.7% route, logic stage 1)
   - Delay of the launching clock:           2452ps
   = Slack:                                 17237ps

   Instance/Pin or Net Name   Type         ID     Location or Fanout   Delay(ps)  Edge  Arrival Time(ps)    Instance detail                                                          
   ------------------------------------------------------------------------------------------------------------------------------------------------------------------------------------
   clk                        CLOCK-PORT    -                      -     launch     r               0                                                                                
   clk_BUFG_I_O               Clock net    82           (fanout=519)       2452                     -                                                                                
   RBB_0/CLK                  IOB           0   [TILE 0 0, RBB 0 23]          -     r            2452                                                                                
   ------------------------------------------------------------------------------------------------------------------------------------------------------------------------------------
   RBB_0/I[0]                 IOB           0   [TILE 0 0, RBB 0 23]          0     r            2452     {(input_port) inst113: g_113_rx_ibuf (IO)} {inst106: rx_meta_FDSE_Q (FDR)} 
   rx_meta                    Net           7             (fanout=1)       1627                     -                                                                                
   RBB_11/C6                  RBB_6L       11  [TILE 0 0, RBB 10 14]          -     r            4079     {inst107: rx_sync_FDSE_Q (FDR,site=cffo)}                                  
   ------------------------------------------------------------------------------------------------------------------------------------------------------------------------------------
   RBB_11/CLK                 RBB_6L       11  [TILE 0 0, RBB 10 14]       1009     r            5088                                                                                
   clk_BUFG_I_O               Clock net    82           (fanout=519)      -2475                     -                                                                                
   clk                        CLOCK-PORT    -                      -    capture     r            2613                                                                                
   ------------------------------------------------------------------------------------------------------------------------------------------------------------------------------------


Path 252:
   Slack (met):                             17260ps
     Path type:                               SETUP
     Group:                               <DEFAULT>
     Launching clock:                           clk (rising edge)
     Capturing clock:                           clk (rising edge)

     Requested period:                      20000ps
   + Delay of the capturing clock:           2434ps
   - Clock uncertainty:                       150ps
   = Required time:                         22284ps
   - Propagation time:                       2590ps (58.8% logic, 41.2% route, logic stage 1)
   - Delay of the launching clock:           2434ps
   = Slack:                                 17260ps

   Instance/Pin or Net Name                                   Type         ID     Location or Fanout   Delay(ps)  Edge  Arrival Time(ps)    Instance detail                                                                                                                              
   ----------------------------------------------------------------------------------------------------------------------------------------------------------------------------------------------------------------------------------------------------------------------------------------
   clk                                                        CLOCK-PORT    -                      -     launch     r               0                                                                                                                                                    
   clk_BUFG_I_O                                               Clock net    82           (fanout=519)       2434                     -                                                                                                                                                    
   RBB_20/CLK                                                 RBB_6L       20  [TILE 0 0, RBB 16 10]          -     r            2434                                                                                                                                                    
   ----------------------------------------------------------------------------------------------------------------------------------------------------------------------------------------------------------------------------------------------------------------------------------------
   RBB_20/BQ                                                  RBB_6L       20  [TILE 0 0, RBB 16 10]        800     r            3234     {inst88: r_RX_Byte_FDRE_Q_6 (FDRE,site=bff)}                                                                                                   
   r_Bit_Index_FDRE_Q_D_LUT2_O_I1_CARRY4_O_S_CARRY4_S_O_1[1]  Net          86             (fanout=2)       1068                     -                                                                                                                                                    
   RBB_20/B2                                                  RBB_6L       20  [TILE 0 0, RBB 16 10]          -     r            4302     {inst33: r_Bit_Index_FDRE_Q_D_LUT2_O_I1_CARRY4_O_S_CARRY4_S_O_LUT4_I3_O_LUT5_O_2 (LUT,site=blut)} {inst88: r_RX_Byte_FDRE_Q_6 (FDRE,site=bff)} 
   ----------------------------------------------------------------------------------------------------------------------------------------------------------------------------------------------------------------------------------------------------------------------------------------
   RBB_20/CLK                                                 RBB_6L       20  [TILE 0 0, RBB 16 10]        722     r            5024                                                                                                                                                    
   clk_BUFG_I_O                                               Clock net    82           (fanout=519)      -2434                     -                                                                                                                                                    
   clk                                                        CLOCK-PORT    -                      -    capture     r            2590                                                                                                                                                    
   ----------------------------------------------------------------------------------------------------------------------------------------------------------------------------------------------------------------------------------------------------------------------------------------


Path 254:
   Slack (met):                             17422ps
     Path type:                               SETUP
     Group:                               <DEFAULT>
     Launching clock:                           clk (rising edge)
     Capturing clock:                           clk (rising edge)

     Requested period:                      20000ps
   + Delay of the capturing clock:           2449ps
   - Clock uncertainty:                       150ps
   = Required time:                         22299ps
   - Propagation time:                       2428ps (54.2% logic, 45.8% route, logic stage 1)
   - Delay of the launching clock:           2449ps
   = Slack:                                 17422ps

   Instance/Pin or Net Name   Type         ID     Location or Fanout   Delay(ps)  Edge  Arrival Time(ps)    Instance detail                                                                                                     
   -------------------------------------------------------------------------------------------------------------------------------------------------------------------------------------------------------------------------------
   clk                        CLOCK-PORT    -                      -     launch     r               0                                                                                                                           
   clk_BUFG_I_O               Clock net    82           (fanout=519)       2449                     -                                                                                                                           
   RBB_8/CLK                  RBB_6L        8  [TILE 0 0, RBB 13 14]          -     r            2449                                                                                                                           
   -------------------------------------------------------------------------------------------------------------------------------------------------------------------------------------------------------------------------------
   RBB_8/DQ                   RBB_6L        8  [TILE 0 0, RBB 13 14]        800     r            3249     {inst98: r_SM_Main_FDRE_Q (FD,site=dff)}                                                                              
   r_SM_Main[4]               Net          39            (fanout=15)       1111                     -                                                                                                                           
   RBB_8/D1                   RBB_6L        8  [TILE 0 0, RBB 13 14]          -     r            4360     {inst20: r_Bit_Index_FDRE_Q_D_LUT2_O_I1_CARRY4_O_O_LUT5_I3 (LUT,site=dluto)} {inst98: r_SM_Main_FDRE_Q (FD,site=dff)} 
   -------------------------------------------------------------------------------------------------------------------------------------------------------------------------------------------------------------------------------
   RBB_8/CLK                  RBB_6L        8  [TILE 0 0, RBB 13 14]        517     r            4877                                                                                                                           
   clk_BUFG_I_O               Clock net    82           (fanout=519)      -2449                     -                                                                                                                           
   clk                        CLOCK-PORT    -                      -    capture     r            2428                                                                                                                           
   -------------------------------------------------------------------------------------------------------------------------------------------------------------------------------------------------------------------------------


Path 483:
   Slack (met):                             17660ps
     Path type:                               SETUP
     Group:                               <DEFAULT>
     Launching clock:                           clk (rising edge)
     Capturing clock:                           clk (rising edge)

     Requested period:                      20000ps
   + Delay of the capturing clock:           2475ps
   - Clock uncertainty:                       150ps
   = Required time:                         22325ps
   - Propagation time:                       2213ps (30.1% logic, 69.9% route, logic stage 1)
   - Delay of the launching clock:           2452ps
   = Slack:                                 17660ps

   Instance/Pin or Net Name   Type         ID     Location or Fanout   Delay(ps)  Edge  Arrival Time(ps)    Instance detail                                                                             
   -------------------------------------------------------------------------------------------------------------------------------------------------------------------------------------------------------
   clk                        CLOCK-PORT    -                      -     launch     r               0                                                                                                   
   clk_BUFG_I_O               Clock net    82           (fanout=519)       2452                     -                                                                                                   
   RBB_1/CLK                  IOB           1   [TILE 0 0, RBB 0 24]          -     r            2452                                                                                                   
   -------------------------------------------------------------------------------------------------------------------------------------------------------------------------------------------------------
   RBB_1/I[0]                 IOB           1   [TILE 0 0, RBB 0 24]          0     r            2452     {(input_port) inst112: g_112_rst_ibuf (IO)} {inst104: rst_meta_FDRE_Q (FD)}                   
   rst_meta                   Net           6             (fanout=1)       1546                     -                                                                                                   
   RBB_11/B3                  RBB_6L       11  [TILE 0 0, RBB 10 14]          -     r            3998     {inst131: rst_sync_FDRE_Q_buf131_i (LUT,site=bluto)} {inst105: rst_sync_FDRE_Q (FD,site=bff)} 
   -------------------------------------------------------------------------------------------------------------------------------------------------------------------------------------------------------
   RBB_11/CLK                 RBB_6L       11  [TILE 0 0, RBB 10 14]        667     r            4665                                                                                                   
   clk_BUFG_I_O               Clock net    82           (fanout=519)      -2475                     -                                                                                                   
   clk                        CLOCK-PORT    -                      -    capture     r            2190                                                                                                   
   -------------------------------------------------------------------------------------------------------------------------------------------------------------------------------------------------------













