# File generated by ForgeFPGA Workshop v.6.55 (Build 001)
## Project name: spi_loopback_led
## Netlist name: internal: netlist.edif
# Generation date: Wed Aug 26 22:51:31 2026
# Synthesis tool: Yosys v.0.37
# Place and Route tool: v.23
# Netlist SHA-256 0bc0656ab131efa2473ad3e9410600a3061a9d82dc8cff6a7a5008523eaacd9f
## High Density IO Packaging: off
## High Density Packaging Logic: on
## Timing Driven Packing Threshold: 70
## Clock-Concurrent Optimization CCopt: on
## Place-and-Trial-route: off
## Place-and-Trial-route iteration count: 20
## Max-CPU: 16
## Maximum Routing Iterations: 300
## Timing Analysis Corner: tt1pv25c_typical(0)

# axi_bus_width: 32, bits_per_cycle_per_tile: 32, array_size: 1x1, crc16: false
22222220
00000000
00000000
00000000
00550057
00000000
00aa00a8
00000000
00000000
00000000
11111113

2a2aaaa8
2aaaaaa8
ffffffff
ffffffff
ffffffff
00000000
ffffffff
ff7fffff
fdffffff
d5555557
d5555557

01400140
ffbfffff
d5554157
d5555557
2aaaaaa8
00000000
d5555557
2aaaaaa8
2aaaaaa8
fd7ffd7f
00400000

094889c8
d5155557
d5554157
d5555557
d5001500
00000000
2a00aa00
2aaaaaa8
2aaaaaa8
282aa828
c4044444

00000000
00000000
00000000
00000000
00004000
00000000
00000000
00000000
00000000
00000000
00000000

22222220
2aaaaaa8
2aaaaaa8
2aaaaaa8
2affaeff
00000000
d57f55ff
d5555557
d5555557
d5555557
11100113

2aeaabe8
ffffffff
d5555457
d5555557
ffffffff
00800400
ffffffff
2aaa0aa8
2aa2aaa8
fd7ffd7f
d5555557

00000000
00000400
d5555557
d5555557
00000000
00800400
00800000
2aaaaaa8
2aaaaaa8
00000000
00004000

08880888
00000000
00000000
00000000
d5005100
00000000
2a00aa00
00000000
00000000
00000000
c4440444

01008140
ffbfffff
2aaaaba8
2aaaaaa8
2aaaaaa8
00000000
d5555557
d555f557
d5555557
fd7ffd7f
00011000

23622360
ffbfffff
00000000
00000000
00550057
00000400
00aa00a8
00000000
00080000
fd7ffd7f
11111113

2aaaaaa8
00000000
00000000
00000000
d5555557
00000400
2aaaaaa8
00000000
00000000
00000000
d5555557

00400000
00000000
00000000
00000000
2aaaaea8
00000000
d5555557
00000000
00000000
00000000
00400000

09c889c8
ffffffff
ffffffff
d5555557
d5005100
00000000
2a00aa00
2aaaaaa8
ffffffff
fd7ffd7f
c4044444

00000000
2aaaaaa8
d5555557
2aaaaaa8
2aaaaaa8
00000000
d5555557
d5555557
2aaaaaa8
d5555557
00000000

22200220
00000000
00000000
00000000
00550057
00000000
00a200a8
00000000
00000000
00000000
11115113

2beaabe8
d5555557
00000000
00000000
d5555557
00088000
2aaaaaa8
00000000
00000000
282aa828
d5555157

01000040
fffffbff
ffffffff
d5555557
2aaaaaa8
00080000
d5555557
2aaaaaa8
ffffffff
fd7ffd7f
00000000

09caa9c8
fffffbff
d5555557
00000000
d5005500
00008000
2a08aa00
00000000
2aaaaaa8
fd7ffd7f
c4440044

00400000
00000000
00000000
2aaaaaa8
2aaaaaa8
00000000
d5555557
d5555557
00000000
00000000
00000000

00000100
00000000
d5155157
d5155157
00550057
00000000
00aa00a8
2a2aa8a8
2a2aa8a8
00000000
00000000

2a00aa00
2aaaaaa8
ffbfffff
d5155557
d5555557
00000000
2aaaaaa8
2a2aa8a8
ff7ffdff
d5555557
d5005500

00000000
2aaaaaa8
00000400
00000400
2aaaaaa8
00000000
d5555557
00000000
00000000
d5555557
00000000

01400140
d5555557
00000000
00000000
d5005500
00000000
2a40ae00
00000000
00000000
282aa828
00000000

2b40ab40
d5555557
d5155157
ff15fb57
00000200
00000000
00000400
ff2af9a8
2a2aa8a8
282aa828
d5005500

01400140
ffffffff
ffbfffff
ffbffbff
00000200
00400600
00400000
fffffdff
ff7ffdff
fd7ffd7f
00000000

01000140
ffbfffff
00000400
00aa00a8
2a2ba8a8
00000000
d5155157
00d50457
00000000
fd7ffd7f
00000000

2b00ab40
d5155557
00000000
00000000
d5015500
ff00ff00
2a02aa00
00000000
00000000
282aa828
d5005500

00000000
00000000
00000000
2a00aa00
00000000
00000000
00000000
d5005100
00000000
00000000
00000000

00000000
2aaaaaa8
2aabaaa8
2aaaaaa8
00000000
00000000
00002000
d5555557
d5577557
d5555557
00000000

2b40ab40
ffffffff
00000000
00aa00a8
d5005500
ff00ff00
2a008a00
00550457
00022000
fd7ffd7f
d5004500

00000000
00000000
00010000
00000000
00000000
00000000
00020000
00000000
00000000
00000000
00001000

22220620
00000400
00000000
00000000
00550057
00000000
00aa00a8
00000000
00000000
00000800
11100913

2aaa8ea8
2aaaaea8
ffffffff
fffeabff
ffffffff
00002000
ffffffff
fffd57ff
ffffffff
d5555d57
d5555d57

00000400
eaaaaeab
d5551157
d5555557
2aaaaaa8
00000000
d5555557
2aaaaaa8
2aaa0aa8
d5555d57
00000800

08888c88
c0000403
d5555157
d5555557
d5005500
00002000
2a00aa00
2aaaaaa8
2aaaaaa8
00000800
c4455c44

00000000
00000000
00000000
00000000
00000000
00000000
00000000
00000000
00000000
00000000
00000000

22220220
2aaaaaa8
2aaaeaa8
2aaaaaa8
2affaaff
00020000
d5ff55ff
d5555557
d555f557
d5555557
11111113

2aaa8aa8
eaaaaaab
d5554557
d5551557
ffffffff
00020000
ffffffff
2aaaaaa8
2aaaaaa8
d5555557
d5555557

00000000
00000000
d5555557
d5555557
00000000
00000000
00000000
2aaaaaa8
2aaaaaa8
00000000
00000400

08888c88
00000400
00000000
00000000
d5005500
00000000
2a00aa00
00000000
00000000
00000800
c4444844

00000400
2aaaaea8
2aaabaa8
2aaaaaa8
2aaaaaa8
00000000
d5555557
d5555557
d5555557
d5555d57
00000800

22202620
eaaaaeab
00000000
00004000
00550057
00002800
00aa28a8
00000000
00000000
d5555d57
11111913

2aa8aea8
c0000403
00000000
00000000
d5555557
00002800
2aaaaaa8
00000000
00000000
00000800
d5555d57

00000000
00000000
00000000
00000000
2aaaaaa8
00000000
d5555557
00000000
00000000
00000000
00000000

08888888
2aaaaaa8
ffffffff
d5555557
d5005500
00000000
2a008200
2aaaaaa8
ffffffff
d5555557
c4444444

00000000
eaaaaaab
d5555557
2aaaaaa8
2aaaaaa8
00000000
d5555557
d5555557
2aaaaaa8
d5555557
00000000

22220220
00000000
00000000
00000000
00510057
00000000
00aa00a8
00000000
00000000
00000000
11111013

2aaacaa8
c0004003
00000000
00000000
d5555557
00044000
2aaaaaa8
00000000
00000000
00000000
d5555557

00004000
eaaaeaab
ffffffff
d5555557
2aaaaaa8
00040000
d5555557
2aaaaaa8
ffffffff
d5555557
00000000

0888c888
eaaaeaab
d5555557
00000000
d5045500
00004000
2a00aa00
00000000
2aaaaaa8
d5555557
c4044444

00004000
c0004003
00000000
2aaaaaa8
2aaaaaa8
00000000
d5555557
d5555557
00000000
00000000
00400100

00004000
00004000
d5540157
d5540157
00550057
00000000
00aa00a8
2aa802a8
2aa802a8
00000000
00000000

2a00ea00
2aaaeaa8
fffeafff
d5540557
d5555557
00009100
2aaaaaa8
2aa802a8
fffd57ff
d5555557
d5005500

00004000
2aaaeaa8
00000000
00000000
2aaaaba8
00000100
d5555557
00000000
00000000
d5555557
00000000

00004000
00004000
00000400
00000400
ffaafea8
00009000
3f55ff54
00000000
00000000
00000000
00000000

2a00ee00
c0004403
d5540157
ff54eb57
2aaaaaa8
00000000
15555154
ffa815a8
2aa802a8
00000800
d5005d00

00004400
eaaaeeab
fffeafff
fffeefff
2beaabe8
3fffbbfc
17d553d4
fffd1dff
fffd57ff
d5555d57
00000800

00004400
eaaaeeab
00000000
00aa00a8
02800280
00000000
c1400143
00550057
00000000
d5555d57
00000800

2a00ee00
c0004403
00000400
00000400
d7845780
ff00ff00
2b48ab40
00000800
00000000
00000800
d5005d00

00004400
00004400
00000000
2a00aa00
02800280
00000000
01400140
d5001500
00000000
00000800
00000800

00004400
2aaaeea8
2aaeaba8
2aaaaaa8
02840280
00000000
01480140
d5551557
d55d5557
d5555d57
00000800

2a00ee00
eaaaeeab
00040100
00aa00a8
d5005500
ff00ff00
2a00aa00
00550057
00080000
d5555d57
d5005d00

00004400
00004400
00000000
00000000
00000000
00000000
00000000
00000000
00000000
00000800
00000800

00000000
15555554
00000000
00000000
00550057
00000000
00aa80a8
00000000
00000000
2aa88aa8
00000000

3ffffffc
3ffffffc
ffffffff
ffffffff
ffffffff
00008000
ffffffff
ffffffff
ffffffff
fffddfff
ffffffff

22222220
eaaaaaab
d5540157
d5540157
2aaaaaa8
00000000
d5555557
2aa802a8
2aa802a8
d5555557
11111113

00000000
c0000003
d5540157
d5540157
d5005500
00008000
2a002a00
2aa802a8
2aa802a8
00000000
00000000

08888c88
15551554
00000000
00000000
00000000
00000000
00000000
00000000
00000000
2aa88aa8
c4444444

15555154
3fffbffc
2aaaaaa8
2aaaaaa8
2affeaff
00000000
d5ff5dff
d5555557
d5555557
fffddfff
2aaaaaa8

2aaaa2a8
eaaaaaab
d5541157
d5544157
ffffffff
00004800
ffffffff
2aa802a8
2a8802a8
d5555557
d5555557

37762774
00000000
d5545157
d5544157
00000000
00004800
00000000
2aaa02a8
2aa802a8
00000000
3bb913bb

15548154
15551154
00004000
00000000
d5001500
00000000
2a00a200
00000000
00000000
2aa88aa8
2aa846a8

08880488
ffffbfff
2aaaaaa8
2aaaaaa8
2aaaaaa8
00000000
d5555557
d5555557
d5755557
fffddfff
c4440044

00000000
eaaaaaab
00000000
00000000
00154057
00000000
00aa00a8
00020000
00000000
d5555557
00000000

3fffaffc
00000400
00000000
00000000
d5555557
00404000
2aaaaaa8
00000000
00000000
00000000
fffd5fff

37777774
15551154
00000000
00000000
2aaaaaa8
00000000
d5555557
00000000
00000000
00000000
3bb91bbb

00001000
ffffffff
ffffffff
d5540157
d5001500
00404000
2a00aa00
2aa802a8
ffffffff
d5555557
00000000

08888888
2aaaaaa8
d5540157
2aaaaaa8
2aeaaaa8
00000000
d5555557
d5555557
2aa802a8
d5555557
c4444444

0000c000
00004400
00000000
00000000
00550157
00000100
00aa00a8
00000000
00000000
00000000
00000000

2aabe2a8
d5544557
00000000
00000000
d5555557
00003100
2aaaaaa8
00000000
00000000
00000000
d5551557

22222220
fffeefff
ffffffff
d5540157
2aaaaaa8
00002000
d5555557
2aa802a8
ffffffff
d5555557
11111513

00000000
eaaaaaab
d5540157
00000000
d5004400
00001000
2a00aa00
00000000
2aa802a8
d5555557
00000000

1ddd55dc
00000000
00000000
2aaaaaa8
2aaabaa8
00000000
d5555557
d5555557
00000000
2aa88aa8
eeeeaaec

00000000
00011000
d5554157
d5550557
00514057
00002000
00aa20a8
2aaa2aa8
2aaa2aa8
00000000
00000000

2a00aa00
2aabbaa8
fffffbff
d5550557
d5555557
00046000
2aaaaaa8
2aaaaaa8
ffff7fff
d5555557
d5045500

15555554
2aaaaaa8
00000000
00000000
2aaaaaa8
00040000
d5555557
00008000
00000000
d5555d57
2aaaaba8

15555554
c0000003
00001000
00000000
d5063500
00004000
2a01da00
00000000
00000000
2aa882a8
2aaaa2a8

3f55ff54
c0011003
d5550157
ff553357
00022000
00000000
00010000
ffae8ea8
2aaa2aa8
00000000
ffaafea8

00000000
ffffffff
ffffbbff
ffff37ff
15560d54
0003c400
00014000
ffff8fff
ffffffff
fffddfff
00042000

15555554
eaaaaaab
00001000
00aa00a8
00004000
00000000
c0002003
00510057
00008000
fffddfff
2aaaaaa8

2a03aa00
c0000003
00000000
00000400
d5045500
ff00ff00
2a00aa00
00000100
00000000
00000000
d5005500

00001000
15544554
00000000
2a002200
00000000
00000000
00000000
d5000500
00000000
00000000
00020000

15544554
2aaaaaa8
2aaeefa8
2aa822a8
02800280
00000000
00000000
d5550557
d5557557
d5555557
2aa88aa8

3f54ef54
eaaabaab
00044500
00a800a8
d7801780
ff00ff00
2a008a00
00550057
00000000
d5557557
ffa8dfa8

15571554
00001000
00000000
00000000
00040000
00000000
00000000
00000000
00002000
00002000
00000800

00000000
00000000
00000000
00000000
00550057
00000000
00aa08a8
00000000
00000000
00000000
00000000

2aaaeaa8
2aaaaaa8
ffffffff
fffeabff
ffffffff
00000800
ffffffff
fffd57ff
ffffffff
d5555557
d555d157

22222a20
eaaaaaab
d5541157
d5540157
2aaaaaa8
00000800
d5555557
2aa802a8
2aa880a8
d5555557
11111113

00008000
c0000003
d5541157
d5540157
d5005500
00000000
2a00a200
2aa802a8
2aa88aa8
00000000
00000000

08880488
00005000
00000000
00000000
00000000
00000000
00000000
00000000
00000000
00002000
c4444844

00006400
2aaafaa8
2aaaaaa8
2aaaaaa8
2affaeff
00000800
d5ff55ff
d5555557
d5555f57
d5557557
00008800

2aaaa6a8
eaaafaab
d5544557
d5540157
ffffffff
00000c00
fffff7ff
2aa802a8
2aa802a8
d5557557
d5555d57

22220620
00005000
d5544557
d5541157
00000000
00000400
00000000
2aa802a8
2aa802a8
00002000
11111913

00000000
00000000
00000000
00000000
d5005100
00000000
2a00a200
00000000
00000000
00000000
00004000

0888c088
eaaaaaab
2aaaaaa8
2aaabaa8
2aaaaaa8
00000000
d5555557
d5555557
d5555557
d5555557
c4448444

00000800
eaaaaaab
00000000
00000000
00550057
00000000
00aa00a8
00000000
00000000
d5555d57
00000000

2aaaaaa8
00000000
00000000
00000000
d5555557
00000400
2aaaaaa8
00000000
00000000
00000000
d5555157

22220620
00005000
00000000
00000000
2aaaaea8
00000400
d5555557
00000000
00002000
00002000
11111913

0000c400
eaaafaab
ffffffff
d5540157
d5005100
00000000
2a00aa00
2aa822a8
ffffffff
d5557557
0000c800

08882488
2aaafaa8
d5540157
2aaaaaa8
2aaaaaa8
00000000
d5555557
d5555557
2aa802a8
d5557d57
c4440844

00002400
00005000
00000000
00000000
00550057
00000000
00aa20a8
00000000
00000000
00002000
00000800

2aaaaaa8
c0004003
00000000
00000000
d5555557
00002000
2aaaaaa8
00000000
00000000
00000000
d5555557

22220620
eaaaeaab
ffffffff
d5540157
2aaaaaa8
00002000
d5555557
2aa802a8
ffffffff
d5555557
11111913

00000400
eaaaeaab
d5540157
00000000
d5005500
00000000
2a008a00
00000000
2aa802a8
d5555557
00004c00

08888888
00004000
00000000
2aaaaaa8
2aaaaaa8
00000000
d5555557
d5555557
00000000
00000000
c4440044

00004000
00007400
d5550157
d5551157
00450057
00000000
00aa00a8
3aaa2aa8
2aaa2aa8
00002000
00008000

2a00ae00
2aaafea8
ffffabff
d5555557
d5555557
00100400
2aaaaaa8
2aaa2aa8
ffffffff
d5557557
d5015d00

00000400
2aaadaa8
00000000
00004000
2aaaaea8
00000400
c5555557
00000000
00000000
d5557557
00000800

00000000
c0005003
00000000
00000400
ffa873a8
00100000
3f54bf54
00000000
00008000
00002000
00000000

2a00aa00
c0004003
d5551557
ff544757
2aba82a8
00000000
15550554
ffa98ba8
2aaa2aa8
00000000
d5005500

00000400
eaaaeaab
ffffffff
ffff47ff
2be8abe8
3ffc47fc
17d407d4
ffff8bff
ffff7fff
d5555557
00010800

00000400
eaaaeaab
00004000
00ab00a8
02800280
00000000
c1400143
00560057
00000000
d5555557
00000800

2a00aa00
c0004003
00000000
00000000
d7805780
ff00ff00
2b40ab40
00000000
00000000
00000000
d5005500

00004000
00005000
00000000
2a000200
02800280
00000000
01400140
d5000100
00000000
00002000
00008000

00000400
2aaafaa8
2aaaeea8
2aaa02a8
02800280
00000000
01400140
d5550157
d5555557
d5557557
00000800

2a00ee00
eaaafaab
00004400
00aa00a8
d5005500
ff00ff00
2a00aa00
00550057
00000000
d5557557
d500dd00

00004000
00005000
00000000
00000000
00000000
00000000
00000000
00000000
00000000
00002000
00008000

22212220
00014000
00000000
00000000
00500457
00020000
00a880a8
00000000
00000000
00000000
11161113

2aac2aa8
2aafeaa8
ffffffff
ffffabff
ffffffff
00078400
fffdffff
fff557ff
ffffffff
d5555557
d555d557

00040800
eaafeeab
d5500157
d5500157
2aaaaaa8
00010400
d5555557
2aa002a8
2aa802a8
d55d5d57
00088000

08890088
c0014403
d5501157
d5501557
d5045100
00048000
2a002a00
2aa002a8
2aa802a8
00000800
c4420444

00000000
00005000
00000000
00000400
00010000
00000000
00000000
00000000
00000000
000a2000
00094000

2226a220
2aaefaa8
2aaabaa8
2aaabaa8
2affbaff
00010000
d5ff55ff
d5555557
d5555557
d55f7557
11189113

2aafaaa8
eaaefeab
d5500157
d5540157
ffffffff
0003d800
ffffffff
2aa082a8
2aa00aa8
d55f7d57
d55fd557

00010000
00005400
d5501557
d5551557
00000000
0000d000
00000000
2aa8a2a8
2aa00aa8
00022800
00020000

08880888
00004000
00000400
00000400
d5004500
00020800
2a00a200
00080000
00000000
00000000
c4454044

00000400
2aaaeaa8
2aaaaaa8
2aabbaa8
2aaaaaa8
00000000
d5555d57
d5557557
d5555557
d5555557
00008c00

22262620
eaaeeeab
00001000
00000000
00550057
00000000
00a008a8
00000000
00000000
d55d5d57
11181913

2aaa2aa8
c0004403
00000000
00000000
d5555557
000a0800
2aaaaaa8
00000000
00000000
00000800
d5545557

00000000
00005000
00000000
00000000
2aaaaaa8
000a0000
d5555557
00000000
00000000
00082000
00080400

08880c88
2aaafaa8
ffffffff
d5501557
d5005500
00000800
2a0aa200
2aa002a8
ffffffff
d55d7557
c4488844

00040400
eaaefeab
d5500157
2aaaaea8
2aaaaaa8
00000000
d5555557
d5555557
2aa002a8
d55d7d57
000cc800

22222220
00005400
00000000
00001000
00500057
00020000
00a800a8
00000000
00000000
00002800
11110513

2aaaa6a8
c0000003
00000000
00000000
d5555557
00073300
2aa8aaa8
00000000
00000000
00000000
d5550d57

00010400
eaabaaab
ffffffff
d5501557
2aaaaba8
00001100
d5555757
2aa002a8
ffffffff
d5555557
000c0800

08888488
eaaaaaab
d5500157
00000400
d5055400
00052200
2a00a800
00000000
2aa002a8
d5555557
c4400844

00000400
c0000003
00000000
2aaabaa8
2aaaaaa8
00000000
d5555557
d5555557
00000000
00000000
00000800

00000400
00000400
d5501157
d5504557
00550057
00002000
00a820a8
2aa8a2a8
2aa222a8
00080800
00020800

2a01ae00
2aabaea8
fffabfff
d5545557
d5555557
0002a100
2aaaaaa8
2aa8a2a8
ffffffff
d55d5d57
d50a5d00

00040400
2aaeaea8
00000400
00041000
2aaaaba8
00028100
d555d557
00000000
00088800
d55d5d57
00080800

00040400
00040400
00000000
00000000
ffaa5ea8
00000000
3f561f54
00000000
00000000
00080800
00080800

2a042e00
c0041003
d5501157
ff513357
2aa0aaa8
00000000
15504554
ffa063a8
2aaaaaa8
00022000
d5005d00

00058000
eaafbaab
fffebbff
ffff73ff
2be00be8
3ff743fc
17d407d4
fffd77ff
ffffffff
d5577557
00080800

00010400
eaabbaab
00040000
00ae40a8
02800680
00000000
c1400143
00551457
00000000
d5577557
00020800

2a01ae00
c0015003
00000000
00000000
d7805780
ff00ff00
2b40ab40
00080000
00000000
00022000
d5025d00

00040400
00041400
00000000
2a002200
02800280
00000000
01400140
d5004100
00000000
000a2800
00021800

00050000
2aafbea8
2aaaaea8
2aaa22a8
02800280
00000000
01400140
d5554557
d5555557
d55f7d57
000a0800

2a05ae00
eaafbeab
00000400
00aa00a8
d5005100
ff00ff00
2a00aa00
00550457
00000000
d55f7d57
d50a4d00

00050400
00051400
00000000
00000000
00000000
00000000
00000000
00000000
00000000
000a2800
000a0800

22202a20
00040000
00000000
00000000
00510057
00000000
00a800a8
00000000
00000000
00000000
11140113

3fffbffc
2aaebaa8
ffffffff
ffffffff
ffffffff
00060800
ffffffff
ffff7fff
ffff7fff
d555f557
ffffffff

00001400
eaaabaab
d5504157
d5500157
2aaaaaa8
00060800
d5555d57
2aa002a8
2aa002a8
d555f557
00003800

088a0088
c0001403
d5504157
d5500157
d5045500
00000000
2a02a200
2aa002a8
2aa002a8
00000000
c4414444

00008000
15555554
00000000
00000000
00000000
00000000
00000000
00000000
00000000
2aa002a8
00000000

37770374
2aaaaaa8
2aaaaaa8
2aaaaaa8
2afeaeff
000c0000
d5ff5dff
d5555557
d5555557
fff557ff
3bba83bb

2aaaaaa8
eaaaaaab
d5500457
d5500157
ffffffff
000d0c00
ffffffff
2aa002a8
2aa080a8
d5555557
d5555157

15500154
15554154
d5500557
d5505157
00000000
00010400
00000000
2aa822a8
2aa0a2a8
00000000
2aa042a8

1dd0a9dc
00055400
00000000
00004000
d5015100
00000800
2a00a200
00080000
00000000
00000000
eee012ec

00080000
eaaffeab
2aaaaba8
2aaabaa8
2aaaaaa8
00000000
d5555557
d5555557
d5555757
ffff57ff
00050000

22202220
eaaaaaab
00000000
00000000
00540057
00000000
00aa00a8
00002000
00002000
d5555557
11101113

3ffaabfc
00000000
00000000
00000000
d5555557
00010000
2aaaaaa8
00000000
00000000
00000000
fffaf3ff

1555dd54
15501154
00000000
00000000
2aaaaaa8
00010000
d5555557
00000000
00000000
00000000
2aaaa2a8

088a0088
fffabbff
ffffffff
d5500157
d5005500
00000000
2a00aa00
2aa002a8
ffffffff
ffff57ff
c4400044

00001400
2aaaaaa8
d5500157
2aaaaaa8
2aabaaa8
00000000
d5555557
d5555557
2aa002a8
d5555557
00004000

22256220
00000000
00000000
00000000
00504157
00000100
00a0a0a8
00000000
00000000
00008000
11101113

2aa7f2a8
d5541157
00000000
00000000
d5555557
000ff100
2aaaaaa8
00000000
00000000
00008000
d5555557

00020000
fffebbff
ffffffff
d5500157
2aaaaaa8
0005e000
d5555557
2aa002a8
ffffffff
d5555557
00014000

08808088
eaaaaaab
d5500157
00000000
d5001400
000a1000
2a0a0a00
00000000
2aa002a8
d557d557
c4440044

15555554
00000000
00000000
2aaaaaa8
2aafaaa8
00000000
d5555557
d5555557
00000000
00028000
2aaaaea8

00000000
15551154
d5555157
d5551157
00550057
00000000
00aa80a8
2aa822a8
2aa822a8
2aa0a2a8
00000000

2a00ea00
3fffbffc
ffffffff
d5551157
d5555557
0000d200
2aaaaaa8
2aaa22a8
fffff7ff
fffff7ff
d5005500

15551554
2aaaaea8
00000000
00000000
2aaafaa8
00005200
d5555757
00020000
00028000
d5575557
2aaaaaa8

15551554
c0000003
00000400
00000000
d50a0d00
00008000
2a056c00
00000000
00000000
00080000
2aaaaaa8

2a002a00
d5551157
d5550557
ff510757
000aa800
00000000
00011400
ffa29ba8
2aa82aa8
2aa0a2a8
ffaaffa8

00008000
ffffffff
ffffbfff
fffb07ff
155a8954
00098c00
00054400
fff7bbff
fffd7fff
fff5f7ff
00000800

15555554
eaaaeeab
00001000
00aa00a8
00000000
00000000
c0020003
00552057
00000000
d5555557
2aaa8aa8

2a04be00
c0000003
00000000
00000000
d5005500
ff00ff00
2a02a200
00000000
00000000
00000000
d500d500

00000000
15555554
00000000
2a000200
00000000
00000000
00000000
d5001100
00000800
2aa0aaa8
00004000

15514154
3ffffffc
2aaaaaa8
2aaa02a8
02800280
00000000
00002000
d5555157
d5577d57
fff5ffff
2aaa02a8

3f51cb54
eaaaaaab
00000000
00aa00a8
d7805780
ff00ff00
2a008200
00550057
00002000
d5555557
ffaa07a8

15503554
00000000
00000000
00000000
00000000
00000000
00000000
00004000
00020000
00000000
2aaabaa8

00000000
00004000
00000000
00000000
00554057
00004000
00aa00a8
00000000
00000000
00008000
00004000

2aaee2a8
2aabfaa8
ffffffff
ffffebff
ffffffff
00004000
ffffffff
ffff5fff
ffffffff
d555f557
d551d557

22232220
eaabfaab
d5551157
d5555157
2aaaaaa8
00000000
d5555557
2aaa22a8
2aa82aa8
d557f557
11120113

00000000
c0004003
d5551557
d5555557
d5001500
00000000
2a00aa00
2aaaaaa8
2aaaaaa8
00008000
00011000

08888088
00000000
00000400
00000400
00000000
00000000
00000000
00008800
00008000
000a0000
c44a0444

00064400
2aabbaa8
2aaaaaa8
2aaaaaa8
2affaaff
00040000
d5ff55ff
d5555557
d5575557
d55f7557
000a8000

2aabaaa8
eaabbaab
d5554157
d5555157
ffffffff
00040800
ffffffff
2aaa22a8
2aaaa2a8
d5577557
d5575557

2220a220
00000000
d5555557
d5555157
00000000
00000800
00000800
2aaaaaa8
2aaaaaa8
00000000
11111513

00090000
00044000
00000400
00000000
d5005500
00000000
2a00a200
00008800
00000800
00008000
00000000

08854888
eaaffaab
2aaabaa8
2aaaaaa8
2aaaaaa8
00000000
d5555557
d5555557
d5555557
d555f557
c444c044

00070000
eaaffaab
00000000
00000000
00510057
00000400
00aa08a8
00000000
00000000
d55ff557
000a0000

2aaeaaa8
00044000
00000000
00000000
d5555557
00040c00
2aaaaaa8
00000000
00000000
00088000
d55d5557

22290a20
00040000
00000000
00000000
2aaaaea8
00000000
d5555557
00000000
00000000
000a0000
111b1913

0005c400
eaafbaab
ffffffff
d5555557
d5045100
00040800
2a00a200
2aaaaaa8
ffffffff
d55f7557
000a8c00

08852088
2aafbaa8
d5555517
2aaaaaa8
2aaaaaa8
00000000
d5555557
d555dd57
2aaa22a8
d55f7557
c44e4044

00060000
00040000
00000040
00000000
00554157
00046100
00aa20a8
00000000
00000000
00080000
00080000

2aaaaaa8
c0000003
00000000
00000000
d5555557
00046100
2aaaaaa8
00000000
00000000
00000800
d5555d57

2225a220
eaafaaab
ffffffff
d5555557
2aaaaaa8
00000000
d5555557
2aaaaaa8
ffffffff
d5555557
11119513

00080000
eaaaaaab
d5555157
00000400
d5001400
00000000
2a008a00
00008800
2aaa22a8
d5555557
00000000

08800888
00000000
00000000
2aaaaaa8
2aaaaaa8
00000000
d5555557
d5555557
00000000
00000000
c4444044

00004000
00004000
d5500157
d5500557
00500057
00000000
00aa00a8
2aa002a8
2aa08aa8
00008000
000a0000

2a05ea00
2aafeaa8
fffaafff
d5501557
d5555557
00051100
2aaaaaa8
2aa002a8
fff5dfff
d555d557
d50ad500

00004000
2aaaeaa8
00000400
00001000
2aaaaba8
00010100
d5555557
00000000
00000000
d5555557
00000000

00004000
c0004003
00000000
00000000
ffaedea8
00041000
3f50fb54
00000000
00000000
00000000
00000000

2a00aa00
c0001003
d5500157
ff552357
2aa1a2a8
00000000
15500554
ffa0d3a8
2aa002a8
000a2400
d5005500

00050000
eaafbaab
fffaabff
ffff23ff
2be08be8
3ff50ffc
17d007d4
fff5d7ff
fff557ff
d55f7557
00008000

00050000
eaafbaab
00000000
00aa00a8
02800280
00000000
c1400143
00550457
00000000
d55ff157
000a8000

2a05aa00
c0051003
00000000
00000000
d7805780
ff00ff00
2b40ab40
00000000
00000000
000aa000
d50ad500

00004000
00005000
00000000
2a002200
02800280
00000000
01400140
d5004100
00000000
000aa040
000a1000

00054000
2aaffaa8
2aaaaba8
2aaa22a8
02800280
00000000
01402140
d5554557
d5557557
d55ff557
000a8000

2a05ea00
eaaffaab
00000100
00aa00a8
d5005500
ff00ff00
2a008a00
00550457
00002000
d55ff517
d50ac500

00054000
00055000
00000000
00000000
00000000
00000000
00000000
00000000
00000000
000aa000
000a8000

00000000
00000000
00000000
00000000
00550057
00000400
00aa00a8
00000000
00000000
00000000
00010000

2aaaaaa8
2aaaaaa8
ffffffff
ffffffff
ffffffff
00000400
ffffffff
ffffffff
ffffffff
d5555557
d5555557

22222220
eaaaaaab
d5555157
d5555157
2aaaaea8
00000000
d5555557
2aaaaaa8
2aaa82a8
d5555557
11101113

00000800
c0000003
d5555157
d5555557
d5005100
00000000
2a00aa00
2aaaaaa8
2aaaa2a8
00000000
00004000

08888088
00000000
00000000
00000400
00000000
00000000
00000000
00000000
00000000
00000000
c4440444

00000000
2aaaaaa8
2aaaaaa8
2aaaaaa8
2afbaaff
00000000
d5ff55ff
d5555557
d5557557
d5555557
00000400

2aaaaaa8
eaaaaaab
d5554457
d5551157
ffffffff
00048000
ffffffff
2aa2aaa8
2aaaa0a8
d5555557
d5515557

22202220
00000000
d5555557
d5555557
00000000
00048000
00008000
2aaaaaa8
2aaaaaa8
00000000
11110113

00028800
00000000
00000100
00000400
d5005500
00000000
2a002a00
00000000
00000000
00000000
00000000

08880088
2aaaaaa8
2aaaaaa8
2aaaeaa8
2aaeaaa8
00000000
d5555557
d55d5557
d5555557
d5555557
c4405044

00000000
eaaaaaab
00001000
00000000
00554057
00004000
00a800a8
00000000
00000a00
d5555557
00010000

2aaaaaa8
c0000003
00000000
00000000
d5555557
0003d800
2aaaaaa8
00000000
00000000
00000000
d5555557

22222220
00000000
00000000
00000000
2aaabaa8
00001000
d5555557
00000000
00008000
00000000
11101113

00000800
2aaaaaa8
ffffffff
d5555557
d5000500
00028800
2a02a200
2aaaaaa8
ffffffff
d5555557
00004000

08888088
eaaaaaab
d5555157
2aaaaea8
2aaaaaa8
00010000
d5555d57
d5555557
2aaa2aa8
d5555557
c4440444

00000000
00000000
00000000
00000000
00550057
00000000
00a200a8
00000000
00000000
00000000
00010000

2aaa2aa8
c0000003
00000000
00000000
d5555557
00082000
2aaaaaa8
00000000
00000000
00000000
d5555557

22220220
eaaaaaab
ffffffff
d5555557
2aaaaaa8
00000000
d5555557
2aaaaaa8
ffffffff
d5555557
11101113

00000000
eaaaaaab
d5555157
00000400
d5005500
00082000
2a08aa00
00000000
2aaaaaa8
d5555557
00004000

08882888
c0000003
00000000
2aaaaaa8
2aaaaaa8
00000000
d5555557
d5555557
00000000
00000000
c4440444

00000000
00000000
d5555157
d5555557
00500057
00000000
00a800a8
2aaaaaa8
2aaaaaa8
00000000
00000000

2a00aa00
2aaaaaa8
fffffbff
d5555557
d5555557
00072100
2aaaaaa8
2aaaaaa8
ffffffff
d5555557
d5005500

00000000
2aaaaaa8
00000000
00000000
2aaaaba8
00042100
d5557557
00000000
00000000
d5555557
00000000

00000000
00000000
00000000
00000000
ffaffea8
00030000
3f57df54
00000000
00000000
00000000
00000000

2a002a00
c0000003
d5555157
ff552157
2aaaaaa8
00000000
15555554
ffa063a8
2aaaaaa8
00000000
d5005500

00008000
eaaaaaab
ffffffff
ffff29ff
2beaabe8
3ffffffc
17d557d4
fff56fff
ffffffff
d5555557
00000000

00000000
eaaaaaab
00000000
00aa08a8
02800280
00000000
c1400943
00550457
00000000
d5555557
00000000

2a00aa00
c0000003
00000400
00000000
d7805780
ff00ff00
2b40ab40
00000800
00000000
00000000
d5005500

00000000
00008000
00000000
2a002000
02800280
00000000
01400140
d5004100
00000800
00000000
00000000

00000000
2aaaaaa8
2aaaaaa8
2aaa28a8
02800280
00000000
01400140
d5554557
d5555d57
d5555557
00000000

2a00aa00
eaaa2aab
00000000
00aa08a8
d5005500
ff00ff00
2a00a200
00550457
00000000
d5555557
d5001500

00000000
00000000
00000000
00000000
00000000
00000000
00000000
00000000
00000000
00000000
00004000

22222220
15555554
00000000
00000000
00000000
00000000
00000000
00000000
00000000
2aaaaaa8
11111113

3ffffffc
3ffffffc
ffffffff
ffffffff
ffffffff
00000000
ffffffff
ffffffff
ffffffff
ffffffff
ffffffff

00000000
eaaaaaab
d5555557
d5555557
2affaaff
00000000
d5ff55ff
2aaaaaa8
2aaaaaa8
d5555557
00000000

08888888
c0000003
d5555557
d5555557
00000000
00000000
00000000
2aaaaaa8
2aaaaaa8
00000000
c4444444

00000000
15555554
00000000
00000000
d5005500
00000000
2a00aa00
00000000
00000000
2aaaaaa8
00000000

37777774
3ffffffc
2aaaaaa8
2aaaaaa8
2aaaaaa8
00000000
d5555557
d5555557
d5555557
ffffffff
3bbbbbbb

2aaaaaa8
eaaaaaab
d5555557
d5555557
ffffffff
00000000
ffffffff
2aaaaaa8
2aaaaaa8
d5555557
d5555557

15555554
00000000
d5555557
d5555557
00550057
00000000
00aa00a8
2aaaaaa8
2aaaaaa8
00000000
2aaaaaa8

1ddddddc
15555554
00000000
00000000
00000000
00000000
00000000
00000000
00000000
2aaaaaa8
eeeeeeec

00000000
ffffffff
2aaaaaa8
2aaaaaa8
ffaaffa8
00000000
ff55ff57
d5555557
d5555557
ffffffff
00000000

22222220
eaaaaaab
00000000
00000000
00000000
00000000
00000000
00000000
00000000
d5555557
11111113

3ffffffc
00000000
00000000
00000000
d5555557
00000000
2aaaaaa8
00000000
00000000
00000000
ffffffff

15555554
15555554
00000000
00000000
2affaaff
00000000
d5ff55ff
00000000
00000000
00000000
2aaaaaa8

08888888
ffffffff
ffffffff
d5555557
00000000
00000000
00000000
2aaaaaa8
ffffffff
d5555557
c4444444

00000000
2aaaaaa8
d5555557
2aaaaaa8
ffaaffa8
00000000
ff55ff57
d5555557
2aaaaaa8
d5555557
00000000

22222220
00000000
00000000
00000000
00000000
00000000
00000000
00000000
00000000
00000000
11111113

2aaaaaa8
d5555557
00000000
00000000
d5555557
00000000
2aaaaaa8
00000000
00000000
00000000
d5555557

00000000
ffffffff
ffffffff
d5555557
2affaaff
00000000
d5ff55ff
2aaaaaa8
ffffffff
d5555557
00000000

08888888
eaaaaaab
d5555557
00000000
00000000
00000000
00000000
00000000
2aaaaaa8
d5555557
c4444444

15555554
00000000
00000000
2aaaaaa8
ffaaffa8
00000000
ff55ff57
d5555557
00000000
2aaaaaa8
2aaaaaa8

2a00aa00
00000000
d5555557
d5555557
00000000
00000000
00000000
2aaaaaa8
2aaaaaa8
00000000
d5005500

2aaaaaa8
2aaaaaa8
ffffffff
d5555557
d5555557
00000000
2aaaaaa8
2aaaaaa8
ffffffff
d5555557
d5555557

15555554
2aaaaaa8
00000000
00000000
2affaaff
00000000
d5ff55bf
00000040
00000000
d5555557
2aaaaaa8

15ff55fc
c0000003
00000000
00000000
00000000
00000000
00000000
00000000
00000000
2aaaaaa8
2affaaff

15555554
c0000003
d5555557
ffffffff
d5005500
00000000
2a00aa00
ffffffff
2aaaaaa8
00000000
2aaaaaa8

00000000
ffffffff
ffffffff
ffffffff
15555554
00000000
00000000
ffffffff
ffffffff
ffffffff
00000000

3f55ff54
eaaaaaab
00000000
00000000
00000000
00000000
c0000003
00000000
00000000
ffffffff
ffaaffa8

2aaaaaa8
c0000003
00000000
00000000
d5555557
ffffffff
2aaaaaa8
00000000
00000000
00000000
d5555557

00000000
15555554
00000000
2aaaaaa8
00000000
00000000
00000000
d5555557
00000000
00000000
00000000

15ff55fc
2aaaaaa8
2aaaaaa8
2aaaaaa8
02d502d7
00ff00ff
00aa00a8
d5555557
d5555557
d5555557
2affaaff

15555554
eaaaaaab
00000000
00000000
02800280
00000000
00000000
00000000
00000000
d5555557
2aaaaaa8

15555554
00000000
00000000
00000000
d5005500
ff00ff00
2a00aa00
00000000
00000000
00000000
00000000

22222220
00000000
00000000
00000000
00000000
00000000
00000000
00000000
00000000
00000000
11111113

2aaaaaa8
2aaaaaa8
ffffffff
ffffffff
ffffffff
00000000
ffffffff
ffffffff
ffffffff
d5555557
d5555557

00000000
eaaaaaab
d5555557
d5555557
2affaaff
00000000
d5ff55ff
2aaaaaa8
2aaaaaa8
d5555557
00000000

08888888
c0000003
d5555557
d5555557
00000000
00000000
00000000
2aaaaaa8
2aaaaaa8
00000000
c4444444

00000000
00000000
00000000
00000000
d5005500
00000000
2a00aa00
00000000
00000000
00000000
00000000

22222220
2aaaaaa8
2aaaaaa8
2aaaaaa8
2aaaaaa8
00000000
d5555557
d5555557
d5555557
d5555557
11111113

2aaaaaa8
eaaaaaab
d5555557
d5555557
ffffffff
00000000
ffffffff
2aaaaaa8
2aaaaaa8
d5555557
d5555557

00000000
00000000
d5555557
d5555557
00550057
00000000
00aa00a8
2aaaaaa8
2aaaaaa8
00000000
00000000

08888888
00000000
00000000
00000000
00000000
00000000
00000000
00000000
00000000
00000000
c4444444

00000000
eaaaaaab
2aaaaaa8
2aaaaaa8
ffaaffa8
00000000
ff55ff57
d5555557
d5555557
d5555557
00000000

22222220
eaaaaaab
00000000
00000000
00000000
00000000
00000000
00000000
00000000
d5555557
11111113

2aaaaaa8
00000000
00000000
00000000
d5555557
00000000
2aaaaaa8
00000000
00000000
00000000
d5555557

00000000
00000000
00000000
00000000
2affaaff
00000000
d5ff55ff
00000000
00000000
00000000
00000000

08888888
eaaaaaab
ffffffff
d5555557
00000000
00000000
00000000
2aaaaaa8
ffffffff
d5555557
c4444444

00000000
2aaaaaa8
d5555557
2aaaaaa8
ffaaffa8
00000000
ff55ff57
d5555557
2aaaaaa8
d5555557
00000000

22222220
00000000
00000000
00000000
00000000
00000000
00000000
00000000
00000000
00000000
11111113

2aaaaaa8
c0000003
00000000
00000000
d5555557
00000000
2aaaaaa8
00000000
00000000
00000000
d5555557

00000000
eaaaaaab
ffffffff
d5555557
2affaaff
00000000
d5ff55ff
2aaaaaa8
ffffffff
d5555557
00000000

08888888
eaaaaaab
d5555557
00000000
00000000
00000000
00000000
00000000
2aaaaaa8
d5555557
c4444444

00000000
00000000
00000000
2aaaaaa8
ffaaffa8
00000000
ff55ff57
d5555557
00000000
00000000
00000000

2a00aa00
00000000
d5555557
d5555557
00000000
00000000
00000000
2aaaaaa8
2aaaaaa8
00000000
d5005500

2aaaaaa8
2aaaaaa8
ffffffff
d5555557
d5555557
00000000
2aaaaaa8
2aaaaaa8
ffffffff
d5555557
d5555557

00000000
2aaaaaa8
00000000
00000000
2affaaff
00000000
d5ff55ff
00000000
00000000
d5555557
00000000

00aa00a8
c0000003
00000000
00000000
2aaaaaa8
00000000
15555554
00000000
00000000
00000000
00550057

00000000
c0000003
d5555557
ffffffff
ffaaffa8
00000000
3f55ff54
ffffffff
2aaaaaa8
00000000
00000000

00000000
eaaaaaab
ffffffff
ffffffff
2beaabe8
3ffffffc
17d557d4
ffffffff
ffffffff
d5555557
00000000

2a00aa00
eaaaaaab
00000000
00000000
02800280
00000000
c1400143
00000000
00000000
d5555557
d5005500

2aaaaaa8
c0000003
00000000
00000000
d7d557d7
ffffffff
2beaabe8
00000000
00000000
00000000
d5555557

00000000
00000000
00000000
2aaaaaa8
02800280
00000000
01400140
d5555557
00000000
00000000
00000000

00aa00a8
2aaaaaa8
2aaaaaa8
2aaaaaa8
02d502d7
00ff00ff
01ea01e8
d5555557
d5555557
d5555557
00550057

00000000
eaaaaaab
00000000
00000000
00000000
00000000
00000000
00000000
00000000
d5555557
00000000

00000000
00000000
00000000
00000000
d5005500
ff00ff00
2a00aa00
00000000
00000000
00000000
00000000

00000000
00000000
00000000
00000000
00000000
00000000
00000000
00000000
00000000
00000000
00000000

2aaaaaa8
2aaaaaa8
ffffffff
ffffffff
ffffffff
00000000
ffffffff
ffffffff
ffffffff
d5555557
d5555557

22222220
eaaaaaab
d5555557
d5555557
2affaaff
00000000
d5ff55ff
2aaaaaa8
2aaaaaa8
d5555557
11111113

00000000
c0000003
d5555557
d5555557
00000000
00000000
00000000
2aaaaaa8
2aaaaaa8
00000000
00000000

08888888
00000000
00000000
00000000
d5005500
00000000
2a00aa00
00000000
00000000
00000000
c4444444

00000000
2aaaaaa8
2aaaaaa8
2aaaaaa8
2aaaaaa8
00000000
d5555557
d5555557
d5555557
d5555557
00000000

2aaaaaa8
eaaaaaab
d5555557
d5555557
ffffffff
00000000
ffffffff
2aaaaaa8
2aaaaaa8
d5555557
d5555557

22222220
00000000
d5555557
d5555557
00550057
00000000
00aa00a8
2aaaaaa8
2aaaaaa8
00000000
11111113

00000000
00000000
00000000
00000000
00000000
00000000
00000000
00000000
00000000
00000000
00000000

08888888
2aaaaaa8
2aaaaaa8
2aaaaaa8
ffaaffa8
00000000
ff55ff57
d5555557
d5555557
d5555557
c4444444

00000000
eaaaaaab
00000000
00000000
00000000
00000000
00000000
00000000
00000000
d5555557
00000000

2aaaaaa8
c0000003
00000000
00000000
d5555557
00000000
2aaaaaa8
00000000
00000000
00000000
d5555557

22222220
00000000
00000000
00000000
2affaaff
00000000
d5ff55ff
00000000
00000000
00000000
11111113

00000000
2aaaaaa8
ffffffff
d5555557
00000000
00000000
00000000
2aaaaaa8
ffffffff
d5555557
00000000

08888888
eaaaaaab
d5555557
2aaaaaa8
ffaaffa8
00000000
ff55ff57
d5555557
2aaaaaa8
d5555557
c4444444

00000000
00000000
00000000
00000000
00000000
00000000
00000000
00000000
00000000
00000000
00000000

2aaaaaa8
c0000003
00000000
00000000
d5555557
00000000
2aaaaaa8
00000000
00000000
00000000
d5555557

22222220
eaaaaaab
ffffffff
d5555557
2affaaff
00000000
d5ff55ff
2aaaaaa8
ffffffff
d5555557
11111113

00000000
eaaaaaab
d5555557
00000000
00000000
00000000
00000000
00000000
2aaaaaa8
d5555557
00000000

08888888
c0000003
00000000
2aaaaaa8
ffaaffa8
00000000
ff55ff57
d5555557
00000000
00000000
c4444444

2a00aa00
00000000
d5555557
d5555557
00000000
00000000
00000000
2aaaaaa8
2aaaaaa8
00000000
d5005500

2aaaaaa8
2aaaaaa8
ffffffff
d5555557
d5555557
00000000
2aaaaaa8
2aaaaaa8
ffffffff
d5555557
d5555557

00000000
2aaaaaa8
00000000
00000000
2affaaff
00000000
d5ff55ff
00000000
00000000
d5555557
00000000

00aa00a8
00000000
00000000
00000000
2aaaaaa8
00000000
15555554
00000000
00000000
00000000
00550057

00000000
c0000003
d5555557
ffffffff
ffaaffa8
00000000
3f55ff54
ffffffff
2aaaaaa8
00000000
00000000

00000000
eaaaaaab
ffffffff
ffffffff
2beaabe8
3ffffffc
17d557d4
ffffffff
ffffffff
d5555557
00000000

2a00aa00
eaaaaaab
00000000
00000000
02800280
00000000
c1400143
00000000
00000000
d5555557
d5005500

2aaaaaa8
c0000003
00000000
00000000
d7d557d7
ffffffff
2beaabe8
00000000
00000000
00000000
d5555557

00000000
00000000
00000000
2aaaaaa8
02800280
00000000
01400140
d5555557
00000000
00000000
00000000

00aa00a8
2aaaaaa8
2aaaaaa8
2aaaaaa8
02d502d7
00ff00ff
01ea01e8
d5555557
d5555557
d5555557
00550057

00000000
eaaaaaab
00000000
00000000
00000000
00000000
00000000
00000000
00000000
d5555557
00000000

00000000
00000000
00000000
00000000
d5005500
ff00ff00
2a00aa00
00000000
00000000
00000000
00000000

00000000
00000000
00000000
00000000
00000000
00000000
00000000
00000000
00000000
00000000
00000000

3ffffffc
2aaaaaa8
ffffffff
ffffffff
ffffffff
00000000
ffffffff
ffffffff
ffffffff
d5555557
ffffffff

22222220
eaaaaaab
d5555557
d5555557
2affaaff
00000000
d5ff55ff
2aaaaaa8
2aaaaaa8
d5555557
11111113

00000000
c0000003
d5555557
d5555557
00000000
00000000
00000000
2aaaaaa8
2aaaaaa8
00000000
00000000

08888888
15555554
00000000
00000000
d5005500
00000000
2a00aa00
00000000
00000000
2aaaaaa8
c4444444

15555554
2aaaaaa8
2aaaaaa8
2aaaaaa8
2aaaaaa8
00000000
d5555557
d5555557
d5555557
ffffffff
2aaaaaa8

2aaaaaa8
eaaaaaab
d5555557
d5555557
ffffffff
00000000
ffffffff
2aaaaaa8
2aaaaaa8
d5555557
d5555557

37777774
15555554
d5555557
d5555557
00550057
00000000
00aa00a8
2aaaaaa8
2aaaaaa8
00000000
3bbbbbbb

15555554
00000000
00000000
00000000
00000000
00000000
00000000
00000000
00000000
00000000
2aaaaaa8

08888888
eaaaaaab
2aaaaaa8
2aaaaaa8
ffaaffa8
00000000
ff55ff57
d5555557
d5555557
ffffffff
c4444444

00000000
eaaaaaab
00000000
00000000
00000000
00000000
00000000
00000000
00000000
d5555557
00000000

3ffffffc
00000000
00000000
00000000
d5555557
00000000
2aaaaaa8
00000000
00000000
00000000
ffffffff

37777774
15555554
00000000
00000000
2affaaff
00000000
d5ff55ff
00000000
00000000
00000000
3bbbbbbb

00000000
ffffffff
ffffffff
d5555557
00000000
00000000
00000000
2aaaaaa8
ffffffff
ffffffff
00000000

08888888
2aaaaaa8
d5555557
2aaaaaa8
ffaaffa8
00000000
ff55ff57
d5555557
2aaaaaa8
d5555557
c4444444

00000000
00000000
00000000
00000000
00000000
00000000
00000000
00000000
00000000
00000000
00000000

2aaaaaa8
d5555557
00000000
00000000
d5555557
00000000
2aaaaaa8
00000000
00000000
00000000
d5555557

22222220
ffffffff
ffffffff
d5555557
2affaaff
00000000
d5ff55ff
2aaaaaa8
ffffffff
d5555557
11111113

00000000
eaaaaaab
d5555557
00000000
00000000
00000000
00000000
00000000
2aaaaaa8
d5555557
00000000

1ddddddc
00000000
00000000
2aaaaaa8
ffaaffa8
00000000
ff55ff57
d5555557
00000000
00000000
eeeeeeec

2a00aa00
15555554
d5555557
d5555557
00000000
00000000
00000000
2aaaaaa8
2aaaaaa8
2aaaaaa8
d5105500

2aaaaaa8
3ffffffc
ffffffff
d5555557
d5555557
00000000
2aaaaaa8
2aaaaaa8
ffffffff
ffffffff
d5555557

15555554
2aaaaaa8
00000000
00000000
2affaaff
00000000
d5ff55ff
00000000
00000000
d5555557
2aaaaaa8

15ff55fc
c0000003
00000000
00000000
00000000
00000000
00000000
00000000
00000000
00000000
2aefaaff

00000000
d5555557
d5555557
ffffffff
d5005500
00000000
2a00aa00
ffffffff
2aaaaaa8
2aaaaaa8
2aaaaaa8

00000000
ffffffff
ffffffff
ffffffff
15555554
00000000
00000000
ffffffff
ffffffff
ffffffff
00000000

3f55ff54
eaaaaaab
00000000
00000000
00000000
00010000
c0000003
00000000
00000000
d5555557
ffaaffa8

2aaaaaa8
c0000003
00000000
00000000
d5555557
ffffffff
2aaaaaa8
00000000
00000000
00000000
d5555557

00000000
15555554
00000000
2aabaaa8
00000000
00000000
00000000
d5555557
00000000
2aaaaaa8
00000000

15ff55fc
3ffffffc
2aaaaaa8
2aabaaa8
02d502d7
00fe00ff
00aa00a8
d5555557
d5555557
ffffffff
2affaaff

15555554
eaaaaaab
00000000
00000000
02800280
00000000
00000000
00000000
00000000
d5555557
2aaaaaa8

15555554
00000000
00000000
00000000
d5005500
ff00ff00
2a00aa00
00000000
00000000
00000000
2aaaaaa8

22222220
00000000
00000000
00000000
00000000
00000000
00000000
00000000
00000000
00000000
11111113

2aaaaaa8
2aaaaaa8
ffffffff
ffffffff
ffffffff
00000000
ffffffff
ffffffff
ffffffff
d5555557
d5555557

00000000
eaaaaaab
d5555557
d5555557
2affaaff
00000000
d5ff55ff
2aaaaaa8
2aaaaaa8
d5555557
00000000

08888888
c0000003
d5555557
d5555557
00000000
00000000
00000000
2aaaaaa8
2aaaaaa8
00000000
c4444444

00000000
00000000
00000000
00000000
d5005500
00000000
2a00aa00
00000000
00000000
00000000
00000000

22222220
2aaaaaa8
2aaaaaa8
2aaaaaa8
2aaaaaa8
00000000
d5555557
d5555557
d5555557
d5555557
11111113

2aaaaaa8
eaaaaaab
d5555557
d5555557
ffffffff
00000000
ffffffff
2aaaaaa8
2aaaaaa8
d5555557
d5555557

00000000
00000000
d5555557
d5555557
00550057
00000000
00aa00a8
2aaaaaa8
2aaaaaa8
00000000
00000000

08888888
00000000
00000000
00000000
00000000
00000000
00000000
00000000
00000000
00000000
c4444444

00000000
eaaaaaab
2aaaaaa8
2aaaaaa8
ffaaffa8
00000000
ff55ff57
d5555557
d5555557
d5555557
00000000

22222220
eaaaaaab
00000000
00000000
00000000
00000000
00000000
00000000
00000000
d5555557
11111113

2aaaaaa8
00000000
00000000
00000000
d5555557
00000000
2aaaaaa8
00000000
00000000
00000000
d5555557

00000000
00000000
00000000
00000000
2affaaff
00000000
d5ff55ff
00000000
00000000
00000000
00000000

08888888
eaaaaaab
ffffffff
d5555557
00000000
00000000
00000000
2aaaaaa8
ffffffff
d5555557
c4444444

00000000
2aaaaaa8
d5555557
2aaaaaa8
ffaaffa8
00000000
ff55ff57
d5555557
2aaaaaa8
d5555557
00000000

22222220
00000000
00000000
00000000
00000000
00000000
00000000
00000000
00000000
00000000
11111113

2aaaaaa8
c0000003
00000000
00000000
d5555557
00000000
2aaaaaa8
00000000
00000000
00000000
d5555557

00000000
eaaaaaab
ffffffff
d5555557
2affaaff
00000000
d5ff55ff
2aaaaaa8
ffffffff
d5555557
00000000

08888888
eaaaaaab
d5555557
00000000
00000000
00000000
00000000
00000000
2aaaaaa8
d5555557
c4444444

00000000
00000000
00000000
2aaaaaa8
ffaaffa8
00000000
ff55ff57
d5555557
00000000
00000000
00000000

2a00aa00
00000000
d5555557
d5555557
00000000
00000000
00000000
2aaaaaa8
2aaaaaa8
00000000
d5005500

2aaaaaa8
2aaaaaa8
ffffffff
d5555557
d5555557
00000000
2aaaaaa8
2aaaaaa8
ffffffff
d5555557
d5555557

00000000
2aaaaaa8
00000000
00000000
2affaaff
00000000
d5ff55ff
00000000
00000000
d5555557
00000000

00aa00a8
c0000003
00000000
00000000
2aaaaaa8
00000000
15555554
00000000
00000000
00000000
00550057

00000000
c0000003
d5555557
ffffffff
ffaaffa8
00000000
3f55ff54
ffffffff
2aaaaaa8
00000000
00000000

00000000
eaaaaaab
ffffffff
ffffffff
2beaabe8
3ffffffc
17d557d4
ffffffff
ffffffff
d5555557
00000000

2a00aa00
eaaaaaab
00000000
00000000
02800280
00000000
c1400143
00000000
00000000
d5555557
d5005500

2aaaaaa8
c0000003
00000000
00000000
d7d557d7
ffffffff
2beaabe8
00000000
00000000
00000000
d5555557

00000000
00000000
00000000
2aaaaaa8
02800280
00000000
01400140
d5555557
00000000
00000000
00000000

00aa00a8
2aaaaaa8
2aaaaaa8
2aaaaaa8
02d502d7
00ff00ff
01ea01e8
d5555557
d5555557
d5555557
00550057

00000000
eaaaaaab
00000000
00000000
00000000
00000000
00000000
00000000
00000000
d5555557
00000000

00000000
00000000
00000000
00000000
d5005500
ff00ff00
2a00aa00
00000000
00000000
00000000
00000000

22222220
00000000
00000000
00000000
00000000
00000000
00000000
00000000
00000000
00000000
11111113

2aaaaaa8
2aaaaaa8
ffffffff
ffffffff
ffffffff
00000000
ffffffff
ffffffff
ffffffff
d5555557
d5555557

00000000
eaaaaaab
d5555557
d5555557
2affaaff
00000000
d5ff55ff
2aaaaaa8
2aaaaaa8
d5555557
00000000

08888888
c0000003
d5555557
d5555557
00000000
00000000
00000000
2aaaaaa8
2aaaaaa8
00000000
c4444444

00000000
00000000
00000000
00000000
d5005500
00000000
2a00aa00
00000000
00000000
00000000
00000000

22222220
2aaaaaa8
2aaaaaa8
2aaaaaa8
2aaaaaa8
00000000
d5555557
d5555557
d5555557
d5555557
11111113

2aaaaaa8
eaaaaaab
d5555557
d5555557
ffffffff
00000000
ffffffff
2aaaaaa8
2aaaaaa8
d5555557
d5555557

00000000
00000000
d5555557
d5555557
00550057
00000000
00aa00a8
2aaaaaa8
2aaaaaa8
00000000
00000000

08888888
00000000
00000000
00000000
00000000
00000000
00000000
00000000
00000000
00000000
c4444444

00000000
2aaaaaa8
2aaaaaa8
2aaaaaa8
ffaaffa8
00000000
ff55ff57
d5555557
d5555557
d5555557
00000000

22222220
eaaaaaab
00000000
00000000
00000000
00000000
00000000
00000000
00000000
d5555557
11111113

2aaaaaa8
c0000003
00000000
00000000
d5555557
00000000
2aaaaaa8
00000000
00000000
00000000
d5555557

00000000
00000000
00000000
00000000
2affaaff
00000000
d5ff55ff
00000000
00000000
00000000
00000000

08888888
2aaaaaa8
ffffffff
d5555557
00000000
00000000
00000000
2aaaaaa8
ffffffff
d5555557
c4444444

00000000
eaaaaaab
d5555557
2aaaaaa8
ffaaffa8
00000000
ff55ff57
d5555557
2aaaaaa8
d5555557
00000000

22222220
00000000
00000000
00000000
00000000
00000000
00000000
00000000
00000000
00000000
11111113

2aaaaaa8
c0000003
00000000
00000000
d5555557
00000000
2aaaaaa8
00000000
00000000
00000000
d5555557

00000000
eaaaaaab
ffffffff
d5555557
2affaaff
00000000
d5ff55ff
2aaaaaa8
ffffffff
d5555557
00000000

08888888
eaaaaaab
d5555557
00000000
00000000
00000000
00000000
00000000
2aaaaaa8
d5555557
c4444444

00000000
c0000003
00000000
2aaaaaa8
ffaaffa8
00000000
ff55ff57
d5555557
00000000
00000000
00000000

2a00aa00
00000000
d5555557
d5555557
00000000
00000000
00000000
2aaaaaa8
2aaaaaa8
00000000
d5005500

2aaaaaa8
2aaaaaa8
ffffffff
d5555557
d5555557
00000000
2aaaaaa8
2aaaaaa8
ffffffff
d5555557
d5555557

00000000
2aaaaaa8
00000000
00000000
2affaaff
00000000
d5ff55ff
00000000
00000000
d5555557
00000000

00aa00a8
00000000
00000000
00000000
2aaaaaa8
00000000
15555554
00000000
00000000
00000000
00550057

00000000
c0000003
d5555557
ffffffff
ffaaffa8
00000000
3f55ff54
ffffffff
2aaaaaa8
00000000
00000000

00000000
eaaaaaab
ffffffff
ffffffff
2beaabe8
3ffffffc
17d557d4
ffffffff
ffffffff
d5555557
00000000

2a00aa00
eaaaaaab
00000000
00000000
02808280
00000000
c1410143
00000000
00000000
d5555557
d5005500

2aaaaaa8
c0000003
00000000
00000000
d7d5d7d7
ffffffff
2bebabe8
00000000
00000000
00000000
d5555557

00000000
00000000
00000000
2aaaaaa8
02800280
00000000
01400140
d5555557
00000000
00000000
00000000

00aa00a8
2aaaaaa8
2aaaaaa8
2aaaaaa8
02d502d7
00ff00ff
01ea01e8
d5555557
d5555557
d5555557
00550057

00000000
eaaaaaab
00000000
00000000
00000000
00000000
00000000
00000000
00000000
d5555557
00000000

00000000
00000000
00000000
00000000
d5005500
ff00ff00
2a00aa00
00000000
00000000
00000000
00000000

00000000
15555554
00000000
00000000
00000000
00000000
00000000
00000000
00000000
2aaaaaa8
00000000

3ffffffc
3ffffffc
ffffffff
ffffffff
ffffffff
00000000
ffffffff
ffffffff
ffffffff
ffffffff
ffffffff

22222220
eaaaaaab
d5555557
d5555557
2affaaff
00000000
d5ff55ff
2aaaaaa8
2aaaaaa8
d5555557
11111113

00000000
c0000003
d5555557
d5555557
00000000
00000000
00000000
2aaaaaa8
2aaaaaa8
00000000
00000000

08888888
15555554
00000000
00000000
d5005500
00000000
2a00aa00
00000000
00000000
2aaaaaa8
c4444444

15555554
3ffffffc
2aaaaaa8
2aaaaaa8
2aaaaaa8
00000000
d5555557
d5555557
d5555557
ffffffff
2aaaaaa8

2aaaaaa8
eaaaaaab
d5555557
d5555557
ffffffff
00000000
ffffffff
2aaaaaa8
2aaaaaa8
d5555557
d5555557

37777774
00000000
d5555557
d5555557
00550057
00000000
00aa00a8
2aaaaaa8
2aaaaaa8
00000000
3bbbbbbb

15555554
15555554
00000000
00000000
00000000
00000000
00000000
00000000
00000000
2aaaaaa8
2aaaaaa8

08888888
ffffffff
2aaaaaa8
2aaaaaa8
ffaaffa8
00000000
ff55ff57
d5555557
d5555557
ffffffff
c4444444

00000000
eaaaaaab
00000000
00000000
00000000
00000000
00000000
00000000
00000000
d5555557
00000000

3ffffffc
00000000
00000000
00000000
d5555557
00000000
2aaaaaa8
00000000
00000000
00000000
ffffffff

37777774
15555554
00000000
00000000
2affaaff
00000000
d5ff55ff
00000000
00000000
00000000
3bbbbbbb

00000000
ffffffff
ffffffff
d5555557
00000000
00000000
00000000
2aaaaaa8
ffffffff
d5555557
00000000

08888888
2aaaaaa8
d5555557
2aaaaaa8
ffaaffa8
00000000
ff55ff57
d5555557
2aaaaaa8
d5555557
c4444444

00000000
00000000
00000000
00000000
00000000
00000000
00000000
00000000
00000000
00000000
00000000

2aaaaaa8
d5555557
00000000
00000000
d5555557
00000000
2aaaaaa8
00000000
00000000
00000000
d5555557

22222220
ffffffff
ffffffff
d5555557
2affaaff
00000000
d5ff55ff
2aaaaaa8
ffffffff
d5555557
11111113

00000000
eaaaaaab
d5555557
00000000
00000000
00000000
00000000
00000000
2aaaaaa8
d5555557
00000000

1ddddddc
00000000
00000000
2aaaaaa8
ffaaffa8
00000000
ff55ff57
d5555557
00000000
2aaaaaa8
eeeeeeec

2a00aa00
00000000
d5555557
d5555557
00000000
00000000
00000000
2aaaaaa8
2aaaaaa8
00000000
d5005500

2aaaaaa8
2aaaaaa8
ffffffff
d5555557
d5555557
00000000
2aaaaaa8
2aaaaaa8
ffffffff
d5555557
d5555557

15555554
2aaaaaa8
00000000
00000000
2affaaff
00000000
d5ff55ff
00000000
00000000
d5555557
2aaaaaa8

15ff55fc
c0000003
00000000
00000000
00000000
00000000
00000000
00000000
00000000
2aaaaaa8
2affaaff

15555554
c0000003
d5555557
ffffffff
d5005500
00000000
2a00aa00
ffffffff
2aaaaaa8
00000000
2aaaaaa8

00000000
ffffffff
ffffffff
ffffffff
15555554
00000000
00000000
ffffffff
ffffffff
ffffffff
00000000

3f55ff54
eaaaaaab
00000000
00000000
00000000
00000000
c0000003
00000000
00000000
ffffffff
ffaaffa8

2aaaaaa8
c0000003
00000000
00000000
d555d557
ffffffff
2aabaaa8
00000000
00000000
00000000
d5555557

00000000
15555554
00000000
2aaaaaa8
00008000
00000000
00010000
d5555557
00000000
00000000
00000000

15ff55fc
2aaaaaa8
2aaaaaa8
2aaaaaa8
02d502d7
00ff00ff
00aa00a8
d5555557
d5555557
d5555557
2affaaff

15555554
eaaaaaab
00000000
00000000
02800280
00000000
00000000
00000000
00000000
d5555557
2aaaaaa8

15555554
00000000
00000000
00000000
d5005500
ff00ff00
2a00aa00
00000000
00000000
00000000
00000000

00000000
00000000
00000000
00000000
00000000
00000000
00000000
00000000
00000000
00000000
00000000

2aaaaaa8
2aaaaaa8
ffffffff
ffffffff
ffffffff
00000000
ffffffff
ffffffff
ffffffff
d5555557
d5555557

22222220
eaaaaaab
d5555557
d5555557
2affaaff
00000000
d5ff55ff
2aaaaaa8
2aaaaaa8
d5555557
11111113

00000000
c0000003
d5555557
d5555557
00000000
00000000
00000000
2aaaaaa8
2aaaaaa8
00000000
00000000

08888888
00000000
00000000
00000000
d5005500
00000000
2a00aa00
00000000
00000000
00000000
c4444444

00000000
2aaaaaa8
2aaaaaa8
2aaaaaa8
2aaaaaa8
00000000
d5555557
d5555557
d5555557
d5555557
00000000

2aaaaaa8
eaaaaaab
d5555557
d5555557
ffffffff
00000000
ffffffff
2aaaaaa8
2aaaaaa8
d5555557
d5555557

22222220
00000000
d5555557
d5555557
00550057
00000000
00aa00a8
2aaaaaa8
2aaaaaa8
00000000
11111113

00000000
00000000
00000000
00000000
00000000
00000000
00000000
00000000
00000000
00000000
00000000

08888888
eaaaaaab
2aaaaaa8
2aaaaaa8
ffaaffa8
00000000
ff55ff57
d5555557
d5555557
d5555557
c4444444

00000000
eaaaaaab
00000000
00000000
00000000
00000000
00000000
00000000
00000000
d5555557
00000000

2aaaaaa8
00000000
00000000
00000000
d5555557
00000000
2aaaaaa8
00000000
00000000
00000000
d5555557

22222220
00000000
00000000
00000000
2affaaff
00000000
d5ff55ff
00000000
00000000
00000000
11111113

00000000
eaaaaaab
ffffffff
d5555557
00000000
00000000
00000000
2aaaaaa8
ffffffff
d5555557
00000000

08888888
2aaaaaa8
d5555557
2aaaaaa8
ffaaffa8
00000000
ff55ff57
d5555557
2aaaaaa8
d5555557
c4444444

00000000
00000000
00000000
00000000
00000000
00000000
00000000
00000000
00000000
00000000
00000000

2aaaaaa8
c0000003
00000000
00000000
d5555557
00000000
2aaaaaa8
00000000
00000000
00000000
d5555557

22222220
eaaaaaab
ffffffff
d5555557
2affaaff
00000000
d5ff55ff
2aaaaaa8
ffffffff
d5555557
11111113

00000000
eaaaaaab
d5555557
00000000
00000000
00000000
00000000
00000000
2aaaaaa8
d5555557
00000000

08888888
00000000
00000000
2aaaaaa8
ffaaffa8
00000000
ff55ff57
d5555557
00000000
00000000
c4444444

2a00aa00
00000000
d5555557
d5555557
00000000
00000000
00000000
2aaaaaa8
2aaaaaa8
00000000
d5005500

2aaaaaa8
2aaaaaa8
ffffffff
d5555557
d5555557
00000000
2aaaaaa8
2aaaaaa8
ffffffff
d5555557
d5555557

00000000
2aaaaaa8
00000000
00000000
2affaaff
00000000
d5ff55ff
00000000
00000000
d5555557
00000000

00aa00a8
c0000003
00000000
00000000
2aaaaaa8
00000000
15555554
00000000
00000000
00000000
00550057

00000000
c0000003
d5555557
ffffffff
ffaaffa8
00000000
3f55ff54
ffffffff
2aaaaaa8
00000000
00000000

00000000
eaaaaaab
ffffffff
ffffffff
2beaabe8
3ffffffc
17d557d4
ffffffff
ffffffff
d5555557
00000000

2a00aa00
eaaaaaab
00000000
00000000
02808280
00000000
c1410143
00000000
00000000
d5555557
d5005500

2aaaaaa8
c0000003
00000000
00000000
d7d5d7d7
ffffffff
2bebabe8
00000000
00000000
00000000
d5555557

00000000
00000000
00000000
2aaaaaa8
02800280
00000000
01400140
d5555557
00000000
00000000
00000000

00aa00a8
2aaaaaa8
2aaaaaa8
2aaaaaa8
02d502d7
00ff00ff
01ea01e8
d5555557
d5555557
d5555557
00550057

00000000
eaaaaaab
00000000
00000000
00000000
00000000
00000000
00000000
00000000
d5555557
00000000

00000000
00000000
00000000
00000000
d5005500
ff00ff00
2a00aa00
00000000
00000000
00000000
00000000

22222220
00000000
00000000
00000000
00550057
00000000
00aa00a8
00000000
00000000
00000000
11111113

2aaaaaa8
2aaaaaa8
ffffffff
ffffffff
ffffffff
00000000
ffffffff
ffffffff
ffffffff
d5555557
d5555557

00000000
eaaaaaab
d5555557
d5555557
2aaaaaa8
00000000
d5555557
2aaaaaa8
2aaaaaa8
d5555557
00000000

08888888
c0000003
d5555557
d5555557
d5005500
00000000
2a00aa00
2aaaaaa8
2aaaaaa8
00000000
c4444444

00000000
00000000
00000000
00000000
00000000
00000000
00000000
00000000
00000000
00000000
00000000

22222220
2aaaaaa8
2aaaaaa8
2aaaaaa8
2affaaff
00000000
d5ff55ff
d5555557
d5555557
d5555557
11111113

2aaaaaa8
2aaaaaa8
d5555557
d5555557
ffffffff
00000000
ffffffff
2aaaaaa8
2aaaaaa8
d5555557
d5555557

00000000
00000000
d5555557
d5555557
00000000
00000000
00000000
2aaaaaa8
2aaaaaa8
00000000
00000000

08888888
00000000
00000000
00000000
d5005500
00000000
2a00aa00
00000000
00000000
00000000
c4444444

00000000
2aaaaaa8
2aaaaaa8
2aaaaaa8
2aaaaaa8
00000000
d5555557
d5555557
d5555557
d5555557
00000000

22222220
eaaaaaab
00000000
00000000
00550057
00000000
00aa00a8
00000000
00000000
d5555557
11111113

2aaaaaa8
c0000003
00000000
00000000
d5555557
00000000
2aaaaaa8
00000000
00000000
00000000
d5555557

00000000
00000000
00000000
00000000
2aaaaaa8
00000000
d5555557
00000000
00000000
00000000
00000000

08888888
2aaaaaa8
ffffffff
d5555557
d5005500
00000000
2a00aa00
2aaaaaa8
ffffffff
d5555557
c4444444

00000000
2aaaaaa8
d5555557
2aaaaaa8
2aaaaaa8
00000000
d5555557
d5555557
2aaaaaa8
d5555557
00000000

22222220
00000000
00000000
00000000
00550057
00000000
00aa00a8
00000000
00000000
00000000
11111113

2aaaaaa8
c0000003
00000000
00000000
d5555557
00000000
2aaaaaa8
00000000
00000000
00000000
d5555557

00000000
eaaaaaab
ffffffff
d5555557
2aaaaaa8
00000000
d5555557
2aaaaaa8
ffffffff
d5555557
00000000

08888888
eaaaaaab
d5555557
00000000
d5005500
00000000
2a00aa00
00000000
2aaaaaa8
d5555557
c4444444

00000000
c0000003
00000000
2aaaaaa8
2aaaaaa8
00000000
d5555557
d5555557
00000000
00000000
00000000

00000000
00000000
d5555557
d5555557
00550057
00000000
00aa00a8
2aaaaaa8
2aaaaaa8
00000000
00000000

2a00aa00
2aaaaaa8
ffffffff
d5555557
d5555557
00000000
2aaaaaa8
2aaaaaa8
ffffffff
d5555557
d5005500

00000000
eaaaaaab
00000000
00000000
2aaaaaa8
00000000
d5555557
00000000
00000000
d5555557
00000000

00000000
00000000
00000000
00000000
ffaaffa8
00000000
3f55ff54
00000000
00000000
00000000
00000000

2a00aa00
c0000003
d5555557
ff55ff57
2aaaaaa8
00000000
15555554
ffaaffa8
2aaaaaa8
00000000
d5005500

00000000
eaaaaaab
ffffffff
ffffffff
2beaabe8
3ffffffc
17d5d7d4
ffffffff
ffffffff
d5555557
00000000

00000000
eaaaaaab
00000000
00aa00a8
00000000
00000000
c0010003
00550057
00000000
d5555557
00000000

2a00aa00
c0000003
00000000
00000000
d500d500
ff00ff00
2a01aa00
00000000
00000000
00000000
d5005500

00000000
00000000
00000000
2a00aa00
00000000
00000000
00000000
d5005500
00000000
00000000
00000000

00000000
2aaaaaa8
2aaaaaa8
2aaaaaa8
00000000
00000000
00000000
d5555557
d5555557
d5555557
00000000

2a00aa00
2aaaaaa8
00000000
00aa00a8
d7805780
ff00ff00
2b40ab40
00550057
00000000
d5555557
d5005500

00000000
00000000
00000000
00000000
00000000
00000000
00000000
00000000
00000000
00000000
00000000

22222220
00000000
00000000
00000000
00550057
00000000
00aa00a8
00000000
00000000
00000000
11111113

3ffffffc
2aaaaaa8
ffffffff
ffffffff
ffffffff
00000000
ffffffff
ffffffff
ffffffff
d5555557
ffffffff

00000000
eaaaaaab
d5555557
d5555557
2aaaaaa8
00000000
d5555557
2aaaaaa8
2aaaaaa8
d5555557
00000000

08888888
c0000003
d5555557
d5555557
d5005500
00000000
2a00aa00
2aaaaaa8
2aaaaaa8
00000000
c4444444

00000000
15555554
00000000
00000000
00000000
00000000
00000000
00000000
00000000
2aaaaaa8
00000000

37777774
2aaaaaa8
2aaaaaa8
2aaaaaa8
2affaaff
00000000
d5ff55ff
d5555557
d5555557
ffffffff
3bbbbbbb

2aaaaaa8
2aaaaaa8
d5555557
d5555557
ffffffff
00000000
ffffffff
2aaaaaa8
2aaaaaa8
d5555557
d5555557

15555554
15555554
d5555557
d5555557
00000000
00000000
00000000
2aaaaaa8
2aaaaaa8
00000000
2aaaaaa8

1ddddddc
00000000
00000000
00000000
d5005500
00000000
2a00aa00
00000000
00000000
00000000
eeeeeeec

00000000
eaaaaaab
2aaaaaa8
2aaaaaa8
2aaaaaa8
00000000
d5555557
d5555557
d5555557
ffffffff
00000000

22222220
eaaaaaab
00000000
00000000
00550057
00000000
00aa00a8
00000000
00000000
d5555557
11111113

3ffffffc
00000000
00000000
00000000
d5555557
00000000
2aaaaaa8
00000000
00000000
00000000
ffffffff

15555554
15555554
00000000
00000000
2aaaaaa8
00000000
d5555557
00000000
00000000
00000000
2aaaaaa8

08888888
3ffffffc
ffffffff
d5555557
d5005500
00000000
2a00aa00
2aaaaaa8
ffffffff
ffffffff
c4444444

00000000
2aaaaaa8
d5555557
2aaaaaa8
2aaaaaa8
00000000
d5555557
d5555557
2aaaaaa8
d5555557
00000000

22222220
00000000
00000000
00000000
00550057
00000000
00aa00a8
00000000
00000000
00000000
11111113

3ffffffc
d5555557
00000000
00000000
d5555557
00000000
2aaaaaa8
00000000
00000000
00000000
ffffffff

00000000
ffffffff
ffffffff
d5555557
2aaaaaa8
00000000
d5555557
2aaaaaa8
ffffffff
d5555557
00000000

08888888
eaaaaaab
d5555557
00000000
d5005500
00000000
2a00aa00
00000000
2aaaaaa8
d5555557
c4444444

15555554
00000000
00000000
2aaaaaa8
2aaaaaa8
00000000
d5555557
d5555557
00000000
00000000
2aaaaaa8

00000000
15555554
d5555557
d5555557
00550057
00000000
00aa00a8
2aaaaaa8
2aaaaaa8
2aaaaaa8
00000000

2a00aa00
ffffffff
ffffffff
d5555557
d5555557
00000000
2aaaaaa8
2aaaaaa8
ffffffff
ffffffff
d5005500

15555554
2aaaaaa8
00000000
00000000
2aaaaaa8
00000000
d5555557
00000000
00000000
d5555557
2aaaaaa8

15555554
c0000003
00000000
00000000
d5005500
00000000
2a00aa00
00000000
00000000
00000000
2aaaaaa8

2a00aa00
d5555557
d5555557
ff55ff57
00000000
00000000
00000000
ffaaffa8
2aaaaaa8
2aaaaaa8
ffaaffa8

00000000
ffffffff
ffffffff
ffffffff
15555554
00000000
00000000
ffffffff
ffffffff
ffffffff
00000000

15555554
eaaaaaab
00000000
00aa00a8
00000000
00000000
c0000003
00550057
00000000
d5555557
2aaaaaa8

2a00aa00
c0000003
00000000
00000000
d500d500
ff00ff00
2a01aa00
00000000
00000000
00000000
d5005500

00000000
15555554
00000000
2a00aa00
00008000
00000000
00010000
d5005500
00000000
2aaaaaa8
00000000

15555554
3ffffffc
2aaaaaa8
2aaaaaa8
02800280
00000000
00000000
d5555557
d5555557
ffffffff
2aaaaaa8

3f55ff54
2aaaaaa8
00000000
00aa00a8
d7805780
ff00ff00
2a00aa00
00550057
00000000
d5555557
ffaaffa8

15555554
00000000
00000000
00000000
00000000
00000000
00000000
00000000
00000000
00000000
2aaaaaa8

00000000
00000000
00000000
00000000
00550057
00000000
00aa00a8
00000000
00000000
00000000
00000000

2aaaaaa8
2aaaaaa8
ffffffff
ffffffff
ffffffff
00000000
ffffffff
ffffffff
ffffffff
d5555557
d5555557

22222220
eaaaaaab
d5555557
d5555557
2aaaaaa8
00000000
d5555557
2aaaaaa8
2aaaaaa8
d5555557
11111113

00000000
c0000003
d5555557
d5555557
d5005500
00000000
2a00aa00
2aaaaaa8
2aaaaaa8
00000000
00000000

08888888
00000000
00000000
00000000
00000000
00000000
00000000
00000000
00000000
00000000
c4444444

00000000
2aaaaaa8
2aaaaaa8
2aaaaaa8
2affaaff
00000000
d5ff55ff
d5555557
d5555557
d5555557
00000000

2aaaaaa8
2aaaaaa8
d5555557
d5555557
ffffffff
00000000
ffffffff
2aaaaaa8
2aaaaaa8
d5555557
d5555557

22222220
00000000
d5555557
d5555557
00000000
00000000
00000000
2aaaaaa8
2aaaaaa8
00000000
11111113

00000000
00000000
00000000
00000000
d5005500
00000000
2a00aa00
00000000
00000000
00000000
00000000

08888888
eaaaaaab
2aaaaaa8
2aaaaaa8
2aaaaaa8
00000000
d5555557
d5555557
d5555557
d5555557
c4444444

00000000
eaaaaaab
00000000
00000000
00550057
00000000
00aa00a8
00000000
00000000
d5555557
00000000

2aaaaaa8
00000000
00000000
00000000
d5555557
00000000
2aaaaaa8
00000000
00000000
00000000
d5555557

22222220
00000000
00000000
00000000
2aaaaaa8
00000000
d5555557
00000000
00000000
00000000
11111113

00000000
2aaaaaa8
ffffffff
d5555557
d5005500
00000000
2a00aa00
2aaaaaa8
ffffffff
d5555557
00000000

08888888
2aaaaaa8
d5555557
2aaaaaa8
2aaaaaa8
00000000
d5555557
d5555557
2aaaaaa8
d5555557
c4444444

00000000
00000000
00000000
00000000
00550057
00000000
00aa00a8
00000000
00000000
00000000
00000000

2aaaaaa8
c0000003
00000000
00000000
d5555557
00000000
2aaaaaa8
00000000
00000000
00000000
d5555557

22222220
eaaaaaab
ffffffff
d5555557
2aaaaaa8
00000000
d5555557
2aaaaaa8
ffffffff
d5555557
11111113

00000000
eaaaaaab
d5555557
00000000
d5005500
00000000
2a00aa00
00000000
2aaaaaa8
d5555557
00000000

08888888
00000000
00000000
2aaaaaa8
2aaaaaa8
00000000
d5555557
d5555557
00000000
00000000
c4444444

00000000
00000000
d5555557
d5555557
00550057
00000000
00aa00a8
2aaaaaa8
2aaaaaa8
00000000
00000000

2a00aa00
eaaaaaab
ffffffff
d5555557
d5555557
00000000
2aaaaaa8
2aaaaaa8
ffffffff
d5555557
d5005500

00000000
2aaaaaa8
00000000
00000000
2aaaaaa8
00000000
d5555557
00000000
00000000
d5555557
00000000

00000000
c0000003
00000000
00000000
ffaaffa8
00000000
3f55ff54
00000000
00000000
00000000
00000000

2a00aa00
c0000003
d5555557
ff55ff57
2aaaaaa8
00000000
15555554
ffaaffa8
2aaaaaa8
00000000
d5005500

00000000
eaaaaaab
ffffffff
ffffffff
2beaabe8
3ffffffc
17d557d4
ffffffff
ffffffff
d5555557
00000000

00000000
eaaaaaab
00000000
00aa00a8
00000000
00000000
c0000003
00550057
00000000
d5555557
00000000

2a00aa00
c0000003
00000000
00000000
d5005500
ff00ff00
2a00aa00
00000000
00000000
00000000
d5005500

00000000
00000000
00000000
2a00aa00
00000000
00000000
00000000
d5005500
00000000
00000000
00000000

00000000
2aaaaaa8
2aaaaaa8
2aaaaaa8
00000000
00000000
00000000
d5555557
d5555557
d5555557
00000000

2a00aa00
2aaaaaa8
00000000
00aa00a8
d7805780
ff00ff00
2b40ab40
00550057
00000000
d5555557
d5005500

00000000
00000000
00000000
00000000
00000000
00000000
00000000
00000000
00000000
00000000
00000000

00000000
00000000
00000000
00000000
00550057
00000000
00aa00a8
00000000
00000000
00000000
00000000

2aaaaaa8
2aaaaaa8
ffffffff
ffffffff
ffffffff
00000000
ffffffff
ffffffff
ffffffff
d5555557
d5555557

22222220
eaaaaaab
d5555557
d5555557
2aaaaaa8
00000000
d5555557
2aaaaaa8
2aaaaaa8
d5555557
11111113

00000000
c0000003
d5555557
d5555557
d5005500
00000000
2a00aa00
2aaaaaa8
2aaaaaa8
00000000
00000000

08888888
00000000
00000000
00000000
00000000
00000000
00000000
00000000
00000000
00000000
c4444444

00000000
2aaaaaa8
2aaaaaa8
2aaaaaa8
2affaaff
00000000
d5ff55ff
d5555557
d5555557
d5555557
00000000

2aaaaaa8
2aaaaaa8
d5555557
d5555557
ffffffff
00000000
ffffffff
2aaaaaa8
2aaaaaa8
d5555557
d5555557

22222220
00000000
d5555557
d5555557
00000000
00000000
00000000
2aaaaaa8
2aaaaaa8
00000000
11111113

00000000
00000000
00000000
00000000
d5005500
00000000
2a00aa00
00000000
00000000
00000000
00000000

08888888
2aaaaaa8
2aaaaaa8
2aaaaaa8
2aaaaaa8
00000000
d5555557
d5555557
d5555557
d5555557
c4444444

00000000
eaaaaaab
00000000
00000000
00550057
00000000
00aa00a8
00000000
00000000
d5555557
00000000

2aaaaaa8
c0000003
00000000
00000000
d5555557
00000000
2aaaaaa8
00000000
00000000
00000000
d5555557

22222220
00000000
00000000
00000000
2aaaaaa8
00000000
d5555557
00000000
00000000
00000000
11111113

00000000
2aaaaaa8
ffffffff
d5555557
d5005500
00000000
2a00aa00
2aaaaaa8
ffffffff
d5555557
00000000

08888888
2aaaaaa8
d5555557
2aaaaaa8
2aaaaaa8
00000000
d5555557
d5555557
2aaaaaa8
d5555557
c4444444

00000000
00000000
00000000
00000000
00550057
00000000
00aa00a8
00000000
00000000
00000000
00000000

2aaaaaa8
c0000003
00000000
00000000
d5555557
00000000
2aaaaaa8
00000000
00000000
00000000
d5555557

22222220
eaaaaaab
ffffffff
d5555557
2aaaaaa8
00000000
d5555557
2aaaaaa8
ffffffff
d5555557
11111113

00000000
eaaaaaab
d5555557
00000000
d5005500
00000000
2a00aa00
00000000
2aaaaaa8
d5555557
00000000

08888888
c0000003
00000000
2aaaaaa8
2aaaaaa8
00000000
d5555557
d5555557
00000000
00000000
c4444444

00000000
00000000
d5555557
d5555557
00550057
00000000
00aa00a8
2aaaaaa8
2aaaaaa8
00000000
00000000

2a00aa00
2aaaaaa8
ffffffff
d5555557
d5555557
00000000
2aaaaaa8
2aaaaaa8
ffffffff
d5555557
d5005500

00000000
eaaaaaab
00000000
00000000
2aaaaaa8
00000000
d5555557
00000000
00000000
d5555557
00000000

00000000
00000000
00000000
00000000
ffaaffa8
00000000
3f55ff54
00000000
00000000
00000000
00000000

2a00aa00
c0000003
d5555557
ff55ff57
2aaaaaa8
00000000
15555554
ffaaffa8
2aaaaaa8
00000000
d5005500

00000000
eaaaaaab
ffffffff
ffffffff
2beaabe8
3ffffffc
17d557d4
ffffffff
ffffffff
d5555557
00000000

00000000
eaaaaaab
00000000
00aa00a8
00000000
00000000
c0000003
00550057
00000000
d5555557
00000000

2a00aa00
c0000003
00000000
00000000
d5005500
ff00ff00
2a00aa00
00000000
00000000
00000000
d5005500

00000000
00000000
00000000
2a00aa00
02800280
00000000
01400140
d5005500
00000000
00000000
00000000

00000000
2aaaaaa8
2aaaaaa8
2aaaaaa8
02800280
00000000
01400140
d5555557
d5555557
d5555557
00000000

2a00aa00
2aaaaaa8
00000000
00aa00a8
d7805780
ff00ff00
2b40ab40
00550057
00000000
d5555557
d5005500

00000000
00000000
00000000
00000000
00000000
00000000
00000000
00000000
00000000
00000000
00000000

22222220
15555554
00000000
00000000
00550057
00000000
00aa00a8
00000000
00000000
2aaaaaa8
11111113

3ffffffc
3ffffffc
ffffffff
ffffffff
ffffffff
00000000
ffffffff
ffffffff
ffffffff
ffffffff
ffffffff

00000000
eaaaaaab
d5555557
d5555557
2aaaaaa8
00000000
d5555557
2aaaaaa8
2aaaaaa8
d5555557
00000000

08888888
c0000003
d5555557
d5555557
d5005500
00000000
2a00aa00
2aaaaaa8
2aaaaaa8
00000000
c4444444

00000000
15555554
00000000
00000000
00000000
00000000
00000000
00000000
00000000
2aaaaaa8
00000000

37777774
3ffffffc
2aaaaaa8
2aaaaaa8
2affaaff
00000000
d5ff55ff
d5555557
d5555557
ffffffff
3bbbbbbb

2aaaaaa8
2aaaaaa8
d5555557
d5555557
ffffffff
00000000
ffffffff
2aaaaaa8
2aaaaaa8
d5555557
d5555557

15555554
00000000
d5555557
d5555557
00000000
00000000
00000000
2aaaaaa8
2aaaaaa8
00000000
2aaaaaa8

1ddddddc
15555554
00000000
00000000
d5005500
00000000
2a00aa00
00000000
00000000
2aaaaaa8
eeeeeeec

00000000
ffffffff
2aaaaaa8
2aaaaaa8
2aaaaaa8
00000000
d5555557
d5555557
d5555557
ffffffff
00000000

22222220
eaaaaaab
00000000
00000000
00550057
00000000
00aa00a8
00000000
00000000
d5555557
11111113

3ffffffc
00000000
00000000
00000000
d5555557
00000000
2aaaaaa8
00000000
00000000
00000000
ffffffff

15555554
15555554
00000000
00000000
2aaaaaa8
00000000
d5555557
00000000
00000000
00000000
2aaaaaa8

08888888
3ffffffc
ffffffff
d5555557
d5005500
00000000
2a00aa00
2aaaaaa8
ffffffff
d5555557
c4444444

00000000
2aaaaaa8
d5555557
2aaaaaa8
2aaaaaa8
00000000
d5555557
d5555557
2aaaaaa8
d5555557
00000000

22222220
00000000
00000000
00000000
00550057
00000000
00aa00a8
00000000
00000000
00000000
11111113

3ffffffc
d5555557
00000000
00000000
d5555557
00000000
2aaaaaa8
00000000
00000000
00000000
ffffffff

00000000
ffffffff
ffffffff
d5555557
2aaaaaa8
00000000
d5555557
2aaaaaa8
ffffffff
d5555557
00000000

08888888
eaaaaaab
d5555557
00000000
d5005500
00000000
2a00aa00
00000000
2aaaaaa8
d5555557
c4444444

15555554
00000000
00000000
2aaaaaa8
2aaaaaa8
00000000
d5555557
d5555557
00000000
2aaaaaa8
2aaaaaa8

00000000
00000000
d5555557
d5555557
00550057
00000000
00aa00a8
2aaaaaa8
2aaaaaa8
00000000
00000000

2a00aa00
eaaaaaab
ffffffff
d5555557
d5555557
00000000
2aaaaaa8
2aaaaaa8
ffffffff
d5555557
d5005500

15555554
2aaaaaa8
00000000
00000000
2aaaaaa8
00000000
d5555557
00000000
00000000
d5555557
2aaaaaa8

15555554
c0000003
00000000
00000000
d5005500
00000000
2a00aa00
00000000
00000000
2aaaaaa8
2aaaaaa8

3f55ff54
c0000003
d5555557
ff55ff57
00000000
00000000
00000000
ffaaffa8
2aaaaaa8
00000000
ffaaffa8

00000000
ffffffff
ffffffff
ffffffff
15555554
00000000
00000000
ffffffff
ffffffff
ffffffff
00000000

15555554
eaaaaaab
00000000
00aa00a8
00000000
00000000
c0000003
00550057
00000000
ffffffff
2aaaaaa8

2a00aa00
c0000003
00000000
00000000
d5005500
ff00ff00
2a00aa00
00000000
00000000
00000000
d5005500

00000000
15555554
00000000
2a00aa00
00000000
00000000
00000000
d5005500
00000000
00000000
00000000

15555554
2aaaaaa8
2aaaaaa8
2aaaaaa8
02800280
00000000
00000000
d5555557
d5555557
d5555557
2aaaaaa8

3f55ff54
2aaaaaa8
00000000
00aa00a8
d7805780
ff00ff00
2a00aa00
00550057
00000000
d5555557
ffaaffa8

15555554
00000000
00000000
00000000
00000000
00000000
00000000
00000000
00000000
00000000
00000000

22222220
00000000
00000000
00000000
00550057
00000000
00aa00a8
00000000
00000000
00000000
11111113

2aaaaaa8
2aaaaaa8
ffffffff
ffffffff
ffffffff
00000000
ffffffff
ffffffff
ffffffff
d5555557
d5555557

00000000
eaaaaaab
d5555557
d5555557
2aaaaaa8
00000000
d5555557
2aaaaaa8
2aaaaaa8
d5555557
00000000

08888888
c0000003
d5555557
d5555557
d5005500
00000000
2a00aa00
2aaaaaa8
2aaaaaa8
00000000
c4444444

00000000
00000000
00000000
00000000
00000000
00000000
00000000
00000000
00000000
00000000
00000000

22222220
2aaaaaa8
2aaaaaa8
2aaaaaa8
2affaaff
00000000
d5ff55ff
d5555557
d5555557
d5555557
11111113

2aaaaaa8
eaaaaaab
d5555557
d5555557
ffffffff
00000000
ffffffff
2aaaaaa8
2aaaaaa8
d5555557
d5555557

00000000
00000000
d5555557
d5555557
00000000
00000000
00000000
2aaaaaa8
2aaaaaa8
00000000
00000000

08888888
00000000
00000000
00000000
d5005500
00000000
2a00aa00
00000000
00000000
00000000
c4444444

00000000
eaaaaaab
2aaaaaa8
2aaaaaa8
2aaaaaa8
00000000
d5555557
d5555557
d5555557
d5555557
00000000

22222220
eaaaaaab
00000000
00000000
00550057
00000000
00aa00a8
00000000
00000000
d5555557
11111113

2aaaaaa8
00000000
00000000
00000000
d5555557
00000000
2aaaaaa8
00000000
00000000
00000000
d5555557

00000000
00000000
00000000
00000000
2aaaaaa8
00000000
d5555557
00000000
00000000
00000000
00000000

08888888
eaaaaaab
ffffffff
d5555557
d5005500
00000000
2a00aa00
2aaaaaa8
ffffffff
d5555557
c4444444

00000000
2aaaaaa8
d5555557
2aaaaaa8
2aaaaaa8
00000000
d5555557
d5555557
2aaaaaa8
d5555557
00000000

22222220
00000000
00000000
00000000
00550057
00000000
00aa00a8
00000000
00000000
00000000
11111113

2aaaaaa8
c0000003
00000000
00000000
d5555557
00000000
2aaaaaa8
00000000
00000000
00000000
d5555557

00000000
eaaaaaab
ffffffff
d5555557
2aaaaaa8
00000000
d5555557
2aaaaaa8
ffffffff
d5555557
00000000

08888888
eaaaaaab
d5555557
00000000
d5005500
00000000
2a00aa00
00000000
2aaaaaa8
d5555557
c4444444

00000000
00000000
00000000
2aaaaaa8
2aaaaaa8
00000000
d5555557
d5555557
00000000
00000000
00000000

00000000
00000000
d5555557
d5555557
00550057
00000000
00aa00a8
2aaaaaa8
2aaaaaa8
00000000
00000000

2a00aa00
2aaaaaa8
ffffffff
d5555557
d5555557
00000000
2aaaaaa8
2aaaaaa8
ffffffff
d5555557
d5005500

00000000
2aaaaaa8
00000000
00000000
2aaaaaa8
00000000
d5555557
00000000
00000000
d5555557
00000000

00000000
c0000003
00000000
00000000
ffaaffa8
00000000
3f55ff54
00000000
00000000
00000000
00000000

2a00aa00
c0000003
d5555557
ff55ff57
2aaaaaa8
00000000
15555554
ffaaffa8
2aaaaaa8
00000000
d5005500

00000000
eaaaaaab
ffffffff
ffffffff
2beaabe8
3ffffffc
17d557d4
ffffffff
ffffffff
d5555557
00000000

00000000
eaaaaaab
00000000
00aa00a8
00000000
00000000
c0000003
00550057
00000000
d5555557
00000000

2a00aa00
c0000003
00000000
00000000
d5005500
ff00ff00
2a00aa00
00000000
00000000
00000000
d5005500

00000000
00000000
00000000
2a00aa00
02800280
00000000
01400140
d5005500
00000000
00000000
00000000

00000000
2aaaaaa8
2aaaaaa8
2aaaaaa8
02800280
00000000
01400140
d5555557
d5555557
d5555557
00000000

2a00aa00
eaaaaaab
00000000
00aa00a8
d7805780
ff00ff00
2b40ab40
00550057
00000000
d5555557
d5005500

00000000
00000000
00000000
00000000
00000000
00000000
00000000
00000000
00000000
00000000
00000000

00000000
00000000
00000000
00000000
00550057
00000000
00aa00a8
00000000
00000000
00000000
00000000

2aaaaaa8
2aaaaaa8
ffffffff
ffffffff
ffffffff
00000000
ffffffff
ffffffff
ffffffff
d5555557
d5555557

22222220
eaaaaaab
d5555557
d5555557
2aaaaaa8
00000000
d5555557
2aaaaaa8
2aaaaaa8
d5555557
11111113

00000000
c0000003
d5555557
d5555557
d5005500
00000000
2a00aa00
2aaaaaa8
2aaaaaa8
00000000
00000000

08888888
00000000
00000000
00000000
00000000
00000000
00000000
00000000
00000000
00000000
c4444444

00000000
2aaaaaa8
2aaaaaa8
2aaaaaa8
2affaaff
00000000
d5ff55ff
d5555557
d5555557
d5555557
00000000

2aaaaaa8
2aaaaaa8
d5555557
d5555557
ffffffff
00000000
ffffffff
2aaaaaa8
2aaaaaa8
d5555557
d5555557

22222220
00000000
d5555557
d5555557
00000000
00000000
00000000
2aaaaaa8
2aaaaaa8
00000000
11111113

00000000
00000000
00000000
00000000
d5005500
00000000
2a00aa00
00000000
00000000
00000000
00000000

08888888
2aaaaaa8
2aaaaaa8
2aaaaaa8
2aaaaaa8
00000000
d5555557
d5555557
d5555557
d5555557
c4444444

00000000
eaaaaaab
00000000
00000000
00550057
00000000
00aa00a8
00000000
00000000
d5555557
00000000

2aaaaaa8
c0000003
00000000
00000000
d5555557
00000000
2aaaaaa8
00000400
00000000
00000000
d5555557

22222220
00000000
00000000
00000000
2aaaaaa8
00000000
d5555157
00000000
00000000
00000000
11111113

00000000
2aaaaaa8
ffffffff
d5555557
d5005500
00000000
2a00aa00
2aaaaaa8
ffffffff
d5555557
00000000

08888888
2aaaaaa8
d5555557
2aaaaaa8
2aaaaaa8
00000000
d5555557
d5555557
2aaaaaa8
d5555557
c4444444

00000000
00000000
00000000
00000000
00550057
00000000
00aa00a8
00000000
00000000
00000000
00000000

2aaaaaa8
c0000003
00000000
00000000
d5555557
00000000
2aaaaaa8
00000000
00000000
00000000
d5555557

22222220
eaaaaaab
ffffffff
d5555557
2aaaaaa8
00000000
d5555557
2aaaaaa8
ffffffff
d5555557
11111113

00000000
eaaaaaab
d5555557
00000000
d5005500
00000000
2a00aa00
00000000
2aaaaaa8
d5555557
00000000

08888888
c0000003
00000000
2aaaaaa8
2aaaaaa8
00000000
d5555557
d5555557
00000000
00000000
c4444444

00000000
00000000
d5555557
d5555557
00550057
00000000
00aa00a8
2aaaaaa8
2aaaaaa8
00000000
00000000

2a00aa00
2aaaaaa8
ffffffff
d5555557
d5555557
00000000
2aaaaaa8
2aaaaaa8
ffffffff
d5555557
d5005500

00000000
eaaaaaab
00000000
00008000
2aaa2aa8
00000000
d5555557
00000000
00000000
d5555557
00000000

00000000
00000000
00000000
00000000
ffaaffa8
00000000
3f55ff54
00000000
00000000
00000000
00000000

2a00aa00
c0000003
d5555557
ff55ff57
2aaaaaa8
00000000
15555554
ffaaffa8
2aaaaaa8
00000000
d5005500

00000000
eaaaaaab
ffffffff
ffffffff
2beaabe8
3ffffffc
17d557d4
ffffffff
ffffffff
d5555557
00000000

00000000
eaaaaaab
00000000
00aa00a8
02800280
00000000
c1400143
00550057
00000000
d5555557
00000000

2a00aa00
c0000003
00000000
00000000
d7805780
ff00ff00
2b40ab40
00000000
00000000
00000000
d5005500

00000000
00000000
00000000
2a00aa00
00000000
00000000
00000000
d5005500
00000000
00000000
00000000

00000000
2aaaaaa8
2aaaaaa8
2aaaaaa8
00000000
00000000
00000000
d5555557
d5555557
d5555557
00000000

2a00aa00
2aaaaaa8
00000000
00aa00a8
d7805780
ff00ff00
2b40ab40
00550057
00000000
d5555557
d5005500

00000000
00000000
00000000
00000000
00000000
00000000
00000000
00000000
00000000
00000000
00000000

00000000
00000000
00000000
00000000
00550057
00000000
00aa00a8
00000000
00000000
00000000
00000000

3ffffffc
2aaaaaa8
ffffffff
ffffffff
ffffffff
00000000
ffffffff
ffffffff
ffffffff
d5555557
ffffffff

22222220
eaaaaaab
d5555557
d5555557
2aaaaaa8
00000000
d5555557
2aaaaaa8
2aaaaaa8
d5555557
11111113

00000000
c0000003
d5555557
d5555557
d5005500
00000000
2a00aa00
2aaaaaa8
2aaaaaa8
00000000
00000000

08888888
15555554
00000000
00000000
00000000
00000000
00000000
00000000
00000000
2aaaaaa8
c4444444

15555554
2aaaaaa8
2aaaaaa8
2aaaaaa8
2affaaff
00000000
d5ff55ff
d5555557
d5555557
ffffffff
2aaaaaa8

2aaaaaa8
eaaaaaab
d5555557
d5555557
ffffffff
00000000
ffffffff
2aaaaaa8
2aaaaaa8
d5555557
d5555557

37777774
15555554
d5555557
d5555557
00000000
00000000
00000000
2aaaaaa8
2aaaaaa8
00000000
3bbbbbbb

15555554
00000000
00000000
00000000
d5005500
00000000
2a00aa00
00000000
00000000
00000000
2aaaaaa8

08888888
eaaaaaab
2aaaaaa8
2aaaaaa8
2aaaaaa8
00000000
d5555557
d5555557
d5555557
ffffffff
c4444444

00000000
eaaaaaab
00000000
00000000
00550057
00000000
00aa00a8
00000000
00000000
d5555557
00000000

3ffffffc
00000000
00000000
00000000
d5555557
00000000
2aaaaaa8
00000000
00000000
00000000
ffffffff

37777774
15555554
00000000
00000000
2aaaaaa8
00000000
d5555517
00000040
00000000
00000000
3bbbbbbb

00000000
ffffffff
ffffffff
d5555557
d5005500
00000000
2a00aa00
2aaaaaa8
ffffffff
ffffffff
00000000

08888888
2aaaaaa8
d5555557
2aaaaaa8
2aaaaaa8
00000000
d5555557
d5555557
2aaaaaa8
d5555557
c4444444

00000000
00000000
00000000
00000000
00550057
00000000
00aa00a8
00000000
00000000
00000000
00000000

3ffffffc
d5555557
00000000
00000000
d5555557
00000000
2aaaaaa8
00000000
00000000
00000000
ffffffff

22222220
ffffffff
ffffffff
d5555557
2aaaaaa8
00000000
d5555557
2aaaaaa8
ffffffff
d5555557
11111113

00000000
eaaaaaab
d5555557
00000000
d5005500
00000000
2a00aa00
00000000
2aaaaaa8
d5555557
00000000

1ddddddc
00000000
00000000
2aaaaaa8
2aaaaaa8
00000000
d5555557
d5555557
00000000
00000000
eeeeeeec

00000000
15555554
d5555557
d5555557
00550057
00000000
00aa00a8
2aaaaaa8
2aaaaaa8
2aaaaaa8
00000000

2a00aa00
3ffffffc
ffffffff
d5555557
d5555557
00000000
2aaaaaa8
2aaaaaa8
ffffffff
ffffffff
d5005500

15555554
2aaaaaa8
00000000
00000000
2aaaaaa8
00000000
d5555557
00000000
00000000
d5555557
2aaaaaa8

15555554
c0000003
00000000
00000000
d5005500
00000000
2a00aa00
00000000
00000000
00000000
2aaaaaa8

2a00aa00
d5555557
d5555557
ff55ff57
00000000
00000000
00000000
ffaaffa8
2aaaaaa8
2aaaaaa8
ffaaffa8

00000000
ffffffff
ffffffff
ffffffff
15555554
00000000
00000000
ffffffff
ffffffff
ffffffff
00000000

15555554
eaaaaaab
00000000
00aa00a8
00000000
00000000
c0000003
00550057
00000000
d5555557
2aaaaaa8

2a00aa00
c0000003
00000000
00000000
d5005500
ff00ff00
2a00aa00
00000000
00000000
00000000
d5005500

00000000
15555554
00000000
2a00aa00
00000000
00000000
00000000
d5005500
00000000
2aaaaaa8
00000000

15555554
3ffffffc
2aaaaaa8
2aaaaaa8
02800280
00000000
00000000
d5555557
d5555557
ffffffff
2aaaaaa8

3f55ff54
eaaaaaab
00000000
00aa00a8
d7805780
ff00ff00
2a00aa00
00550057
00000000
d5555557
ffaaffa8

15555554
00000000
00000000
00000000
00000000
00000000
00000000
00000000
00000000
00000000
2aaaaaa8

22222220
00000000
00000000
00000000
00000000
00000000
00000000
00000000
00000000
00000000
11111113

2aaaaaa8
2aaaaaa8
ffffffff
ffffffff
ffffffff
00000000
ffffffff
ffffffff
ffffffff
d5555557
d5555557

00000000
eaaaaaab
d5555557
d5555557
2affaaff
00000000
d5ff55ff
2aaaaaa8
2aaaaaa8
d5555557
00000000

08888888
c0000003
d5555557
d5555557
00000000
00000000
00000000
2aaaaaa8
2aaaaaa8
00000000
c4444444

00000000
00000000
00000000
00000000
d5005500
00000000
2a00aa00
00000000
00000000
00000000
00000000

22222220
2aaaaaa8
2aaaaaa8
2aaaaaa8
2aaaaaa8
00000000
d5555557
d5555557
d5555557
d5555557
11111113

2aaaaaa8
2aaaaaa8
d5555557
d5555557
ffffffff
00000000
ffffffff
2aaaaaa8
2aaaaaa8
d5555557
d5555557

00000000
00000000
d5555557
d5555557
00550057
00000000
00aa00a8
2aaaaaa8
2aaaaaa8
00000000
00000000

08888888
00000000
00000000
00000000
00000000
00000000
00000000
00000000
00000000
00000000
c4444444

00000000
eaaaaaab
2aaaaaa8
2aaaaaa8
ffaaffa8
00000000
ff55ff57
d5555557
d5555557
d5555557
00000000

22222220
eaaaaaab
00000000
00000000
00000000
00000000
00000000
00000000
00000000
d5555557
11111113

2aaaaaa8
00000000
00000000
00000000
d5555557
00000000
2aaaaaa8
00000000
00000000
00000000
d5555557

00000000
00000000
00000000
00000000
2affaaff
00000000
d5ff55ff
00000000
00000000
00000000
00000000

08888888
2aaaaaa8
ffffffff
d5555557
00000000
00000000
00000000
2aaaaaa8
ffffffff
d5555557
c4444444

00000000
2aaaaaa8
d5555557
2aaaaaa8
ffaaffa8
00000000
ff55ff57
d5555557
2aaaaaa8
d5555557
00000000

22222220
00000000
00000000
00000000
00000000
00000000
00000000
00000000
00000000
00000000
11111113

2aaaaaa8
c0000003
00000000
00000000
d5555557
00000000
2aaaaaa8
00000000
00000000
00000000
d5555557

00000000
eaaaaaab
ffffffff
d5555557
2affaaff
00000000
d5ff55ff
2aaaaaa8
ffffffff
d5555557
00000000

08888888
eaaaaaab
d5555557
00000000
00000000
00000000
00000000
00000000
2aaaaaa8
d5555557
c4444444

00000000
00000000
00000000
2aaaaaa8
ffaaffa8
00000000
ff55ff57
d5555557
00000000
00000000
00000000

2a00aa00
00000000
d5555557
d5555557
00000000
00000000
00000000
2aaaaaa8
2aaaaaa8
00000000
d5005500

2aaaaaa8
eaaaaaab
ffffffff
d5555557
d5555557
00000000
2aaaaaa8
2aaaaaa8
ffffffff
d5555557
d5555557

00000000
2aaaaaa8
00000000
00000000
2affaaff
00000000
d5ff55ff
00000000
00000000
d5555557
00000000

00aa00a8
c0000003
00000000
00000000
2aaaaaa8
00000000
15555554
00000000
00000000
00000000
00550057

00000000
c0000003
d5555557
ffffffff
ffaaffa8
00000000
3f55ff54
ffffffff
2aaaaaa8
00000000
00000000

00000000
eaaaaaab
ffffffff
ffffffff
2beaabe8
3ffffffc
17d557d4
ffffffff
ffffffff
d5555557
00000000

2a00aa00
eaaaaaab
00000000
00000000
02800280
00000000
c1400143
00000000
00000000
d5555557
d5005500

2aaaaaa8
c0000003
00000000
00000000
d7d557d7
ffffffff
2beaabe8
00000000
00000000
00000000
d5555557

00000000
00000000
00000000
2aaaaaa8
00000000
00000000
00000000
d5555557
00000000
00000000
00000000

00aa00a8
2aaaaaa8
2aaaaaa8
2aaaaaa8
00550057
00ff00ff
00aa00a8
d5555557
d5555557
d5555557
00550057

00000000
2aaaaaa8
00000000
00000000
02800280
00000000
01400140
00000000
00000000
d5555557
00000000

00000000
00000000
00000000
00000000
d5005500
ff00ff00
2a00aa00
00000000
00000000
00000000
00000000

22222220
00000000
00000000
00000000
00000000
00000000
00000000
00000000
00000000
00000000
11111113

2aaaaaa8
2aaaaaa8
ffffffff
ffffffff
ffffffff
00000000
ffffffff
ffffffff
ffffffff
d5555557
d5555557

00000000
eaaaaaab
d5555557
d5555557
2affaaff
00000000
d5ff55ff
2aaaaaa8
2aaaaaa8
d5555557
00000000

08888888
c0000003
d5555557
d5555557
00000000
00000000
00000000
2aaaaaa8
2aaaaaa8
00000000
c4444444

00000000
00000000
00000000
00000000
d5005500
00000000
2a00aa00
00000000
00000000
00000000
00000000

22222220
2aaaaaa8
2aaaaaa8
2aaaaaa8
2aaaaaa8
00000000
d5555557
d5555557
d5555557
d5555557
11111113

2aaaaaa8
2aaaaaa8
d5555557
d5555557
ffffffff
00000000
ffffffff
2aaaaaa8
2aaaaaa8
d5555557
d5555557

00000000
00000000
d5555557
d5555557
00550057
00000000
00aa00a8
2aaaaaa8
2aaaaaa8
00000000
00000000

08888888
00000000
00000000
00000000
00000000
00000000
00000000
00000000
00000000
00000000
c4444444

00000000
2aaaaaa8
2aaaaaa8
2aaaaaa8
ffaaffa8
00000000
ff55ff57
d5555557
d5555557
d5555557
00000000

22222220
eaaaaaab
00000000
00000000
00000000
00000000
00000000
00000000
00000000
d5555557
11111113

2aaaaaa8
c0000003
00000000
00000000
d5555557
00000000
2aaaaaa8
00000000
00000000
00000000
d5555557

00000000
00000000
00000000
00000000
2affaaff
00000000
d5ff55ff
00000000
00000000
00000000
00000000

08888888
2aaaaaa8
ffffffff
d5555557
00000000
00000000
00000000
2aaaaaa8
ffffffff
d5555557
c4444444

00000000
2aaaaaa8
d5555557
2aaaaaa8
ffaaffa8
00000000
ff55ff57
d5555557
2aaaaaa8
d5555557
00000000

22222220
00000000
00000000
00000000
00000000
00000000
00000000
00000000
00000000
00000000
11111113

2aaaaaa8
c0000003
00000040
00000000
d5555557
00000000
2aaaaaa8
00000000
00000000
00000000
d5555557

00000000
eaaaaaab
ffffffff
d5555557
2affaaff
00000000
d5ff55ff
2aaaaaa8
ffffffff
d5555557
00000000

08888888
eaaaaaab
d5555517
00000000
00000000
00000000
00000000
00000000
2aaaaaa8
d5555557
c4444444

00000000
c0000003
00000000
2aaaaaa8
ffaaffa8
00000000
ff55ff57
d5555557
00000000
00000000
00000000

2a00aa00
00000000
d5555557
d5555557
00000000
00000000
00000000
2aaaaaa8
2aaaaaa8
00000000
d5005500

2aaaaaa8
2aaaaaa8
ffffffff
d5555557
d5555557
00000000
2aaaaaa8
2aaaaaa8
ffffffff
d5555557
d5555557

00000000
eaaaaaab
00000000
00000000
2affaaff
00000000
d5ff55ff
00000000
00000000
d5555557
00000000

00aa00a8
00000000
00000000
00000000
2aaaaaa8
00000000
15555554
00000000
00000000
00000000
00550057

00000000
c0000003
d5555557
ffffffff
ffaaffa8
00000000
3f55ff54
ffffffbf
2aaaaaa8
00000000
00000000

00000000
eaaaaaab
ffffffff
ffffffff
2beaabe8
3ffffffc
17d557d4
ffffffbf
ffffffff
d5555557
00000000

2a00aa00
eaaaaaab
00000000
00000000
00000000
00000000
c0000003
00000000
00000000
d5555557
d5005500

2aaaaaa8
c0000003
00000000
00000000
d5555557
ffffffff
2aaaaaa8
00000000
00000000
00000000
d5555557

00000000
00000000
00000000
2aaaaaa8
00000000
00000000
00000000
d5555517
00000000
00000000
00000000

00aa00a8
2aaaaaa8
2aaaaaa8
2aaaaaa8
00550057
00ff00ff
00aa00a8
d5555517
d5555557
d5555517
00550057

00000000
2aaaaaa8
00000000
00000000
02800280
00000000
01400140
00000000
00000000
d5555517
00000000

00000000
00000000
00000000
00000000
d5005500
ff00ff00
2a00aa00
00000000
00000000
00000000
00000000

00000000
15555554
00000000
00000000
00000000
00000000
00000000
00000000
00000000
2aaaaaa8
00000000

3ffffffc
3ffffffc
ffffffff
ffffffff
ffffffff
00000000
ffffffff
ffffffff
ffffffff
ffffffff
ffffffff

22222220
eaaaaaab
d5555557
d5555557
2affaaff
00000000
d5ff55ff
2aaaaaa8
2aaaaaa8
d5555557
11111113

00000000
c0000003
d5555557
d5555557
00000000
00000000
00000000
2aaaaaa8
2aaaaaa8
00000000
00000000

08888888
15555554
00000000
00000000
d5005500
00000000
2a00aa00
00000000
00000000
2aaaaaa8
c4444444

15555554
3ffffffc
2aaaaaa8
2aaaaaa8
2aaaaaa8
00000000
d5555557
d5555557
d5555557
ffffffff
2aaaaaa8

2aaaaaa8
2aaaaaa8
d5555557
d5555557
ffffffff
00000000
ffffffff
2aaaaaa8
2aaaaaa8
d5555557
d5555557

37777774
00000000
d5555557
d5555557
00550057
00000000
00aa00a8
2aaaaaa8
2aaaaaa8
00000000
3bbbbbbb

15555554
15555554
00000000
00000000
00000000
00000000
00000000
00000000
00000000
2aaaaaa8
2aaaaaa8

08888888
ffffffff
2aaaaaa8
2aaaaaa8
ffaaffa8
00000000
ff55ff57
d5555557
d5555557
ffffffff
c4444444

00000000
eaaaaaab
00000000
00000000
00000000
00000000
00000000
00000000
00000000
d5555557
00000000

3ffffffc
00000000
00000000
00000000
d5555557
00000000
2aaaaaa8
00000000
00000000
00000000
ffffffff

37777774
15555554
00000000
00000000
2affaaff
00000000
d5ff55ff
00000000
00000000
00000000
3bbbbbbb

00000000
3ffffffc
ffffffff
d5555557
00000000
00000000
00000000
2aaaaaa8
ffffffff
d5555557
00000000

08888888
2aaaaaa8
d5555557
2aaaaaa8
ffaaffa8
00000000
ff55ff57
d5555557
2aaaaaa8
d5555557
c4444444

00000000
00000000
00000000
00000000
00000000
00000000
00000000
00000000
00000000
00000000
00000000

3ffffffc
d5555557
00000000
00000000
d5555557
00000000
2aaaaaa8
00000000
00000000
00000000
ffffffff

22222220
ffffffff
ffffffff
d5555557
2affaaff
00000000
d5ff55ff
2aaaaaa8
ffffffff
d5555557
11111113

00000000
eaaaaaab
d5555557
00000000
00000000
00000000
00000000
00000000
2aaaaaa8
d5555557
00000000

1ddddddc
00000000
00000000
2aaaaaa8
ffaaffa8
00000000
ff55ff57
d5555557
00000000
2aaaaaa8
eeeeeeec

2a00aa00
00000000
d5555557
d5555557
00000000
00000000
00000000
2aaaaaa8
2aaaaaa8
00000000
d5005500

2aaaaaa8
eaaaaaab
ffffffff
d5555557
d5555557
00000000
2aaaaaa8
2aaaaaa8
ffffffff
d5555557
d5555557

15555554
2aaaaaa8
00000000
00000000
2affaaff
00000000
d5ff55ff
00000000
00000000
d5555557
2aaaaaa8

15ff55fc
c0000003
00000000
00000000
00000000
00000000
00000000
00000000
00000000
2aaaaaa8
2affaaff

15555554
c0000003
d5555557
ffffffff
d5005500
00000000
2a00aa00
ffffffff
2aaaaaa8
00000000
2aaaaaa8

00000000
ffffffff
ffffffff
ffffffff
15555554
00000000
00000000
ffffffff
ffffffff
ffffffff
00000000

3f55ff54
eaaaaaab
00000000
00000000
00000000
00000000
c0000003
00000000
00000000
ffffffff
ffaaffa8

2aaaaaa8
c0000003
00000000
00000000
d5555557
ffffffff
2aaaaaa8
00000000
00000000
00000000
d5555557

00000000
15555554
00000000
2aaaaaa8
00000000
00000000
00000000
d5555557
00000000
00000000
00000000

15ff55fc
2aaaaaa8
2aaaaaa8
2aaaaaa8
02d502d7
00ff00ff
00aa00a8
d5555557
d5555557
d5555557
2affaaff

15555554
2aaaaaa8
00000000
00000000
02800280
00000000
00000000
00000000
00000000
d5555557
2aaaaaa8

15555554
00000000
00000000
00000000
d5005500
ff00ff00
2a00aa00
00000000
00000000
00000000
00000000

00000000
00000000
00000000
00000000
00000000
00000000
00000000
00000000
00000000
00000000
00000000

2aaaaaa8
2aaaaaa8
ffffffff
ffffffff
ffffffff
00000000
ffffffff
ffffffff
ffffffff
d5555557
d5555557

22222220
eaaaaaab
d5555557
d5555557
2affaaff
00000000
d5ff55ff
2aaaaaa8
2aaaaaa8
d5555557
11111113

00000000
c0000003
d5555557
d5555557
00000000
00000000
00000000
2aaaaaa8
2aaaaaa8
00000000
00000000

08888888
00000000
00000000
00000000
d5005500
00000000
2a00aa00
00000000
00000000
00000000
c4444444

00000000
2aaaaaa8
2aaaaaa8
2aaaaaa8
2aaaaaa8
00000000
d5555557
d5555557
d5555557
d5555557
00000000

2aaaaaa8
2aaaaaa8
d5555557
d5555557
ffffffff
00000000
ffffffff
2aaaaaa8
2aaaaaa8
d5555557
d5555557

22222220
00000000
d5555557
d5555557
00550057
00000000
00aa00a8
2aaaaaa8
2aaaaaa8
00000000
11111113

00000000
00000000
00000000
00000000
00000000
00000000
00000000
00000000
00000000
00000000
00000000

08888888
eaaaaaab
2aaaaaa8
2aaaaaa8
ffaaffa8
00000000
ff55ff57
d5555557
d5555557
d5555557
c4444444

00000000
eaaaaaab
00000000
00000000
00000000
00000000
00000000
00000000
00000000
d5555557
00000000

2aaaaaa8
00000000
00000000
00000000
d5555557
00000000
2aaaaaa8
00000000
00000000
00000000
d5555557

22222220
00000000
00000000
00000000
2affaaff
00000000
d5ff55ff
00000000
00000000
00000000
11111113

00000000
2aaaaaa8
ffffffff
d5555557
00000000
00000000
00000000
2aaaaaa8
ffffffff
d5555557
00000000

08888888
2aaaaaa8
d5555557
2aaaaaa8
ffaaffa8
00000000
ff55ff57
d5555557
2aaaaaa8
d5555557
c4444444

00000000
00000000
00000000
00000000
00000000
00000000
00000000
00000000
00000000
00000000
00000000

2aaaaaa8
c0000003
00000000
00000000
d5555557
00000000
2aaaaaa8
00000000
00000000
00000000
d5555557

22222220
eaaaaaab
ffffffff
d5555557
2affaaff
00000000
d5ff55ff
2aaaaaa8
ffffffff
d5555557
11111113

00000000
eaaaaaab
d5555557
00000000
00000000
00000000
00000000
00000000
2aaaaaa8
d5555557
00000000

08888888
00000000
00000000
2aaaaaa8
ffaaffa8
00000000
ff55ff57
d5555557
00000000
00000000
c4444444

2a00aa00
00000000
d5555557
d5555557
00000000
00000000
00000000
2aaaaaa8
2aaaaaa8
00000000
d5005500

2aaaaaa8
eaaaaaab
ffffffff
d5555557
d5555557
00000000
2aaaaaa8
2aaaaaa8
ffffffff
d5555557
d5555557

00000000
2aaaaaa8
00000000
00000000
2affaaff
00000000
d5ff55ff
00000000
00000000
d5555557
00000000

00aa00a8
c0000003
00000000
00000000
2aaaaaa8
00000000
15555554
00000000
00000000
00000000
00550057

00000000
c0000003
d5555557
ffffffff
ffaaffa8
00000000
3f55ff54
ffffffff
2aaaaaa8
00000000
00000000

00000000
eaaaaaab
ffffffff
ffffffff
2beaabe8
3ffffffc
17d557d4
ffffffff
ffffffff
d5555557
00000000

2a00aa00
eaaaaaab
00000000
00000000
00000000
00000000
c0000003
00000000
00000000
d5555557
d5005500

2aaaaaa8
c0000003
00000000
00000000
d5555557
ffffffff
2aaaaaa8
00000000
00000000
00000000
d5555557

00000000
00000000
00000000
2aaaaaa8
00000000
00000000
00000000
d5555557
00000000
00000000
00000000

00aa00a8
2aaaaaa8
2aaaaaa8
2aaaaaa8
00550057
00ff00ff
00aa00a8
d5555557
d5555557
d5555557
00550057

00000000
2aaaaaa8
00000000
00000000
02800280
00000000
01400140
00000000
00000000
d5555557
00000000

00000000
00000000
00000000
00000000
d5005500
ff00ff00
2a00aa00
00000000
00000000
00000000
00000000

22222220
00000000
00000000
00000000
00000000
00000000
00000000
00000000
00000000
00000000
11111113

2aaaaaa8
2aaaaaa8
ffffffff
ffffffff
ffffffff
00000000
ffffffff
ffffffff
ffffffff
d5555557
d5555557

00000000
eaaaaaab
d5555557
d5555557
2affaaff
00000000
d5ff55ff
2aaaaaa8
2aaaaaa8
d5555557
00000000

08888888
c0000003
d5555557
d5555557
00000000
00000000
00000000
2aaaaaa8
2aaaaaa8
00000000
c4444444

00000000
00000000
00000000
00000000
d5005500
00000000
2a00aa00
00000000
00000000
00000000
00000000

22222220
2aaaaaa8
2aaaaaa8
2aaaaaa8
2aaaaaa8
00000000
d5555557
d5555557
d5555557
d5555557
11111113

2aaaaaa8
2aaaaaa8
d5555557
d5555557
ffffffff
00000000
ffffffff
2aaaaaa8
2aaaaaa8
d5555557
d5555557

00000000
00000000
d5555557
d5555557
00550057
00000000
00aa00a8
2aaaaaa8
2aaaaaa8
00000000
00000000

08888888
00000000
00000000
00000000
00000000
00000000
00000000
00000000
00000000
00000000
c4444444

00000000
2aaaaaa8
2aaaaaa8
2aaaaaa8
ffaaffa8
00000000
ff55ff57
d5555557
d5555557
d5555557
00000000

22222220
eaaaaaab
00000000
00000000
00000000
00000000
00000000
00000000
00000000
d5555557
11111113

2aaaaaa8
c0000003
00000000
00000000
d5555557
00000000
2aaaaaa8
00000000
00000000
00000000
d5555557

00000000
00000000
00000000
00000000
2affaaff
00000000
d5ff55ff
00000000
00000000
00000000
00000000

08888888
2aaaaaa8
ffffffff
d5555557
00000000
00000000
00000000
2aaaaaa8
ffffffff
d5555557
c4444444

00000000
2aaaaaa8
d5555557
2aaaaaa8
ffaaffa8
00000000
ff55ff57
d5555557
2aaaaaa8
d5555557
00000000

22222220
00000000
00000000
00000000
00000000
00000000
00000000
00000000
00000000
00000000
11111113

2aaaaaa8
c0000003
00000000
00000000
d5555557
00000000
2aaaaaa8
00000000
00000000
00000000
d5555557

00000000
eaaaaaab
ffffffff
d5555557
2affaaff
00000000
d5ff55ff
2aaaaaa8
ffffffff
d5555557
00000000

08888888
eaaaaaab
d5555557
00000000
00000000
00000000
00000000
00000000
2aaaaaa8
d5555557
c4444444

00000000
c0000003
00000000
2aaaaaa8
ffaaffa8
00000000
ff55ff57
d5555557
00000000
00000000
00000000

2a00aa00
00000000
d5555557
d5555557
00000000
00000000
00000000
2aaaaaa8
2aaaaaa8
00000000
d5005500

2aaaaaa8
2aaaaaa8
ffffffff
d5555557
d5555557
00000000
2aaaaaa8
2aaaaaa8
ffffffff
d5555557
d5555557

00000000
eaaaaaab
00000000
00000000
2affaaff
00000000
d5ff55ff
00000000
00000000
d5555557
00000000

00aa00a8
00000000
00000000
00000000
2aaaaaa8
00000000
15555554
00000000
00000000
00000000
00550057

00000000
c0000003
d5555557
ffffffff
ffaaffa8
00000000
3f55ff54
ffffffff
2aaaaaa8
00000000
00000000

00000000
eaaaaaab
ffffffff
ffffffff
2beaabe8
3ffffffc
17d557d4
ffffffff
ffffffff
d5555557
00000000

2a00aa00
eaaaaaab
00000000
00000000
02800280
00000000
c1400143
00000000
00000000
d5555557
d5005500

2aaaaaa8
c0000003
00000000
00000000
d7d557d7
ffffffff
2beaabe8
00000000
00000000
00000000
d5555557

00000000
00000000
00000000
2aaaaaa8
00000000
00000000
00000000
d5555557
00000000
00000000
00000000

00aa00a8
2aaaaaa8
2aaaaaa8
2aaaaaa8
00550057
00ff00ff
00aa00a8
d5555557
d5555557
d5555557
00550057

00000000
2aaaaaa8
00000000
00000000
02800280
00000000
01400140
00000000
00000000
d5555557
00000000

00000000
00000000
00000000
00000000
d5005500
ff00ff00
2a00aa00
00000000
00000000
00000000
00000000

22222220
00000000
00000000
00000000
00000000
00000000
00000000
00000000
00000000
00000000
11111113

3ffffffc
2aaaaaa8
ffffffff
ffffffff
ffffffff
00000000
ffffffff
ffffffff
ffffffff
d5555557
ffffffff

00000000
eaaaaaab
d5555517
d5555557
2affaaff
00000000
d5ff55ff
2aaaaaa8
2aaaaaa8
d5555557
00000000

08888888
c0000003
d5555557
d5555557
00000000
00000000
00000000
2aaaaaa8
2aaaaaa8
00000000
c4444444

00000000
15555554
00000000
00000000
d5005500
00000000
2a00aa00
00000000
00000000
2aaaaaa8
00000000

37777774
2aaaaaa8
2aaaaae8
2aaaaaa8
2aaaaaa8
00000000
d5555557
d5555557
d5555557
ffffffff
3bbbbbbb

2aaaaaa8
eaaaaaab
d5555557
d5555557
ffffffff
00000000
ffffffff
2aaaaaa8
2aaaaaa8
d5555557
d5555557

15555554
15555554
d5555557
d5555557
00550057
00000000
00aa00a8
2aaaaaa8
2aaaaaa8
00000000
2aaaaaa8

1ddddddc
00000000
00000000
00000000
00000000
00000000
00000000
00000000
00000000
00000000
eeeeeeec

00000000
eaaaaaab
2aaaaaa8
2aaaaaa8
ffaaffa8
00000000
ff55ff57
d5555557
d5555557
ffffffff
00000000

22222220
eaaaaaab
00000000
00000000
00000000
00000000
00000000
00000000
00000000
d5555557
11111113

3ffffffc
00000000
00000000
00000000
d5555557
00000000
2aaaaaa8
00000000
00000000
00000000
ffffffff

15555554
15555554
00000000
00000000
2affaaff
00000000
d5ff55ff
00000000
00000000
00000000
2aaaaaa8

08888888
ffffffff
ffffffff
d5555557
00000000
00000000
00000000
2aaaaaa8
ffffffff
ffffffff
c4444444

00000000
2aaaaaa8
d5555557
2aaaaaa8
ffaaffa8
00000000
ff55ff57
d5555557
2aaaaaa8
d5555557
00000000

22222220
00000000
00000000
00000000
00000000
00000000
00000000
00000000
00000000
00000000
11111113

3ffffffc
d5555557
00000000
00000000
d5555557
00000000
2aaaaaa8
00000000
00000000
00000000
ffffffff

00000000
ffffffff
ffffffff
d5555557
2affaaff
00000000
d5ff55ff
2aaaaaa8
ffffffff
d5555557
00000000

08888888
eaaaaaab
d5555557
00000000
00000000
00000000
00000000
00000000
2aaaaaa8
d5555557
c4444444

15555554
00000000
00000000
2aaaaaa8
ffaaffa8
00000000
ff55ff57
d5555557
00000000
00000000
2aaaaaa8

2a00aa00
15555554
d5555557
d5555557
00000000
00000000
00000000
2aaaaaa8
2aaaaaa8
2aaaaaa8
d5005500

2aaaaaa8
3ffffffc
ffffffff
d5555557
d5555557
00000000
2aaaaaa8
2aaaaaa8
ffffffff
ffffffff
d5555557

15555554
2aaaaaa8
00000000
00000000
2affaaff
00000000
d5ff55ff
00000000
00000000
d5555557
2aaaaaa8

15ff55fc
c0000003
00000000
00000000
00000000
00000000
00000000
00000000
00000000
00000000
2affaaff

00000000
d5555557
d5555557
ffffffff
d5005500
00000000
2a00aa00
ffffffff
2aaaaaa8
2aaaaaa8
2aaaaaa8

00000000
ffffffff
ffffffff
ffffffff
15555554
00000000
00000000
ffffffff
ffffffff
ffffffff
00000000

3f55ff54
eaaaaaab
00000000
00000000
00000000
00000000
c0000003
00000000
00000000
d5555557
ffaaffa8

2aaaaaa8
c0000003
00000000
00000000
d5555557
ffffffff
2aaaaaa8
00000000
00000000
00000000
d5555557

00000000
15555554
00000000
2aaaaaa8
00000000
00000000
00000000
d5555557
00000000
2aaaaaa8
00000000

15ff55fc
3ffffffc
2aaaaaa8
2aaaaaa8
02d502d7
00ff00ff
00aa00a8
d5555557
d5555557
ffffffff
2affaaff

15555554
eaaaaaab
00000000
00000000
02800280
00000000
00000000
00000000
00000000
d5555557
2aaaaaa8

15555554
00000000
00000000
00000000
d5005500
ff00ff00
2a00aa00
00000000
00000000
00000000
2aaaaaa8

00000000
00000000
00000000
00000000
00000000
00000000
00000000
00000000
00000000
00000000
00000000

2aaaaaa8
2aaaaaa8
ffffffff
ffffffff
ffffffff
00000000
ffffffff
ffffffff
ffffffff
d5555557
d5555557

22222220
eaaaaaab
d5555557
d5555557
2affaaff
00000000
d5ff55ff
2aaaaaa8
2aaaaaa8
d5555557
11111113

00000000
c0000003
d5555557
d5555557
00000000
00000000
00000000
2aaaaaa8
2aaaaaa8
00000000
00000000

08888888
00000000
00000000
00000000
d5005500
00000000
2a00aa00
00000000
00000000
00000000
c4444444

00000000
2aaaaaa8
2aaaaaa8
2aaaaaa8
2aaaaaa8
00000000
d5555557
d5555557
d5555557
d5555557
00000000

2aaaaaa8
2aaaaaa8
d5555557
d5555557
ffffffff
00000040
ffffffff
2aaaaaa8
2aaaaaa8
d5555557
d5555517

22222220
00000000
d5555557
d5555557
00550017
00000040
00aa0028
2aaaaaa8
2aaaaaa8
00000000
11111113

00000000
00000000
00000000
00000000
00000000
00000000
00000000
00000000
00000000
00000000
00000000

08888888
eaaaaaab
2aaaaaa8
2aaaaaa8
ffaaffe8
00000000
ff55ffd7
d5555557
d5555557
d5555557
c4444404

00000000
eaaaaaab
00000000
00000000
00000000
00000000
00000000
00000000
00000000
d5555557
00000000

2aaaaaa8
00000000
00000000
00000000
d5555557
00000000
2aaaaaa8
00000000
00000000
00000000
d5555557

22222220
00000000
00000000
00000000
2affaaff
00000000
d5ff55ff
00000000
00000000
00000000
11111113

00000000
2aaaaaa8
ffffffff
d5555557
00000000
00000000
00000000
2aaaaaa8
ffffffff
d5555557
00000000

08888888
2aaaaaa8
d5555557
2aaaaaa8
ffaaffa8
00000000
ff55ff57
d5555557
2aaaaaa8
d5555557
c4444444

00000000
00000000
00000000
00000000
00000000
00000000
00000000
00000000
00000000
00000000
00000000

2aaaaa28
c0000003
00000000
00000000
d5555557
00000000
2aaaaaa8
00000000
00000000
00000000
d5555557

22222220
eaaaaaab
ffffffff
d5555557
2affaaff
00000000
d5ff55ff
2aaaaaa8
ffffffff
d5555557
11111113

00000000
eaaaaaab
d5555557
00000000
00000000
00000000
00000000
00000000
2aaaaaa8
d5555557
00000000

08888808
00000000
00000000
2aaaaaa8
ffaaffa8
00000000
ff55ff57
d5555557
00000000
00000000
c4444444

2a00aa00
00000000
d5555557
d5555557
00000000
00000000
00000000
2aaaaaa8
2aaaaaa8
00000000
d5005500

2aaaaaa8
eaaaaaab
ffffffff
d5555557
d5555557
00000000
2aaaaaa8
2aaaaaa8
ffffffff
d5555557
d5555557

00000000
2aaaaaa8
00000000
00000000
2affaaff
00000000
d5ff55ff
00000000
00000000
d5555557
00000000

00aa00a8
c0000003
00000000
00000000
2aaaaaa8
00000000
15555554
00000000
00000000
00000000
00550057

00000000
c0000003
d5555557
ffffffff
ffaaffa8
00000000
3f55ff54
ffffffff
2aaaaaa8
00000000
00000000

00000000
eaaaaaab
ffffffff
ffffffff
2beaabe8
3ffffffc
17d557d4
ffffffff
ffffffff
d5555557
00000000

2a00aa00
eaaaaaab
00000000
00000000
02800280
00000000
c1400143
00000000
00000000
d5555557
d5005100

2aaaaaa8
c0000003
00000000
00000000
d7d557d7
ffffffff
2beaabe8
00000000
00000000
00000000
d5555557

00000000
00000000
00000000
2aaaaaa8
00000000
00000000
00000000
d5555557
00000000
00000000
00000000

00aa00a8
2aaaaaa8
2aaaaaa8
2aaaaaa8
00550057
00ff00ff
00aa00a8
d5555557
d5555557
d5555557
00550457

00000000
2aaaaaa8
00000000
00000000
02800280
00000000
01400140
00000000
00000000
d5555557
00000000

00000000
00000000
00000000
00000000
d5005500
ff00ff00
2a00aa00
00000000
00000000
00000000
00000000

00000000
00000000
00000000
00000000
00000040
00000000
00000000
00000000
00000000
00000000
00000000

2aaaaaa8
2aaaaaa8
ffffffff
ffffffbf
ffffffff
00000000
ffffffff
ffffffff
ffffffff
d5555557
d5555517

23622360
ffffffff
d5555557
d5555557
2affaabf
00000000
d5ff55ff
2aaaaaa8
2aaaaaa8
fd7ffd7f
11111113

01400140
d5555557
d5555557
d5555557
00000000
00000000
00000000
2aaaaaa8
2aaaaaa8
282aa828
00000000

08888888
00000000
00000000
00000000
d5005500
00000000
2a00aa00
00000000
00000000
00000000
c4444404

00000000
2aaaaaa8
2aaaaaa8
2aaaaaa8
2aaaaaa8
00000000
d5555557
d5555557
d5555557
d5555557
00000000

2beaabe8
ffffffbf
d5555557
d5555557
ffffffff
00000000
ffffffff
2aaaaaa8
2aaaaaa8
fd7ffd7f
d5555557

22222220
00000000
d5555557
d5555557
00550057
00000000
00aa00a8
2aaaaaa8
2aaaaaa8
00000000
11111113

00000000
00000000
00000000
00000000
00000000
00000000
00000000
00000000
00000000
00000000
00000000

08888888
2aaaaae8
2aaaaaa8
2aaaaaa8
ffaaffa8
00000000
ff55ff57
d5555557
d5555557
d5555557
c4444444

01400140
ffffffbf
00000000
00000000
00000040
00000000
00000000
00000000
00000000
fd7ffd7f
00000000

2beaabe8
d5555557
00000000
00000000
d5555557
00000000
2aaaaaa8
00000000
00000000
282aa828
d5555557

22222220
00000040
00000000
00000000
2affaabf
00000000
d5ff55ff
00000000
00000000
00000000
11111113

00000000
2aaaaaa8
ffffffff
d5555557
00000000
00000000
00000000
2aaaaaa8
ffffffff
d5555557
00000000

09c889c8
ffffffbf
d5555557
2aaaaaa8
ffaaffa8
00000000
ff55ff57
d5555557
2aaaaaa8
fd7ffd7f
c4444444

00000000
00000000
00000000
00000000
00000040
00000000
00000000
00000000
00000000
00000000
00000000

2beaabe8
d5555547
00000000
00000000
d5555557
00000000
2aaaaaa8
00000000
00000000
282aa828
d5555557

23622360
ffffffff
ffffffff
d5555557
2affaabf
00000000
d5ff55ff
2aaaaaa8
ffffffff
fd7ffd7f
11111113

01400140
ffffffbf
d5555557
00000000
00000000
00000000
00000000
00000000
2aaaaaa8
fd7ffd7f
00000000

09c889c8
d5555557
00000000
2aaaaaa8
ffaaffa8
00000000
ff55ff57
d5555557
00000000
282aa828
c4444444

2a00aa00
00000000
d5555507
d5555507
00000040
00000000
00000000
2aaaaaa8
2aaaaaa8
00000000
d5005500

2aaaaaa8
2aaaaae8
ffffffaf
d5555507
d5555557
00000000
2aaaaaa8
2aaaaaa8
ffffffff
d5555557
d5555517

00000000
2aaaaae8
00000000
00000000
2affaabf
00000000
d5ff55ff
00000000
00000000
d5555557
00000000

00aa00a8
00000000
00000000
00000000
00000000
00000000
00000010
00000000
00000000
00000000
00550017

01400140
d5555557
d5555507
ffffffbf
d5005500
00000000
2a00aa10
ffffffbf
2aaaaaa8
282aa828
00000000

01400140
ffffffff
ffffffaf
ffffffbf
00000000
00000000
00000010
ffffffff
ffffffff
fd7ffd7f
00000000

2b40ab40
ffffffbf
00000000
00000000
2aaaaaa8
00000000
d5555517
00000040
00000000
fd7ffd7f
d5005500

2beaabe8
d5555517
00000000
00000000
d5555517
ffffffbf
2aaaaaa8
00000000
00000000
282aa828
d5555517

00000000
00000000
00000000
2aaaaaa8
00000000
00000000
00000000
d5555517
00000000
00000000
00000000

00aa00a8
2aaaaaa8
2aaaaaa8
2aaaaaa8
00550017
00ff00bf
00aa00a8
d5555557
d5555557
d5555557
00550017

01400140
ffffffbf
00000000
00000000
00000000
00000000
00000000
00000040
00000000
fd7ffd7f
00000000

00000000
00000000
00000000
00000000
d5005500
ff00ff00
2a00aa00
00000000
00000000
00000000
00000000

