Timing Summary
==============

   POST-ROUTE

         Group  No. Clocks  No. Clock Pairs  WNS(ps)  TNS(ps)  TNS Endpoints      
   -----------  ----------  ---------------  -------  -------  -------------      
     <DEFAULT>           1                1    11984        0              0      




Clocks
======

            Clock    Clock net        Group  Constrained Period(ps)      Waveform(ps)   Achievable Period(ps)  Achievable Frequency(MHz)
   --------------  -----------  -----------  ----------------------  -----------------  ---------------------  -------------------------
              clk          clk    <DEFAULT>                 20000           (0,10000)                   8015                    124.766 




Clock Relationships
===================

       From Clock        To Clock               Group    Endpoints     WNS(ps)    TNS(ps)  TNS Endpoints
   --------------  --------------  ------------------  -----------  ----------  ---------  -------------
              clk             clk           <DEFAULT>          108       11984          0              0




Timing Details for Clock Pair clk and clk
=========================================

       From Clock        To Clock               Group    Endpoints     WNS(ps)    TNS(ps)  TNS Endpoints
   --------------  --------------  ------------------  -----------  ----------  ---------  -------------
              clk             clk           <DEFAULT>          108       11984          0              0

Path 0:
   Slack (met):                             11984ps
     Path type:                               SETUP
     Group:                               <DEFAULT>
     Launching clock:                           clk (rising edge)
     Capturing clock:                           clk (rising edge)

     Requested period:                      20000ps
   + Delay of the capturing clock:           2452ps
   - Clock uncertainty:                       150ps
   = Required time:                         22302ps
   - Propagation time:                       7872ps (50.5% logic, 49.5% route, logic stage 4)
   - Delay of the launching clock:           2446ps
   = Slack:                                 11984ps

   Instance/Pin or Net Name           Type         ID    Location or Fanout   Delay(ps)  Edge  Arrival Time(ps)    Instance detail                                                            
   ---------------------------------------------------------------------------------------------------------------------------------------------------------------------------------------------
   clk                                CLOCK-PORT    -                     -     launch     r               0                                                                                  
   clk_BUFG_I_O                       Clock net    53          (fanout=321)       2446                     -                                                                                  
   RBB_9/CLK                          RBB_6L        9  [TILE 0 0, RBB 4 18]          -     r            2446                                                                                  
   ---------------------------------------------------------------------------------------------------------------------------------------------------------------------------------------------
   RBB_9/DMUX                         RBB_6L        9  [TILE 0 0, RBB 4 18]       1333     r            3779     {inst70: w_sck_edge_LUT2_O_I1_FDCE_Q (FDC,site=dffo)}                        
   w_sck_edge_LUT2_O_I1[1]            Net          78            (fanout=2)        830                     -                                                                                  
   RBB_8/C3                           RBB_6L        8  [TILE 0 0, RBB 4 14]          -     r            4609                                                                                  
   RBB_8/C                            RBB_6L        8  [TILE 0 0, RBB 4 14]        704     r            5313     {inst71: w_sck_edge_LUT2_O_I1_LUT2_I1 (LUT,site=clut)}                       
   w_sck_edge_LUT2_O_I1_LUT2_I1_O[4]  Net          46            (fanout=9)        789                     -                                                                                  
   RBB_11/D5                          RBB_6L       11  [TILE 0 0, RBB 4 10]          -     r            6102                                                                                  
   RBB_11/D                           RBB_6L       11  [TILE 0 0, RBB 4 10]        625     r            6727     {inst68: spi_miso_en_INV_O_I_LUT2_I0_O_LUT5_O (LUT,site=dlut)}               
   spi_miso_en_INV_O_I_LUT2_I0_O[3]   Net          64            (fanout=4)       1155                     -                                                                                  
   RBB_9/B6                           RBB_6L        9  [TILE 0 0, RBB 4 18]          -     r            7882                                                                                  
   RBB_9/B                            RBB_6L        9  [TILE 0 0, RBB 4 18]        599     r            8481     {inst55: spi_miso_LUT6_I0 (LUT,site=blut,bluto)}                             
   spi_miso_FDCE_Q_D                  Net          33            (fanout=1)       1124                     -                                                                                  
   RBB_3/O[0]                         IOB           3  [TILE 0 0, RBB 0 23]          -     r            9605     {inst87: spi_miso_OUT (FDC)} {(output_port) inst82: g_82_spi_miso_obuf (IO)} 
   ---------------------------------------------------------------------------------------------------------------------------------------------------------------------------------------------
   RBB_3/CLK                          IOB           3  [TILE 0 0, RBB 0 23]        713     r           10318                                                                                  
   clk_BUFG_I_O                       Clock net    53          (fanout=321)      -2452                     -                                                                                  
   clk                                CLOCK-PORT    -                     -    capture     r            7866                                                                                  
   ---------------------------------------------------------------------------------------------------------------------------------------------------------------------------------------------


Path 212:
   Slack (met):                             12328ps
     Path type:                               SETUP
     Group:                               <DEFAULT>
     Launching clock:                           clk (rising edge)
     Capturing clock:                           clk (rising edge)

     Requested period:                      20000ps
   + Delay of the capturing clock:           2456ps
   - Clock uncertainty:                       150ps
   = Required time:                         22306ps
   - Propagation time:                       7690ps (41.7% logic, 58.3% route, logic stage 3)
   - Delay of the launching clock:           2288ps
   = Slack:                                 12328ps

   Instance/Pin or Net Name   Type         ID    Location or Fanout   Delay(ps)  Edge  Arrival Time(ps)    Instance detail                                                      
   -------------------------------------------------------------------------------------------------------------------------------------------------------------------------------
   clk                        CLOCK-PORT    -                     -     launch     r               0                                                                            
   clk_BUFG_I_O               Clock net    53          (fanout=321)       2288                     -                                                                            
   RBB_11/CLK                 RBB_6L       11  [TILE 0 0, RBB 4 10]          -     r            2288                                                                            
   -------------------------------------------------------------------------------------------------------------------------------------------------------------------------------
   RBB_11/DQ                  RBB_6L       11  [TILE 0 0, RBB 4 10]        800     r            3088     {inst26: rx_data_wire_FDCE_Q (FDCE,site=dff)}                          
   rx_data_wire[7]            Net          15            (fanout=3)       1474                     -                                                                            
   RBB_7/C5                   RBB_6L        7  [TILE 0 0, RBB 1 10]          -     r            4562                                                                            
   RBB_7/CMUX                 RBB_6L        7  [TILE 0 0, RBB 1 10]        862     r            5424     {inst18: led_FDCE_Q_D_LUT4_O_I2_LUT4_O_1 (LUT,site=cluto)}             
   led_FDCE_Q_D_LUT4_O_I2[5]  Net          55            (fanout=2)        935                     -                                                                            
   RBB_11/C3                  RBB_6L       11  [TILE 0 0, RBB 4 10]          -     r            6359                                                                            
   RBB_11/C                   RBB_6L       11  [TILE 0 0, RBB 4 10]        704     r            7063     {inst14: led_FDCE_Q_CE_LUT6_O (LUT,site=clut,cluto)}                   
   led_FDCE_Q_CE              Net          76            (fanout=1)       2078                     -                                                                            
   RBB_6/CE                   IOB           6  [TILE 0 0, RBB 31 6]          -     r            9141     {inst13: led_FDCE_Q (FDCE)} {(output_port) inst79: g_79_led_obuf (IO)} 
   -------------------------------------------------------------------------------------------------------------------------------------------------------------------------------
   RBB_6/CLK                  IOB           6  [TILE 0 0, RBB 31 6]        837     r            9978                                                                            
   clk_BUFG_I_O               Clock net    53          (fanout=321)      -2456                     -                                                                            
   clk                        CLOCK-PORT    -                     -    capture     r            7522                                                                            
   -------------------------------------------------------------------------------------------------------------------------------------------------------------------------------


Path 106:
   Slack (met):                             12411ps
     Path type:                               SETUP
     Group:                               <DEFAULT>
     Launching clock:                           clk (rising edge)
     Capturing clock:                           clk (rising edge)

     Requested period:                      20000ps
   + Delay of the capturing clock:           2456ps
   - Clock uncertainty:                       150ps
   = Required time:                         22306ps
   - Propagation time:                       7455ps (48.3% logic, 51.7% route, logic stage 3)
   - Delay of the launching clock:           2440ps
   = Slack:                                 12411ps

   Instance/Pin or Net Name   Type         ID    Location or Fanout   Delay(ps)  Edge  Arrival Time(ps)    Instance detail                                                      
   -------------------------------------------------------------------------------------------------------------------------------------------------------------------------------
   clk                        CLOCK-PORT    -                     -     launch     r               0                                                                            
   clk_BUFG_I_O               Clock net    53          (fanout=321)       2440                     -                                                                            
   RBB_13/CLK                 RBB_6L       13  [TILE 0 0, RBB 1 12]          -     r            2440                                                                            
   -------------------------------------------------------------------------------------------------------------------------------------------------------------------------------
   RBB_13/DMUX                RBB_6L       13  [TILE 0 0, RBB 1 12]       1466     r            3906     {inst32: rx_data_wire_FDCE_Q_6 (FDCE,site=dffo)}                       
   rx_data_wire[1]            Net          17            (fanout=3)       1136                     -                                                                            
   RBB_11/A1                  RBB_6L       11  [TILE 0 0, RBB 4 10]          -     r            5042                                                                            
   RBB_11/A                   RBB_6L       11  [TILE 0 0, RBB 4 10]        666     r            5708     {inst16: led_FDCE_Q_D_LUT4_O_I2_LUT2_O (LUT,site=alut)}                
   led_FDCE_Q_D_LUT4_O_I2[3]  Net          57            (fanout=2)        596                     -                                                                            
   RBB_11/B4                  RBB_6L       11  [TILE 0 0, RBB 4 10]          -     r            6304                                                                            
   RBB_11/B                   RBB_6L       11  [TILE 0 0, RBB 4 10]        651     r            6955     {inst15: led_FDCE_Q_D_LUT4_O (LUT,site=blut)}                          
   led_FDCE_Q_D               Net          23            (fanout=1)       2120                     -                                                                            
   RBB_6/O[0]                 IOB           6  [TILE 0 0, RBB 31 6]          -     r            9075     {inst13: led_FDCE_Q (FDCE)} {(output_port) inst79: g_79_led_obuf (IO)} 
   -------------------------------------------------------------------------------------------------------------------------------------------------------------------------------
   RBB_6/CLK                  IOB           6  [TILE 0 0, RBB 31 6]        820     r            9895                                                                            
   clk_BUFG_I_O               Clock net    53          (fanout=321)      -2456                     -                                                                            
   clk                        CLOCK-PORT    -                     -    capture     r            7439                                                                            
   -------------------------------------------------------------------------------------------------------------------------------------------------------------------------------


Path 11:
   Slack (met):                             13183ps
     Path type:                               SETUP
     Group:                               <DEFAULT>
     Launching clock:                           clk (rising edge)
     Capturing clock:                           clk (rising edge)

     Requested period:                      20000ps
   + Delay of the capturing clock:           2303ps
   - Clock uncertainty:                       150ps
   = Required time:                         22153ps
   - Propagation time:                       6667ps (52.9% logic, 47.1% route, logic stage 2)
   - Delay of the launching clock:           2303ps
   = Slack:                                 13183ps

   Instance/Pin or Net Name                            Type         ID    Location or Fanout   Delay(ps)  Edge  Arrival Time(ps)    Instance detail                                                                                                                                  
   ------------------------------------------------------------------------------------------------------------------------------------------------------------------------------------------------------------------------------------------------------------------------------------
   clk                                                 CLOCK-PORT    -                     -     launch     r               0                                                                                                                                                        
   clk_BUFG_I_O                                        Clock net    53          (fanout=321)       2303                     -                                                                                                                                                        
   RBB_10/CLK                                          RBB_6L       10  [TILE 0 0, RBB 4 16]          -     r            2303                                                                                                                                                        
   ------------------------------------------------------------------------------------------------------------------------------------------------------------------------------------------------------------------------------------------------------------------------------------
   RBB_10/AMUX                                         RBB_6L       10  [TILE 0 0, RBB 4 16]       1362     r            3665     {inst75: w_sck_edge_LUT2_O_I1_LUT2_I1_O_FDCE_Q_3 (FDC,site=affo)}                                                                                  
   w_sck_edge_LUT2_O_I1_LUT2_I1_O[3]                   Net          44            (fanout=3)       1423                     -                                                                                                                                                        
   RBB_7/A1                                            RBB_6L        7  [TILE 0 0, RBB 1 10]          -     r            5088                                                                                                                                                        
   RBB_7/CQ                                            RBB_6L        7  [TILE 0 0, RBB 1 10]       1390     r            6478     {inst49: rx_valid_pulse_FDCE_Q_D_LUT5_O_I3_CARRY4_CO (CARRY4)}                                                                                     
   rx_valid_pulse_FDCE_Q_D_LUT5_O_I3_CARRY4_CO_O_1[1]  Net          38            (fanout=1)       1718                     -                                                                                                                                                        
   RBB_10/A4                                           RBB_6L       10  [TILE 0 0, RBB 4 16]          -     r            8196     {inst50: rx_valid_pulse_FDCE_Q_D_LUT5_O_I3_CARRY4_CO_O_1_LUT4_I3 (LUT,site=alut)} {inst73: w_sck_edge_LUT2_O_I1_LUT2_I1_O_FDCE_Q_1 (FDC,site=aff)} 
   ------------------------------------------------------------------------------------------------------------------------------------------------------------------------------------------------------------------------------------------------------------------------------------
   RBB_10/CLK                                          RBB_6L       10  [TILE 0 0, RBB 4 16]        774     r            8970                                                                                                                                                        
   clk_BUFG_I_O                                        Clock net    53          (fanout=321)      -2303                     -                                                                                                                                                        
   clk                                                 CLOCK-PORT    -                     -    capture     r            6667                                                                                                                                                        
   ------------------------------------------------------------------------------------------------------------------------------------------------------------------------------------------------------------------------------------------------------------------------------------


Path 8:
   Slack (met):                             13510ps
     Path type:                               SETUP
     Group:                               <DEFAULT>
     Launching clock:                           clk (rising edge)
     Capturing clock:                           clk (rising edge)

     Requested period:                      20000ps
   + Delay of the capturing clock:           2303ps
   - Clock uncertainty:                       150ps
   = Required time:                         22153ps
   - Propagation time:                       6197ps (54.8% logic, 45.2% route, logic stage 3)
   - Delay of the launching clock:           2446ps
   = Slack:                                 13510ps

   Instance/Pin or Net Name           Type         ID    Location or Fanout   Delay(ps)  Edge  Arrival Time(ps)    Instance detail                                                                                                                                                 
   ----------------------------------------------------------------------------------------------------------------------------------------------------------------------------------------------------------------------------------------------------------------------------------
   clk                                CLOCK-PORT    -                     -     launch     r               0                                                                                                                                                                       
   clk_BUFG_I_O                       Clock net    53          (fanout=321)       2446                     -                                                                                                                                                                       
   RBB_9/CLK                          RBB_6L        9  [TILE 0 0, RBB 4 18]          -     r            2446                                                                                                                                                                       
   ----------------------------------------------------------------------------------------------------------------------------------------------------------------------------------------------------------------------------------------------------------------------------------
   RBB_9/DMUX                         RBB_6L        9  [TILE 0 0, RBB 4 18]       1333     r            3779     {inst70: w_sck_edge_LUT2_O_I1_FDCE_Q (FDC,site=dffo)}                                                                                                             
   w_sck_edge_LUT2_O_I1[1]            Net          78            (fanout=2)        830                     -                                                                                                                                                                       
   RBB_8/C3                           RBB_6L        8  [TILE 0 0, RBB 4 14]          -     r            4609                                                                                                                                                                       
   RBB_8/C                            RBB_6L        8  [TILE 0 0, RBB 4 14]        704     r            5313     {inst71: w_sck_edge_LUT2_O_I1_LUT2_I1 (LUT,site=clut)}                                                                                                            
   w_sck_edge_LUT2_O_I1_LUT2_I1_O[4]  Net          46            (fanout=9)        789                     -                                                                                                                                                                       
   RBB_11/D5                          RBB_6L       11  [TILE 0 0, RBB 4 10]          -     r            6102                                                                                                                                                                       
   RBB_11/D                           RBB_6L       11  [TILE 0 0, RBB 4 10]        625     r            6727     {inst68: spi_miso_en_INV_O_I_LUT2_I0_O_LUT5_O (LUT,site=dlut)}                                                                                                    
   spi_miso_en_INV_O_I_LUT2_I0_O[3]   Net          64            (fanout=4)       1181                     -                                                                                                                                                                       
   RBB_10/B6                          RBB_6L       10  [TILE 0 0, RBB 4 16]          -     r            7908     {inst60: spi_miso_LUT6_I0_I2_FDCE_Q_1_D_LUT6_O_I2_FDCE_Q_D_LUT6_O (LUT,site=clut,cluto)} {inst59: spi_miso_LUT6_I0_I2_FDCE_Q_1_D_LUT6_O_I2_FDCE_Q (FDC,site=cff)} 
   ----------------------------------------------------------------------------------------------------------------------------------------------------------------------------------------------------------------------------------------------------------------------------------
   RBB_10/CLK                         RBB_6L       10  [TILE 0 0, RBB 4 16]        735     r            8643                                                                                                                                                                       
   clk_BUFG_I_O                       Clock net    53          (fanout=321)      -2303                     -                                                                                                                                                                       
   clk                                CLOCK-PORT    -                     -    capture     r            6340                                                                                                                                                                       
   ----------------------------------------------------------------------------------------------------------------------------------------------------------------------------------------------------------------------------------------------------------------------------------


Path 2:
   Slack (met):                             13516ps
     Path type:                               SETUP
     Group:                               <DEFAULT>
     Launching clock:                           clk (rising edge)
     Capturing clock:                           clk (rising edge)

     Requested period:                      20000ps
   + Delay of the capturing clock:           2303ps
   - Clock uncertainty:                       150ps
   = Required time:                         22153ps
   - Propagation time:                       6191ps (54.8% logic, 45.2% route, logic stage 3)
   - Delay of the launching clock:           2446ps
   = Slack:                                 13516ps

   Instance/Pin or Net Name           Type         ID    Location or Fanout   Delay(ps)  Edge  Arrival Time(ps)    Instance detail                                                                                                           
   --------------------------------------------------------------------------------------------------------------------------------------------------------------------------------------------------------------------------------------------
   clk                                CLOCK-PORT    -                     -     launch     r               0                                                                                                                                 
   clk_BUFG_I_O                       Clock net    53          (fanout=321)       2446                     -                                                                                                                                 
   RBB_9/CLK                          RBB_6L        9  [TILE 0 0, RBB 4 18]          -     r            2446                                                                                                                                 
   --------------------------------------------------------------------------------------------------------------------------------------------------------------------------------------------------------------------------------------------
   RBB_9/DMUX                         RBB_6L        9  [TILE 0 0, RBB 4 18]       1333     r            3779     {inst70: w_sck_edge_LUT2_O_I1_FDCE_Q (FDC,site=dffo)}                                                                       
   w_sck_edge_LUT2_O_I1[1]            Net          78            (fanout=2)        830                     -                                                                                                                                 
   RBB_8/C3                           RBB_6L        8  [TILE 0 0, RBB 4 14]          -     r            4609                                                                                                                                 
   RBB_8/C                            RBB_6L        8  [TILE 0 0, RBB 4 14]        704     r            5313     {inst71: w_sck_edge_LUT2_O_I1_LUT2_I1 (LUT,site=clut)}                                                                      
   w_sck_edge_LUT2_O_I1_LUT2_I1_O[4]  Net          46            (fanout=9)        789                     -                                                                                                                                 
   RBB_11/D5                          RBB_6L       11  [TILE 0 0, RBB 4 10]          -     r            6102                                                                                                                                 
   RBB_11/D                           RBB_6L       11  [TILE 0 0, RBB 4 10]        625     r            6727     {inst68: spi_miso_en_INV_O_I_LUT2_I0_O_LUT5_O (LUT,site=dlut)}                                                              
   spi_miso_en_INV_O_I_LUT2_I0_O[3]   Net          64            (fanout=4)       1181                     -                                                                                                                                 
   RBB_10/B6                          RBB_6L       10  [TILE 0 0, RBB 4 16]          -     r            7908     {inst58: spi_miso_LUT6_I0_I2_FDCE_Q_1_D_LUT6_O (LUT,site=dlut,dluto)} {inst57: spi_miso_LUT6_I0_I2_FDCE_Q_1 (FDC,site=dff)} 
   --------------------------------------------------------------------------------------------------------------------------------------------------------------------------------------------------------------------------------------------
   RBB_10/CLK                         RBB_6L       10  [TILE 0 0, RBB 4 16]        729     r            8637                                                                                                                                 
   clk_BUFG_I_O                       Clock net    53          (fanout=321)      -2303                     -                                                                                                                                 
   clk                                CLOCK-PORT    -                     -    capture     r            6334                                                                                                                                 
   --------------------------------------------------------------------------------------------------------------------------------------------------------------------------------------------------------------------------------------------


Path 6:
   Slack (met):                             13545ps
     Path type:                               SETUP
     Group:                               <DEFAULT>
     Launching clock:                           clk (rising edge)
     Capturing clock:                           clk (rising edge)

     Requested period:                      20000ps
   + Delay of the capturing clock:           2303ps
   - Clock uncertainty:                       150ps
   = Required time:                         22153ps
   - Propagation time:                       6162ps (54.6% logic, 45.4% route, logic stage 3)
   - Delay of the launching clock:           2446ps
   = Slack:                                 13545ps

   Instance/Pin or Net Name           Type         ID    Location or Fanout   Delay(ps)  Edge  Arrival Time(ps)    Instance detail                                                                                                                               
   ----------------------------------------------------------------------------------------------------------------------------------------------------------------------------------------------------------------------------------------------------------------
   clk                                CLOCK-PORT    -                     -     launch     r               0                                                                                                                                                     
   clk_BUFG_I_O                       Clock net    53          (fanout=321)       2446                     -                                                                                                                                                     
   RBB_9/CLK                          RBB_6L        9  [TILE 0 0, RBB 4 18]          -     r            2446                                                                                                                                                     
   ----------------------------------------------------------------------------------------------------------------------------------------------------------------------------------------------------------------------------------------------------------------
   RBB_9/DMUX                         RBB_6L        9  [TILE 0 0, RBB 4 18]       1333     r            3779     {inst70: w_sck_edge_LUT2_O_I1_FDCE_Q (FDC,site=dffo)}                                                                                           
   w_sck_edge_LUT2_O_I1[1]            Net          78            (fanout=2)        830                     -                                                                                                                                                     
   RBB_8/C3                           RBB_6L        8  [TILE 0 0, RBB 4 14]          -     r            4609                                                                                                                                                     
   RBB_8/C                            RBB_6L        8  [TILE 0 0, RBB 4 14]        704     r            5313     {inst71: w_sck_edge_LUT2_O_I1_LUT2_I1 (LUT,site=clut)}                                                                                          
   w_sck_edge_LUT2_O_I1_LUT2_I1_O[4]  Net          46            (fanout=9)        789                     -                                                                                                                                                     
   RBB_11/D5                          RBB_6L       11  [TILE 0 0, RBB 4 10]          -     r            6102                                                                                                                                                     
   RBB_11/D                           RBB_6L       11  [TILE 0 0, RBB 4 10]        625     r            6727     {inst68: spi_miso_en_INV_O_I_LUT2_I0_O_LUT5_O (LUT,site=dlut)}                                                                                  
   spi_miso_en_INV_O_I_LUT2_I0_O[3]   Net          64            (fanout=4)       1181                     -                                                                                                                                                     
   RBB_10/B6                          RBB_6L       10  [TILE 0 0, RBB 4 16]          -     r            7908     {inst66: spi_miso_en_INV_O_I_LUT2_I0_O_FDCE_Q_1_D_LUT6_O (LUT,site=blut,bluto)} {inst65: spi_miso_en_INV_O_I_LUT2_I0_O_FDCE_Q_1 (FDC,site=bff)} 
   ----------------------------------------------------------------------------------------------------------------------------------------------------------------------------------------------------------------------------------------------------------------
   RBB_10/CLK                         RBB_6L       10  [TILE 0 0, RBB 4 16]        700     r            8608                                                                                                                                                     
   clk_BUFG_I_O                       Clock net    53          (fanout=321)      -2303                     -                                                                                                                                                     
   clk                                CLOCK-PORT    -                     -    capture     r            6305                                                                                                                                                     
   ----------------------------------------------------------------------------------------------------------------------------------------------------------------------------------------------------------------------------------------------------------------


Path 14:
   Slack (met):                             13584ps
     Path type:                               SETUP
     Group:                               <DEFAULT>
     Launching clock:                           clk (rising edge)
     Capturing clock:                           clk (rising edge)

     Requested period:                      20000ps
   + Delay of the capturing clock:           2303ps
   - Clock uncertainty:                       150ps
   = Required time:                         22153ps
   - Propagation time:                       6266ps (58.7% logic, 41.3% route, logic stage 2)
   - Delay of the launching clock:           2303ps
   = Slack:                                 13584ps

   Instance/Pin or Net Name              Type         ID    Location or Fanout   Delay(ps)  Edge  Arrival Time(ps)    Instance detail                                                                                         
   -----------------------------------------------------------------------------------------------------------------------------------------------------------------------------------------------------------------------------
   clk                                   CLOCK-PORT    -                     -     launch     r               0                                                                                                               
   clk_BUFG_I_O                          Clock net    53          (fanout=321)       2303                     -                                                                                                               
   RBB_10/CLK                            RBB_6L       10  [TILE 0 0, RBB 4 16]          -     r            2303                                                                                                               
   -----------------------------------------------------------------------------------------------------------------------------------------------------------------------------------------------------------------------------
   RBB_10/AMUX                           RBB_6L       10  [TILE 0 0, RBB 4 16]       1362     r            3665     {inst75: w_sck_edge_LUT2_O_I1_LUT2_I1_O_FDCE_Q_3 (FDC,site=affo)}                                         
   w_sck_edge_LUT2_O_I1_LUT2_I1_O[3]     Net          44            (fanout=3)       1423                     -                                                                                                               
   RBB_7/A1                              RBB_6L        7  [TILE 0 0, RBB 1 10]          -     r            5088                                                                                                               
   RBB_7/BMUX                            RBB_6L        7  [TILE 0 0, RBB 1 10]       1356     r            6444     {inst49: rx_valid_pulse_FDCE_Q_D_LUT5_O_I3_CARRY4_CO (CARRY4)}                                            
   rx_valid_pulse_FDCE_Q_D_LUT5_O_I3[3]  Net          70            (fanout=2)       1163                     -                                                                                                               
   RBB_8/B1                              RBB_6L        8  [TILE 0 0, RBB 4 14]          -     r            7607     {inst48: rx_valid_pulse_FDCE_Q_D_LUT5_O (LUT,site=bluto)} {inst47: rx_valid_pulse_FDCE_Q (FDC,site=bffo)} 
   -----------------------------------------------------------------------------------------------------------------------------------------------------------------------------------------------------------------------------
   RBB_8/CLK                             RBB_6L        8  [TILE 0 0, RBB 4 14]        962     r            8569                                                                                                               
   clk_BUFG_I_O                          Clock net    53          (fanout=321)      -2303                     -                                                                                                               
   clk                                   CLOCK-PORT    -                     -    capture     r            6266                                                                                                               
   -----------------------------------------------------------------------------------------------------------------------------------------------------------------------------------------------------------------------------


Path 1:
   Slack (met):                             13594ps
     Path type:                               SETUP
     Group:                               <DEFAULT>
     Launching clock:                           clk (rising edge)
     Capturing clock:                           clk (rising edge)

     Requested period:                      20000ps
   + Delay of the capturing clock:           2446ps
   - Clock uncertainty:                       150ps
   = Required time:                         22296ps
   - Propagation time:                       6256ps (54.9% logic, 45.1% route, logic stage 3)
   - Delay of the launching clock:           2446ps
   = Slack:                                 13594ps

   Instance/Pin or Net Name           Type         ID    Location or Fanout   Delay(ps)  Edge  Arrival Time(ps)    Instance detail                                                                                                                               
   ----------------------------------------------------------------------------------------------------------------------------------------------------------------------------------------------------------------------------------------------------------------
   clk                                CLOCK-PORT    -                     -     launch     r               0                                                                                                                                                     
   clk_BUFG_I_O                       Clock net    53          (fanout=321)       2446                     -                                                                                                                                                     
   RBB_9/CLK                          RBB_6L        9  [TILE 0 0, RBB 4 18]          -     r            2446                                                                                                                                                     
   ----------------------------------------------------------------------------------------------------------------------------------------------------------------------------------------------------------------------------------------------------------------
   RBB_9/DMUX                         RBB_6L        9  [TILE 0 0, RBB 4 18]       1333     r            3779     {inst70: w_sck_edge_LUT2_O_I1_FDCE_Q (FDC,site=dffo)}                                                                                           
   w_sck_edge_LUT2_O_I1[1]            Net          78            (fanout=2)        830                     -                                                                                                                                                     
   RBB_8/C3                           RBB_6L        8  [TILE 0 0, RBB 4 14]          -     r            4609                                                                                                                                                     
   RBB_8/C                            RBB_6L        8  [TILE 0 0, RBB 4 14]        704     r            5313     {inst71: w_sck_edge_LUT2_O_I1_LUT2_I1 (LUT,site=clut)}                                                                                          
   w_sck_edge_LUT2_O_I1_LUT2_I1_O[4]  Net          46            (fanout=9)        789                     -                                                                                                                                                     
   RBB_11/D5                          RBB_6L       11  [TILE 0 0, RBB 4 10]          -     r            6102                                                                                                                                                     
   RBB_11/D                           RBB_6L       11  [TILE 0 0, RBB 4 10]        625     r            6727     {inst68: spi_miso_en_INV_O_I_LUT2_I0_O_LUT5_O (LUT,site=dlut)}                                                                                  
   spi_miso_en_INV_O_I_LUT2_I0_O[3]   Net          64            (fanout=4)       1201                     -                                                                                                                                                     
   RBB_9/A3                           RBB_6L        9  [TILE 0 0, RBB 4 18]          -     r            7928     {inst46: rx_valid_pulse_FDCE_CE_5_Q_LUT5_I2 (LUT,site=alut)} {inst67: spi_miso_en_INV_O_I_LUT2_I0_O_FDCE_Q_1_D_LUT6_O_I2_FDCE_Q (FDC,site=aff)} 
   ----------------------------------------------------------------------------------------------------------------------------------------------------------------------------------------------------------------------------------------------------------------
   RBB_9/CLK                          RBB_6L        9  [TILE 0 0, RBB 4 18]        774     r            8702                                                                                                                                                     
   clk_BUFG_I_O                       Clock net    53          (fanout=321)      -2446                     -                                                                                                                                                     
   clk                                CLOCK-PORT    -                     -    capture     r            6256                                                                                                                                                     
   ----------------------------------------------------------------------------------------------------------------------------------------------------------------------------------------------------------------------------------------------------------------


Path 7:
   Slack (met):                             13679ps
     Path type:                               SETUP
     Group:                               <DEFAULT>
     Launching clock:                           clk (rising edge)
     Capturing clock:                           clk (rising edge)

     Requested period:                      20000ps
   + Delay of the capturing clock:           2446ps
   - Clock uncertainty:                       150ps
   = Required time:                         22296ps
   - Propagation time:                       6171ps (55.0% logic, 45.0% route, logic stage 3)
   - Delay of the launching clock:           2446ps
   = Slack:                                 13679ps

   Instance/Pin or Net Name           Type         ID    Location or Fanout   Delay(ps)  Edge  Arrival Time(ps)    Instance detail                                                                                                                     
   ------------------------------------------------------------------------------------------------------------------------------------------------------------------------------------------------------------------------------------------------------
   clk                                CLOCK-PORT    -                     -     launch     r               0                                                                                                                                           
   clk_BUFG_I_O                       Clock net    53          (fanout=321)       2446                     -                                                                                                                                           
   RBB_9/CLK                          RBB_6L        9  [TILE 0 0, RBB 4 18]          -     r            2446                                                                                                                                           
   ------------------------------------------------------------------------------------------------------------------------------------------------------------------------------------------------------------------------------------------------------
   RBB_9/DMUX                         RBB_6L        9  [TILE 0 0, RBB 4 18]       1333     r            3779     {inst70: w_sck_edge_LUT2_O_I1_FDCE_Q (FDC,site=dffo)}                                                                                 
   w_sck_edge_LUT2_O_I1[1]            Net          78            (fanout=2)        830                     -                                                                                                                                           
   RBB_8/C3                           RBB_6L        8  [TILE 0 0, RBB 4 14]          -     r            4609                                                                                                                                           
   RBB_8/C                            RBB_6L        8  [TILE 0 0, RBB 4 14]        704     r            5313     {inst71: w_sck_edge_LUT2_O_I1_LUT2_I1 (LUT,site=clut)}                                                                                
   w_sck_edge_LUT2_O_I1_LUT2_I1_O[4]  Net          46            (fanout=9)        789                     -                                                                                                                                           
   RBB_11/D5                          RBB_6L       11  [TILE 0 0, RBB 4 10]          -     r            6102                                                                                                                                           
   RBB_11/D                           RBB_6L       11  [TILE 0 0, RBB 4 10]        625     r            6727     {inst68: spi_miso_en_INV_O_I_LUT2_I0_O_LUT5_O (LUT,site=dlut)}                                                                        
   spi_miso_en_INV_O_I_LUT2_I0_O[3]   Net          64            (fanout=4)       1155                     -                                                                                                                                           
   RBB_9/B6                           RBB_6L        9  [TILE 0 0, RBB 4 18]          -     r            7882     {inst43: rx_valid_pulse_FDCE_CE_3_Q_FDCE_Q_D_LUT6_O (LUT,site=clut,cluto)} {inst42: rx_valid_pulse_FDCE_CE_3_Q_FDCE_Q (FDC,site=cff)} 
   ------------------------------------------------------------------------------------------------------------------------------------------------------------------------------------------------------------------------------------------------------
   RBB_9/CLK                          RBB_6L        9  [TILE 0 0, RBB 4 18]        735     r            8617                                                                                                                                           
   clk_BUFG_I_O                       Clock net    53          (fanout=321)      -2446                     -                                                                                                                                           
   clk                                CLOCK-PORT    -                     -    capture     r            6171                                                                                                                                           
   ------------------------------------------------------------------------------------------------------------------------------------------------------------------------------------------------------------------------------------------------------


Path 3:
   Slack (met):                             13685ps
     Path type:                               SETUP
     Group:                               <DEFAULT>
     Launching clock:                           clk (rising edge)
     Capturing clock:                           clk (rising edge)

     Requested period:                      20000ps
   + Delay of the capturing clock:           2446ps
   - Clock uncertainty:                       150ps
   = Required time:                         22296ps
   - Propagation time:                       6165ps (55.0% logic, 45.0% route, logic stage 3)
   - Delay of the launching clock:           2446ps
   = Slack:                                 13685ps

   Instance/Pin or Net Name           Type         ID    Location or Fanout   Delay(ps)  Edge  Arrival Time(ps)    Instance detail                                                                                                                     
   ------------------------------------------------------------------------------------------------------------------------------------------------------------------------------------------------------------------------------------------------------
   clk                                CLOCK-PORT    -                     -     launch     r               0                                                                                                                                           
   clk_BUFG_I_O                       Clock net    53          (fanout=321)       2446                     -                                                                                                                                           
   RBB_9/CLK                          RBB_6L        9  [TILE 0 0, RBB 4 18]          -     r            2446                                                                                                                                           
   ------------------------------------------------------------------------------------------------------------------------------------------------------------------------------------------------------------------------------------------------------
   RBB_9/DMUX                         RBB_6L        9  [TILE 0 0, RBB 4 18]       1333     r            3779     {inst70: w_sck_edge_LUT2_O_I1_FDCE_Q (FDC,site=dffo)}                                                                                 
   w_sck_edge_LUT2_O_I1[1]            Net          78            (fanout=2)        830                     -                                                                                                                                           
   RBB_8/C3                           RBB_6L        8  [TILE 0 0, RBB 4 14]          -     r            4609                                                                                                                                           
   RBB_8/C                            RBB_6L        8  [TILE 0 0, RBB 4 14]        704     r            5313     {inst71: w_sck_edge_LUT2_O_I1_LUT2_I1 (LUT,site=clut)}                                                                                
   w_sck_edge_LUT2_O_I1_LUT2_I1_O[4]  Net          46            (fanout=9)        789                     -                                                                                                                                           
   RBB_11/D5                          RBB_6L       11  [TILE 0 0, RBB 4 10]          -     r            6102                                                                                                                                           
   RBB_11/D                           RBB_6L       11  [TILE 0 0, RBB 4 10]        625     r            6727     {inst68: spi_miso_en_INV_O_I_LUT2_I0_O_LUT5_O (LUT,site=dlut)}                                                                        
   spi_miso_en_INV_O_I_LUT2_I0_O[3]   Net          64            (fanout=4)       1155                     -                                                                                                                                           
   RBB_9/B6                           RBB_6L        9  [TILE 0 0, RBB 4 18]          -     r            7882     {inst40: rx_valid_pulse_FDCE_CE_2_Q_FDCE_Q_D_LUT6_O (LUT,site=dlut,dluto)} {inst39: rx_valid_pulse_FDCE_CE_2_Q_FDCE_Q (FDC,site=dff)} 
   ------------------------------------------------------------------------------------------------------------------------------------------------------------------------------------------------------------------------------------------------------
   RBB_9/CLK                          RBB_6L        9  [TILE 0 0, RBB 4 18]        729     r            8611                                                                                                                                           
   clk_BUFG_I_O                       Clock net    53          (fanout=321)      -2446                     -                                                                                                                                           
   clk                                CLOCK-PORT    -                     -    capture     r            6165                                                                                                                                           
   ------------------------------------------------------------------------------------------------------------------------------------------------------------------------------------------------------------------------------------------------------


Path 5:
   Slack (met):                             13714ps
     Path type:                               SETUP
     Group:                               <DEFAULT>
     Launching clock:                           clk (rising edge)
     Capturing clock:                           clk (rising edge)

     Requested period:                      20000ps
   + Delay of the capturing clock:           2446ps
   - Clock uncertainty:                       150ps
   = Required time:                         22296ps
   - Propagation time:                       6136ps (54.8% logic, 45.2% route, logic stage 3)
   - Delay of the launching clock:           2446ps
   = Slack:                                 13714ps

   Instance/Pin or Net Name           Type         ID    Location or Fanout   Delay(ps)  Edge  Arrival Time(ps)    Instance detail                                                                         
   ----------------------------------------------------------------------------------------------------------------------------------------------------------------------------------------------------------
   clk                                CLOCK-PORT    -                     -     launch     r               0                                                                                               
   clk_BUFG_I_O                       Clock net    53          (fanout=321)       2446                     -                                                                                               
   RBB_9/CLK                          RBB_6L        9  [TILE 0 0, RBB 4 18]          -     r            2446                                                                                               
   ----------------------------------------------------------------------------------------------------------------------------------------------------------------------------------------------------------
   RBB_9/DMUX                         RBB_6L        9  [TILE 0 0, RBB 4 18]       1333     r            3779     {inst70: w_sck_edge_LUT2_O_I1_FDCE_Q (FDC,site=dffo)}                                     
   w_sck_edge_LUT2_O_I1[1]            Net          78            (fanout=2)        830                     -                                                                                               
   RBB_8/C3                           RBB_6L        8  [TILE 0 0, RBB 4 14]          -     r            4609                                                                                               
   RBB_8/C                            RBB_6L        8  [TILE 0 0, RBB 4 14]        704     r            5313     {inst71: w_sck_edge_LUT2_O_I1_LUT2_I1 (LUT,site=clut)}                                    
   w_sck_edge_LUT2_O_I1_LUT2_I1_O[4]  Net          46            (fanout=9)        789                     -                                                                                               
   RBB_11/D5                          RBB_6L       11  [TILE 0 0, RBB 4 10]          -     r            6102                                                                                               
   RBB_11/D                           RBB_6L       11  [TILE 0 0, RBB 4 10]        625     r            6727     {inst68: spi_miso_en_INV_O_I_LUT2_I0_O_LUT5_O (LUT,site=dlut)}                            
   spi_miso_en_INV_O_I_LUT2_I0_O[3]   Net          64            (fanout=4)       1155                     -                                                                                               
   RBB_9/B6                           RBB_6L        9  [TILE 0 0, RBB 4 18]          -     r            7882     {inst55: spi_miso_LUT6_I0 (LUT,site=blut,bluto)} {inst54: spi_miso_FDCE_Q (FDC,site=bff)} 
   ----------------------------------------------------------------------------------------------------------------------------------------------------------------------------------------------------------
   RBB_9/CLK                          RBB_6L        9  [TILE 0 0, RBB 4 18]        700     r            8582                                                                                               
   clk_BUFG_I_O                       Clock net    53          (fanout=321)      -2446                     -                                                                                               
   clk                                CLOCK-PORT    -                     -    capture     r            6136                                                                                               
   ----------------------------------------------------------------------------------------------------------------------------------------------------------------------------------------------------------


Path 13:
   Slack (met):                             13790ps
     Path type:                               SETUP
     Group:                               <DEFAULT>
     Launching clock:                           clk (rising edge)
     Capturing clock:                           clk (rising edge)

     Requested period:                      20000ps
   + Delay of the capturing clock:           2303ps
   - Clock uncertainty:                       150ps
   = Required time:                         22153ps
   - Propagation time:                       6060ps (57.6% logic, 42.4% route, logic stage 2)
   - Delay of the launching clock:           2303ps
   = Slack:                                 13790ps

   Instance/Pin or Net Name              Type         ID    Location or Fanout   Delay(ps)  Edge  Arrival Time(ps)    Instance detail                                                                                                                  
   ------------------------------------------------------------------------------------------------------------------------------------------------------------------------------------------------------------------------------------------------------
   clk                                   CLOCK-PORT    -                     -     launch     r               0                                                                                                                                        
   clk_BUFG_I_O                          Clock net    53          (fanout=321)       2303                     -                                                                                                                                        
   RBB_10/CLK                            RBB_6L       10  [TILE 0 0, RBB 4 16]          -     r            2303                                                                                                                                        
   ------------------------------------------------------------------------------------------------------------------------------------------------------------------------------------------------------------------------------------------------------
   RBB_10/AMUX                           RBB_6L       10  [TILE 0 0, RBB 4 16]       1362     r            3665     {inst75: w_sck_edge_LUT2_O_I1_LUT2_I1_O_FDCE_Q_3 (FDC,site=affo)}                                                                  
   w_sck_edge_LUT2_O_I1_LUT2_I1_O[3]     Net          44            (fanout=3)       1423                     -                                                                                                                                        
   RBB_7/A1                              RBB_6L        7  [TILE 0 0, RBB 1 10]          -     r            5088                                                                                                                                        
   RBB_7/BMUX                            RBB_6L        7  [TILE 0 0, RBB 1 10]       1356     r            6444     {inst49: rx_valid_pulse_FDCE_Q_D_LUT5_O_I3_CARRY4_CO (CARRY4)}                                                                     
   rx_valid_pulse_FDCE_Q_D_LUT5_O_I3[3]  Net          70            (fanout=2)       1145                     -                                                                                                                                        
   RBB_8/A1                              RBB_6L        8  [TILE 0 0, RBB 4 14]          -     r            7589     {inst53: rx_valid_pulse_FDCE_Q_D_LUT5_O_I3_LUT5_I4 (LUT,site=alut)} {inst72: w_sck_edge_LUT2_O_I1_LUT2_I1_O_FDCE_Q (FDC,site=aff)} 
   ------------------------------------------------------------------------------------------------------------------------------------------------------------------------------------------------------------------------------------------------------
   RBB_8/CLK                             RBB_6L        8  [TILE 0 0, RBB 4 14]        774     r            8363                                                                                                                                        
   clk_BUFG_I_O                          Clock net    53          (fanout=321)      -2303                     -                                                                                                                                        
   clk                                   CLOCK-PORT    -                     -    capture     r            6060                                                                                                                                        
   ------------------------------------------------------------------------------------------------------------------------------------------------------------------------------------------------------------------------------------------------------


Path 12:
   Slack (met):                             13825ps
     Path type:                               SETUP
     Group:                               <DEFAULT>
     Launching clock:                           clk (rising edge)
     Capturing clock:                           clk (rising edge)

     Requested period:                      20000ps
   + Delay of the capturing clock:           2440ps
   - Clock uncertainty:                       150ps
   = Required time:                         22290ps
   - Propagation time:                       6162ps (59.2% logic, 40.8% route, logic stage 2)
   - Delay of the launching clock:           2303ps
   = Slack:                                 13825ps

   Instance/Pin or Net Name                            Type         ID    Location or Fanout   Delay(ps)  Edge  Arrival Time(ps)    Instance detail                                                                                                                                  
   ------------------------------------------------------------------------------------------------------------------------------------------------------------------------------------------------------------------------------------------------------------------------------------
   clk                                                 CLOCK-PORT    -                     -     launch     r               0                                                                                                                                                        
   clk_BUFG_I_O                                        Clock net    53          (fanout=321)       2303                     -                                                                                                                                                        
   RBB_10/CLK                                          RBB_6L       10  [TILE 0 0, RBB 4 16]          -     r            2303                                                                                                                                                        
   ------------------------------------------------------------------------------------------------------------------------------------------------------------------------------------------------------------------------------------------------------------------------------------
   RBB_10/AMUX                                         RBB_6L       10  [TILE 0 0, RBB 4 16]       1362     r            3665     {inst75: w_sck_edge_LUT2_O_I1_LUT2_I1_O_FDCE_Q_3 (FDC,site=affo)}                                                                                  
   w_sck_edge_LUT2_O_I1_LUT2_I1_O[3]                   Net          44            (fanout=3)       1423                     -                                                                                                                                                        
   RBB_7/A1                                            RBB_6L        7  [TILE 0 0, RBB 1 10]          -     r            5088                                                                                                                                                        
   RBB_7/BQ                                            RBB_6L        7  [TILE 0 0, RBB 1 10]       1384     r            6472     {inst49: rx_valid_pulse_FDCE_Q_D_LUT5_O_I3_CARRY4_CO (CARRY4)}                                                                                     
   rx_valid_pulse_FDCE_Q_D_LUT5_O_I3_CARRY4_CO_O_2[1]  Net          49            (fanout=1)       1094                     -                                                                                                                                                        
   RBB_12/D3                                           RBB_6L       12  [TILE 0 0, RBB 1 14]          -     r            7566     {inst51: rx_valid_pulse_FDCE_Q_D_LUT5_O_I3_CARRY4_CO_O_2_LUT4_I3 (LUT,site=dlut)} {inst74: w_sck_edge_LUT2_O_I1_LUT2_I1_O_FDCE_Q_2 (FDC,site=dff)} 
   ------------------------------------------------------------------------------------------------------------------------------------------------------------------------------------------------------------------------------------------------------------------------------------
   RBB_12/CLK                                          RBB_6L       12  [TILE 0 0, RBB 1 14]        899     r            8465                                                                                                                                                        
   clk_BUFG_I_O                                        Clock net    53          (fanout=321)      -2440                     -                                                                                                                                                        
   clk                                                 CLOCK-PORT    -                     -    capture     r            6025                                                                                                                                                        
   ------------------------------------------------------------------------------------------------------------------------------------------------------------------------------------------------------------------------------------------------------------------------------------


Path 4:
   Slack (met):                             13862ps
     Path type:                               SETUP
     Group:                               <DEFAULT>
     Launching clock:                           clk (rising edge)
     Capturing clock:                           clk (rising edge)

     Requested period:                      20000ps
   + Delay of the capturing clock:           2303ps
   - Clock uncertainty:                       150ps
   = Required time:                         22153ps
   - Propagation time:                       5845ps (58.0% logic, 42.0% route, logic stage 3)
   - Delay of the launching clock:           2446ps
   = Slack:                                 13862ps

   Instance/Pin or Net Name           Type         ID    Location or Fanout   Delay(ps)  Edge  Arrival Time(ps)    Instance detail                                                                                                                     
   ------------------------------------------------------------------------------------------------------------------------------------------------------------------------------------------------------------------------------------------------------
   clk                                CLOCK-PORT    -                     -     launch     r               0                                                                                                                                           
   clk_BUFG_I_O                       Clock net    53          (fanout=321)       2446                     -                                                                                                                                           
   RBB_9/CLK                          RBB_6L        9  [TILE 0 0, RBB 4 18]          -     r            2446                                                                                                                                           
   ------------------------------------------------------------------------------------------------------------------------------------------------------------------------------------------------------------------------------------------------------
   RBB_9/DMUX                         RBB_6L        9  [TILE 0 0, RBB 4 18]       1333     r            3779     {inst70: w_sck_edge_LUT2_O_I1_FDCE_Q (FDC,site=dffo)}                                                                                 
   w_sck_edge_LUT2_O_I1[1]            Net          78            (fanout=2)        830                     -                                                                                                                                           
   RBB_8/C3                           RBB_6L        8  [TILE 0 0, RBB 4 14]          -     r            4609                                                                                                                                           
   RBB_8/C                            RBB_6L        8  [TILE 0 0, RBB 4 14]        704     r            5313     {inst71: w_sck_edge_LUT2_O_I1_LUT2_I1 (LUT,site=clut)}                                                                                
   w_sck_edge_LUT2_O_I1_LUT2_I1_O[4]  Net          46            (fanout=9)        789                     -                                                                                                                                           
   RBB_11/D5                          RBB_6L       11  [TILE 0 0, RBB 4 10]          -     r            6102                                                                                                                                           
   RBB_11/D                           RBB_6L       11  [TILE 0 0, RBB 4 10]        625     r            6727     {inst68: spi_miso_en_INV_O_I_LUT2_I0_O_LUT5_O (LUT,site=dlut)}                                                                        
   spi_miso_en_INV_O_I_LUT2_I0_O[3]   Net          64            (fanout=4)        835                     -                                                                                                                                           
   RBB_8/D6                           RBB_6L        8  [TILE 0 0, RBB 4 14]          -     r            7562     {inst37: rx_valid_pulse_FDCE_CE_1_Q_FDCE_Q_D_LUT6_O (LUT,site=dlut,dluto)} {inst36: rx_valid_pulse_FDCE_CE_1_Q_FDCE_Q (FDC,site=dff)} 
   ------------------------------------------------------------------------------------------------------------------------------------------------------------------------------------------------------------------------------------------------------
   RBB_8/CLK                          RBB_6L        8  [TILE 0 0, RBB 4 14]        729     r            8291                                                                                                                                           
   clk_BUFG_I_O                       Clock net    53          (fanout=321)      -2303                     -                                                                                                                                           
   clk                                CLOCK-PORT    -                     -    capture     r            5988                                                                                                                                           
   ------------------------------------------------------------------------------------------------------------------------------------------------------------------------------------------------------------------------------------------------------


Path 15:
   Slack (met):                             14162ps
     Path type:                               SETUP
     Group:                               <DEFAULT>
     Launching clock:                           clk (rising edge)
     Capturing clock:                           clk (rising edge)

     Requested period:                      20000ps
   + Delay of the capturing clock:           2303ps
   - Clock uncertainty:                       150ps
   = Required time:                         22153ps
   - Propagation time:                       5545ps (56.8% logic, 43.2% route, logic stage 2)
   - Delay of the launching clock:           2446ps
   = Slack:                                 14162ps

   Instance/Pin or Net Name   Type         ID    Location or Fanout   Delay(ps)  Edge  Arrival Time(ps)    Instance detail                                                                                                                             
   ------------------------------------------------------------------------------------------------------------------------------------------------------------------------------------------------------------------------------------------------------
   clk                        CLOCK-PORT    -                     -     launch     r               0                                                                                                                                                   
   clk_BUFG_I_O               Clock net    53          (fanout=321)       2446                     -                                                                                                                                                   
   RBB_9/CLK                  RBB_6L        9  [TILE 0 0, RBB 4 18]          -     r            2446                                                                                                                                                   
   ------------------------------------------------------------------------------------------------------------------------------------------------------------------------------------------------------------------------------------------------------
   RBB_9/DMUX                 RBB_6L        9  [TILE 0 0, RBB 4 18]       1333     r            3779     {inst70: w_sck_edge_LUT2_O_I1_FDCE_Q (FDC,site=dffo)}                                                                                         
   w_sck_edge_LUT2_O_I1[1]    Net          78            (fanout=2)       1151                     -                                                                                                                                                   
   RBB_12/C2                  RBB_6L       12  [TILE 0 0, RBB 1 14]          -     r            4930                                                                                                                                                   
   RBB_12/C                   RBB_6L       12  [TILE 0 0, RBB 1 14]        711     r            5641     {inst69: w_sck_edge_LUT2_O (LUT,site=clut)}                                                                                                   
   w_sck_edge                 Net           2            (fanout=6)       1243                     -                                                                                                                                                   
   RBB_10/A2                  RBB_6L       10  [TILE 0 0, RBB 4 16]          -     r            6884     {inst76: w_sck_edge_LUT2_O_I1_LUT2_I1_O_FDCE_Q_3_D_LUT3_O (LUT,site=aluto)} {inst75: w_sck_edge_LUT2_O_I1_LUT2_I1_O_FDCE_Q_3 (FDC,site=affo)} 
   ------------------------------------------------------------------------------------------------------------------------------------------------------------------------------------------------------------------------------------------------------
   RBB_10/CLK                 RBB_6L       10  [TILE 0 0, RBB 4 16]       1107     r            7991                                                                                                                                                   
   clk_BUFG_I_O               Clock net    53          (fanout=321)      -2303                     -                                                                                                                                                   
   clk                        CLOCK-PORT    -                     -    capture     r            5688                                                                                                                                                   
   ------------------------------------------------------------------------------------------------------------------------------------------------------------------------------------------------------------------------------------------------------


Path 24:
   Slack (met):                             14491ps
     Path type:                               SETUP
     Group:                               <DEFAULT>
     Launching clock:                           clk (rising edge)
     Capturing clock:                           clk (rising edge)

     Requested period:                      20000ps
   + Delay of the capturing clock:           2303ps
   - Clock uncertainty:                       150ps
   = Required time:                         22153ps
   - Propagation time:                       5216ps (54.1% logic, 45.9% route, logic stage 2)
   - Delay of the launching clock:           2446ps
   = Slack:                                 14491ps

   Instance/Pin or Net Name   Type         ID    Location or Fanout   Delay(ps)  Edge  Arrival Time(ps)    Instance detail                                                                                                                                  
   -----------------------------------------------------------------------------------------------------------------------------------------------------------------------------------------------------------------------------------------------------------
   clk                        CLOCK-PORT    -                     -     launch     r               0                                                                                                                                                        
   clk_BUFG_I_O               Clock net    53          (fanout=321)       2446                     -                                                                                                                                                        
   RBB_9/CLK                  RBB_6L        9  [TILE 0 0, RBB 4 18]          -     r            2446                                                                                                                                                        
   -----------------------------------------------------------------------------------------------------------------------------------------------------------------------------------------------------------------------------------------------------------
   RBB_9/DMUX                 RBB_6L        9  [TILE 0 0, RBB 4 18]       1333     r            3779     {inst70: w_sck_edge_LUT2_O_I1_FDCE_Q (FDC,site=dffo)}                                                                                              
   w_sck_edge_LUT2_O_I1[1]    Net          78            (fanout=2)       1151                     -                                                                                                                                                        
   RBB_12/C2                  RBB_6L       12  [TILE 0 0, RBB 1 14]          -     r            4930                                                                                                                                                        
   RBB_12/C                   RBB_6L       12  [TILE 0 0, RBB 1 14]        711     r            5641     {inst69: w_sck_edge_LUT2_O (LUT,site=clut)}                                                                                                        
   w_sck_edge                 Net           2            (fanout=6)       1243                     -                                                                                                                                                        
   RBB_10/A2                  RBB_6L       10  [TILE 0 0, RBB 4 16]          -     r            6884     {inst50: rx_valid_pulse_FDCE_Q_D_LUT5_O_I3_CARRY4_CO_O_1_LUT4_I3 (LUT,site=alut)} {inst73: w_sck_edge_LUT2_O_I1_LUT2_I1_O_FDCE_Q_1 (FDC,site=aff)} 
   -----------------------------------------------------------------------------------------------------------------------------------------------------------------------------------------------------------------------------------------------------------
   RBB_10/CLK                 RBB_6L       10  [TILE 0 0, RBB 4 16]        778     r            7662                                                                                                                                                        
   clk_BUFG_I_O               Clock net    53          (fanout=321)      -2303                     -                                                                                                                                                        
   clk                        CLOCK-PORT    -                     -    capture     r            5359                                                                                                                                                        
   -----------------------------------------------------------------------------------------------------------------------------------------------------------------------------------------------------------------------------------------------------------


Path 38:
   Slack (met):                             14537ps
     Path type:                               SETUP
     Group:                               <DEFAULT>
     Launching clock:                           clk (rising edge)
     Capturing clock:                           clk (rising edge)

     Requested period:                      20000ps
   + Delay of the capturing clock:           2288ps
   - Clock uncertainty:                       150ps
   = Required time:                         22138ps
   - Propagation time:                       5155ps (55.5% logic, 44.5% route, logic stage 2)
   - Delay of the launching clock:           2446ps
   = Slack:                                 14537ps

   Instance/Pin or Net Name   Type         ID    Location or Fanout   Delay(ps)  Edge  Arrival Time(ps)    Instance detail                                     
   --------------------------------------------------------------------------------------------------------------------------------------------------------------
   clk                        CLOCK-PORT    -                     -     launch     r               0                                                           
   clk_BUFG_I_O               Clock net    53          (fanout=321)       2446                     -                                                           
   RBB_9/CLK                  RBB_6L        9  [TILE 0 0, RBB 4 18]          -     r            2446                                                           
   --------------------------------------------------------------------------------------------------------------------------------------------------------------
   RBB_9/DMUX                 RBB_6L        9  [TILE 0 0, RBB 4 18]       1333     r            3779     {inst70: w_sck_edge_LUT2_O_I1_FDCE_Q (FDC,site=dffo)} 
   w_sck_edge_LUT2_O_I1[1]    Net          78            (fanout=2)       1151                     -                                                           
   RBB_12/C2                  RBB_6L       12  [TILE 0 0, RBB 1 14]          -     r            4930                                                           
   RBB_12/C                   RBB_6L       12  [TILE 0 0, RBB 1 14]        711     r            5641     {inst69: w_sck_edge_LUT2_O (LUT,site=clut)}           
   w_sck_edge                 Net           2            (fanout=6)       1143                     -                                                           
   RBB_11/A6                  RBB_6L       11  [TILE 0 0, RBB 4 10]          -     r            6784     {<CE>inst26: rx_data_wire_FDCE_Q (FDCE,site=dff)}     
   --------------------------------------------------------------------------------------------------------------------------------------------------------------
   RBB_11/CLK                 RBB_6L       11  [TILE 0 0, RBB 4 10]        817     r            7601                                                           
   clk_BUFG_I_O               Clock net    53          (fanout=321)      -2288                     -                                                           
   clk                        CLOCK-PORT    -                     -    capture     r            5313                                                           
   --------------------------------------------------------------------------------------------------------------------------------------------------------------


Path 39:
   Slack (met):                             14537ps
     Path type:                               SETUP
     Group:                               <DEFAULT>
     Launching clock:                           clk (rising edge)
     Capturing clock:                           clk (rising edge)

     Requested period:                      20000ps
   + Delay of the capturing clock:           2288ps
   - Clock uncertainty:                       150ps
   = Required time:                         22138ps
   - Propagation time:                       5155ps (55.5% logic, 44.5% route, logic stage 2)
   - Delay of the launching clock:           2446ps
   = Slack:                                 14537ps

   Instance/Pin or Net Name   Type         ID    Location or Fanout   Delay(ps)  Edge  Arrival Time(ps)    Instance detail                                     
   --------------------------------------------------------------------------------------------------------------------------------------------------------------
   clk                        CLOCK-PORT    -                     -     launch     r               0                                                           
   clk_BUFG_I_O               Clock net    53          (fanout=321)       2446                     -                                                           
   RBB_9/CLK                  RBB_6L        9  [TILE 0 0, RBB 4 18]          -     r            2446                                                           
   --------------------------------------------------------------------------------------------------------------------------------------------------------------
   RBB_9/DMUX                 RBB_6L        9  [TILE 0 0, RBB 4 18]       1333     r            3779     {inst70: w_sck_edge_LUT2_O_I1_FDCE_Q (FDC,site=dffo)} 
   w_sck_edge_LUT2_O_I1[1]    Net          78            (fanout=2)       1151                     -                                                           
   RBB_12/C2                  RBB_6L       12  [TILE 0 0, RBB 1 14]          -     r            4930                                                           
   RBB_12/C                   RBB_6L       12  [TILE 0 0, RBB 1 14]        711     r            5641     {inst69: w_sck_edge_LUT2_O (LUT,site=clut)}           
   w_sck_edge                 Net           2            (fanout=6)       1143                     -                                                           
   RBB_11/A6                  RBB_6L       11  [TILE 0 0, RBB 4 10]          -     r            6784     {<CE>inst29: rx_data_wire_FDCE_Q_3 (FDCE,site=cff)}   
   --------------------------------------------------------------------------------------------------------------------------------------------------------------
   RBB_11/CLK                 RBB_6L       11  [TILE 0 0, RBB 4 10]        817     r            7601                                                           
   clk_BUFG_I_O               Clock net    53          (fanout=321)      -2288                     -                                                           
   clk                        CLOCK-PORT    -                     -    capture     r            5313                                                           
   --------------------------------------------------------------------------------------------------------------------------------------------------------------


Path 37:
   Slack (met):                             14537ps
     Path type:                               SETUP
     Group:                               <DEFAULT>
     Launching clock:                           clk (rising edge)
     Capturing clock:                           clk (rising edge)

     Requested period:                      20000ps
   + Delay of the capturing clock:           2288ps
   - Clock uncertainty:                       150ps
   = Required time:                         22138ps
   - Propagation time:                       5155ps (55.5% logic, 44.5% route, logic stage 2)
   - Delay of the launching clock:           2446ps
   = Slack:                                 14537ps

   Instance/Pin or Net Name   Type         ID    Location or Fanout   Delay(ps)  Edge  Arrival Time(ps)    Instance detail                                     
   --------------------------------------------------------------------------------------------------------------------------------------------------------------
   clk                        CLOCK-PORT    -                     -     launch     r               0                                                           
   clk_BUFG_I_O               Clock net    53          (fanout=321)       2446                     -                                                           
   RBB_9/CLK                  RBB_6L        9  [TILE 0 0, RBB 4 18]          -     r            2446                                                           
   --------------------------------------------------------------------------------------------------------------------------------------------------------------
   RBB_9/DMUX                 RBB_6L        9  [TILE 0 0, RBB 4 18]       1333     r            3779     {inst70: w_sck_edge_LUT2_O_I1_FDCE_Q (FDC,site=dffo)} 
   w_sck_edge_LUT2_O_I1[1]    Net          78            (fanout=2)       1151                     -                                                           
   RBB_12/C2                  RBB_6L       12  [TILE 0 0, RBB 1 14]          -     r            4930                                                           
   RBB_12/C                   RBB_6L       12  [TILE 0 0, RBB 1 14]        711     r            5641     {inst69: w_sck_edge_LUT2_O (LUT,site=clut)}           
   w_sck_edge                 Net           2            (fanout=6)       1143                     -                                                           
   RBB_11/A6                  RBB_6L       11  [TILE 0 0, RBB 4 10]          -     r            6784     {<CE>inst27: rx_data_wire_FDCE_Q_1 (FDCE,site=bff)}   
   --------------------------------------------------------------------------------------------------------------------------------------------------------------
   RBB_11/CLK                 RBB_6L       11  [TILE 0 0, RBB 4 10]        817     r            7601                                                           
   clk_BUFG_I_O               Clock net    53          (fanout=321)      -2288                     -                                                           
   clk                        CLOCK-PORT    -                     -    capture     r            5313                                                           
   --------------------------------------------------------------------------------------------------------------------------------------------------------------


Path 40:
   Slack (met):                             14537ps
     Path type:                               SETUP
     Group:                               <DEFAULT>
     Launching clock:                           clk (rising edge)
     Capturing clock:                           clk (rising edge)

     Requested period:                      20000ps
   + Delay of the capturing clock:           2288ps
   - Clock uncertainty:                       150ps
   = Required time:                         22138ps
   - Propagation time:                       5155ps (55.5% logic, 44.5% route, logic stage 2)
   - Delay of the launching clock:           2446ps
   = Slack:                                 14537ps

   Instance/Pin or Net Name   Type         ID    Location or Fanout   Delay(ps)  Edge  Arrival Time(ps)    Instance detail                                     
   --------------------------------------------------------------------------------------------------------------------------------------------------------------
   clk                        CLOCK-PORT    -                     -     launch     r               0                                                           
   clk_BUFG_I_O               Clock net    53          (fanout=321)       2446                     -                                                           
   RBB_9/CLK                  RBB_6L        9  [TILE 0 0, RBB 4 18]          -     r            2446                                                           
   --------------------------------------------------------------------------------------------------------------------------------------------------------------
   RBB_9/DMUX                 RBB_6L        9  [TILE 0 0, RBB 4 18]       1333     r            3779     {inst70: w_sck_edge_LUT2_O_I1_FDCE_Q (FDC,site=dffo)} 
   w_sck_edge_LUT2_O_I1[1]    Net          78            (fanout=2)       1151                     -                                                           
   RBB_12/C2                  RBB_6L       12  [TILE 0 0, RBB 1 14]          -     r            4930                                                           
   RBB_12/C                   RBB_6L       12  [TILE 0 0, RBB 1 14]        711     r            5641     {inst69: w_sck_edge_LUT2_O (LUT,site=clut)}           
   w_sck_edge                 Net           2            (fanout=6)       1143                     -                                                           
   RBB_11/A6                  RBB_6L       11  [TILE 0 0, RBB 4 10]          -     r            6784     {<CE>inst28: rx_data_wire_FDCE_Q_2 (FDCE,site=aff)}   
   --------------------------------------------------------------------------------------------------------------------------------------------------------------
   RBB_11/CLK                 RBB_6L       11  [TILE 0 0, RBB 4 10]        817     r            7601                                                           
   clk_BUFG_I_O               Clock net    53          (fanout=321)      -2288                     -                                                           
   clk                        CLOCK-PORT    -                     -    capture     r            5313                                                           
   --------------------------------------------------------------------------------------------------------------------------------------------------------------


Path 28:
   Slack (met):                             14635ps
     Path type:                               SETUP
     Group:                               <DEFAULT>
     Launching clock:                           clk (rising edge)
     Capturing clock:                           clk (rising edge)

     Requested period:                      20000ps
   + Delay of the capturing clock:           2303ps
   - Clock uncertainty:                       150ps
   = Required time:                         22153ps
   - Propagation time:                       5072ps (59.1% logic, 40.9% route, logic stage 2)
   - Delay of the launching clock:           2446ps
   = Slack:                                 14635ps

   Instance/Pin or Net Name   Type         ID    Location or Fanout   Delay(ps)  Edge  Arrival Time(ps)    Instance detail                                                                                         
   ------------------------------------------------------------------------------------------------------------------------------------------------------------------------------------------------------------------
   clk                        CLOCK-PORT    -                     -     launch     r               0                                                                                                               
   clk_BUFG_I_O               Clock net    53          (fanout=321)       2446                     -                                                                                                               
   RBB_9/CLK                  RBB_6L        9  [TILE 0 0, RBB 4 18]          -     r            2446                                                                                                               
   ------------------------------------------------------------------------------------------------------------------------------------------------------------------------------------------------------------------
   RBB_9/DMUX                 RBB_6L        9  [TILE 0 0, RBB 4 18]       1333     r            3779     {inst70: w_sck_edge_LUT2_O_I1_FDCE_Q (FDC,site=dffo)}                                                     
   w_sck_edge_LUT2_O_I1[1]    Net          78            (fanout=2)       1151                     -                                                                                                               
   RBB_12/C2                  RBB_6L       12  [TILE 0 0, RBB 1 14]          -     r            4930                                                                                                               
   RBB_12/C                   RBB_6L       12  [TILE 0 0, RBB 1 14]        711     r            5641     {inst69: w_sck_edge_LUT2_O (LUT,site=clut)}                                                               
   w_sck_edge                 Net           2            (fanout=6)        923                     -                                                                                                               
   RBB_8/B4                   RBB_6L        8  [TILE 0 0, RBB 4 14]          -     r            6564     {inst48: rx_valid_pulse_FDCE_Q_D_LUT5_O (LUT,site=bluto)} {inst47: rx_valid_pulse_FDCE_Q (FDC,site=bffo)} 
   ------------------------------------------------------------------------------------------------------------------------------------------------------------------------------------------------------------------
   RBB_8/CLK                  RBB_6L        8  [TILE 0 0, RBB 4 14]        954     r            7518                                                                                                               
   clk_BUFG_I_O               Clock net    53          (fanout=321)      -2303                     -                                                                                                               
   clk                        CLOCK-PORT    -                     -    capture     r            5215                                                                                                               
   ------------------------------------------------------------------------------------------------------------------------------------------------------------------------------------------------------------------


Path 18:
   Slack (met):                             14683ps
     Path type:                               SETUP
     Group:                               <DEFAULT>
     Launching clock:                           clk (rising edge)
     Capturing clock:                           clk (rising edge)

     Requested period:                      20000ps
   + Delay of the capturing clock:           2303ps
   - Clock uncertainty:                       150ps
   = Required time:                         22153ps
   - Propagation time:                       5167ps (58.7% logic, 41.3% route, logic stage 2)
   - Delay of the launching clock:           2303ps
   = Slack:                                 14683ps

   Instance/Pin or Net Name          Type         ID    Location or Fanout   Delay(ps)  Edge  Arrival Time(ps)    Instance detail                                                                                                           
   -------------------------------------------------------------------------------------------------------------------------------------------------------------------------------------------------------------------------------------------
   clk                               CLOCK-PORT    -                     -     launch     r               0                                                                                                                                 
   clk_BUFG_I_O                      Clock net    53          (fanout=321)       2303                     -                                                                                                                                 
   RBB_8/CLK                         RBB_6L        8  [TILE 0 0, RBB 4 14]          -     r            2303                                                                                                                                 
   -------------------------------------------------------------------------------------------------------------------------------------------------------------------------------------------------------------------------------------------
   RBB_8/AMUX                        RBB_6L        8  [TILE 0 0, RBB 4 14]       1362     r            3665     {inst62: spi_miso_en_INV_O_I_FDPE_Q (FDP,site=affo)}                                                                        
   spi_miso_en_INV_O_I[0]            Net          63            (fanout=2)        868                     -                                                                                                                                 
   RBB_12/C5                         RBB_6L       12  [TILE 0 0, RBB 1 14]          -     r            4533                                                                                                                                 
   RBB_12/CMUX                       RBB_6L       12  [TILE 0 0, RBB 1 14]        871     r            5404     {inst63: spi_miso_en_INV_O_I_LUT2_I0 (LUT,site=cluto)}                                                                      
   spi_miso_en_INV_O_I_LUT2_I0_O[2]  Net          65            (fanout=8)       1265                     -                                                                                                                                 
   RBB_10/D4                         RBB_6L       10  [TILE 0 0, RBB 4 16]          -     r            6669     {inst58: spi_miso_LUT6_I0_I2_FDCE_Q_1_D_LUT6_O (LUT,site=dlut,dluto)} {inst57: spi_miso_LUT6_I0_I2_FDCE_Q_1 (FDC,site=dff)} 
   -------------------------------------------------------------------------------------------------------------------------------------------------------------------------------------------------------------------------------------------
   RBB_10/CLK                        RBB_6L       10  [TILE 0 0, RBB 4 16]        801     r            7470                                                                                                                                 
   clk_BUFG_I_O                      Clock net    53          (fanout=321)      -2303                     -                                                                                                                                 
   clk                               CLOCK-PORT    -                     -    capture     r            5167                                                                                                                                 
   -------------------------------------------------------------------------------------------------------------------------------------------------------------------------------------------------------------------------------------------


Path 20:
   Slack (met):                             14707ps
     Path type:                               SETUP
     Group:                               <DEFAULT>
     Launching clock:                           clk (rising edge)
     Capturing clock:                           clk (rising edge)

     Requested period:                      20000ps
   + Delay of the capturing clock:           2303ps
   - Clock uncertainty:                       150ps
   = Required time:                         22153ps
   - Propagation time:                       5143ps (59.0% logic, 41.0% route, logic stage 2)
   - Delay of the launching clock:           2303ps
   = Slack:                                 14707ps

   Instance/Pin or Net Name          Type         ID    Location or Fanout   Delay(ps)  Edge  Arrival Time(ps)    Instance detail                                                                                                                                                 
   ---------------------------------------------------------------------------------------------------------------------------------------------------------------------------------------------------------------------------------------------------------------------------------
   clk                               CLOCK-PORT    -                     -     launch     r               0                                                                                                                                                                       
   clk_BUFG_I_O                      Clock net    53          (fanout=321)       2303                     -                                                                                                                                                                       
   RBB_8/CLK                         RBB_6L        8  [TILE 0 0, RBB 4 14]          -     r            2303                                                                                                                                                                       
   ---------------------------------------------------------------------------------------------------------------------------------------------------------------------------------------------------------------------------------------------------------------------------------
   RBB_8/AMUX                        RBB_6L        8  [TILE 0 0, RBB 4 14]       1362     r            3665     {inst62: spi_miso_en_INV_O_I_FDPE_Q (FDP,site=affo)}                                                                                                              
   spi_miso_en_INV_O_I[0]            Net          63            (fanout=2)        868                     -                                                                                                                                                                       
   RBB_12/C5                         RBB_6L       12  [TILE 0 0, RBB 1 14]          -     r            4533                                                                                                                                                                       
   RBB_12/CMUX                       RBB_6L       12  [TILE 0 0, RBB 1 14]        871     r            5404     {inst63: spi_miso_en_INV_O_I_LUT2_I0 (LUT,site=cluto)}                                                                                                            
   spi_miso_en_INV_O_I_LUT2_I0_O[2]  Net          65            (fanout=8)       1241                     -                                                                                                                                                                       
   RBB_10/C4                         RBB_6L       10  [TILE 0 0, RBB 4 16]          -     r            6645     {inst60: spi_miso_LUT6_I0_I2_FDCE_Q_1_D_LUT6_O_I2_FDCE_Q_D_LUT6_O (LUT,site=clut,cluto)} {inst59: spi_miso_LUT6_I0_I2_FDCE_Q_1_D_LUT6_O_I2_FDCE_Q (FDC,site=cff)} 
   ---------------------------------------------------------------------------------------------------------------------------------------------------------------------------------------------------------------------------------------------------------------------------------
   RBB_10/CLK                        RBB_6L       10  [TILE 0 0, RBB 4 16]        801     r            7446                                                                                                                                                                       
   clk_BUFG_I_O                      Clock net    53          (fanout=321)      -2303                     -                                                                                                                                                                       
   clk                               CLOCK-PORT    -                     -    capture     r            5143                                                                                                                                                                       
   ---------------------------------------------------------------------------------------------------------------------------------------------------------------------------------------------------------------------------------------------------------------------------------


Path 23:
   Slack (met):                             14779ps
     Path type:                               SETUP
     Group:                               <DEFAULT>
     Launching clock:                           clk (rising edge)
     Capturing clock:                           clk (rising edge)

     Requested period:                      20000ps
   + Delay of the capturing clock:           2303ps
   - Clock uncertainty:                       150ps
   = Required time:                         22153ps
   - Propagation time:                       5071ps (58.3% logic, 41.7% route, logic stage 2)
   - Delay of the launching clock:           2303ps
   = Slack:                                 14779ps

   Instance/Pin or Net Name          Type         ID    Location or Fanout   Delay(ps)  Edge  Arrival Time(ps)    Instance detail                                                                                                                               
   ---------------------------------------------------------------------------------------------------------------------------------------------------------------------------------------------------------------------------------------------------------------
   clk                               CLOCK-PORT    -                     -     launch     r               0                                                                                                                                                     
   clk_BUFG_I_O                      Clock net    53          (fanout=321)       2303                     -                                                                                                                                                     
   RBB_8/CLK                         RBB_6L        8  [TILE 0 0, RBB 4 14]          -     r            2303                                                                                                                                                     
   ---------------------------------------------------------------------------------------------------------------------------------------------------------------------------------------------------------------------------------------------------------------
   RBB_8/AMUX                        RBB_6L        8  [TILE 0 0, RBB 4 14]       1362     r            3665     {inst62: spi_miso_en_INV_O_I_FDPE_Q (FDP,site=affo)}                                                                                            
   spi_miso_en_INV_O_I[0]            Net          63            (fanout=2)        868                     -                                                                                                                                                     
   RBB_12/C5                         RBB_6L       12  [TILE 0 0, RBB 1 14]          -     r            4533                                                                                                                                                     
   RBB_12/CMUX                       RBB_6L       12  [TILE 0 0, RBB 1 14]        871     r            5404     {inst63: spi_miso_en_INV_O_I_LUT2_I0 (LUT,site=cluto)}                                                                                          
   spi_miso_en_INV_O_I_LUT2_I0_O[2]  Net          65            (fanout=8)       1248                     -                                                                                                                                                     
   RBB_10/B4                         RBB_6L       10  [TILE 0 0, RBB 4 16]          -     r            6652     {inst66: spi_miso_en_INV_O_I_LUT2_I0_O_FDCE_Q_1_D_LUT6_O (LUT,site=blut,bluto)} {inst65: spi_miso_en_INV_O_I_LUT2_I0_O_FDCE_Q_1 (FDC,site=bff)} 
   ---------------------------------------------------------------------------------------------------------------------------------------------------------------------------------------------------------------------------------------------------------------
   RBB_10/CLK                        RBB_6L       10  [TILE 0 0, RBB 4 16]        722     r            7374                                                                                                                                                     
   clk_BUFG_I_O                      Clock net    53          (fanout=321)      -2303                     -                                                                                                                                                     
   clk                               CLOCK-PORT    -                     -    capture     r            5071                                                                                                                                                     
   ---------------------------------------------------------------------------------------------------------------------------------------------------------------------------------------------------------------------------------------------------------------


Path 25:
   Slack (met):                             14818ps
     Path type:                               SETUP
     Group:                               <DEFAULT>
     Launching clock:                           clk (rising edge)
     Capturing clock:                           clk (rising edge)

     Requested period:                      20000ps
   + Delay of the capturing clock:           2303ps
   - Clock uncertainty:                       150ps
   = Required time:                         22153ps
   - Propagation time:                       4889ps (57.7% logic, 42.3% route, logic stage 2)
   - Delay of the launching clock:           2446ps
   = Slack:                                 14818ps

   Instance/Pin or Net Name   Type         ID    Location or Fanout   Delay(ps)  Edge  Arrival Time(ps)    Instance detail                                                                                                                  
   -------------------------------------------------------------------------------------------------------------------------------------------------------------------------------------------------------------------------------------------
   clk                        CLOCK-PORT    -                     -     launch     r               0                                                                                                                                        
   clk_BUFG_I_O               Clock net    53          (fanout=321)       2446                     -                                                                                                                                        
   RBB_9/CLK                  RBB_6L        9  [TILE 0 0, RBB 4 18]          -     r            2446                                                                                                                                        
   -------------------------------------------------------------------------------------------------------------------------------------------------------------------------------------------------------------------------------------------
   RBB_9/DMUX                 RBB_6L        9  [TILE 0 0, RBB 4 18]       1333     r            3779     {inst70: w_sck_edge_LUT2_O_I1_FDCE_Q (FDC,site=dffo)}                                                                              
   w_sck_edge_LUT2_O_I1[1]    Net          78            (fanout=2)       1151                     -                                                                                                                                        
   RBB_12/C2                  RBB_6L       12  [TILE 0 0, RBB 1 14]          -     r            4930                                                                                                                                        
   RBB_12/C                   RBB_6L       12  [TILE 0 0, RBB 1 14]        711     r            5641     {inst69: w_sck_edge_LUT2_O (LUT,site=clut)}                                                                                        
   w_sck_edge                 Net           2            (fanout=6)        916                     -                                                                                                                                        
   RBB_8/A4                   RBB_6L        8  [TILE 0 0, RBB 4 14]          -     r            6557     {inst53: rx_valid_pulse_FDCE_Q_D_LUT5_O_I3_LUT5_I4 (LUT,site=alut)} {inst72: w_sck_edge_LUT2_O_I1_LUT2_I1_O_FDCE_Q (FDC,site=aff)} 
   -------------------------------------------------------------------------------------------------------------------------------------------------------------------------------------------------------------------------------------------
   RBB_8/CLK                  RBB_6L        8  [TILE 0 0, RBB 4 14]        778     r            7335                                                                                                                                        
   clk_BUFG_I_O               Clock net    53          (fanout=321)      -2303                     -                                                                                                                                        
   clk                        CLOCK-PORT    -                     -    capture     r            5032                                                                                                                                        
   -------------------------------------------------------------------------------------------------------------------------------------------------------------------------------------------------------------------------------------------


Path 19:
   Slack (met):                             14840ps
     Path type:                               SETUP
     Group:                               <DEFAULT>
     Launching clock:                           clk (rising edge)
     Capturing clock:                           clk (rising edge)

     Requested period:                      20000ps
   + Delay of the capturing clock:           2446ps
   - Clock uncertainty:                       150ps
   = Required time:                         22296ps
   - Propagation time:                       5153ps (59.5% logic, 40.5% route, logic stage 2)
   - Delay of the launching clock:           2303ps
   = Slack:                                 14840ps

   Instance/Pin or Net Name          Type         ID    Location or Fanout   Delay(ps)  Edge  Arrival Time(ps)    Instance detail                                                                                                                     
   -----------------------------------------------------------------------------------------------------------------------------------------------------------------------------------------------------------------------------------------------------
   clk                               CLOCK-PORT    -                     -     launch     r               0                                                                                                                                           
   clk_BUFG_I_O                      Clock net    53          (fanout=321)       2303                     -                                                                                                                                           
   RBB_8/CLK                         RBB_6L        8  [TILE 0 0, RBB 4 14]          -     r            2303                                                                                                                                           
   -----------------------------------------------------------------------------------------------------------------------------------------------------------------------------------------------------------------------------------------------------
   RBB_8/AMUX                        RBB_6L        8  [TILE 0 0, RBB 4 14]       1362     r            3665     {inst62: spi_miso_en_INV_O_I_FDPE_Q (FDP,site=affo)}                                                                                  
   spi_miso_en_INV_O_I[0]            Net          63            (fanout=2)        868                     -                                                                                                                                           
   RBB_12/C5                         RBB_6L       12  [TILE 0 0, RBB 1 14]          -     r            4533                                                                                                                                           
   RBB_12/CMUX                       RBB_6L       12  [TILE 0 0, RBB 1 14]        871     r            5404     {inst63: spi_miso_en_INV_O_I_LUT2_I0 (LUT,site=cluto)}                                                                                
   spi_miso_en_INV_O_I_LUT2_I0_O[2]  Net          65            (fanout=8)       1218                     -                                                                                                                                           
   RBB_9/D4                          RBB_6L        9  [TILE 0 0, RBB 4 18]          -     r            6622     {inst40: rx_valid_pulse_FDCE_CE_2_Q_FDCE_Q_D_LUT6_O (LUT,site=dlut,dluto)} {inst39: rx_valid_pulse_FDCE_CE_2_Q_FDCE_Q (FDC,site=dff)} 
   -----------------------------------------------------------------------------------------------------------------------------------------------------------------------------------------------------------------------------------------------------
   RBB_9/CLK                         RBB_6L        9  [TILE 0 0, RBB 4 18]        834     r            7456                                                                                                                                           
   clk_BUFG_I_O                      Clock net    53          (fanout=321)      -2446                     -                                                                                                                                           
   clk                               CLOCK-PORT    -                     -    capture     r            5010                                                                                                                                           
   -----------------------------------------------------------------------------------------------------------------------------------------------------------------------------------------------------------------------------------------------------


Path 21:
   Slack (met):                             14841ps
     Path type:                               SETUP
     Group:                               <DEFAULT>
     Launching clock:                           clk (rising edge)
     Capturing clock:                           clk (rising edge)

     Requested period:                      20000ps
   + Delay of the capturing clock:           2446ps
   - Clock uncertainty:                       150ps
   = Required time:                         22296ps
   - Propagation time:                       5152ps (60.2% logic, 39.8% route, logic stage 2)
   - Delay of the launching clock:           2303ps
   = Slack:                                 14841ps

   Instance/Pin or Net Name          Type         ID    Location or Fanout   Delay(ps)  Edge  Arrival Time(ps)    Instance detail                                                                                                                     
   -----------------------------------------------------------------------------------------------------------------------------------------------------------------------------------------------------------------------------------------------------
   clk                               CLOCK-PORT    -                     -     launch     r               0                                                                                                                                           
   clk_BUFG_I_O                      Clock net    53          (fanout=321)       2303                     -                                                                                                                                           
   RBB_8/CLK                         RBB_6L        8  [TILE 0 0, RBB 4 14]          -     r            2303                                                                                                                                           
   -----------------------------------------------------------------------------------------------------------------------------------------------------------------------------------------------------------------------------------------------------
   RBB_8/AMUX                        RBB_6L        8  [TILE 0 0, RBB 4 14]       1362     r            3665     {inst62: spi_miso_en_INV_O_I_FDPE_Q (FDP,site=affo)}                                                                                  
   spi_miso_en_INV_O_I[0]            Net          63            (fanout=2)        868                     -                                                                                                                                           
   RBB_12/C5                         RBB_6L       12  [TILE 0 0, RBB 1 14]          -     r            4533                                                                                                                                           
   RBB_12/CMUX                       RBB_6L       12  [TILE 0 0, RBB 1 14]        871     r            5404     {inst63: spi_miso_en_INV_O_I_LUT2_I0 (LUT,site=cluto)}                                                                                
   spi_miso_en_INV_O_I_LUT2_I0_O[2]  Net          65            (fanout=8)       1180                     -                                                                                                                                           
   RBB_9/C4                          RBB_6L        9  [TILE 0 0, RBB 4 18]          -     r            6584     {inst43: rx_valid_pulse_FDCE_CE_3_Q_FDCE_Q_D_LUT6_O (LUT,site=clut,cluto)} {inst42: rx_valid_pulse_FDCE_CE_3_Q_FDCE_Q (FDC,site=cff)} 
   -----------------------------------------------------------------------------------------------------------------------------------------------------------------------------------------------------------------------------------------------------
   RBB_9/CLK                         RBB_6L        9  [TILE 0 0, RBB 4 18]        871     r            7455                                                                                                                                           
   clk_BUFG_I_O                      Clock net    53          (fanout=321)      -2446                     -                                                                                                                                           
   clk                               CLOCK-PORT    -                     -    capture     r            5009                                                                                                                                           
   -----------------------------------------------------------------------------------------------------------------------------------------------------------------------------------------------------------------------------------------------------


Path 16:
   Slack (met):                             14962ps
     Path type:                               SETUP
     Group:                               <DEFAULT>
     Launching clock:                           clk (rising edge)
     Capturing clock:                           clk (rising edge)

     Requested period:                      20000ps
   + Delay of the capturing clock:           2446ps
   - Clock uncertainty:                       150ps
   = Required time:                         22296ps
   - Propagation time:                       5031ps (59.8% logic, 40.2% route, logic stage 2)
   - Delay of the launching clock:           2303ps
   = Slack:                                 14962ps

   Instance/Pin or Net Name          Type         ID    Location or Fanout   Delay(ps)  Edge  Arrival Time(ps)    Instance detail                                                                                                                               
   ---------------------------------------------------------------------------------------------------------------------------------------------------------------------------------------------------------------------------------------------------------------
   clk                               CLOCK-PORT    -                     -     launch     r               0                                                                                                                                                     
   clk_BUFG_I_O                      Clock net    53          (fanout=321)       2303                     -                                                                                                                                                     
   RBB_8/CLK                         RBB_6L        8  [TILE 0 0, RBB 4 14]          -     r            2303                                                                                                                                                     
   ---------------------------------------------------------------------------------------------------------------------------------------------------------------------------------------------------------------------------------------------------------------
   RBB_8/AMUX                        RBB_6L        8  [TILE 0 0, RBB 4 14]       1362     r            3665     {inst62: spi_miso_en_INV_O_I_FDPE_Q (FDP,site=affo)}                                                                                            
   spi_miso_en_INV_O_I[0]            Net          63            (fanout=2)        868                     -                                                                                                                                                     
   RBB_12/C5                         RBB_6L       12  [TILE 0 0, RBB 1 14]          -     r            4533                                                                                                                                                     
   RBB_12/CMUX                       RBB_6L       12  [TILE 0 0, RBB 1 14]        871     r            5404     {inst63: spi_miso_en_INV_O_I_LUT2_I0 (LUT,site=cluto)}                                                                                          
   spi_miso_en_INV_O_I_LUT2_I0_O[2]  Net          65            (fanout=8)       1156                     -                                                                                                                                                     
   RBB_9/A4                          RBB_6L        9  [TILE 0 0, RBB 4 18]          -     r            6560     {inst46: rx_valid_pulse_FDCE_CE_5_Q_LUT5_I2 (LUT,site=alut)} {inst67: spi_miso_en_INV_O_I_LUT2_I0_O_FDCE_Q_1_D_LUT6_O_I2_FDCE_Q (FDC,site=aff)} 
   ---------------------------------------------------------------------------------------------------------------------------------------------------------------------------------------------------------------------------------------------------------------
   RBB_9/CLK                         RBB_6L        9  [TILE 0 0, RBB 4 18]        774     r            7334                                                                                                                                                     
   clk_BUFG_I_O                      Clock net    53          (fanout=321)      -2446                     -                                                                                                                                                     
   clk                               CLOCK-PORT    -                     -    capture     r            4888                                                                                                                                                     
   ---------------------------------------------------------------------------------------------------------------------------------------------------------------------------------------------------------------------------------------------------------------


Path 22:
   Slack (met):                             14993ps
     Path type:                               SETUP
     Group:                               <DEFAULT>
     Launching clock:                           clk (rising edge)
     Capturing clock:                           clk (rising edge)

     Requested period:                      20000ps
   + Delay of the capturing clock:           2446ps
   - Clock uncertainty:                       150ps
   = Required time:                         22296ps
   - Propagation time:                       5000ps (59.1% logic, 40.9% route, logic stage 2)
   - Delay of the launching clock:           2303ps
   = Slack:                                 14993ps

   Instance/Pin or Net Name          Type         ID    Location or Fanout   Delay(ps)  Edge  Arrival Time(ps)    Instance detail                                                                         
   ---------------------------------------------------------------------------------------------------------------------------------------------------------------------------------------------------------
   clk                               CLOCK-PORT    -                     -     launch     r               0                                                                                               
   clk_BUFG_I_O                      Clock net    53          (fanout=321)       2303                     -                                                                                               
   RBB_8/CLK                         RBB_6L        8  [TILE 0 0, RBB 4 14]          -     r            2303                                                                                               
   ---------------------------------------------------------------------------------------------------------------------------------------------------------------------------------------------------------
   RBB_8/AMUX                        RBB_6L        8  [TILE 0 0, RBB 4 14]       1362     r            3665     {inst62: spi_miso_en_INV_O_I_FDPE_Q (FDP,site=affo)}                                      
   spi_miso_en_INV_O_I[0]            Net          63            (fanout=2)        868                     -                                                                                               
   RBB_12/C5                         RBB_6L       12  [TILE 0 0, RBB 1 14]          -     r            4533                                                                                               
   RBB_12/CMUX                       RBB_6L       12  [TILE 0 0, RBB 1 14]        871     r            5404     {inst63: spi_miso_en_INV_O_I_LUT2_I0 (LUT,site=cluto)}                                    
   spi_miso_en_INV_O_I_LUT2_I0_O[2]  Net          65            (fanout=8)       1177                     -                                                                                               
   RBB_9/B4                          RBB_6L        9  [TILE 0 0, RBB 4 18]          -     r            6581     {inst55: spi_miso_LUT6_I0 (LUT,site=blut,bluto)} {inst54: spi_miso_FDCE_Q (FDC,site=bff)} 
   ---------------------------------------------------------------------------------------------------------------------------------------------------------------------------------------------------------
   RBB_9/CLK                         RBB_6L        9  [TILE 0 0, RBB 4 18]        722     r            7303                                                                                               
   clk_BUFG_I_O                      Clock net    53          (fanout=321)      -2446                     -                                                                                               
   clk                               CLOCK-PORT    -                     -    capture     r            4857                                                                                               
   ---------------------------------------------------------------------------------------------------------------------------------------------------------------------------------------------------------


Path 29:
   Slack (met):                             15027ps
     Path type:                               SETUP
     Group:                               <DEFAULT>
     Launching clock:                           clk (rising edge)
     Capturing clock:                           clk (rising edge)

     Requested period:                      20000ps
   + Delay of the capturing clock:           2303ps
   - Clock uncertainty:                       150ps
   = Required time:                         22153ps
   - Propagation time:                       4680ps (63.2% logic, 36.8% route, logic stage 2)
   - Delay of the launching clock:           2446ps
   = Slack:                                 15027ps

   Instance/Pin or Net Name           Type         ID    Location or Fanout   Delay(ps)  Edge  Arrival Time(ps)    Instance detail                                                                                                                                                 
   ----------------------------------------------------------------------------------------------------------------------------------------------------------------------------------------------------------------------------------------------------------------------------------
   clk                                CLOCK-PORT    -                     -     launch     r               0                                                                                                                                                                       
   clk_BUFG_I_O                       Clock net    53          (fanout=321)       2446                     -                                                                                                                                                                       
   RBB_9/CLK                          RBB_6L        9  [TILE 0 0, RBB 4 18]          -     r            2446                                                                                                                                                                       
   ----------------------------------------------------------------------------------------------------------------------------------------------------------------------------------------------------------------------------------------------------------------------------------
   RBB_9/DMUX                         RBB_6L        9  [TILE 0 0, RBB 4 18]       1333     r            3779     {inst70: w_sck_edge_LUT2_O_I1_FDCE_Q (FDC,site=dffo)}                                                                                                             
   w_sck_edge_LUT2_O_I1[1]            Net          78            (fanout=2)        830                     -                                                                                                                                                                       
   RBB_8/C3                           RBB_6L        8  [TILE 0 0, RBB 4 14]          -     r            4609                                                                                                                                                                       
   RBB_8/C                            RBB_6L        8  [TILE 0 0, RBB 4 14]        704     r            5313     {inst71: w_sck_edge_LUT2_O_I1_LUT2_I1 (LUT,site=clut)}                                                                                                            
   w_sck_edge_LUT2_O_I1_LUT2_I1_O[4]  Net          46            (fanout=9)        890                     -                                                                                                                                                                       
   RBB_10/C5                          RBB_6L       10  [TILE 0 0, RBB 4 16]          -     r            6203     {inst60: spi_miso_LUT6_I0_I2_FDCE_Q_1_D_LUT6_O_I2_FDCE_Q_D_LUT6_O (LUT,site=clut,cluto)} {inst59: spi_miso_LUT6_I0_I2_FDCE_Q_1_D_LUT6_O_I2_FDCE_Q (FDC,site=cff)} 
   ----------------------------------------------------------------------------------------------------------------------------------------------------------------------------------------------------------------------------------------------------------------------------------
   RBB_10/CLK                         RBB_6L       10  [TILE 0 0, RBB 4 16]        923     r            7126                                                                                                                                                                       
   clk_BUFG_I_O                       Clock net    53          (fanout=321)      -2303                     -                                                                                                                                                                       
   clk                                CLOCK-PORT    -                     -    capture     r            4823                                                                                                                                                                       
   ----------------------------------------------------------------------------------------------------------------------------------------------------------------------------------------------------------------------------------------------------------------------------------


Path 27:
   Slack (met):                             15027ps
     Path type:                               SETUP
     Group:                               <DEFAULT>
     Launching clock:                           clk (rising edge)
     Capturing clock:                           clk (rising edge)

     Requested period:                      20000ps
   + Delay of the capturing clock:           2303ps
   - Clock uncertainty:                       150ps
   = Required time:                         22153ps
   - Propagation time:                       4680ps (63.2% logic, 36.8% route, logic stage 2)
   - Delay of the launching clock:           2446ps
   = Slack:                                 15027ps

   Instance/Pin or Net Name           Type         ID    Location or Fanout   Delay(ps)  Edge  Arrival Time(ps)    Instance detail                                                                                                           
   --------------------------------------------------------------------------------------------------------------------------------------------------------------------------------------------------------------------------------------------
   clk                                CLOCK-PORT    -                     -     launch     r               0                                                                                                                                 
   clk_BUFG_I_O                       Clock net    53          (fanout=321)       2446                     -                                                                                                                                 
   RBB_9/CLK                          RBB_6L        9  [TILE 0 0, RBB 4 18]          -     r            2446                                                                                                                                 
   --------------------------------------------------------------------------------------------------------------------------------------------------------------------------------------------------------------------------------------------
   RBB_9/DMUX                         RBB_6L        9  [TILE 0 0, RBB 4 18]       1333     r            3779     {inst70: w_sck_edge_LUT2_O_I1_FDCE_Q (FDC,site=dffo)}                                                                       
   w_sck_edge_LUT2_O_I1[1]            Net          78            (fanout=2)        830                     -                                                                                                                                 
   RBB_8/C3                           RBB_6L        8  [TILE 0 0, RBB 4 14]          -     r            4609                                                                                                                                 
   RBB_8/C                            RBB_6L        8  [TILE 0 0, RBB 4 14]        704     r            5313     {inst71: w_sck_edge_LUT2_O_I1_LUT2_I1 (LUT,site=clut)}                                                                      
   w_sck_edge_LUT2_O_I1_LUT2_I1_O[4]  Net          46            (fanout=9)        890                     -                                                                                                                                 
   RBB_10/D5                          RBB_6L       10  [TILE 0 0, RBB 4 16]          -     r            6203     {inst58: spi_miso_LUT6_I0_I2_FDCE_Q_1_D_LUT6_O (LUT,site=dlut,dluto)} {inst57: spi_miso_LUT6_I0_I2_FDCE_Q_1 (FDC,site=dff)} 
   --------------------------------------------------------------------------------------------------------------------------------------------------------------------------------------------------------------------------------------------
   RBB_10/CLK                         RBB_6L       10  [TILE 0 0, RBB 4 16]        923     r            7126                                                                                                                                 
   clk_BUFG_I_O                       Clock net    53          (fanout=321)      -2303                     -                                                                                                                                 
   clk                                CLOCK-PORT    -                     -    capture     r            4823                                                                                                                                 
   --------------------------------------------------------------------------------------------------------------------------------------------------------------------------------------------------------------------------------------------


Path 17:
   Slack (met):                             15070ps
     Path type:                               SETUP
     Group:                               <DEFAULT>
     Launching clock:                           clk (rising edge)
     Capturing clock:                           clk (rising edge)

     Requested period:                      20000ps
   + Delay of the capturing clock:           2303ps
   - Clock uncertainty:                       150ps
   = Required time:                         22153ps
   - Propagation time:                       4780ps (64.5% logic, 35.5% route, logic stage 2)
   - Delay of the launching clock:           2303ps
   = Slack:                                 15070ps

   Instance/Pin or Net Name          Type         ID    Location or Fanout   Delay(ps)  Edge  Arrival Time(ps)    Instance detail                                                                                                                     
   -----------------------------------------------------------------------------------------------------------------------------------------------------------------------------------------------------------------------------------------------------
   clk                               CLOCK-PORT    -                     -     launch     r               0                                                                                                                                           
   clk_BUFG_I_O                      Clock net    53          (fanout=321)       2303                     -                                                                                                                                           
   RBB_8/CLK                         RBB_6L        8  [TILE 0 0, RBB 4 14]          -     r            2303                                                                                                                                           
   -----------------------------------------------------------------------------------------------------------------------------------------------------------------------------------------------------------------------------------------------------
   RBB_8/AMUX                        RBB_6L        8  [TILE 0 0, RBB 4 14]       1362     r            3665     {inst62: spi_miso_en_INV_O_I_FDPE_Q (FDP,site=affo)}                                                                                  
   spi_miso_en_INV_O_I[0]            Net          63            (fanout=2)        868                     -                                                                                                                                           
   RBB_12/C5                         RBB_6L       12  [TILE 0 0, RBB 1 14]          -     r            4533                                                                                                                                           
   RBB_12/CMUX                       RBB_6L       12  [TILE 0 0, RBB 1 14]        871     r            5404     {inst63: spi_miso_en_INV_O_I_LUT2_I0 (LUT,site=cluto)}                                                                                
   spi_miso_en_INV_O_I_LUT2_I0_O[2]  Net          65            (fanout=8)        830                     -                                                                                                                                           
   RBB_8/D5                          RBB_6L        8  [TILE 0 0, RBB 4 14]          -     r            6234     {inst37: rx_valid_pulse_FDCE_CE_1_Q_FDCE_Q_D_LUT6_O (LUT,site=dlut,dluto)} {inst36: rx_valid_pulse_FDCE_CE_1_Q_FDCE_Q (FDC,site=dff)} 
   -----------------------------------------------------------------------------------------------------------------------------------------------------------------------------------------------------------------------------------------------------
   RBB_8/CLK                         RBB_6L        8  [TILE 0 0, RBB 4 14]        849     r            7083                                                                                                                                           
   clk_BUFG_I_O                      Clock net    53          (fanout=321)      -2303                     -                                                                                                                                           
   clk                               CLOCK-PORT    -                     -    capture     r            4780                                                                                                                                           
   -----------------------------------------------------------------------------------------------------------------------------------------------------------------------------------------------------------------------------------------------------


Path 33:
   Slack (met):                             15094ps
     Path type:                               SETUP
     Group:                               <DEFAULT>
     Launching clock:                           clk (rising edge)
     Capturing clock:                           clk (rising edge)

     Requested period:                      20000ps
   + Delay of the capturing clock:           2303ps
   - Clock uncertainty:                       150ps
   = Required time:                         22153ps
   - Propagation time:                       4613ps (62.7% logic, 37.3% route, logic stage 2)
   - Delay of the launching clock:           2446ps
   = Slack:                                 15094ps

   Instance/Pin or Net Name           Type         ID    Location or Fanout   Delay(ps)  Edge  Arrival Time(ps)    Instance detail                                                                                                                               
   ----------------------------------------------------------------------------------------------------------------------------------------------------------------------------------------------------------------------------------------------------------------
   clk                                CLOCK-PORT    -                     -     launch     r               0                                                                                                                                                     
   clk_BUFG_I_O                       Clock net    53          (fanout=321)       2446                     -                                                                                                                                                     
   RBB_9/CLK                          RBB_6L        9  [TILE 0 0, RBB 4 18]          -     r            2446                                                                                                                                                     
   ----------------------------------------------------------------------------------------------------------------------------------------------------------------------------------------------------------------------------------------------------------------
   RBB_9/DMUX                         RBB_6L        9  [TILE 0 0, RBB 4 18]       1333     r            3779     {inst70: w_sck_edge_LUT2_O_I1_FDCE_Q (FDC,site=dffo)}                                                                                           
   w_sck_edge_LUT2_O_I1[1]            Net          78            (fanout=2)        830                     -                                                                                                                                                     
   RBB_8/C3                           RBB_6L        8  [TILE 0 0, RBB 4 14]          -     r            4609                                                                                                                                                     
   RBB_8/C                            RBB_6L        8  [TILE 0 0, RBB 4 14]        704     r            5313     {inst71: w_sck_edge_LUT2_O_I1_LUT2_I1 (LUT,site=clut)}                                                                                          
   w_sck_edge_LUT2_O_I1_LUT2_I1_O[4]  Net          46            (fanout=9)        890                     -                                                                                                                                                     
   RBB_10/B5                          RBB_6L       10  [TILE 0 0, RBB 4 16]          -     r            6203     {inst66: spi_miso_en_INV_O_I_LUT2_I0_O_FDCE_Q_1_D_LUT6_O (LUT,site=blut,bluto)} {inst65: spi_miso_en_INV_O_I_LUT2_I0_O_FDCE_Q_1 (FDC,site=bff)} 
   ----------------------------------------------------------------------------------------------------------------------------------------------------------------------------------------------------------------------------------------------------------------
   RBB_10/CLK                         RBB_6L       10  [TILE 0 0, RBB 4 16]        856     r            7059                                                                                                                                                     
   clk_BUFG_I_O                       Clock net    53          (fanout=321)      -2303                     -                                                                                                                                                     
   clk                                CLOCK-PORT    -                     -    capture     r            4756                                                                                                                                                     
   ----------------------------------------------------------------------------------------------------------------------------------------------------------------------------------------------------------------------------------------------------------------


Path 35:
   Slack (met):                             15157ps
     Path type:                               SETUP
     Group:                               <DEFAULT>
     Launching clock:                           clk (rising edge)
     Capturing clock:                           clk (rising edge)

     Requested period:                      20000ps
   + Delay of the capturing clock:           2440ps
   - Clock uncertainty:                       150ps
   = Required time:                         22290ps
   - Propagation time:                       4687ps (60.8% logic, 39.2% route, logic stage 2)
   - Delay of the launching clock:           2446ps
   = Slack:                                 15157ps

   Instance/Pin or Net Name   Type         ID    Location or Fanout   Delay(ps)  Edge  Arrival Time(ps)    Instance detail                                     
   --------------------------------------------------------------------------------------------------------------------------------------------------------------
   clk                        CLOCK-PORT    -                     -     launch     r               0                                                           
   clk_BUFG_I_O               Clock net    53          (fanout=321)       2446                     -                                                           
   RBB_9/CLK                  RBB_6L        9  [TILE 0 0, RBB 4 18]          -     r            2446                                                           
   --------------------------------------------------------------------------------------------------------------------------------------------------------------
   RBB_9/DMUX                 RBB_6L        9  [TILE 0 0, RBB 4 18]       1333     r            3779     {inst70: w_sck_edge_LUT2_O_I1_FDCE_Q (FDC,site=dffo)} 
   w_sck_edge_LUT2_O_I1[1]    Net          78            (fanout=2)       1151                     -                                                           
   RBB_12/C2                  RBB_6L       12  [TILE 0 0, RBB 1 14]          -     r            4930                                                           
   RBB_12/C                   RBB_6L       12  [TILE 0 0, RBB 1 14]        711     r            5641     {inst69: w_sck_edge_LUT2_O (LUT,site=clut)}           
   w_sck_edge                 Net           2            (fanout=6)        688                     -                                                           
   RBB_13/A6                  RBB_6L       13  [TILE 0 0, RBB 1 12]          -     r            6329     {<CE>inst31: rx_data_wire_FDCE_Q_5 (FDCE,site=cff)}   
   --------------------------------------------------------------------------------------------------------------------------------------------------------------
   RBB_13/CLK                 RBB_6L       13  [TILE 0 0, RBB 1 12]        804     r            7133                                                           
   clk_BUFG_I_O               Clock net    53          (fanout=321)      -2440                     -                                                           
   clk                        CLOCK-PORT    -                     -    capture     r            4693                                                           
   --------------------------------------------------------------------------------------------------------------------------------------------------------------


Path 36:
   Slack (met):                             15157ps
     Path type:                               SETUP
     Group:                               <DEFAULT>
     Launching clock:                           clk (rising edge)
     Capturing clock:                           clk (rising edge)

     Requested period:                      20000ps
   + Delay of the capturing clock:           2440ps
   - Clock uncertainty:                       150ps
   = Required time:                         22290ps
   - Propagation time:                       4687ps (60.8% logic, 39.2% route, logic stage 2)
   - Delay of the launching clock:           2446ps
   = Slack:                                 15157ps

   Instance/Pin or Net Name   Type         ID    Location or Fanout   Delay(ps)  Edge  Arrival Time(ps)    Instance detail                                     
   --------------------------------------------------------------------------------------------------------------------------------------------------------------
   clk                        CLOCK-PORT    -                     -     launch     r               0                                                           
   clk_BUFG_I_O               Clock net    53          (fanout=321)       2446                     -                                                           
   RBB_9/CLK                  RBB_6L        9  [TILE 0 0, RBB 4 18]          -     r            2446                                                           
   --------------------------------------------------------------------------------------------------------------------------------------------------------------
   RBB_9/DMUX                 RBB_6L        9  [TILE 0 0, RBB 4 18]       1333     r            3779     {inst70: w_sck_edge_LUT2_O_I1_FDCE_Q (FDC,site=dffo)} 
   w_sck_edge_LUT2_O_I1[1]    Net          78            (fanout=2)       1151                     -                                                           
   RBB_12/C2                  RBB_6L       12  [TILE 0 0, RBB 1 14]          -     r            4930                                                           
   RBB_12/C                   RBB_6L       12  [TILE 0 0, RBB 1 14]        711     r            5641     {inst69: w_sck_edge_LUT2_O (LUT,site=clut)}           
   w_sck_edge                 Net           2            (fanout=6)        688                     -                                                           
   RBB_13/A6                  RBB_6L       13  [TILE 0 0, RBB 1 12]          -     r            6329     {<CE>inst30: rx_data_wire_FDCE_Q_4 (FDCE,site=dff)}   
   --------------------------------------------------------------------------------------------------------------------------------------------------------------
   RBB_13/CLK                 RBB_6L       13  [TILE 0 0, RBB 1 12]        804     r            7133                                                           
   clk_BUFG_I_O               Clock net    53          (fanout=321)      -2440                     -                                                           
   clk                        CLOCK-PORT    -                     -    capture     r            4693                                                           
   --------------------------------------------------------------------------------------------------------------------------------------------------------------


Path 34:
   Slack (met):                             15157ps
     Path type:                               SETUP
     Group:                               <DEFAULT>
     Launching clock:                           clk (rising edge)
     Capturing clock:                           clk (rising edge)

     Requested period:                      20000ps
   + Delay of the capturing clock:           2440ps
   - Clock uncertainty:                       150ps
   = Required time:                         22290ps
   - Propagation time:                       4687ps (60.8% logic, 39.2% route, logic stage 2)
   - Delay of the launching clock:           2446ps
   = Slack:                                 15157ps

   Instance/Pin or Net Name   Type         ID    Location or Fanout   Delay(ps)  Edge  Arrival Time(ps)    Instance detail                                     
   --------------------------------------------------------------------------------------------------------------------------------------------------------------
   clk                        CLOCK-PORT    -                     -     launch     r               0                                                           
   clk_BUFG_I_O               Clock net    53          (fanout=321)       2446                     -                                                           
   RBB_9/CLK                  RBB_6L        9  [TILE 0 0, RBB 4 18]          -     r            2446                                                           
   --------------------------------------------------------------------------------------------------------------------------------------------------------------
   RBB_9/DMUX                 RBB_6L        9  [TILE 0 0, RBB 4 18]       1333     r            3779     {inst70: w_sck_edge_LUT2_O_I1_FDCE_Q (FDC,site=dffo)} 
   w_sck_edge_LUT2_O_I1[1]    Net          78            (fanout=2)       1151                     -                                                           
   RBB_12/C2                  RBB_6L       12  [TILE 0 0, RBB 1 14]          -     r            4930                                                           
   RBB_12/C                   RBB_6L       12  [TILE 0 0, RBB 1 14]        711     r            5641     {inst69: w_sck_edge_LUT2_O (LUT,site=clut)}           
   w_sck_edge                 Net           2            (fanout=6)        688                     -                                                           
   RBB_13/A6                  RBB_6L       13  [TILE 0 0, RBB 1 12]          -     r            6329     {<CE>inst33: rx_data_wire_FDCE_Q_7 (FDCE,site=cffo)}  
   --------------------------------------------------------------------------------------------------------------------------------------------------------------
   RBB_13/CLK                 RBB_6L       13  [TILE 0 0, RBB 1 12]        804     r            7133                                                           
   clk_BUFG_I_O               Clock net    53          (fanout=321)      -2440                     -                                                           
   clk                        CLOCK-PORT    -                     -    capture     r            4693                                                           
   --------------------------------------------------------------------------------------------------------------------------------------------------------------


Path 42:
   Slack (met):                             15222ps
     Path type:                               SETUP
     Group:                               <DEFAULT>
     Launching clock:                           clk (rising edge)
     Capturing clock:                           clk (rising edge)

     Requested period:                      20000ps
   + Delay of the capturing clock:           2440ps
   - Clock uncertainty:                       150ps
   = Required time:                         22290ps
   - Propagation time:                       4622ps (62.8% logic, 37.2% route, logic stage 2)
   - Delay of the launching clock:           2446ps
   = Slack:                                 15222ps

   Instance/Pin or Net Name   Type         ID    Location or Fanout   Delay(ps)  Edge  Arrival Time(ps)    Instance detail                                                                                                                                  
   -----------------------------------------------------------------------------------------------------------------------------------------------------------------------------------------------------------------------------------------------------------
   clk                        CLOCK-PORT    -                     -     launch     r               0                                                                                                                                                        
   clk_BUFG_I_O               Clock net    53          (fanout=321)       2446                     -                                                                                                                                                        
   RBB_9/CLK                  RBB_6L        9  [TILE 0 0, RBB 4 18]          -     r            2446                                                                                                                                                        
   -----------------------------------------------------------------------------------------------------------------------------------------------------------------------------------------------------------------------------------------------------------
   RBB_9/DMUX                 RBB_6L        9  [TILE 0 0, RBB 4 18]       1333     r            3779     {inst70: w_sck_edge_LUT2_O_I1_FDCE_Q (FDC,site=dffo)}                                                                                              
   w_sck_edge_LUT2_O_I1[1]    Net          78            (fanout=2)       1151                     -                                                                                                                                                        
   RBB_12/C2                  RBB_6L       12  [TILE 0 0, RBB 1 14]          -     r            4930                                                                                                                                                        
   RBB_12/C                   RBB_6L       12  [TILE 0 0, RBB 1 14]        711     r            5641     {inst69: w_sck_edge_LUT2_O (LUT,site=clut)}                                                                                                        
   w_sck_edge                 Net           2            (fanout=6)        568                     -                                                                                                                                                        
   RBB_12/D2                  RBB_6L       12  [TILE 0 0, RBB 1 14]          -     r            6209     {inst51: rx_valid_pulse_FDCE_Q_D_LUT5_O_I3_CARRY4_CO_O_2_LUT4_I3 (LUT,site=dlut)} {inst74: w_sck_edge_LUT2_O_I1_LUT2_I1_O_FDCE_Q_2 (FDC,site=dff)} 
   -----------------------------------------------------------------------------------------------------------------------------------------------------------------------------------------------------------------------------------------------------------
   RBB_12/CLK                 RBB_6L       12  [TILE 0 0, RBB 1 14]        859     r            7068                                                                                                                                                        
   clk_BUFG_I_O               Clock net    53          (fanout=321)      -2440                     -                                                                                                                                                        
   clk                        CLOCK-PORT    -                     -    capture     r            4628                                                                                                                                                        
   -----------------------------------------------------------------------------------------------------------------------------------------------------------------------------------------------------------------------------------------------------------


Path 30:
   Slack (met):                             15265ps
     Path type:                               SETUP
     Group:                               <DEFAULT>
     Launching clock:                           clk (rising edge)
     Capturing clock:                           clk (rising edge)

     Requested period:                      20000ps
   + Delay of the capturing clock:           2446ps
   - Clock uncertainty:                       150ps
   = Required time:                         22296ps
   - Propagation time:                       4585ps (64.6% logic, 35.4% route, logic stage 2)
   - Delay of the launching clock:           2446ps
   = Slack:                                 15265ps

   Instance/Pin or Net Name           Type         ID    Location or Fanout   Delay(ps)  Edge  Arrival Time(ps)    Instance detail                                                                                                                     
   ------------------------------------------------------------------------------------------------------------------------------------------------------------------------------------------------------------------------------------------------------
   clk                                CLOCK-PORT    -                     -     launch     r               0                                                                                                                                           
   clk_BUFG_I_O                       Clock net    53          (fanout=321)       2446                     -                                                                                                                                           
   RBB_9/CLK                          RBB_6L        9  [TILE 0 0, RBB 4 18]          -     r            2446                                                                                                                                           
   ------------------------------------------------------------------------------------------------------------------------------------------------------------------------------------------------------------------------------------------------------
   RBB_9/DMUX                         RBB_6L        9  [TILE 0 0, RBB 4 18]       1333     r            3779     {inst70: w_sck_edge_LUT2_O_I1_FDCE_Q (FDC,site=dffo)}                                                                                 
   w_sck_edge_LUT2_O_I1[1]            Net          78            (fanout=2)        830                     -                                                                                                                                           
   RBB_8/C3                           RBB_6L        8  [TILE 0 0, RBB 4 14]          -     r            4609                                                                                                                                           
   RBB_8/C                            RBB_6L        8  [TILE 0 0, RBB 4 14]        704     r            5313     {inst71: w_sck_edge_LUT2_O_I1_LUT2_I1 (LUT,site=clut)}                                                                                
   w_sck_edge_LUT2_O_I1_LUT2_I1_O[4]  Net          46            (fanout=9)        795                     -                                                                                                                                           
   RBB_9/C5                           RBB_6L        9  [TILE 0 0, RBB 4 18]          -     r            6108     {inst43: rx_valid_pulse_FDCE_CE_3_Q_FDCE_Q_D_LUT6_O (LUT,site=clut,cluto)} {inst42: rx_valid_pulse_FDCE_CE_3_Q_FDCE_Q (FDC,site=cff)} 
   ------------------------------------------------------------------------------------------------------------------------------------------------------------------------------------------------------------------------------------------------------
   RBB_9/CLK                          RBB_6L        9  [TILE 0 0, RBB 4 18]        923     r            7031                                                                                                                                           
   clk_BUFG_I_O                       Clock net    53          (fanout=321)      -2446                     -                                                                                                                                           
   clk                                CLOCK-PORT    -                     -    capture     r            4585                                                                                                                                           
   ------------------------------------------------------------------------------------------------------------------------------------------------------------------------------------------------------------------------------------------------------


Path 26:
   Slack (met):                             15265ps
     Path type:                               SETUP
     Group:                               <DEFAULT>
     Launching clock:                           clk (rising edge)
     Capturing clock:                           clk (rising edge)

     Requested period:                      20000ps
   + Delay of the capturing clock:           2446ps
   - Clock uncertainty:                       150ps
   = Required time:                         22296ps
   - Propagation time:                       4585ps (64.6% logic, 35.4% route, logic stage 2)
   - Delay of the launching clock:           2446ps
   = Slack:                                 15265ps

   Instance/Pin or Net Name           Type         ID    Location or Fanout   Delay(ps)  Edge  Arrival Time(ps)    Instance detail                                                                                                                     
   ------------------------------------------------------------------------------------------------------------------------------------------------------------------------------------------------------------------------------------------------------
   clk                                CLOCK-PORT    -                     -     launch     r               0                                                                                                                                           
   clk_BUFG_I_O                       Clock net    53          (fanout=321)       2446                     -                                                                                                                                           
   RBB_9/CLK                          RBB_6L        9  [TILE 0 0, RBB 4 18]          -     r            2446                                                                                                                                           
   ------------------------------------------------------------------------------------------------------------------------------------------------------------------------------------------------------------------------------------------------------
   RBB_9/DMUX                         RBB_6L        9  [TILE 0 0, RBB 4 18]       1333     r            3779     {inst70: w_sck_edge_LUT2_O_I1_FDCE_Q (FDC,site=dffo)}                                                                                 
   w_sck_edge_LUT2_O_I1[1]            Net          78            (fanout=2)        830                     -                                                                                                                                           
   RBB_8/C3                           RBB_6L        8  [TILE 0 0, RBB 4 14]          -     r            4609                                                                                                                                           
   RBB_8/C                            RBB_6L        8  [TILE 0 0, RBB 4 14]        704     r            5313     {inst71: w_sck_edge_LUT2_O_I1_LUT2_I1 (LUT,site=clut)}                                                                                
   w_sck_edge_LUT2_O_I1_LUT2_I1_O[4]  Net          46            (fanout=9)        795                     -                                                                                                                                           
   RBB_9/D5                           RBB_6L        9  [TILE 0 0, RBB 4 18]          -     r            6108     {inst40: rx_valid_pulse_FDCE_CE_2_Q_FDCE_Q_D_LUT6_O (LUT,site=dlut,dluto)} {inst39: rx_valid_pulse_FDCE_CE_2_Q_FDCE_Q (FDC,site=dff)} 
   ------------------------------------------------------------------------------------------------------------------------------------------------------------------------------------------------------------------------------------------------------
   RBB_9/CLK                          RBB_6L        9  [TILE 0 0, RBB 4 18]        923     r            7031                                                                                                                                           
   clk_BUFG_I_O                       Clock net    53          (fanout=321)      -2446                     -                                                                                                                                           
   clk                                CLOCK-PORT    -                     -    capture     r            4585                                                                                                                                           
   ------------------------------------------------------------------------------------------------------------------------------------------------------------------------------------------------------------------------------------------------------


Path 31:
   Slack (met):                             15323ps
     Path type:                               SETUP
     Group:                               <DEFAULT>
     Launching clock:                           clk (rising edge)
     Capturing clock:                           clk (rising edge)

     Requested period:                      20000ps
   + Delay of the capturing clock:           2446ps
   - Clock uncertainty:                       150ps
   = Required time:                         22296ps
   - Propagation time:                       4527ps (64.1% logic, 35.9% route, logic stage 2)
   - Delay of the launching clock:           2446ps
   = Slack:                                 15323ps

   Instance/Pin or Net Name           Type         ID    Location or Fanout   Delay(ps)  Edge  Arrival Time(ps)    Instance detail                                                                                                                               
   ----------------------------------------------------------------------------------------------------------------------------------------------------------------------------------------------------------------------------------------------------------------
   clk                                CLOCK-PORT    -                     -     launch     r               0                                                                                                                                                     
   clk_BUFG_I_O                       Clock net    53          (fanout=321)       2446                     -                                                                                                                                                     
   RBB_9/CLK                          RBB_6L        9  [TILE 0 0, RBB 4 18]          -     r            2446                                                                                                                                                     
   ----------------------------------------------------------------------------------------------------------------------------------------------------------------------------------------------------------------------------------------------------------------
   RBB_9/DMUX                         RBB_6L        9  [TILE 0 0, RBB 4 18]       1333     r            3779     {inst70: w_sck_edge_LUT2_O_I1_FDCE_Q (FDC,site=dffo)}                                                                                           
   w_sck_edge_LUT2_O_I1[1]            Net          78            (fanout=2)        830                     -                                                                                                                                                     
   RBB_8/C3                           RBB_6L        8  [TILE 0 0, RBB 4 14]          -     r            4609                                                                                                                                                     
   RBB_8/C                            RBB_6L        8  [TILE 0 0, RBB 4 14]        704     r            5313     {inst71: w_sck_edge_LUT2_O_I1_LUT2_I1 (LUT,site=clut)}                                                                                          
   w_sck_edge_LUT2_O_I1_LUT2_I1_O[4]  Net          46            (fanout=9)        795                     -                                                                                                                                                     
   RBB_9/A5                           RBB_6L        9  [TILE 0 0, RBB 4 18]          -     r            6108     {inst46: rx_valid_pulse_FDCE_CE_5_Q_LUT5_I2 (LUT,site=alut)} {inst67: spi_miso_en_INV_O_I_LUT2_I0_O_FDCE_Q_1_D_LUT6_O_I2_FDCE_Q (FDC,site=aff)} 
   ----------------------------------------------------------------------------------------------------------------------------------------------------------------------------------------------------------------------------------------------------------------
   RBB_9/CLK                          RBB_6L        9  [TILE 0 0, RBB 4 18]        865     r            6973                                                                                                                                                     
   clk_BUFG_I_O                       Clock net    53          (fanout=321)      -2446                     -                                                                                                                                                     
   clk                                CLOCK-PORT    -                     -    capture     r            4527                                                                                                                                                     
   ----------------------------------------------------------------------------------------------------------------------------------------------------------------------------------------------------------------------------------------------------------------


Path 32:
   Slack (met):                             15332ps
     Path type:                               SETUP
     Group:                               <DEFAULT>
     Launching clock:                           clk (rising edge)
     Capturing clock:                           clk (rising edge)

     Requested period:                      20000ps
   + Delay of the capturing clock:           2446ps
   - Clock uncertainty:                       150ps
   = Required time:                         22296ps
   - Propagation time:                       4518ps (64.0% logic, 36.0% route, logic stage 2)
   - Delay of the launching clock:           2446ps
   = Slack:                                 15332ps

   Instance/Pin or Net Name           Type         ID    Location or Fanout   Delay(ps)  Edge  Arrival Time(ps)    Instance detail                                                                         
   ----------------------------------------------------------------------------------------------------------------------------------------------------------------------------------------------------------
   clk                                CLOCK-PORT    -                     -     launch     r               0                                                                                               
   clk_BUFG_I_O                       Clock net    53          (fanout=321)       2446                     -                                                                                               
   RBB_9/CLK                          RBB_6L        9  [TILE 0 0, RBB 4 18]          -     r            2446                                                                                               
   ----------------------------------------------------------------------------------------------------------------------------------------------------------------------------------------------------------
   RBB_9/DMUX                         RBB_6L        9  [TILE 0 0, RBB 4 18]       1333     r            3779     {inst70: w_sck_edge_LUT2_O_I1_FDCE_Q (FDC,site=dffo)}                                     
   w_sck_edge_LUT2_O_I1[1]            Net          78            (fanout=2)        830                     -                                                                                               
   RBB_8/C3                           RBB_6L        8  [TILE 0 0, RBB 4 14]          -     r            4609                                                                                               
   RBB_8/C                            RBB_6L        8  [TILE 0 0, RBB 4 14]        704     r            5313     {inst71: w_sck_edge_LUT2_O_I1_LUT2_I1 (LUT,site=clut)}                                    
   w_sck_edge_LUT2_O_I1_LUT2_I1_O[4]  Net          46            (fanout=9)        795                     -                                                                                               
   RBB_9/B5                           RBB_6L        9  [TILE 0 0, RBB 4 18]          -     r            6108     {inst55: spi_miso_LUT6_I0 (LUT,site=blut,bluto)} {inst54: spi_miso_FDCE_Q (FDC,site=bff)} 
   ----------------------------------------------------------------------------------------------------------------------------------------------------------------------------------------------------------
   RBB_9/CLK                          RBB_6L        9  [TILE 0 0, RBB 4 18]        856     r            6964                                                                                               
   clk_BUFG_I_O                       Clock net    53          (fanout=321)      -2446                     -                                                                                               
   clk                                CLOCK-PORT    -                     -    capture     r            4518                                                                                               
   ----------------------------------------------------------------------------------------------------------------------------------------------------------------------------------------------------------


Path 43:
   Slack (met):                             15357ps
     Path type:                               SETUP
     Group:                               <DEFAULT>
     Launching clock:                           clk (rising edge)
     Capturing clock:                           clk (rising edge)

     Requested period:                      20000ps
   + Delay of the capturing clock:           2303ps
   - Clock uncertainty:                       150ps
   = Required time:                         22153ps
   - Propagation time:                       4350ps (66.6% logic, 33.4% route, logic stage 2)
   - Delay of the launching clock:           2446ps
   = Slack:                                 15357ps

   Instance/Pin or Net Name           Type         ID    Location or Fanout   Delay(ps)  Edge  Arrival Time(ps)    Instance detail                                                                                                                     
   ------------------------------------------------------------------------------------------------------------------------------------------------------------------------------------------------------------------------------------------------------
   clk                                CLOCK-PORT    -                     -     launch     r               0                                                                                                                                           
   clk_BUFG_I_O                       Clock net    53          (fanout=321)       2446                     -                                                                                                                                           
   RBB_9/CLK                          RBB_6L        9  [TILE 0 0, RBB 4 18]          -     r            2446                                                                                                                                           
   ------------------------------------------------------------------------------------------------------------------------------------------------------------------------------------------------------------------------------------------------------
   RBB_9/DMUX                         RBB_6L        9  [TILE 0 0, RBB 4 18]       1333     r            3779     {inst70: w_sck_edge_LUT2_O_I1_FDCE_Q (FDC,site=dffo)}                                                                                 
   w_sck_edge_LUT2_O_I1[1]            Net          78            (fanout=2)        830                     -                                                                                                                                           
   RBB_8/C3                           RBB_6L        8  [TILE 0 0, RBB 4 14]          -     r            4609                                                                                                                                           
   RBB_8/C                            RBB_6L        8  [TILE 0 0, RBB 4 14]        704     r            5313     {inst71: w_sck_edge_LUT2_O_I1_LUT2_I1 (LUT,site=clut)}                                                                                
   w_sck_edge_LUT2_O_I1_LUT2_I1_O[4]  Net          46            (fanout=9)        622                     -                                                                                                                                           
   RBB_8/D2                           RBB_6L        8  [TILE 0 0, RBB 4 14]          -     r            5935     {inst37: rx_valid_pulse_FDCE_CE_1_Q_FDCE_Q_D_LUT6_O (LUT,site=dlut,dluto)} {inst36: rx_valid_pulse_FDCE_CE_1_Q_FDCE_Q (FDC,site=dff)} 
   ------------------------------------------------------------------------------------------------------------------------------------------------------------------------------------------------------------------------------------------------------
   RBB_8/CLK                          RBB_6L        8  [TILE 0 0, RBB 4 14]        861     r            6796                                                                                                                                           
   clk_BUFG_I_O                       Clock net    53          (fanout=321)      -2303                     -                                                                                                                                           
   clk                                CLOCK-PORT    -                     -    capture     r            4493                                                                                                                                           
   ------------------------------------------------------------------------------------------------------------------------------------------------------------------------------------------------------------------------------------------------------


Path 41:
   Slack (met):                             15496ps
     Path type:                               SETUP
     Group:                               <DEFAULT>
     Launching clock:                           clk (rising edge)
     Capturing clock:                           clk (rising edge)

     Requested period:                      20000ps
   + Delay of the capturing clock:           2440ps
   - Clock uncertainty:                       150ps
   = Required time:                         22290ps
   - Propagation time:                       4348ps (57.7% logic, 42.3% route, logic stage 2)
   - Delay of the launching clock:           2446ps
   = Slack:                                 15496ps

   Instance/Pin or Net Name   Type         ID    Location or Fanout   Delay(ps)  Edge  Arrival Time(ps)    Instance detail                                     
   --------------------------------------------------------------------------------------------------------------------------------------------------------------
   clk                        CLOCK-PORT    -                     -     launch     r               0                                                           
   clk_BUFG_I_O               Clock net    53          (fanout=321)       2446                     -                                                           
   RBB_9/CLK                  RBB_6L        9  [TILE 0 0, RBB 4 18]          -     r            2446                                                           
   --------------------------------------------------------------------------------------------------------------------------------------------------------------
   RBB_9/DMUX                 RBB_6L        9  [TILE 0 0, RBB 4 18]       1333     r            3779     {inst70: w_sck_edge_LUT2_O_I1_FDCE_Q (FDC,site=dffo)} 
   w_sck_edge_LUT2_O_I1[1]    Net          78            (fanout=2)       1151                     -                                                           
   RBB_12/C2                  RBB_6L       12  [TILE 0 0, RBB 1 14]          -     r            4930                                                           
   RBB_12/C                   RBB_6L       12  [TILE 0 0, RBB 1 14]        711     r            5641     {inst69: w_sck_edge_LUT2_O (LUT,site=clut)}           
   w_sck_edge                 Net           2            (fanout=6)        688                     -                                                           
   RBB_13/A6                  RBB_6L       13  [TILE 0 0, RBB 1 12]          -     r            6329     {<CE>inst32: rx_data_wire_FDCE_Q_6 (FDCE,site=dffo)}  
   --------------------------------------------------------------------------------------------------------------------------------------------------------------
   RBB_13/CLK                 RBB_6L       13  [TILE 0 0, RBB 1 12]        465     r            6794                                                           
   clk_BUFG_I_O               Clock net    53          (fanout=321)      -2440                     -                                                           
   clk                        CLOCK-PORT    -                     -    capture     r            4354                                                           
   --------------------------------------------------------------------------------------------------------------------------------------------------------------


Path 58:
   Slack (met):                             16394ps
     Path type:                               SETUP
     Group:                               <DEFAULT>
     Launching clock:                           clk (rising edge)
     Capturing clock:                           clk (rising edge)

     Requested period:                      20000ps
   + Delay of the capturing clock:           2302ps
   - Clock uncertainty:                       150ps
   = Required time:                         22152ps
   - Propagation time:                       3318ps (56.7% logic, 43.3% route, logic stage 1)
   - Delay of the launching clock:           2440ps
   = Slack:                                 16394ps

   Instance/Pin or Net Name   Type         ID    Location or Fanout   Delay(ps)  Edge  Arrival Time(ps)    Instance detail                                                                                               
   ------------------------------------------------------------------------------------------------------------------------------------------------------------------------------------------------------------------------
   clk                        CLOCK-PORT    -                     -     launch     r               0                                                                                                                     
   clk_BUFG_I_O               Clock net    53          (fanout=321)       2440                     -                                                                                                                     
   RBB_13/CLK                 RBB_6L       13  [TILE 0 0, RBB 1 12]          -     r            2440                                                                                                                     
   ------------------------------------------------------------------------------------------------------------------------------------------------------------------------------------------------------------------------
   RBB_13/DQ                  RBB_6L       13  [TILE 0 0, RBB 1 12]        800     r            3240     {inst30: rx_data_wire_FDCE_Q_4 (FDCE,site=dff)}                                                                 
   led_FDCE_Q_D_LUT4_O_I2[1]  Net          59            (fanout=3)       1437                     -                                                                                                                     
   RBB_14/C1                  RBB_6L       14  [TILE 0 0, RBB 4 12]          -     r            4677     {inst98: rx_valid_pulse_FDCE_CE_3_buf98_i (LUT,site=cluto)} {inst41: rx_valid_pulse_FDCE_CE_3 (FDCE,site=cffo)} 
   ------------------------------------------------------------------------------------------------------------------------------------------------------------------------------------------------------------------------
   RBB_14/CLK                 RBB_6L       14  [TILE 0 0, RBB 4 12]       1081     r            5758                                                                                                                     
   clk_BUFG_I_O               Clock net    53          (fanout=321)      -2302                     -                                                                                                                     
   clk                        CLOCK-PORT    -                     -    capture     r            3456                                                                                                                     
   ------------------------------------------------------------------------------------------------------------------------------------------------------------------------------------------------------------------------


Path 63:
   Slack (met):                             16429ps
     Path type:                               SETUP
     Group:                               <DEFAULT>
     Launching clock:                           clk (rising edge)
     Capturing clock:                           clk (rising edge)

     Requested period:                      20000ps
   + Delay of the capturing clock:           2302ps
   - Clock uncertainty:                       150ps
   = Required time:                         22152ps
   - Propagation time:                       3435ps (58.3% logic, 41.7% route, logic stage 1)
   - Delay of the launching clock:           2288ps
   = Slack:                                 16429ps

   Instance/Pin or Net Name   Type         ID    Location or Fanout   Delay(ps)  Edge  Arrival Time(ps)    Instance detail                                                                                               
   ------------------------------------------------------------------------------------------------------------------------------------------------------------------------------------------------------------------------
   clk                        CLOCK-PORT    -                     -     launch     r               0                                                                                                                     
   clk_BUFG_I_O               Clock net    53          (fanout=321)       2288                     -                                                                                                                     
   RBB_11/CLK                 RBB_6L       11  [TILE 0 0, RBB 4 10]          -     r            2288                                                                                                                     
   ------------------------------------------------------------------------------------------------------------------------------------------------------------------------------------------------------------------------
   RBB_11/CQ                  RBB_6L       11  [TILE 0 0, RBB 4 10]        800     r            3088     {inst29: rx_data_wire_FDCE_Q_3 (FDCE,site=cff)}                                                                 
   rx_data_wire[4]            Net          14            (fanout=4)       1432                     -                                                                                                                     
   RBB_14/D1                  RBB_6L       14  [TILE 0 0, RBB 4 12]          -     r            4520     {inst97: rx_valid_pulse_FDCE_CE_2_buf97_i (LUT,site=dluto)} {inst38: rx_valid_pulse_FDCE_CE_2 (FDCE,site=dffo)} 
   ------------------------------------------------------------------------------------------------------------------------------------------------------------------------------------------------------------------------
   RBB_14/CLK                 RBB_6L       14  [TILE 0 0, RBB 4 12]       1203     r            5723                                                                                                                     
   clk_BUFG_I_O               Clock net    53          (fanout=321)      -2302                     -                                                                                                                     
   clk                        CLOCK-PORT    -                     -    capture     r            3421                                                                                                                     
   ------------------------------------------------------------------------------------------------------------------------------------------------------------------------------------------------------------------------


Path 77:
   Slack (met):                             16467ps
     Path type:                               SETUP
     Group:                               <DEFAULT>
     Launching clock:                           clk (rising edge)
     Capturing clock:                           clk (rising edge)

     Requested period:                      20000ps
   + Delay of the capturing clock:           2287ps
   - Clock uncertainty:                       150ps
   = Required time:                         22137ps
   - Propagation time:                       3382ps (40.2% logic, 59.8% route, logic stage 1)
   - Delay of the launching clock:           2288ps
   = Slack:                                 16467ps

   Instance/Pin or Net Name   Type         ID    Location or Fanout   Delay(ps)  Edge  Arrival Time(ps)    Instance detail                                    
   -------------------------------------------------------------------------------------------------------------------------------------------------------------
   clk                        CLOCK-PORT    -                     -     launch     r               0                                                          
   clk_BUFG_I_O               Clock net    53          (fanout=321)       2288                     -                                                          
   RBB_11/CLK                 RBB_6L       11  [TILE 0 0, RBB 4 10]          -     r            2288                                                          
   -------------------------------------------------------------------------------------------------------------------------------------------------------------
   RBB_11/DQ                  RBB_6L       11  [TILE 0 0, RBB 4 10]        800     r            3088     {inst26: rx_data_wire_FDCE_Q (FDCE,site=dff)}        
   rx_data_wire[7]            Net          15            (fanout=3)       2022                     -                                                          
   RBB_15/D6                  RBB_6L       15  [TILE 0 0, RBB 1 16]          -     r            5110     {inst56: spi_miso_LUT6_I0_I2_FDCE_Q (FDCE,site=dff)} 
   -------------------------------------------------------------------------------------------------------------------------------------------------------------
   RBB_15/CLK                 RBB_6L       15  [TILE 0 0, RBB 1 16]        560     r            5670                                                          
   clk_BUFG_I_O               Clock net    53          (fanout=321)      -2287                     -                                                          
   clk                        CLOCK-PORT    -                     -    capture     r            3383                                                          
   -------------------------------------------------------------------------------------------------------------------------------------------------------------


Path 49:
   Slack (met):                             16473ps
     Path type:                               SETUP
     Group:                               <DEFAULT>
     Launching clock:                           clk (rising edge)
     Capturing clock:                           clk (rising edge)

     Requested period:                      20000ps
   + Delay of the capturing clock:           2287ps
   - Clock uncertainty:                       150ps
   = Required time:                         22137ps
   - Propagation time:                       3361ps (64.6% logic, 35.4% route, logic stage 1)
   - Delay of the launching clock:           2303ps
   = Slack:                                 16473ps

   Instance/Pin or Net Name   Type         ID    Location or Fanout   Delay(ps)  Edge  Arrival Time(ps)    Instance detail                                        
   -----------------------------------------------------------------------------------------------------------------------------------------------------------------
   clk                        CLOCK-PORT    -                     -     launch     r               0                                                              
   clk_BUFG_I_O               Clock net    53          (fanout=321)       2303                     -                                                              
   RBB_8/CLK                  RBB_6L        8  [TILE 0 0, RBB 4 14]          -     r            2303                                                              
   -----------------------------------------------------------------------------------------------------------------------------------------------------------------
   RBB_8/BMUX                 RBB_6L        8  [TILE 0 0, RBB 4 14]       1350     r            3653     {inst47: rx_valid_pulse_FDCE_Q (FDC,site=bffo)}          
   led_FDCE_Q_D_LUT4_O_I2[0]  Net          58            (fanout=3)       1189                     -                                                              
   RBB_15/A6                  RBB_6L       15  [TILE 0 0, RBB 1 16]          -     r            4842     {<CE>inst56: spi_miso_LUT6_I0_I2_FDCE_Q (FDCE,site=dff)} 
   -----------------------------------------------------------------------------------------------------------------------------------------------------------------
   RBB_15/CLK                 RBB_6L       15  [TILE 0 0, RBB 1 16]        822     r            5664                                                              
   clk_BUFG_I_O               Clock net    53          (fanout=321)      -2287                     -                                                              
   clk                        CLOCK-PORT    -                     -    capture     r            3377                                                              
   -----------------------------------------------------------------------------------------------------------------------------------------------------------------


Path 55:
   Slack (met):                             16473ps
     Path type:                               SETUP
     Group:                               <DEFAULT>
     Launching clock:                           clk (rising edge)
     Capturing clock:                           clk (rising edge)

     Requested period:                      20000ps
   + Delay of the capturing clock:           2287ps
   - Clock uncertainty:                       150ps
   = Required time:                         22137ps
   - Propagation time:                       3361ps (64.6% logic, 35.4% route, logic stage 1)
   - Delay of the launching clock:           2303ps
   = Slack:                                 16473ps

   Instance/Pin or Net Name   Type         ID    Location or Fanout   Delay(ps)  Edge  Arrival Time(ps)    Instance detail                                                  
   ---------------------------------------------------------------------------------------------------------------------------------------------------------------------------
   clk                        CLOCK-PORT    -                     -     launch     r               0                                                                        
   clk_BUFG_I_O               Clock net    53          (fanout=321)       2303                     -                                                                        
   RBB_8/CLK                  RBB_6L        8  [TILE 0 0, RBB 4 14]          -     r            2303                                                                        
   ---------------------------------------------------------------------------------------------------------------------------------------------------------------------------
   RBB_8/BMUX                 RBB_6L        8  [TILE 0 0, RBB 4 14]       1350     r            3653     {inst47: rx_valid_pulse_FDCE_Q (FDC,site=bffo)}                    
   led_FDCE_Q_D_LUT4_O_I2[0]  Net          58            (fanout=3)       1189                     -                                                                        
   RBB_15/A6                  RBB_6L       15  [TILE 0 0, RBB 1 16]          -     r            4842     {<CE>inst64: spi_miso_en_INV_O_I_LUT2_I0_O_FDCE_Q (FDCE,site=cff)} 
   ---------------------------------------------------------------------------------------------------------------------------------------------------------------------------
   RBB_15/CLK                 RBB_6L       15  [TILE 0 0, RBB 1 16]        822     r            5664                                                                        
   clk_BUFG_I_O               Clock net    53          (fanout=321)      -2287                     -                                                                        
   clk                        CLOCK-PORT    -                     -    capture     r            3377                                                                        
   ---------------------------------------------------------------------------------------------------------------------------------------------------------------------------


Path 44:
   Slack (met):                             16491ps
     Path type:                               SETUP
     Group:                               <DEFAULT>
     Launching clock:                           clk (rising edge)
     Capturing clock:                           clk (rising edge)

     Requested period:                      20000ps
   + Delay of the capturing clock:           2303ps
   - Clock uncertainty:                       150ps
   = Required time:                         22153ps
   - Propagation time:                       3359ps (72.8% logic, 27.2% route, logic stage 1)
   - Delay of the launching clock:           2303ps
   = Slack:                                 16491ps

   Instance/Pin or Net Name              Type         ID    Location or Fanout   Delay(ps)  Edge  Arrival Time(ps)    Instance detail                                                                                                                             
   -----------------------------------------------------------------------------------------------------------------------------------------------------------------------------------------------------------------------------------------------------------------
   clk                                   CLOCK-PORT    -                     -     launch     r               0                                                                                                                                                   
   clk_BUFG_I_O                          Clock net    53          (fanout=321)       2303                     -                                                                                                                                                   
   RBB_8/CLK                             RBB_6L        8  [TILE 0 0, RBB 4 14]          -     r            2303                                                                                                                                                   
   -----------------------------------------------------------------------------------------------------------------------------------------------------------------------------------------------------------------------------------------------------------------
   RBB_8/CMUX                            RBB_6L        8  [TILE 0 0, RBB 4 14]       1379     r            3682     {inst23: r_ss_n_sync_FDPE_Q (FDP,site=cffo)}                                                                                                  
   rx_valid_pulse_FDCE_Q_D_LUT5_O_I3[0]  Net          69            (fanout=5)        912                     -                                                                                                                                                   
   RBB_10/A3                             RBB_6L       10  [TILE 0 0, RBB 4 16]          -     r            4594     {inst76: w_sck_edge_LUT2_O_I1_LUT2_I1_O_FDCE_Q_3_D_LUT3_O (LUT,site=aluto)} {inst75: w_sck_edge_LUT2_O_I1_LUT2_I1_O_FDCE_Q_3 (FDC,site=affo)} 
   -----------------------------------------------------------------------------------------------------------------------------------------------------------------------------------------------------------------------------------------------------------------
   RBB_10/CLK                            RBB_6L       10  [TILE 0 0, RBB 4 16]       1068     r            5662                                                                                                                                                   
   clk_BUFG_I_O                          Clock net    53          (fanout=321)      -2303                     -                                                                                                                                                   
   clk                                   CLOCK-PORT    -                     -    capture     r            3359                                                                                                                                                   
   -----------------------------------------------------------------------------------------------------------------------------------------------------------------------------------------------------------------------------------------------------------------


Path 80:
   Slack (met):                             16602ps
     Path type:                               SETUP
     Group:                               <DEFAULT>
     Launching clock:                           clk (rising edge)
     Capturing clock:                           clk (rising edge)

     Requested period:                      20000ps
   + Delay of the capturing clock:           2288ps
   - Clock uncertainty:                       150ps
   = Required time:                         22138ps
   - Propagation time:                       3096ps (44.9% logic, 55.1% route, logic stage 1)
   - Delay of the launching clock:           2440ps
   = Slack:                                 16602ps

   Instance/Pin or Net Name   Type         ID    Location or Fanout   Delay(ps)  Edge  Arrival Time(ps)    Instance detail                               
   --------------------------------------------------------------------------------------------------------------------------------------------------------
   clk                        CLOCK-PORT    -                     -     launch     r               0                                                     
   clk_BUFG_I_O               Clock net    53          (fanout=321)       2440                     -                                                     
   RBB_13/CLK                 RBB_6L       13  [TILE 0 0, RBB 1 12]          -     r            2440                                                     
   --------------------------------------------------------------------------------------------------------------------------------------------------------
   RBB_13/DQ                  RBB_6L       13  [TILE 0 0, RBB 1 12]        800     r            3240     {inst30: rx_data_wire_FDCE_Q_4 (FDCE,site=dff)} 
   led_FDCE_Q_D_LUT4_O_I2[1]  Net          59            (fanout=3)       1705                     -                                                     
   RBB_11/C6                  RBB_6L       11  [TILE 0 0, RBB 4 10]          -     r            4945     {inst29: rx_data_wire_FDCE_Q_3 (FDCE,site=cff)} 
   --------------------------------------------------------------------------------------------------------------------------------------------------------
   RBB_11/CLK                 RBB_6L       11  [TILE 0 0, RBB 4 10]        591     r            5536                                                     
   clk_BUFG_I_O               Clock net    53          (fanout=321)      -2288                     -                                                     
   clk                        CLOCK-PORT    -                     -    capture     r            3248                                                     
   --------------------------------------------------------------------------------------------------------------------------------------------------------


Path 64:
   Slack (met):                             16621ps
     Path type:                               SETUP
     Group:                               <DEFAULT>
     Launching clock:                           clk (rising edge)
     Capturing clock:                           clk (rising edge)

     Requested period:                      20000ps
   + Delay of the capturing clock:           2303ps
   - Clock uncertainty:                       150ps
   = Required time:                         22153ps
   - Propagation time:                       3086ps (53.8% logic, 46.2% route, logic stage 1)
   - Delay of the launching clock:           2446ps
   = Slack:                                 16621ps

   Instance/Pin or Net Name       Type         ID    Location or Fanout   Delay(ps)  Edge  Arrival Time(ps)    Instance detail                                                                                                                     
   --------------------------------------------------------------------------------------------------------------------------------------------------------------------------------------------------------------------------------------------------
   clk                            CLOCK-PORT    -                     -     launch     r               0                                                                                                                                           
   clk_BUFG_I_O                   Clock net    53          (fanout=321)       2446                     -                                                                                                                                           
   RBB_9/CLK                      RBB_6L        9  [TILE 0 0, RBB 4 18]          -     r            2446                                                                                                                                           
   --------------------------------------------------------------------------------------------------------------------------------------------------------------------------------------------------------------------------------------------------
   RBB_9/DQ                       RBB_6L        9  [TILE 0 0, RBB 4 18]        800     r            3246     {inst39: rx_valid_pulse_FDCE_CE_2_Q_FDCE_Q (FDC,site=dff)}                                                                            
   rx_valid_pulse_FDCE_CE_2_Q[1]  Net          28            (fanout=2)       1425                     -                                                                                                                                           
   RBB_8/D4                       RBB_6L        8  [TILE 0 0, RBB 4 14]          -     r            4671     {inst37: rx_valid_pulse_FDCE_CE_1_Q_FDCE_Q_D_LUT6_O (LUT,site=dlut,dluto)} {inst36: rx_valid_pulse_FDCE_CE_1_Q_FDCE_Q (FDC,site=dff)} 
   --------------------------------------------------------------------------------------------------------------------------------------------------------------------------------------------------------------------------------------------------
   RBB_8/CLK                      RBB_6L        8  [TILE 0 0, RBB 4 14]        861     r            5532                                                                                                                                           
   clk_BUFG_I_O                   Clock net    53          (fanout=321)      -2303                     -                                                                                                                                           
   clk                            CLOCK-PORT    -                     -    capture     r            3229                                                                                                                                           
   --------------------------------------------------------------------------------------------------------------------------------------------------------------------------------------------------------------------------------------------------


Path 66:
   Slack (met):                             16661ps
     Path type:                               SETUP
     Group:                               <DEFAULT>
     Launching clock:                           clk (rising edge)
     Capturing clock:                           clk (rising edge)

     Requested period:                      20000ps
   + Delay of the capturing clock:           2303ps
   - Clock uncertainty:                       150ps
   = Required time:                         22153ps
   - Propagation time:                       3189ps (55.3% logic, 44.7% route, logic stage 1)
   - Delay of the launching clock:           2303ps
   = Slack:                                 16661ps

   Instance/Pin or Net Name           Type         ID    Location or Fanout   Delay(ps)  Edge  Arrival Time(ps)    Instance detail                                                                                         
   --------------------------------------------------------------------------------------------------------------------------------------------------------------------------------------------------------------------------
   clk                                CLOCK-PORT    -                     -     launch     r               0                                                                                                               
   clk_BUFG_I_O                       Clock net    53          (fanout=321)       2303                     -                                                                                                               
   RBB_10/CLK                         RBB_6L       10  [TILE 0 0, RBB 4 16]          -     r            2303                                                                                                               
   --------------------------------------------------------------------------------------------------------------------------------------------------------------------------------------------------------------------------
   RBB_10/AQ                          RBB_6L       10  [TILE 0 0, RBB 4 16]        800     r            3103     {inst73: w_sck_edge_LUT2_O_I1_LUT2_I1_O_FDCE_Q_1 (FDC,site=aff)}                                          
   w_sck_edge_LUT2_O_I1_LUT2_I1_O[0]  Net          43            (fanout=5)       1427                     -                                                                                                               
   RBB_8/B3                           RBB_6L        8  [TILE 0 0, RBB 4 14]          -     r            4530     {inst48: rx_valid_pulse_FDCE_Q_D_LUT5_O (LUT,site=bluto)} {inst47: rx_valid_pulse_FDCE_Q (FDC,site=bffo)} 
   --------------------------------------------------------------------------------------------------------------------------------------------------------------------------------------------------------------------------
   RBB_8/CLK                          RBB_6L        8  [TILE 0 0, RBB 4 14]        962     r            5492                                                                                                               
   clk_BUFG_I_O                       Clock net    53          (fanout=321)      -2303                     -                                                                                                               
   clk                                CLOCK-PORT    -                     -    capture     r            3189                                                                                                               
   --------------------------------------------------------------------------------------------------------------------------------------------------------------------------------------------------------------------------


Path 81:
   Slack (met):                             16664ps
     Path type:                               SETUP
     Group:                               <DEFAULT>
     Launching clock:                           clk (rising edge)
     Capturing clock:                           clk (rising edge)

     Requested period:                      20000ps
   + Delay of the capturing clock:           2303ps
   - Clock uncertainty:                       150ps
   = Required time:                         22153ps
   - Propagation time:                       3186ps (80.0% logic, 20.0% route, logic stage 1)
   - Delay of the launching clock:           2303ps
   = Slack:                                 16664ps

   Instance/Pin or Net Name           Type         ID    Location or Fanout   Delay(ps)  Edge  Arrival Time(ps)    Instance detail                                                                                                                             
   --------------------------------------------------------------------------------------------------------------------------------------------------------------------------------------------------------------------------------------------------------------
   clk                                CLOCK-PORT    -                     -     launch     r               0                                                                                                                                                   
   clk_BUFG_I_O                       Clock net    53          (fanout=321)       2303                     -                                                                                                                                                   
   RBB_10/CLK                         RBB_6L       10  [TILE 0 0, RBB 4 16]          -     r            2303                                                                                                                                                   
   --------------------------------------------------------------------------------------------------------------------------------------------------------------------------------------------------------------------------------------------------------------
   RBB_10/AMUX                        RBB_6L       10  [TILE 0 0, RBB 4 16]       1362     r            3665     {inst75: w_sck_edge_LUT2_O_I1_LUT2_I1_O_FDCE_Q_3 (FDC,site=affo)}                                                                             
   w_sck_edge_LUT2_O_I1_LUT2_I1_O[3]  Net          44            (fanout=3)        637                     -                                                                                                                                                   
   RBB_10/A5                          RBB_6L       10  [TILE 0 0, RBB 4 16]          -     r            4302     {inst76: w_sck_edge_LUT2_O_I1_LUT2_I1_O_FDCE_Q_3_D_LUT3_O (LUT,site=aluto)} {inst75: w_sck_edge_LUT2_O_I1_LUT2_I1_O_FDCE_Q_3 (FDC,site=affo)} 
   --------------------------------------------------------------------------------------------------------------------------------------------------------------------------------------------------------------------------------------------------------------
   RBB_10/CLK                         RBB_6L       10  [TILE 0 0, RBB 4 16]       1187     r            5489                                                                                                                                                   
   clk_BUFG_I_O                       Clock net    53          (fanout=321)      -2303                     -                                                                                                                                                   
   clk                                CLOCK-PORT    -                     -    capture     r            3186                                                                                                                                                   
   --------------------------------------------------------------------------------------------------------------------------------------------------------------------------------------------------------------------------------------------------------------


Path 82:
   Slack (met):                             16678ps
     Path type:                               SETUP
     Group:                               <DEFAULT>
     Launching clock:                           clk (rising edge)
     Capturing clock:                           clk (rising edge)

     Requested period:                      20000ps
   + Delay of the capturing clock:           2303ps
   - Clock uncertainty:                       150ps
   = Required time:                         22153ps
   - Propagation time:                       3172ps (80.9% logic, 19.1% route, logic stage 1)
   - Delay of the launching clock:           2303ps
   = Slack:                                 16678ps

   Instance/Pin or Net Name              Type         ID    Location or Fanout   Delay(ps)  Edge  Arrival Time(ps)    Instance detail                                                                                                  
   --------------------------------------------------------------------------------------------------------------------------------------------------------------------------------------------------------------------------------------
   clk                                   CLOCK-PORT    -                     -     launch     r               0                                                                                                                        
   clk_BUFG_I_O                          Clock net    53          (fanout=321)       2303                     -                                                                                                                        
   RBB_8/CLK                             RBB_6L        8  [TILE 0 0, RBB 4 14]          -     r            2303                                                                                                                        
   --------------------------------------------------------------------------------------------------------------------------------------------------------------------------------------------------------------------------------------
   RBB_8/CMUX                            RBB_6L        8  [TILE 0 0, RBB 4 14]       1379     r            3682     {inst23: r_ss_n_sync_FDPE_Q (FDP,site=cffo)}                                                                       
   rx_valid_pulse_FDCE_Q_D_LUT5_O_I3[0]  Net          69            (fanout=5)        606                     -                                                                                                                        
   RBB_8/A5                              RBB_6L        8  [TILE 0 0, RBB 4 14]          -     r            4288     {inst92: spi_miso_en_INV_O_I_FDPE_Q_buf92_i (LUT,site=aluto)} {inst62: spi_miso_en_INV_O_I_FDPE_Q (FDP,site=affo)} 
   --------------------------------------------------------------------------------------------------------------------------------------------------------------------------------------------------------------------------------------
   RBB_8/CLK                             RBB_6L        8  [TILE 0 0, RBB 4 14]       1187     r            5475                                                                                                                        
   clk_BUFG_I_O                          Clock net    53          (fanout=321)      -2303                     -                                                                                                                        
   clk                                   CLOCK-PORT    -                     -    capture     r            3172                                                                                                                        
   --------------------------------------------------------------------------------------------------------------------------------------------------------------------------------------------------------------------------------------


Path 59:
   Slack (met):                             16690ps
     Path type:                               SETUP
     Group:                               <DEFAULT>
     Launching clock:                           clk (rising edge)
     Capturing clock:                           clk (rising edge)

     Requested period:                      20000ps
   + Delay of the capturing clock:           2440ps
   - Clock uncertainty:                       150ps
   = Required time:                         22290ps
   - Propagation time:                       3297ps (56.5% logic, 43.5% route, logic stage 1)
   - Delay of the launching clock:           2303ps
   = Slack:                                 16690ps

   Instance/Pin or Net Name   Type         ID    Location or Fanout   Delay(ps)  Edge  Arrival Time(ps)    Instance detail                                                                                         
   ------------------------------------------------------------------------------------------------------------------------------------------------------------------------------------------------------------------
   clk                        CLOCK-PORT    -                     -     launch     r               0                                                                                                               
   clk_BUFG_I_O               Clock net    53          (fanout=321)       2303                     -                                                                                                               
   RBB_8/CLK                  RBB_6L        8  [TILE 0 0, RBB 4 14]          -     r            2303                                                                                                               
   ------------------------------------------------------------------------------------------------------------------------------------------------------------------------------------------------------------------
   RBB_8/CQ                   RBB_6L        8  [TILE 0 0, RBB 4 14]        800     r            3103     {inst19: r_mosi_sync_FDCE_Q (FDC,site=cff)}                                                               
   r_mosi_sync[1]             Net          11            (fanout=1)       1434                     -                                                                                                               
   RBB_13/C1                  RBB_6L       13  [TILE 0 0, RBB 1 12]          -     r            4537     {inst96: rx_data_wire_FDCE_Q_7_buf96_i (LUT,site=cluto)} {inst33: rx_data_wire_FDCE_Q_7 (FDCE,site=cffo)} 
   ------------------------------------------------------------------------------------------------------------------------------------------------------------------------------------------------------------------
   RBB_13/CLK                 RBB_6L       13  [TILE 0 0, RBB 1 12]       1063     r            5600                                                                                                               
   clk_BUFG_I_O               Clock net    53          (fanout=321)      -2440                     -                                                                                                               
   clk                        CLOCK-PORT    -                     -    capture     r            3160                                                                                                               
   ------------------------------------------------------------------------------------------------------------------------------------------------------------------------------------------------------------------


Path 84:
   Slack (met):                             16706ps
     Path type:                               SETUP
     Group:                               <DEFAULT>
     Launching clock:                           clk (rising edge)
     Capturing clock:                           clk (rising edge)

     Requested period:                      20000ps
   + Delay of the capturing clock:           2440ps
   - Clock uncertainty:                       150ps
   = Required time:                         22290ps
   - Propagation time:                       3144ps (82.1% logic, 17.9% route, logic stage 1)
   - Delay of the launching clock:           2440ps
   = Slack:                                 16706ps

   Instance/Pin or Net Name   Type         ID    Location or Fanout   Delay(ps)  Edge  Arrival Time(ps)    Instance detail                                                                                         
   ------------------------------------------------------------------------------------------------------------------------------------------------------------------------------------------------------------------
   clk                        CLOCK-PORT    -                     -     launch     r               0                                                                                                               
   clk_BUFG_I_O               Clock net    53          (fanout=321)       2440                     -                                                                                                               
   RBB_13/CLK                 RBB_6L       13  [TILE 0 0, RBB 1 12]          -     r            2440                                                                                                               
   ------------------------------------------------------------------------------------------------------------------------------------------------------------------------------------------------------------------
   RBB_13/CMUX                RBB_6L       13  [TILE 0 0, RBB 1 12]       1380     r            3820     {inst33: rx_data_wire_FDCE_Q_7 (FDCE,site=cffo)}                                                          
   rx_data_wire[0]            Net          18            (fanout=3)        564                     -                                                                                                               
   RBB_13/D1                  RBB_6L       13  [TILE 0 0, RBB 1 12]          -     r            4384     {inst95: rx_data_wire_FDCE_Q_6_buf95_i (LUT,site=dluto)} {inst32: rx_data_wire_FDCE_Q_6 (FDCE,site=dffo)} 
   ------------------------------------------------------------------------------------------------------------------------------------------------------------------------------------------------------------------
   RBB_13/CLK                 RBB_6L       13  [TILE 0 0, RBB 1 12]       1200     r            5584                                                                                                               
   clk_BUFG_I_O               Clock net    53          (fanout=321)      -2440                     -                                                                                                               
   clk                        CLOCK-PORT    -                     -    capture     r            3144                                                                                                               
   ------------------------------------------------------------------------------------------------------------------------------------------------------------------------------------------------------------------


Path 56:
   Slack (met):                             16716ps
     Path type:                               SETUP
     Group:                               <DEFAULT>
     Launching clock:                           clk (rising edge)
     Capturing clock:                           clk (rising edge)

     Requested period:                      20000ps
   + Delay of the capturing clock:           2302ps
   - Clock uncertainty:                       150ps
   = Required time:                         22152ps
   - Propagation time:                       2996ps (70.0% logic, 30.0% route, logic stage 1)
   - Delay of the launching clock:           2440ps
   = Slack:                                 16716ps

   Instance/Pin or Net Name   Type         ID    Location or Fanout   Delay(ps)  Edge  Arrival Time(ps)    Instance detail                                                                                                
   -------------------------------------------------------------------------------------------------------------------------------------------------------------------------------------------------------------------------
   clk                        CLOCK-PORT    -                     -     launch     r               0                                                                                                                      
   clk_BUFG_I_O               Clock net    53          (fanout=321)       2440                     -                                                                                                                      
   RBB_13/CLK                 RBB_6L       13  [TILE 0 0, RBB 1 12]          -     r            2440                                                                                                                      
   -------------------------------------------------------------------------------------------------------------------------------------------------------------------------------------------------------------------------
   RBB_13/CMUX                RBB_6L       13  [TILE 0 0, RBB 1 12]       1380     r            3820     {inst33: rx_data_wire_FDCE_Q_7 (FDCE,site=cffo)}                                                                 
   rx_data_wire[0]            Net          18            (fanout=3)        898                     -                                                                                                                      
   RBB_14/A1                  RBB_6L       14  [TILE 0 0, RBB 4 12]          -     r            4718     {inst100: rx_valid_pulse_FDCE_CE_5_buf100_i (LUT,site=aluto)} {inst45: rx_valid_pulse_FDCE_CE_5 (FDCE,site=aff)} 
   -------------------------------------------------------------------------------------------------------------------------------------------------------------------------------------------------------------------------
   RBB_14/CLK                 RBB_6L       14  [TILE 0 0, RBB 4 12]        718     r            5436                                                                                                                      
   clk_BUFG_I_O               Clock net    53          (fanout=321)      -2302                     -                                                                                                                      
   clk                        CLOCK-PORT    -                     -    capture     r            3134                                                                                                                      
   -------------------------------------------------------------------------------------------------------------------------------------------------------------------------------------------------------------------------


Path 83:
   Slack (met):                             16747ps
     Path type:                               SETUP
     Group:                               <DEFAULT>
     Launching clock:                           clk (rising edge)
     Capturing clock:                           clk (rising edge)

     Requested period:                      20000ps
   + Delay of the capturing clock:           2303ps
   - Clock uncertainty:                       150ps
   = Required time:                         22153ps
   - Propagation time:                       3103ps (80.5% logic, 19.5% route, logic stage 1)
   - Delay of the launching clock:           2303ps
   = Slack:                                 16747ps

   Instance/Pin or Net Name              Type         ID    Location or Fanout   Delay(ps)  Edge  Arrival Time(ps)    Instance detail                                                                                         
   -----------------------------------------------------------------------------------------------------------------------------------------------------------------------------------------------------------------------------
   clk                                   CLOCK-PORT    -                     -     launch     r               0                                                                                                               
   clk_BUFG_I_O                          Clock net    53          (fanout=321)       2303                     -                                                                                                               
   RBB_8/CLK                             RBB_6L        8  [TILE 0 0, RBB 4 14]          -     r            2303                                                                                                               
   -----------------------------------------------------------------------------------------------------------------------------------------------------------------------------------------------------------------------------
   RBB_8/CMUX                            RBB_6L        8  [TILE 0 0, RBB 4 14]       1379     r            3682     {inst23: r_ss_n_sync_FDPE_Q (FDP,site=cffo)}                                                              
   rx_valid_pulse_FDCE_Q_D_LUT5_O_I3[0]  Net          69            (fanout=5)        606                     -                                                                                                               
   RBB_8/B5                              RBB_6L        8  [TILE 0 0, RBB 4 14]          -     r            4288     {inst48: rx_valid_pulse_FDCE_Q_D_LUT5_O (LUT,site=bluto)} {inst47: rx_valid_pulse_FDCE_Q (FDC,site=bffo)} 
   -----------------------------------------------------------------------------------------------------------------------------------------------------------------------------------------------------------------------------
   RBB_8/CLK                             RBB_6L        8  [TILE 0 0, RBB 4 14]       1118     r            5406                                                                                                               
   clk_BUFG_I_O                          Clock net    53          (fanout=321)      -2303                     -                                                                                                               
   clk                                   CLOCK-PORT    -                     -    capture     r            3103                                                                                                               
   -----------------------------------------------------------------------------------------------------------------------------------------------------------------------------------------------------------------------------


Path 65:
   Slack (met):                             16750ps
     Path type:                               SETUP
     Group:                               <DEFAULT>
     Launching clock:                           clk (rising edge)
     Capturing clock:                           clk (rising edge)

     Requested period:                      20000ps
   + Delay of the capturing clock:           2303ps
   - Clock uncertainty:                       150ps
   = Required time:                         22153ps
   - Propagation time:                       3101ps (53.6% logic, 46.4% route, logic stage 1)
   - Delay of the launching clock:           2302ps
   = Slack:                                 16750ps

   Instance/Pin or Net Name                     Type         ID    Location or Fanout   Delay(ps)  Edge  Arrival Time(ps)    Instance detail                                                                                                           
   ------------------------------------------------------------------------------------------------------------------------------------------------------------------------------------------------------------------------------------------------------
   clk                                          CLOCK-PORT    -                     -     launch     r               0                                                                                                                                 
   clk_BUFG_I_O                                 Clock net    53          (fanout=321)       2302                     -                                                                                                                                 
   RBB_14/CLK                                   RBB_6L       14  [TILE 0 0, RBB 4 12]          -     r            2302                                                                                                                                 
   ------------------------------------------------------------------------------------------------------------------------------------------------------------------------------------------------------------------------------------------------------
   RBB_14/DQ                                    RBB_6L       14  [TILE 0 0, RBB 4 12]        800     r            3102     {inst34: rx_valid_pulse_FDCE_CE (FDCE,site=dff)}                                                                            
   spi_miso_LUT6_I0_I2_FDCE_Q_1_D_LUT6_O_I2[0]  Net          21            (fanout=1)       1440                     -                                                                                                                                 
   RBB_10/D2                                    RBB_6L       10  [TILE 0 0, RBB 4 16]          -     r            4542     {inst58: spi_miso_LUT6_I0_I2_FDCE_Q_1_D_LUT6_O (LUT,site=dlut,dluto)} {inst57: spi_miso_LUT6_I0_I2_FDCE_Q_1 (FDC,site=dff)} 
   ------------------------------------------------------------------------------------------------------------------------------------------------------------------------------------------------------------------------------------------------------
   RBB_10/CLK                                   RBB_6L       10  [TILE 0 0, RBB 4 16]        861     r            5403                                                                                                                                 
   clk_BUFG_I_O                                 Clock net    53          (fanout=321)      -2303                     -                                                                                                                                 
   clk                                          CLOCK-PORT    -                     -    capture     r            3100                                                                                                                                 
   ------------------------------------------------------------------------------------------------------------------------------------------------------------------------------------------------------------------------------------------------------


Path 57:
   Slack (met):                             16766ps
     Path type:                               SETUP
     Group:                               <DEFAULT>
     Launching clock:                           clk (rising edge)
     Capturing clock:                           clk (rising edge)

     Requested period:                      20000ps
   + Delay of the capturing clock:           2302ps
   - Clock uncertainty:                       150ps
   = Required time:                         22152ps
   - Propagation time:                       2946ps (69.3% logic, 30.7% route, logic stage 1)
   - Delay of the launching clock:           2440ps
   = Slack:                                 16766ps

   Instance/Pin or Net Name   Type         ID    Location or Fanout   Delay(ps)  Edge  Arrival Time(ps)    Instance detail                                                                                              
   -----------------------------------------------------------------------------------------------------------------------------------------------------------------------------------------------------------------------
   clk                        CLOCK-PORT    -                     -     launch     r               0                                                                                                                    
   clk_BUFG_I_O               Clock net    53          (fanout=321)       2440                     -                                                                                                                    
   RBB_13/CLK                 RBB_6L       13  [TILE 0 0, RBB 1 12]          -     r            2440                                                                                                                    
   -----------------------------------------------------------------------------------------------------------------------------------------------------------------------------------------------------------------------
   RBB_13/DMUX                RBB_6L       13  [TILE 0 0, RBB 1 12]       1466     r            3906     {inst32: rx_data_wire_FDCE_Q_6 (FDCE,site=dffo)}                                                               
   rx_data_wire[1]            Net          17            (fanout=3)        903                     -                                                                                                                    
   RBB_14/B1                  RBB_6L       14  [TILE 0 0, RBB 4 12]          -     r            4809     {inst99: rx_valid_pulse_FDCE_CE_4_buf99_i (LUT,site=bluto)} {inst44: rx_valid_pulse_FDCE_CE_4 (FDCE,site=bff)} 
   -----------------------------------------------------------------------------------------------------------------------------------------------------------------------------------------------------------------------
   RBB_14/CLK                 RBB_6L       14  [TILE 0 0, RBB 4 12]        577     r            5386                                                                                                                    
   clk_BUFG_I_O               Clock net    53          (fanout=321)      -2302                     -                                                                                                                    
   clk                        CLOCK-PORT    -                     -    capture     r            3084                                                                                                                    
   -----------------------------------------------------------------------------------------------------------------------------------------------------------------------------------------------------------------------


Path 68:
   Slack (met):                             16768ps
     Path type:                               SETUP
     Group:                               <DEFAULT>
     Launching clock:                           clk (rising edge)
     Capturing clock:                           clk (rising edge)

     Requested period:                      20000ps
   + Delay of the capturing clock:           2303ps
   - Clock uncertainty:                       150ps
   = Required time:                         22153ps
   - Propagation time:                       3082ps (51.9% logic, 48.1% route, logic stage 1)
   - Delay of the launching clock:           2303ps
   = Slack:                                 16768ps

   Instance/Pin or Net Name       Type         ID    Location or Fanout   Delay(ps)  Edge  Arrival Time(ps)    Instance detail                                                                                                                                                 
   ------------------------------------------------------------------------------------------------------------------------------------------------------------------------------------------------------------------------------------------------------------------------------
   clk                            CLOCK-PORT    -                     -     launch     r               0                                                                                                                                                                       
   clk_BUFG_I_O                   Clock net    53          (fanout=321)       2303                     -                                                                                                                                                                       
   RBB_8/CLK                      RBB_6L        8  [TILE 0 0, RBB 4 14]          -     r            2303                                                                                                                                                                       
   ------------------------------------------------------------------------------------------------------------------------------------------------------------------------------------------------------------------------------------------------------------------------------
   RBB_8/DQ                       RBB_6L        8  [TILE 0 0, RBB 4 14]        800     r            3103     {inst36: rx_valid_pulse_FDCE_CE_1_Q_FDCE_Q (FDC,site=dff)}                                                                                                        
   rx_valid_pulse_FDCE_CE_1_Q[1]  Net          51            (fanout=2)       1481                     -                                                                                                                                                                       
   RBB_10/C2                      RBB_6L       10  [TILE 0 0, RBB 4 16]          -     r            4584     {inst60: spi_miso_LUT6_I0_I2_FDCE_Q_1_D_LUT6_O_I2_FDCE_Q_D_LUT6_O (LUT,site=clut,cluto)} {inst59: spi_miso_LUT6_I0_I2_FDCE_Q_1_D_LUT6_O_I2_FDCE_Q (FDC,site=cff)} 
   ------------------------------------------------------------------------------------------------------------------------------------------------------------------------------------------------------------------------------------------------------------------------------
   RBB_10/CLK                     RBB_6L       10  [TILE 0 0, RBB 4 16]        801     r            5385                                                                                                                                                                       
   clk_BUFG_I_O                   Clock net    53          (fanout=321)      -2303                     -                                                                                                                                                                       
   clk                            CLOCK-PORT    -                     -    capture     r            3082                                                                                                                                                                       
   ------------------------------------------------------------------------------------------------------------------------------------------------------------------------------------------------------------------------------------------------------------------------------


Path 67:
   Slack (met):                             16794ps
     Path type:                               SETUP
     Group:                               <DEFAULT>
     Launching clock:                           clk (rising edge)
     Capturing clock:                           clk (rising edge)

     Requested period:                      20000ps
   + Delay of the capturing clock:           2446ps
   - Clock uncertainty:                       150ps
   = Required time:                         22296ps
   - Propagation time:                       3199ps (57.0% logic, 43.0% route, logic stage 1)
   - Delay of the launching clock:           2303ps
   = Slack:                                 16794ps

   Instance/Pin or Net Name   Type         ID    Location or Fanout   Delay(ps)  Edge  Arrival Time(ps)    Instance detail                                     
   --------------------------------------------------------------------------------------------------------------------------------------------------------------
   clk                        CLOCK-PORT    -                     -     launch     r               0                                                           
   clk_BUFG_I_O               Clock net    53          (fanout=321)       2303                     -                                                           
   RBB_8/CLK                  RBB_6L        8  [TILE 0 0, RBB 4 14]          -     r            2303                                                           
   --------------------------------------------------------------------------------------------------------------------------------------------------------------
   RBB_8/BQ                   RBB_6L        8  [TILE 0 0, RBB 4 14]        800     r            3103     {inst21: r_sck_sync_FDCE_Q (FDC,site=bff)}            
   w_sck_edge_LUT2_O_I1[0]    Net          77            (fanout=3)       1374                     -                                                           
   RBB_9/D6                   RBB_6L        9  [TILE 0 0, RBB 4 18]          -     r            4477     {inst70: w_sck_edge_LUT2_O_I1_FDCE_Q (FDC,site=dffo)} 
   --------------------------------------------------------------------------------------------------------------------------------------------------------------
   RBB_9/CLK                  RBB_6L        9  [TILE 0 0, RBB 4 18]       1025     r            5502                                                           
   clk_BUFG_I_O               Clock net    53          (fanout=321)      -2446                     -                                                           
   clk                        CLOCK-PORT    -                     -    capture     r            3056                                                           
   --------------------------------------------------------------------------------------------------------------------------------------------------------------


Path 46:
   Slack (met):                             16806ps
     Path type:                               SETUP
     Group:                               <DEFAULT>
     Launching clock:                           clk (rising edge)
     Capturing clock:                           clk (rising edge)

     Requested period:                      20000ps
   + Delay of the capturing clock:           2303ps
   - Clock uncertainty:                       150ps
   = Required time:                         22153ps
   - Propagation time:                       3044ps (70.0% logic, 30.0% route, logic stage 1)
   - Delay of the launching clock:           2303ps
   = Slack:                                 16806ps

   Instance/Pin or Net Name              Type         ID    Location or Fanout   Delay(ps)  Edge  Arrival Time(ps)    Instance detail                                                                                                                                  
   ----------------------------------------------------------------------------------------------------------------------------------------------------------------------------------------------------------------------------------------------------------------------
   clk                                   CLOCK-PORT    -                     -     launch     r               0                                                                                                                                                        
   clk_BUFG_I_O                          Clock net    53          (fanout=321)       2303                     -                                                                                                                                                        
   RBB_8/CLK                             RBB_6L        8  [TILE 0 0, RBB 4 14]          -     r            2303                                                                                                                                                        
   ----------------------------------------------------------------------------------------------------------------------------------------------------------------------------------------------------------------------------------------------------------------------
   RBB_8/CMUX                            RBB_6L        8  [TILE 0 0, RBB 4 14]       1379     r            3682     {inst23: r_ss_n_sync_FDPE_Q (FDP,site=cffo)}                                                                                                       
   rx_valid_pulse_FDCE_Q_D_LUT5_O_I3[0]  Net          69            (fanout=5)        912                     -                                                                                                                                                        
   RBB_10/A3                             RBB_6L       10  [TILE 0 0, RBB 4 16]          -     r            4594     {inst50: rx_valid_pulse_FDCE_Q_D_LUT5_O_I3_CARRY4_CO_O_1_LUT4_I3 (LUT,site=alut)} {inst73: w_sck_edge_LUT2_O_I1_LUT2_I1_O_FDCE_Q_1 (FDC,site=aff)} 
   ----------------------------------------------------------------------------------------------------------------------------------------------------------------------------------------------------------------------------------------------------------------------
   RBB_10/CLK                            RBB_6L       10  [TILE 0 0, RBB 4 16]        753     r            5347                                                                                                                                                        
   clk_BUFG_I_O                          Clock net    53          (fanout=321)      -2303                     -                                                                                                                                                        
   clk                                   CLOCK-PORT    -                     -    capture     r            3044                                                                                                                                                        
   ----------------------------------------------------------------------------------------------------------------------------------------------------------------------------------------------------------------------------------------------------------------------


Path 71:
   Slack (met):                             16845ps
     Path type:                               SETUP
     Group:                               <DEFAULT>
     Launching clock:                           clk (rising edge)
     Capturing clock:                           clk (rising edge)

     Requested period:                      20000ps
   + Delay of the capturing clock:           2446ps
   - Clock uncertainty:                       150ps
   = Required time:                         22296ps
   - Propagation time:                       3164ps (53.3% logic, 46.7% route, logic stage 1)
   - Delay of the launching clock:           2287ps
   = Slack:                                 16845ps

   Instance/Pin or Net Name          Type         ID    Location or Fanout   Delay(ps)  Edge  Arrival Time(ps)    Instance detail                                                                                                                     
   -----------------------------------------------------------------------------------------------------------------------------------------------------------------------------------------------------------------------------------------------------
   clk                               CLOCK-PORT    -                     -     launch     r               0                                                                                                                                           
   clk_BUFG_I_O                      Clock net    53          (fanout=321)       2287                     -                                                                                                                                           
   RBB_15/CLK                        RBB_6L       15  [TILE 0 0, RBB 1 16]          -     r            2287                                                                                                                                           
   -----------------------------------------------------------------------------------------------------------------------------------------------------------------------------------------------------------------------------------------------------
   RBB_15/CQ                         RBB_6L       15  [TILE 0 0, RBB 1 16]        800     r            3087     {inst64: spi_miso_en_INV_O_I_LUT2_I0_O_FDCE_Q (FDCE,site=cff)}                                                                        
   spi_miso_en_INV_O_I_LUT2_I0_O[0]  Net          67            (fanout=1)       1479                     -                                                                                                                                           
   RBB_9/C1                          RBB_6L        9  [TILE 0 0, RBB 4 18]          -     r            4566     {inst43: rx_valid_pulse_FDCE_CE_3_Q_FDCE_Q_D_LUT6_O (LUT,site=clut,cluto)} {inst42: rx_valid_pulse_FDCE_CE_3_Q_FDCE_Q (FDC,site=cff)} 
   -----------------------------------------------------------------------------------------------------------------------------------------------------------------------------------------------------------------------------------------------------
   RBB_9/CLK                         RBB_6L        9  [TILE 0 0, RBB 4 18]        885     r            5451                                                                                                                                           
   clk_BUFG_I_O                      Clock net    53          (fanout=321)      -2446                     -                                                                                                                                           
   clk                               CLOCK-PORT    -                     -    capture     r            3005                                                                                                                                           
   -----------------------------------------------------------------------------------------------------------------------------------------------------------------------------------------------------------------------------------------------------


Path 70:
   Slack (met):                             16849ps
     Path type:                               SETUP
     Group:                               <DEFAULT>
     Launching clock:                           clk (rising edge)
     Capturing clock:                           clk (rising edge)

     Requested period:                      20000ps
   + Delay of the capturing clock:           2303ps
   - Clock uncertainty:                       150ps
   = Required time:                         22153ps
   - Propagation time:                       3002ps (53.4% logic, 46.6% route, logic stage 1)
   - Delay of the launching clock:           2302ps
   = Slack:                                 16849ps

   Instance/Pin or Net Name       Type         ID    Location or Fanout   Delay(ps)  Edge  Arrival Time(ps)    Instance detail                                                                                                                                                 
   ------------------------------------------------------------------------------------------------------------------------------------------------------------------------------------------------------------------------------------------------------------------------------
   clk                            CLOCK-PORT    -                     -     launch     r               0                                                                                                                                                                       
   clk_BUFG_I_O                   Clock net    53          (fanout=321)       2302                     -                                                                                                                                                                       
   RBB_14/CLK                     RBB_6L       14  [TILE 0 0, RBB 4 12]          -     r            2302                                                                                                                                                                       
   ------------------------------------------------------------------------------------------------------------------------------------------------------------------------------------------------------------------------------------------------------------------------------
   RBB_14/CQ                      RBB_6L       14  [TILE 0 0, RBB 4 12]        800     r            3102     {inst35: rx_valid_pulse_FDCE_CE_1 (FDCE,site=cff)}                                                                                                                
   rx_valid_pulse_FDCE_CE_1_Q[0]  Net          52            (fanout=1)       1398                     -                                                                                                                                                                       
   RBB_10/C1                      RBB_6L       10  [TILE 0 0, RBB 4 16]          -     r            4500     {inst60: spi_miso_LUT6_I0_I2_FDCE_Q_1_D_LUT6_O_I2_FDCE_Q_D_LUT6_O (LUT,site=clut,cluto)} {inst59: spi_miso_LUT6_I0_I2_FDCE_Q_1_D_LUT6_O_I2_FDCE_Q (FDC,site=cff)} 
   ------------------------------------------------------------------------------------------------------------------------------------------------------------------------------------------------------------------------------------------------------------------------------
   RBB_10/CLK                     RBB_6L       10  [TILE 0 0, RBB 4 16]        804     r            5304                                                                                                                                                                       
   clk_BUFG_I_O                   Clock net    53          (fanout=321)      -2303                     -                                                                                                                                                                       
   clk                            CLOCK-PORT    -                     -    capture     r            3001                                                                                                                                                                       
   ------------------------------------------------------------------------------------------------------------------------------------------------------------------------------------------------------------------------------------------------------------------------------


Path 61:
   Slack (met):                             16852ps
     Path type:                               SETUP
     Group:                               <DEFAULT>
     Launching clock:                           clk (rising edge)
     Capturing clock:                           clk (rising edge)

     Requested period:                      20000ps
   + Delay of the capturing clock:           2303ps
   - Clock uncertainty:                       150ps
   = Required time:                         22153ps
   - Propagation time:                       2998ps (52.5% logic, 47.5% route, logic stage 1)
   - Delay of the launching clock:           2303ps
   = Slack:                                 16852ps

   Instance/Pin or Net Name           Type         ID    Location or Fanout   Delay(ps)  Edge  Arrival Time(ps)    Instance detail                                                                                                                  
   ---------------------------------------------------------------------------------------------------------------------------------------------------------------------------------------------------------------------------------------------------
   clk                                CLOCK-PORT    -                     -     launch     r               0                                                                                                                                        
   clk_BUFG_I_O                       Clock net    53          (fanout=321)       2303                     -                                                                                                                                        
   RBB_10/CLK                         RBB_6L       10  [TILE 0 0, RBB 4 16]          -     r            2303                                                                                                                                        
   ---------------------------------------------------------------------------------------------------------------------------------------------------------------------------------------------------------------------------------------------------
   RBB_10/AQ                          RBB_6L       10  [TILE 0 0, RBB 4 16]        800     r            3103     {inst73: w_sck_edge_LUT2_O_I1_LUT2_I1_O_FDCE_Q_1 (FDC,site=aff)}                                                                   
   w_sck_edge_LUT2_O_I1_LUT2_I1_O[0]  Net          43            (fanout=5)       1424                     -                                                                                                                                        
   RBB_8/A3                           RBB_6L        8  [TILE 0 0, RBB 4 14]          -     r            4527     {inst53: rx_valid_pulse_FDCE_Q_D_LUT5_O_I3_LUT5_I4 (LUT,site=alut)} {inst72: w_sck_edge_LUT2_O_I1_LUT2_I1_O_FDCE_Q (FDC,site=aff)} 
   ---------------------------------------------------------------------------------------------------------------------------------------------------------------------------------------------------------------------------------------------------
   RBB_8/CLK                          RBB_6L        8  [TILE 0 0, RBB 4 14]        774     r            5301                                                                                                                                        
   clk_BUFG_I_O                       Clock net    53          (fanout=321)      -2303                     -                                                                                                                                        
   clk                                CLOCK-PORT    -                     -    capture     r            2998                                                                                                                                        
   ---------------------------------------------------------------------------------------------------------------------------------------------------------------------------------------------------------------------------------------------------


Path 48:
   Slack (met):                             16877ps
     Path type:                               SETUP
     Group:                               <DEFAULT>
     Launching clock:                           clk (rising edge)
     Capturing clock:                           clk (rising edge)

     Requested period:                      20000ps
   + Delay of the capturing clock:           2446ps
   - Clock uncertainty:                       150ps
   = Required time:                         22296ps
   - Propagation time:                       3117ps (71.0% logic, 29.0% route, logic stage 1)
   - Delay of the launching clock:           2302ps
   = Slack:                                 16877ps

   Instance/Pin or Net Name       Type         ID    Location or Fanout   Delay(ps)  Edge  Arrival Time(ps)    Instance detail                                                                                                                     
   --------------------------------------------------------------------------------------------------------------------------------------------------------------------------------------------------------------------------------------------------
   clk                            CLOCK-PORT    -                     -     launch     r               0                                                                                                                                           
   clk_BUFG_I_O                   Clock net    53          (fanout=321)       2302                     -                                                                                                                                           
   RBB_14/CLK                     RBB_6L       14  [TILE 0 0, RBB 4 12]          -     r            2302                                                                                                                                           
   --------------------------------------------------------------------------------------------------------------------------------------------------------------------------------------------------------------------------------------------------
   RBB_14/CMUX                    RBB_6L       14  [TILE 0 0, RBB 4 12]       1379     r            3681     {inst41: rx_valid_pulse_FDCE_CE_3 (FDCE,site=cffo)}                                                                                   
   rx_valid_pulse_FDCE_CE_3_Q[0]  Net          75            (fanout=1)        904                     -                                                                                                                                           
   RBB_9/D2                       RBB_6L        9  [TILE 0 0, RBB 4 18]          -     r            4585     {inst40: rx_valid_pulse_FDCE_CE_2_Q_FDCE_Q_D_LUT6_O (LUT,site=dlut,dluto)} {inst39: rx_valid_pulse_FDCE_CE_2_Q_FDCE_Q (FDC,site=dff)} 
   --------------------------------------------------------------------------------------------------------------------------------------------------------------------------------------------------------------------------------------------------
   RBB_9/CLK                      RBB_6L        9  [TILE 0 0, RBB 4 18]        834     r            5419                                                                                                                                           
   clk_BUFG_I_O                   Clock net    53          (fanout=321)      -2446                     -                                                                                                                                           
   clk                            CLOCK-PORT    -                     -    capture     r            2973                                                                                                                                           
   --------------------------------------------------------------------------------------------------------------------------------------------------------------------------------------------------------------------------------------------------


Path 47:
   Slack (met):                             16878ps
     Path type:                               SETUP
     Group:                               <DEFAULT>
     Launching clock:                           clk (rising edge)
     Capturing clock:                           clk (rising edge)

     Requested period:                      20000ps
   + Delay of the capturing clock:           2440ps
   - Clock uncertainty:                       150ps
   = Required time:                         22290ps
   - Propagation time:                       3109ps (72.0% logic, 28.0% route, logic stage 1)
   - Delay of the launching clock:           2303ps
   = Slack:                                 16878ps

   Instance/Pin or Net Name              Type         ID    Location or Fanout   Delay(ps)  Edge  Arrival Time(ps)    Instance detail                                                                                                                                  
   ----------------------------------------------------------------------------------------------------------------------------------------------------------------------------------------------------------------------------------------------------------------------
   clk                                   CLOCK-PORT    -                     -     launch     r               0                                                                                                                                                        
   clk_BUFG_I_O                          Clock net    53          (fanout=321)       2303                     -                                                                                                                                                        
   RBB_8/CLK                             RBB_6L        8  [TILE 0 0, RBB 4 14]          -     r            2303                                                                                                                                                        
   ----------------------------------------------------------------------------------------------------------------------------------------------------------------------------------------------------------------------------------------------------------------------
   RBB_8/CMUX                            RBB_6L        8  [TILE 0 0, RBB 4 14]       1379     r            3682     {inst23: r_ss_n_sync_FDPE_Q (FDP,site=cffo)}                                                                                                       
   rx_valid_pulse_FDCE_Q_D_LUT5_O_I3[0]  Net          69            (fanout=5)        871                     -                                                                                                                                                        
   RBB_12/D4                             RBB_6L       12  [TILE 0 0, RBB 1 14]          -     r            4553     {inst51: rx_valid_pulse_FDCE_Q_D_LUT5_O_I3_CARRY4_CO_O_2_LUT4_I3 (LUT,site=dlut)} {inst74: w_sck_edge_LUT2_O_I1_LUT2_I1_O_FDCE_Q_2 (FDC,site=dff)} 
   ----------------------------------------------------------------------------------------------------------------------------------------------------------------------------------------------------------------------------------------------------------------------
   RBB_12/CLK                            RBB_6L       12  [TILE 0 0, RBB 1 14]        859     r            5412                                                                                                                                                        
   clk_BUFG_I_O                          Clock net    53          (fanout=321)      -2440                     -                                                                                                                                                        
   clk                                   CLOCK-PORT    -                     -    capture     r            2972                                                                                                                                                        
   ----------------------------------------------------------------------------------------------------------------------------------------------------------------------------------------------------------------------------------------------------------------------


Path 75:
   Slack (met):                             16927ps
     Path type:                               SETUP
     Group:                               <DEFAULT>
     Launching clock:                           clk (rising edge)
     Capturing clock:                           clk (rising edge)

     Requested period:                      20000ps
   + Delay of the capturing clock:           2446ps
   - Clock uncertainty:                       150ps
   = Required time:                         22296ps
   - Propagation time:                       3082ps (50.9% logic, 49.1% route, logic stage 1)
   - Delay of the launching clock:           2287ps
   = Slack:                                 16927ps

   Instance/Pin or Net Name   Type         ID    Location or Fanout   Delay(ps)  Edge  Arrival Time(ps)    Instance detail                                                                         
   --------------------------------------------------------------------------------------------------------------------------------------------------------------------------------------------------
   clk                        CLOCK-PORT    -                     -     launch     r               0                                                                                               
   clk_BUFG_I_O               Clock net    53          (fanout=321)       2287                     -                                                                                               
   RBB_15/CLK                 RBB_6L       15  [TILE 0 0, RBB 1 16]          -     r            2287                                                                                               
   --------------------------------------------------------------------------------------------------------------------------------------------------------------------------------------------------
   RBB_15/DQ                  RBB_6L       15  [TILE 0 0, RBB 1 16]        800     r            3087     {inst56: spi_miso_LUT6_I0_I2_FDCE_Q (FDCE,site=dff)}                                      
   spi_miso_LUT6_I0_I2[0]     Net          24            (fanout=1)       1514                     -                                                                                               
   RBB_9/B2                   RBB_6L        9  [TILE 0 0, RBB 4 18]          -     r            4601     {inst55: spi_miso_LUT6_I0 (LUT,site=blut,bluto)} {inst54: spi_miso_FDCE_Q (FDC,site=bff)} 
   --------------------------------------------------------------------------------------------------------------------------------------------------------------------------------------------------
   RBB_9/CLK                  RBB_6L        9  [TILE 0 0, RBB 4 18]        768     r            5369                                                                                               
   clk_BUFG_I_O               Clock net    53          (fanout=321)      -2446                     -                                                                                               
   clk                        CLOCK-PORT    -                     -    capture     r            2923                                                                                               
   --------------------------------------------------------------------------------------------------------------------------------------------------------------------------------------------------


Path 74:
   Slack (met):                             16978ps
     Path type:                               SETUP
     Group:                               <DEFAULT>
     Launching clock:                           clk (rising edge)
     Capturing clock:                           clk (rising edge)

     Requested period:                      20000ps
   + Delay of the capturing clock:           2303ps
   - Clock uncertainty:                       150ps
   = Required time:                         22153ps
   - Propagation time:                       2873ps (53.0% logic, 47.0% route, logic stage 1)
   - Delay of the launching clock:           2302ps
   = Slack:                                 16978ps

   Instance/Pin or Net Name                               Type         ID    Location or Fanout   Delay(ps)  Edge  Arrival Time(ps)    Instance detail                                                                                                                               
   ------------------------------------------------------------------------------------------------------------------------------------------------------------------------------------------------------------------------------------------------------------------------------------
   clk                                                    CLOCK-PORT    -                     -     launch     r               0                                                                                                                                                     
   clk_BUFG_I_O                                           Clock net    53          (fanout=321)       2302                     -                                                                                                                                                     
   RBB_14/CLK                                             RBB_6L       14  [TILE 0 0, RBB 4 12]          -     r            2302                                                                                                                                                     
   ------------------------------------------------------------------------------------------------------------------------------------------------------------------------------------------------------------------------------------------------------------------------------------
   RBB_14/BQ                                              RBB_6L       14  [TILE 0 0, RBB 4 12]        800     r            3102     {inst44: rx_valid_pulse_FDCE_CE_4 (FDCE,site=bff)}                                                                                              
   spi_miso_en_INV_O_I_LUT2_I0_O_FDCE_Q_1_D_LUT6_O_I2[0]  Net          29            (fanout=1)       1351                     -                                                                                                                                                     
   RBB_10/B2                                              RBB_6L       10  [TILE 0 0, RBB 4 16]          -     r            4453     {inst66: spi_miso_en_INV_O_I_LUT2_I0_O_FDCE_Q_1_D_LUT6_O (LUT,site=blut,bluto)} {inst65: spi_miso_en_INV_O_I_LUT2_I0_O_FDCE_Q_1 (FDC,site=bff)} 
   ------------------------------------------------------------------------------------------------------------------------------------------------------------------------------------------------------------------------------------------------------------------------------------
   RBB_10/CLK                                             RBB_6L       10  [TILE 0 0, RBB 4 16]        722     r            5175                                                                                                                                                     
   clk_BUFG_I_O                                           Clock net    53          (fanout=321)      -2303                     -                                                                                                                                                     
   clk                                                    CLOCK-PORT    -                     -    capture     r            2872                                                                                                                                                     
   ------------------------------------------------------------------------------------------------------------------------------------------------------------------------------------------------------------------------------------------------------------------------------------


Path 96:
   Slack (met):                             16980ps
     Path type:                               SETUP
     Group:                               <DEFAULT>
     Launching clock:                           clk (rising edge)
     Capturing clock:                           clk (rising edge)

     Requested period:                      20000ps
   + Delay of the capturing clock:           2303ps
   - Clock uncertainty:                       150ps
   = Required time:                         22153ps
   - Propagation time:                       2870ps (61.4% logic, 38.6% route, logic stage 1)
   - Delay of the launching clock:           2303ps
   = Slack:                                 16980ps

   Instance/Pin or Net Name           Type         ID    Location or Fanout   Delay(ps)  Edge  Arrival Time(ps)    Instance detail                                                                                         
   --------------------------------------------------------------------------------------------------------------------------------------------------------------------------------------------------------------------------
   clk                                CLOCK-PORT    -                     -     launch     r               0                                                                                                               
   clk_BUFG_I_O                       Clock net    53          (fanout=321)       2303                     -                                                                                                               
   RBB_8/CLK                          RBB_6L        8  [TILE 0 0, RBB 4 14]          -     r            2303                                                                                                               
   --------------------------------------------------------------------------------------------------------------------------------------------------------------------------------------------------------------------------
   RBB_8/AQ                           RBB_6L        8  [TILE 0 0, RBB 4 14]        800     r            3103     {inst72: w_sck_edge_LUT2_O_I1_LUT2_I1_O_FDCE_Q (FDC,site=aff)}                                            
   w_sck_edge_LUT2_O_I1_LUT2_I1_O[1]  Net          42            (fanout=4)       1108                     -                                                                                                               
   RBB_8/B2                           RBB_6L        8  [TILE 0 0, RBB 4 14]          -     r            4211     {inst48: rx_valid_pulse_FDCE_Q_D_LUT5_O (LUT,site=bluto)} {inst47: rx_valid_pulse_FDCE_Q (FDC,site=bffo)} 
   --------------------------------------------------------------------------------------------------------------------------------------------------------------------------------------------------------------------------
   RBB_8/CLK                          RBB_6L        8  [TILE 0 0, RBB 4 14]        962     r            5173                                                                                                               
   clk_BUFG_I_O                       Clock net    53          (fanout=321)      -2303                     -                                                                                                               
   clk                                CLOCK-PORT    -                     -    capture     r            2870                                                                                                               
   --------------------------------------------------------------------------------------------------------------------------------------------------------------------------------------------------------------------------


Path 62:
   Slack (met):                             16992ps
     Path type:                               SETUP
     Group:                               <DEFAULT>
     Launching clock:                           clk (rising edge)
     Capturing clock:                           clk (rising edge)

     Requested period:                      20000ps
   + Delay of the capturing clock:           2446ps
   - Clock uncertainty:                       150ps
   = Required time:                         22296ps
   - Propagation time:                       3002ps (52.4% logic, 47.6% route, logic stage 1)
   - Delay of the launching clock:           2302ps
   = Slack:                                 16992ps

   Instance/Pin or Net Name       Type         ID    Location or Fanout   Delay(ps)  Edge  Arrival Time(ps)    Instance detail                                                                                                                               
   ------------------------------------------------------------------------------------------------------------------------------------------------------------------------------------------------------------------------------------------------------------
   clk                            CLOCK-PORT    -                     -     launch     r               0                                                                                                                                                     
   clk_BUFG_I_O                   Clock net    53          (fanout=321)       2302                     -                                                                                                                                                     
   RBB_14/CLK                     RBB_6L       14  [TILE 0 0, RBB 4 12]          -     r            2302                                                                                                                                                     
   ------------------------------------------------------------------------------------------------------------------------------------------------------------------------------------------------------------------------------------------------------------
   RBB_14/AQ                      RBB_6L       14  [TILE 0 0, RBB 4 12]        800     r            3102     {inst45: rx_valid_pulse_FDCE_CE_5 (FDCE,site=aff)}                                                                                              
   rx_valid_pulse_FDCE_CE_5_Q[0]  Net          26            (fanout=1)       1428                     -                                                                                                                                                     
   RBB_9/A2                       RBB_6L        9  [TILE 0 0, RBB 4 18]          -     r            4530     {inst46: rx_valid_pulse_FDCE_CE_5_Q_LUT5_I2 (LUT,site=alut)} {inst67: spi_miso_en_INV_O_I_LUT2_I0_O_FDCE_Q_1_D_LUT6_O_I2_FDCE_Q (FDC,site=aff)} 
   ------------------------------------------------------------------------------------------------------------------------------------------------------------------------------------------------------------------------------------------------------------
   RBB_9/CLK                      RBB_6L        9  [TILE 0 0, RBB 4 18]        774     r            5304                                                                                                                                                     
   clk_BUFG_I_O                   Clock net    53          (fanout=321)      -2446                     -                                                                                                                                                     
   clk                            CLOCK-PORT    -                     -    capture     r            2858                                                                                                                                                     
   ------------------------------------------------------------------------------------------------------------------------------------------------------------------------------------------------------------------------------------------------------------


Path 51:
   Slack (met):                             16998ps
     Path type:                               SETUP
     Group:                               <DEFAULT>
     Launching clock:                           clk (rising edge)
     Capturing clock:                           clk (rising edge)

     Requested period:                      20000ps
   + Delay of the capturing clock:           2302ps
   - Clock uncertainty:                       150ps
   = Required time:                         22152ps
   - Propagation time:                       2851ps (76.1% logic, 23.9% route, logic stage 1)
   - Delay of the launching clock:           2303ps
   = Slack:                                 16998ps

   Instance/Pin or Net Name   Type         ID    Location or Fanout   Delay(ps)  Edge  Arrival Time(ps)    Instance detail                                      
   ---------------------------------------------------------------------------------------------------------------------------------------------------------------
   clk                        CLOCK-PORT    -                     -     launch     r               0                                                            
   clk_BUFG_I_O               Clock net    53          (fanout=321)       2303                     -                                                            
   RBB_8/CLK                  RBB_6L        8  [TILE 0 0, RBB 4 14]          -     r            2303                                                            
   ---------------------------------------------------------------------------------------------------------------------------------------------------------------
   RBB_8/BMUX                 RBB_6L        8  [TILE 0 0, RBB 4 14]       1350     r            3653     {inst47: rx_valid_pulse_FDCE_Q (FDC,site=bffo)}        
   led_FDCE_Q_D_LUT4_O_I2[0]  Net          58            (fanout=3)        681                     -                                                            
   RBB_14/A6                  RBB_6L       14  [TILE 0 0, RBB 4 12]          -     r            4334     {<CE>inst44: rx_valid_pulse_FDCE_CE_4 (FDCE,site=bff)} 
   ---------------------------------------------------------------------------------------------------------------------------------------------------------------
   RBB_14/CLK                 RBB_6L       14  [TILE 0 0, RBB 4 12]        820     r            5154                                                            
   clk_BUFG_I_O               Clock net    53          (fanout=321)      -2302                     -                                                            
   clk                        CLOCK-PORT    -                     -    capture     r            2852                                                            
   ---------------------------------------------------------------------------------------------------------------------------------------------------------------


Path 54:
   Slack (met):                             16998ps
     Path type:                               SETUP
     Group:                               <DEFAULT>
     Launching clock:                           clk (rising edge)
     Capturing clock:                           clk (rising edge)

     Requested period:                      20000ps
   + Delay of the capturing clock:           2302ps
   - Clock uncertainty:                       150ps
   = Required time:                         22152ps
   - Propagation time:                       2851ps (76.1% logic, 23.9% route, logic stage 1)
   - Delay of the launching clock:           2303ps
   = Slack:                                 16998ps

   Instance/Pin or Net Name   Type         ID    Location or Fanout   Delay(ps)  Edge  Arrival Time(ps)    Instance detail                                      
   ---------------------------------------------------------------------------------------------------------------------------------------------------------------
   clk                        CLOCK-PORT    -                     -     launch     r               0                                                            
   clk_BUFG_I_O               Clock net    53          (fanout=321)       2303                     -                                                            
   RBB_8/CLK                  RBB_6L        8  [TILE 0 0, RBB 4 14]          -     r            2303                                                            
   ---------------------------------------------------------------------------------------------------------------------------------------------------------------
   RBB_8/BMUX                 RBB_6L        8  [TILE 0 0, RBB 4 14]       1350     r            3653     {inst47: rx_valid_pulse_FDCE_Q (FDC,site=bffo)}        
   led_FDCE_Q_D_LUT4_O_I2[0]  Net          58            (fanout=3)        681                     -                                                            
   RBB_14/A6                  RBB_6L       14  [TILE 0 0, RBB 4 12]          -     r            4334     {<CE>inst45: rx_valid_pulse_FDCE_CE_5 (FDCE,site=aff)} 
   ---------------------------------------------------------------------------------------------------------------------------------------------------------------
   RBB_14/CLK                 RBB_6L       14  [TILE 0 0, RBB 4 12]        820     r            5154                                                            
   clk_BUFG_I_O               Clock net    53          (fanout=321)      -2302                     -                                                            
   clk                        CLOCK-PORT    -                     -    capture     r            2852                                                            
   ---------------------------------------------------------------------------------------------------------------------------------------------------------------


Path 50:
   Slack (met):                             16998ps
     Path type:                               SETUP
     Group:                               <DEFAULT>
     Launching clock:                           clk (rising edge)
     Capturing clock:                           clk (rising edge)

     Requested period:                      20000ps
   + Delay of the capturing clock:           2302ps
   - Clock uncertainty:                       150ps
   = Required time:                         22152ps
   - Propagation time:                       2851ps (76.1% logic, 23.9% route, logic stage 1)
   - Delay of the launching clock:           2303ps
   = Slack:                                 16998ps

   Instance/Pin or Net Name   Type         ID    Location or Fanout   Delay(ps)  Edge  Arrival Time(ps)    Instance detail                                       
   ----------------------------------------------------------------------------------------------------------------------------------------------------------------
   clk                        CLOCK-PORT    -                     -     launch     r               0                                                             
   clk_BUFG_I_O               Clock net    53          (fanout=321)       2303                     -                                                             
   RBB_8/CLK                  RBB_6L        8  [TILE 0 0, RBB 4 14]          -     r            2303                                                             
   ----------------------------------------------------------------------------------------------------------------------------------------------------------------
   RBB_8/BMUX                 RBB_6L        8  [TILE 0 0, RBB 4 14]       1350     r            3653     {inst47: rx_valid_pulse_FDCE_Q (FDC,site=bffo)}         
   led_FDCE_Q_D_LUT4_O_I2[0]  Net          58            (fanout=3)        681                     -                                                             
   RBB_14/A6                  RBB_6L       14  [TILE 0 0, RBB 4 12]          -     r            4334     {<CE>inst41: rx_valid_pulse_FDCE_CE_3 (FDCE,site=cffo)} 
   ----------------------------------------------------------------------------------------------------------------------------------------------------------------
   RBB_14/CLK                 RBB_6L       14  [TILE 0 0, RBB 4 12]        820     r            5154                                                             
   clk_BUFG_I_O               Clock net    53          (fanout=321)      -2302                     -                                                             
   clk                        CLOCK-PORT    -                     -    capture     r            2852                                                             
   ----------------------------------------------------------------------------------------------------------------------------------------------------------------


Path 53:
   Slack (met):                             16998ps
     Path type:                               SETUP
     Group:                               <DEFAULT>
     Launching clock:                           clk (rising edge)
     Capturing clock:                           clk (rising edge)

     Requested period:                      20000ps
   + Delay of the capturing clock:           2302ps
   - Clock uncertainty:                       150ps
   = Required time:                         22152ps
   - Propagation time:                       2851ps (76.1% logic, 23.9% route, logic stage 1)
   - Delay of the launching clock:           2303ps
   = Slack:                                 16998ps

   Instance/Pin or Net Name   Type         ID    Location or Fanout   Delay(ps)  Edge  Arrival Time(ps)    Instance detail                                    
   -------------------------------------------------------------------------------------------------------------------------------------------------------------
   clk                        CLOCK-PORT    -                     -     launch     r               0                                                          
   clk_BUFG_I_O               Clock net    53          (fanout=321)       2303                     -                                                          
   RBB_8/CLK                  RBB_6L        8  [TILE 0 0, RBB 4 14]          -     r            2303                                                          
   -------------------------------------------------------------------------------------------------------------------------------------------------------------
   RBB_8/BMUX                 RBB_6L        8  [TILE 0 0, RBB 4 14]       1350     r            3653     {inst47: rx_valid_pulse_FDCE_Q (FDC,site=bffo)}      
   led_FDCE_Q_D_LUT4_O_I2[0]  Net          58            (fanout=3)        681                     -                                                          
   RBB_14/A6                  RBB_6L       14  [TILE 0 0, RBB 4 12]          -     r            4334     {<CE>inst34: rx_valid_pulse_FDCE_CE (FDCE,site=dff)} 
   -------------------------------------------------------------------------------------------------------------------------------------------------------------
   RBB_14/CLK                 RBB_6L       14  [TILE 0 0, RBB 4 12]        820     r            5154                                                          
   clk_BUFG_I_O               Clock net    53          (fanout=321)      -2302                     -                                                          
   clk                        CLOCK-PORT    -                     -    capture     r            2852                                                          
   -------------------------------------------------------------------------------------------------------------------------------------------------------------


Path 52:
   Slack (met):                             16998ps
     Path type:                               SETUP
     Group:                               <DEFAULT>
     Launching clock:                           clk (rising edge)
     Capturing clock:                           clk (rising edge)

     Requested period:                      20000ps
   + Delay of the capturing clock:           2302ps
   - Clock uncertainty:                       150ps
   = Required time:                         22152ps
   - Propagation time:                       2851ps (76.1% logic, 23.9% route, logic stage 1)
   - Delay of the launching clock:           2303ps
   = Slack:                                 16998ps

   Instance/Pin or Net Name   Type         ID    Location or Fanout   Delay(ps)  Edge  Arrival Time(ps)    Instance detail                                      
   ---------------------------------------------------------------------------------------------------------------------------------------------------------------
   clk                        CLOCK-PORT    -                     -     launch     r               0                                                            
   clk_BUFG_I_O               Clock net    53          (fanout=321)       2303                     -                                                            
   RBB_8/CLK                  RBB_6L        8  [TILE 0 0, RBB 4 14]          -     r            2303                                                            
   ---------------------------------------------------------------------------------------------------------------------------------------------------------------
   RBB_8/BMUX                 RBB_6L        8  [TILE 0 0, RBB 4 14]       1350     r            3653     {inst47: rx_valid_pulse_FDCE_Q (FDC,site=bffo)}        
   led_FDCE_Q_D_LUT4_O_I2[0]  Net          58            (fanout=3)        681                     -                                                            
   RBB_14/A6                  RBB_6L       14  [TILE 0 0, RBB 4 12]          -     r            4334     {<CE>inst35: rx_valid_pulse_FDCE_CE_1 (FDCE,site=cff)} 
   ---------------------------------------------------------------------------------------------------------------------------------------------------------------
   RBB_14/CLK                 RBB_6L       14  [TILE 0 0, RBB 4 12]        820     r            5154                                                            
   clk_BUFG_I_O               Clock net    53          (fanout=321)      -2302                     -                                                            
   clk                        CLOCK-PORT    -                     -    capture     r            2852                                                            
   ---------------------------------------------------------------------------------------------------------------------------------------------------------------


Path 78:
   Slack (met):                             17002ps
     Path type:                               SETUP
     Group:                               <DEFAULT>
     Launching clock:                           clk (rising edge)
     Capturing clock:                           clk (rising edge)

     Requested period:                      20000ps
   + Delay of the capturing clock:           2302ps
   - Clock uncertainty:                       150ps
   = Required time:                         22152ps
   - Propagation time:                       2862ps (48.6% logic, 51.4% route, logic stage 1)
   - Delay of the launching clock:           2288ps
   = Slack:                                 17002ps

   Instance/Pin or Net Name   Type         ID    Location or Fanout   Delay(ps)  Edge  Arrival Time(ps)    Instance detail                                  
   -----------------------------------------------------------------------------------------------------------------------------------------------------------
   clk                        CLOCK-PORT    -                     -     launch     r               0                                                        
   clk_BUFG_I_O               Clock net    53          (fanout=321)       2288                     -                                                        
   RBB_11/CLK                 RBB_6L       11  [TILE 0 0, RBB 4 10]          -     r            2288                                                        
   -----------------------------------------------------------------------------------------------------------------------------------------------------------
   RBB_11/AQ                  RBB_6L       11  [TILE 0 0, RBB 4 10]        800     r            3088     {inst28: rx_data_wire_FDCE_Q_2 (FDCE,site=aff)}    
   rx_data_wire[5]            Net          13            (fanout=4)       1471                     -                                                        
   RBB_14/C6                  RBB_6L       14  [TILE 0 0, RBB 4 12]          -     r            4559     {inst35: rx_valid_pulse_FDCE_CE_1 (FDCE,site=cff)} 
   -----------------------------------------------------------------------------------------------------------------------------------------------------------
   RBB_14/CLK                 RBB_6L       14  [TILE 0 0, RBB 4 12]        591     r            5150                                                        
   clk_BUFG_I_O               Clock net    53          (fanout=321)      -2302                     -                                                        
   clk                        CLOCK-PORT    -                     -    capture     r            2848                                                        
   -----------------------------------------------------------------------------------------------------------------------------------------------------------


Path 73:
   Slack (met):                             17006ps
     Path type:                               SETUP
     Group:                               <DEFAULT>
     Launching clock:                           clk (rising edge)
     Capturing clock:                           clk (rising edge)

     Requested period:                      20000ps
   + Delay of the capturing clock:           2303ps
   - Clock uncertainty:                       150ps
   = Required time:                         22153ps
   - Propagation time:                       2701ps (56.3% logic, 43.7% route, logic stage 1)
   - Delay of the launching clock:           2446ps
   = Slack:                                 17006ps

   Instance/Pin or Net Name                               Type         ID    Location or Fanout   Delay(ps)  Edge  Arrival Time(ps)    Instance detail                                                                                                                               
   ------------------------------------------------------------------------------------------------------------------------------------------------------------------------------------------------------------------------------------------------------------------------------------
   clk                                                    CLOCK-PORT    -                     -     launch     r               0                                                                                                                                                     
   clk_BUFG_I_O                                           Clock net    53          (fanout=321)       2446                     -                                                                                                                                                     
   RBB_9/CLK                                              RBB_6L        9  [TILE 0 0, RBB 4 18]          -     r            2446                                                                                                                                                     
   ------------------------------------------------------------------------------------------------------------------------------------------------------------------------------------------------------------------------------------------------------------------------------------
   RBB_9/AQ                                               RBB_6L        9  [TILE 0 0, RBB 4 18]        800     r            3246     {inst67: spi_miso_en_INV_O_I_LUT2_I0_O_FDCE_Q_1_D_LUT6_O_I2_FDCE_Q (FDC,site=aff)}                                                              
   spi_miso_en_INV_O_I_LUT2_I0_O_FDCE_Q_1_D_LUT6_O_I2[1]  Net          30            (fanout=2)       1179                     -                                                                                                                                                     
   RBB_10/B3                                              RBB_6L       10  [TILE 0 0, RBB 4 16]          -     r            4425     {inst66: spi_miso_en_INV_O_I_LUT2_I0_O_FDCE_Q_1_D_LUT6_O (LUT,site=blut,bluto)} {inst65: spi_miso_en_INV_O_I_LUT2_I0_O_FDCE_Q_1 (FDC,site=bff)} 
   ------------------------------------------------------------------------------------------------------------------------------------------------------------------------------------------------------------------------------------------------------------------------------------
   RBB_10/CLK                                             RBB_6L       10  [TILE 0 0, RBB 4 16]        722     r            5147                                                                                                                                                     
   clk_BUFG_I_O                                           Clock net    53          (fanout=321)      -2303                     -                                                                                                                                                     
   clk                                                    CLOCK-PORT    -                     -    capture     r            2844                                                                                                                                                     
   ------------------------------------------------------------------------------------------------------------------------------------------------------------------------------------------------------------------------------------------------------------------------------------


Path 85:
   Slack (met):                             17008ps
     Path type:                               SETUP
     Group:                               <DEFAULT>
     Launching clock:                           clk (rising edge)
     Capturing clock:                           clk (rising edge)

     Requested period:                      20000ps
   + Delay of the capturing clock:           2303ps
   - Clock uncertainty:                       150ps
   = Required time:                         22153ps
   - Propagation time:                       2842ps (78.7% logic, 21.3% route, logic stage 1)
   - Delay of the launching clock:           2303ps
   = Slack:                                 17008ps

   Instance/Pin or Net Name              Type         ID    Location or Fanout   Delay(ps)  Edge  Arrival Time(ps)    Instance detail                                                                                                                  
   ------------------------------------------------------------------------------------------------------------------------------------------------------------------------------------------------------------------------------------------------------
   clk                                   CLOCK-PORT    -                     -     launch     r               0                                                                                                                                        
   clk_BUFG_I_O                          Clock net    53          (fanout=321)       2303                     -                                                                                                                                        
   RBB_8/CLK                             RBB_6L        8  [TILE 0 0, RBB 4 14]          -     r            2303                                                                                                                                        
   ------------------------------------------------------------------------------------------------------------------------------------------------------------------------------------------------------------------------------------------------------
   RBB_8/CMUX                            RBB_6L        8  [TILE 0 0, RBB 4 14]       1379     r            3682     {inst23: r_ss_n_sync_FDPE_Q (FDP,site=cffo)}                                                                                       
   rx_valid_pulse_FDCE_Q_D_LUT5_O_I3[0]  Net          69            (fanout=5)        606                     -                                                                                                                                        
   RBB_8/A5                              RBB_6L        8  [TILE 0 0, RBB 4 14]          -     r            4288     {inst53: rx_valid_pulse_FDCE_Q_D_LUT5_O_I3_LUT5_I4 (LUT,site=alut)} {inst72: w_sck_edge_LUT2_O_I1_LUT2_I1_O_FDCE_Q (FDC,site=aff)} 
   ------------------------------------------------------------------------------------------------------------------------------------------------------------------------------------------------------------------------------------------------------
   RBB_8/CLK                             RBB_6L        8  [TILE 0 0, RBB 4 14]        857     r            5145                                                                                                                                        
   clk_BUFG_I_O                          Clock net    53          (fanout=321)      -2303                     -                                                                                                                                        
   clk                                   CLOCK-PORT    -                     -    capture     r            2842                                                                                                                                        
   ------------------------------------------------------------------------------------------------------------------------------------------------------------------------------------------------------------------------------------------------------


Path 76:
   Slack (met):                             17012ps
     Path type:                               SETUP
     Group:                               <DEFAULT>
     Launching clock:                           clk (rising edge)
     Capturing clock:                           clk (rising edge)

     Requested period:                      20000ps
   + Delay of the capturing clock:           2302ps
   - Clock uncertainty:                       150ps
   = Required time:                         22152ps
   - Propagation time:                       2852ps (49.7% logic, 50.3% route, logic stage 1)
   - Delay of the launching clock:           2288ps
   = Slack:                                 17012ps

   Instance/Pin or Net Name   Type         ID    Location or Fanout   Delay(ps)  Edge  Arrival Time(ps)    Instance detail                                
   ---------------------------------------------------------------------------------------------------------------------------------------------------------
   clk                        CLOCK-PORT    -                     -     launch     r               0                                                      
   clk_BUFG_I_O               Clock net    53          (fanout=321)       2288                     -                                                      
   RBB_11/CLK                 RBB_6L       11  [TILE 0 0, RBB 4 10]          -     r            2288                                                      
   ---------------------------------------------------------------------------------------------------------------------------------------------------------
   RBB_11/BQ                  RBB_6L       11  [TILE 0 0, RBB 4 10]        800     r            3088     {inst27: rx_data_wire_FDCE_Q_1 (FDCE,site=bff)}  
   rx_data_wire[6]            Net          16            (fanout=4)       1435                     -                                                      
   RBB_14/D6                  RBB_6L       14  [TILE 0 0, RBB 4 12]          -     r            4523     {inst34: rx_valid_pulse_FDCE_CE (FDCE,site=dff)} 
   ---------------------------------------------------------------------------------------------------------------------------------------------------------
   RBB_14/CLK                 RBB_6L       14  [TILE 0 0, RBB 4 12]        617     r            5140                                                      
   clk_BUFG_I_O               Clock net    53          (fanout=321)      -2302                     -                                                      
   clk                        CLOCK-PORT    -                     -    capture     r            2838                                                      
   ---------------------------------------------------------------------------------------------------------------------------------------------------------


Path 93:
   Slack (met):                             17013ps
     Path type:                               SETUP
     Group:                               <DEFAULT>
     Launching clock:                           clk (rising edge)
     Capturing clock:                           clk (rising edge)

     Requested period:                      20000ps
   + Delay of the capturing clock:           2440ps
   - Clock uncertainty:                       150ps
   = Required time:                         22290ps
   - Propagation time:                       2837ps (60.8% logic, 39.2% route, logic stage 1)
   - Delay of the launching clock:           2440ps
   = Slack:                                 17013ps

   Instance/Pin or Net Name           Type         ID    Location or Fanout   Delay(ps)  Edge  Arrival Time(ps)    Instance detail                                                                                                                                  
   -------------------------------------------------------------------------------------------------------------------------------------------------------------------------------------------------------------------------------------------------------------------
   clk                                CLOCK-PORT    -                     -     launch     r               0                                                                                                                                                        
   clk_BUFG_I_O                       Clock net    53          (fanout=321)       2440                     -                                                                                                                                                        
   RBB_12/CLK                         RBB_6L       12  [TILE 0 0, RBB 1 14]          -     r            2440                                                                                                                                                        
   -------------------------------------------------------------------------------------------------------------------------------------------------------------------------------------------------------------------------------------------------------------------
   RBB_12/DQ                          RBB_6L       12  [TILE 0 0, RBB 1 14]        800     r            3240     {inst74: w_sck_edge_LUT2_O_I1_LUT2_I1_O_FDCE_Q_2 (FDC,site=dff)}                                                                                   
   w_sck_edge_LUT2_O_I1_LUT2_I1_O[2]  Net          45            (fanout=3)       1112                     -                                                                                                                                                        
   RBB_12/D1                          RBB_6L       12  [TILE 0 0, RBB 1 14]          -     r            4352     {inst51: rx_valid_pulse_FDCE_Q_D_LUT5_O_I3_CARRY4_CO_O_2_LUT4_I3 (LUT,site=dlut)} {inst74: w_sck_edge_LUT2_O_I1_LUT2_I1_O_FDCE_Q_2 (FDC,site=dff)} 
   -------------------------------------------------------------------------------------------------------------------------------------------------------------------------------------------------------------------------------------------------------------------
   RBB_12/CLK                         RBB_6L       12  [TILE 0 0, RBB 1 14]        925     r            5277                                                                                                                                                        
   clk_BUFG_I_O                       Clock net    53          (fanout=321)      -2440                     -                                                                                                                                                        
   clk                                CLOCK-PORT    -                     -    capture     r            2837                                                                                                                                                        
   -------------------------------------------------------------------------------------------------------------------------------------------------------------------------------------------------------------------------------------------------------------------


Path 95:
   Slack (met):                             17023ps
     Path type:                               SETUP
     Group:                               <DEFAULT>
     Launching clock:                           clk (rising edge)
     Capturing clock:                           clk (rising edge)

     Requested period:                      20000ps
   + Delay of the capturing clock:           2303ps
   - Clock uncertainty:                       150ps
   = Required time:                         22153ps
   - Propagation time:                       2827ps (58.8% logic, 41.2% route, logic stage 1)
   - Delay of the launching clock:           2303ps
   = Slack:                                 17023ps

   Instance/Pin or Net Name       Type         ID    Location or Fanout   Delay(ps)  Edge  Arrival Time(ps)    Instance detail                                                                                                                     
   --------------------------------------------------------------------------------------------------------------------------------------------------------------------------------------------------------------------------------------------------
   clk                            CLOCK-PORT    -                     -     launch     r               0                                                                                                                                           
   clk_BUFG_I_O                   Clock net    53          (fanout=321)       2303                     -                                                                                                                                           
   RBB_8/CLK                      RBB_6L        8  [TILE 0 0, RBB 4 14]          -     r            2303                                                                                                                                           
   --------------------------------------------------------------------------------------------------------------------------------------------------------------------------------------------------------------------------------------------------
   RBB_8/DQ                       RBB_6L        8  [TILE 0 0, RBB 4 14]        800     r            3103     {inst36: rx_valid_pulse_FDCE_CE_1_Q_FDCE_Q (FDC,site=dff)}                                                                            
   rx_valid_pulse_FDCE_CE_1_Q[1]  Net          51            (fanout=2)       1166                     -                                                                                                                                           
   RBB_8/D1                       RBB_6L        8  [TILE 0 0, RBB 4 14]          -     r            4269     {inst37: rx_valid_pulse_FDCE_CE_1_Q_FDCE_Q_D_LUT6_O (LUT,site=dlut,dluto)} {inst36: rx_valid_pulse_FDCE_CE_1_Q_FDCE_Q (FDC,site=dff)} 
   --------------------------------------------------------------------------------------------------------------------------------------------------------------------------------------------------------------------------------------------------
   RBB_8/CLK                      RBB_6L        8  [TILE 0 0, RBB 4 14]        861     r            5130                                                                                                                                           
   clk_BUFG_I_O                   Clock net    53          (fanout=321)      -2303                     -                                                                                                                                           
   clk                            CLOCK-PORT    -                     -    capture     r            2827                                                                                                                                           
   --------------------------------------------------------------------------------------------------------------------------------------------------------------------------------------------------------------------------------------------------


Path 91:
   Slack (met):                             17035ps
     Path type:                               SETUP
     Group:                               <DEFAULT>
     Launching clock:                           clk (rising edge)
     Capturing clock:                           clk (rising edge)

     Requested period:                      20000ps
   + Delay of the capturing clock:           2446ps
   - Clock uncertainty:                       150ps
   = Required time:                         22296ps
   - Propagation time:                       2815ps (59.0% logic, 41.0% route, logic stage 1)
   - Delay of the launching clock:           2446ps
   = Slack:                                 17035ps

   Instance/Pin or Net Name       Type         ID    Location or Fanout   Delay(ps)  Edge  Arrival Time(ps)    Instance detail                                                                                                                     
   --------------------------------------------------------------------------------------------------------------------------------------------------------------------------------------------------------------------------------------------------
   clk                            CLOCK-PORT    -                     -     launch     r               0                                                                                                                                           
   clk_BUFG_I_O                   Clock net    53          (fanout=321)       2446                     -                                                                                                                                           
   RBB_9/CLK                      RBB_6L        9  [TILE 0 0, RBB 4 18]          -     r            2446                                                                                                                                           
   --------------------------------------------------------------------------------------------------------------------------------------------------------------------------------------------------------------------------------------------------
   RBB_9/DQ                       RBB_6L        9  [TILE 0 0, RBB 4 18]        800     r            3246     {inst39: rx_valid_pulse_FDCE_CE_2_Q_FDCE_Q (FDC,site=dff)}                                                                            
   rx_valid_pulse_FDCE_CE_2_Q[1]  Net          28            (fanout=2)       1154                     -                                                                                                                                           
   RBB_9/D1                       RBB_6L        9  [TILE 0 0, RBB 4 18]          -     r            4400     {inst40: rx_valid_pulse_FDCE_CE_2_Q_FDCE_Q_D_LUT6_O (LUT,site=dlut,dluto)} {inst39: rx_valid_pulse_FDCE_CE_2_Q_FDCE_Q (FDC,site=dff)} 
   --------------------------------------------------------------------------------------------------------------------------------------------------------------------------------------------------------------------------------------------------
   RBB_9/CLK                      RBB_6L        9  [TILE 0 0, RBB 4 18]        861     r            5261                                                                                                                                           
   clk_BUFG_I_O                   Clock net    53          (fanout=321)      -2446                     -                                                                                                                                           
   clk                            CLOCK-PORT    -                     -    capture     r            2815                                                                                                                                           
   --------------------------------------------------------------------------------------------------------------------------------------------------------------------------------------------------------------------------------------------------


Path 90:
   Slack (met):                             17037ps
     Path type:                               SETUP
     Group:                               <DEFAULT>
     Launching clock:                           clk (rising edge)
     Capturing clock:                           clk (rising edge)

     Requested period:                      20000ps
   + Delay of the capturing clock:           2303ps
   - Clock uncertainty:                       150ps
   = Required time:                         22153ps
   - Propagation time:                       2813ps (59.0% logic, 41.0% route, logic stage 1)
   - Delay of the launching clock:           2303ps
   = Slack:                                 17037ps

   Instance/Pin or Net Name   Type         ID    Location or Fanout   Delay(ps)  Edge  Arrival Time(ps)    Instance detail                                                                                                           
   ------------------------------------------------------------------------------------------------------------------------------------------------------------------------------------------------------------------------------------
   clk                        CLOCK-PORT    -                     -     launch     r               0                                                                                                                                 
   clk_BUFG_I_O               Clock net    53          (fanout=321)       2303                     -                                                                                                                                 
   RBB_10/CLK                 RBB_6L       10  [TILE 0 0, RBB 4 16]          -     r            2303                                                                                                                                 
   ------------------------------------------------------------------------------------------------------------------------------------------------------------------------------------------------------------------------------------
   RBB_10/DQ                  RBB_6L       10  [TILE 0 0, RBB 4 16]        800     r            3103     {inst57: spi_miso_LUT6_I0_I2_FDCE_Q_1 (FDC,site=dff)}                                                                       
   spi_miso_LUT6_I0_I2[1]     Net          25            (fanout=2)       1152                     -                                                                                                                                 
   RBB_10/D1                  RBB_6L       10  [TILE 0 0, RBB 4 16]          -     r            4255     {inst58: spi_miso_LUT6_I0_I2_FDCE_Q_1_D_LUT6_O (LUT,site=dlut,dluto)} {inst57: spi_miso_LUT6_I0_I2_FDCE_Q_1 (FDC,site=dff)} 
   ------------------------------------------------------------------------------------------------------------------------------------------------------------------------------------------------------------------------------------
   RBB_10/CLK                 RBB_6L       10  [TILE 0 0, RBB 4 16]        861     r            5116                                                                                                                                 
   clk_BUFG_I_O               Clock net    53          (fanout=321)      -2303                     -                                                                                                                                 
   clk                        CLOCK-PORT    -                     -    capture     r            2813                                                                                                                                 
   ------------------------------------------------------------------------------------------------------------------------------------------------------------------------------------------------------------------------------------


Path 45:
   Slack (met):                             17055ps
     Path type:                               SETUP
     Group:                               <DEFAULT>
     Launching clock:                           clk (rising edge)
     Capturing clock:                           clk (rising edge)

     Requested period:                      20000ps
   + Delay of the capturing clock:           2303ps
   - Clock uncertainty:                       150ps
   = Required time:                         22153ps
   - Propagation time:                       2796ps (77.5% logic, 22.5% route, logic stage 1)
   - Delay of the launching clock:           2302ps
   = Slack:                                 17055ps

   Instance/Pin or Net Name       Type         ID    Location or Fanout   Delay(ps)  Edge  Arrival Time(ps)    Instance detail                                                                                                                     
   --------------------------------------------------------------------------------------------------------------------------------------------------------------------------------------------------------------------------------------------------
   clk                            CLOCK-PORT    -                     -     launch     r               0                                                                                                                                           
   clk_BUFG_I_O                   Clock net    53          (fanout=321)       2302                     -                                                                                                                                           
   RBB_14/CLK                     RBB_6L       14  [TILE 0 0, RBB 4 12]          -     r            2302                                                                                                                                           
   --------------------------------------------------------------------------------------------------------------------------------------------------------------------------------------------------------------------------------------------------
   RBB_14/DMUX                    RBB_6L       14  [TILE 0 0, RBB 4 12]       1333     r            3635     {inst38: rx_valid_pulse_FDCE_CE_2 (FDCE,site=dffo)}                                                                                   
   rx_valid_pulse_FDCE_CE_2_Q[0]  Net          27            (fanout=1)        629                     -                                                                                                                                           
   RBB_8/D3                       RBB_6L        8  [TILE 0 0, RBB 4 14]          -     r            4264     {inst37: rx_valid_pulse_FDCE_CE_1_Q_FDCE_Q_D_LUT6_O (LUT,site=dlut,dluto)} {inst36: rx_valid_pulse_FDCE_CE_1_Q_FDCE_Q (FDC,site=dff)} 
   --------------------------------------------------------------------------------------------------------------------------------------------------------------------------------------------------------------------------------------------------
   RBB_8/CLK                      RBB_6L        8  [TILE 0 0, RBB 4 14]        834     r            5098                                                                                                                                           
   clk_BUFG_I_O                   Clock net    53          (fanout=321)      -2303                     -                                                                                                                                           
   clk                            CLOCK-PORT    -                     -    capture     r            2795                                                                                                                                           
   --------------------------------------------------------------------------------------------------------------------------------------------------------------------------------------------------------------------------------------------------


Path 92:
   Slack (met):                             17062ps
     Path type:                               SETUP
     Group:                               <DEFAULT>
     Launching clock:                           clk (rising edge)
     Capturing clock:                           clk (rising edge)

     Requested period:                      20000ps
   + Delay of the capturing clock:           2303ps
   - Clock uncertainty:                       150ps
   = Required time:                         22153ps
   - Propagation time:                       2788ps (59.6% logic, 40.4% route, logic stage 1)
   - Delay of the launching clock:           2303ps
   = Slack:                                 17062ps

   Instance/Pin or Net Name                     Type         ID    Location or Fanout   Delay(ps)  Edge  Arrival Time(ps)    Instance detail                                                                                                           
   ------------------------------------------------------------------------------------------------------------------------------------------------------------------------------------------------------------------------------------------------------
   clk                                          CLOCK-PORT    -                     -     launch     r               0                                                                                                                                 
   clk_BUFG_I_O                                 Clock net    53          (fanout=321)       2303                     -                                                                                                                                 
   RBB_10/CLK                                   RBB_6L       10  [TILE 0 0, RBB 4 16]          -     r            2303                                                                                                                                 
   ------------------------------------------------------------------------------------------------------------------------------------------------------------------------------------------------------------------------------------------------------
   RBB_10/CQ                                    RBB_6L       10  [TILE 0 0, RBB 4 16]        800     r            3103     {inst59: spi_miso_LUT6_I0_I2_FDCE_Q_1_D_LUT6_O_I2_FDCE_Q (FDC,site=cff)}                                                    
   spi_miso_LUT6_I0_I2_FDCE_Q_1_D_LUT6_O_I2[1]  Net          22            (fanout=2)       1127                     -                                                                                                                                 
   RBB_10/D3                                    RBB_6L       10  [TILE 0 0, RBB 4 16]          -     r            4230     {inst58: spi_miso_LUT6_I0_I2_FDCE_Q_1_D_LUT6_O (LUT,site=dlut,dluto)} {inst57: spi_miso_LUT6_I0_I2_FDCE_Q_1 (FDC,site=dff)} 
   ------------------------------------------------------------------------------------------------------------------------------------------------------------------------------------------------------------------------------------------------------
   RBB_10/CLK                                   RBB_6L       10  [TILE 0 0, RBB 4 16]        861     r            5091                                                                                                                                 
   clk_BUFG_I_O                                 Clock net    53          (fanout=321)      -2303                     -                                                                                                                                 
   clk                                          CLOCK-PORT    -                     -    capture     r            2788                                                                                                                                 
   ------------------------------------------------------------------------------------------------------------------------------------------------------------------------------------------------------------------------------------------------------


Path 94:
   Slack (met):                             17065ps
     Path type:                               SETUP
     Group:                               <DEFAULT>
     Launching clock:                           clk (rising edge)
     Capturing clock:                           clk (rising edge)

     Requested period:                      20000ps
   + Delay of the capturing clock:           2446ps
   - Clock uncertainty:                       150ps
   = Required time:                         22296ps
   - Propagation time:                       2785ps (59.6% logic, 40.4% route, logic stage 1)
   - Delay of the launching clock:           2446ps
   = Slack:                                 17065ps

   Instance/Pin or Net Name       Type         ID    Location or Fanout   Delay(ps)  Edge  Arrival Time(ps)    Instance detail                                                                                                                     
   --------------------------------------------------------------------------------------------------------------------------------------------------------------------------------------------------------------------------------------------------
   clk                            CLOCK-PORT    -                     -     launch     r               0                                                                                                                                           
   clk_BUFG_I_O                   Clock net    53          (fanout=321)       2446                     -                                                                                                                                           
   RBB_9/CLK                      RBB_6L        9  [TILE 0 0, RBB 4 18]          -     r            2446                                                                                                                                           
   --------------------------------------------------------------------------------------------------------------------------------------------------------------------------------------------------------------------------------------------------
   RBB_9/CQ                       RBB_6L        9  [TILE 0 0, RBB 4 18]        800     r            3246     {inst42: rx_valid_pulse_FDCE_CE_3_Q_FDCE_Q (FDC,site=cff)}                                                                            
   rx_valid_pulse_FDCE_CE_3_Q[1]  Net          74            (fanout=2)       1124                     -                                                                                                                                           
   RBB_9/D3                       RBB_6L        9  [TILE 0 0, RBB 4 18]          -     r            4370     {inst40: rx_valid_pulse_FDCE_CE_2_Q_FDCE_Q_D_LUT6_O (LUT,site=dlut,dluto)} {inst39: rx_valid_pulse_FDCE_CE_2_Q_FDCE_Q (FDC,site=dff)} 
   --------------------------------------------------------------------------------------------------------------------------------------------------------------------------------------------------------------------------------------------------
   RBB_9/CLK                      RBB_6L        9  [TILE 0 0, RBB 4 18]        861     r            5231                                                                                                                                           
   clk_BUFG_I_O                   Clock net    53          (fanout=321)      -2446                     -                                                                                                                                           
   clk                            CLOCK-PORT    -                     -    capture     r            2785                                                                                                                                           
   --------------------------------------------------------------------------------------------------------------------------------------------------------------------------------------------------------------------------------------------------


Path 97:
   Slack (met):                             17094ps
     Path type:                               SETUP
     Group:                               <DEFAULT>
     Launching clock:                           clk (rising edge)
     Capturing clock:                           clk (rising edge)

     Requested period:                      20000ps
   + Delay of the capturing clock:           2446ps
   - Clock uncertainty:                       150ps
   = Required time:                         22296ps
   - Propagation time:                       2756ps (58.1% logic, 41.9% route, logic stage 1)
   - Delay of the launching clock:           2446ps
   = Slack:                                 17094ps

   Instance/Pin or Net Name       Type         ID    Location or Fanout   Delay(ps)  Edge  Arrival Time(ps)    Instance detail                                                                                                                     
   --------------------------------------------------------------------------------------------------------------------------------------------------------------------------------------------------------------------------------------------------
   clk                            CLOCK-PORT    -                     -     launch     r               0                                                                                                                                           
   clk_BUFG_I_O                   Clock net    53          (fanout=321)       2446                     -                                                                                                                                           
   RBB_9/CLK                      RBB_6L        9  [TILE 0 0, RBB 4 18]          -     r            2446                                                                                                                                           
   --------------------------------------------------------------------------------------------------------------------------------------------------------------------------------------------------------------------------------------------------
   RBB_9/CQ                       RBB_6L        9  [TILE 0 0, RBB 4 18]        800     r            3246     {inst42: rx_valid_pulse_FDCE_CE_3_Q_FDCE_Q (FDC,site=cff)}                                                                            
   rx_valid_pulse_FDCE_CE_3_Q[1]  Net          74            (fanout=2)       1155                     -                                                                                                                                           
   RBB_9/C3                       RBB_6L        9  [TILE 0 0, RBB 4 18]          -     r            4401     {inst43: rx_valid_pulse_FDCE_CE_3_Q_FDCE_Q_D_LUT6_O (LUT,site=clut,cluto)} {inst42: rx_valid_pulse_FDCE_CE_3_Q_FDCE_Q (FDC,site=cff)} 
   --------------------------------------------------------------------------------------------------------------------------------------------------------------------------------------------------------------------------------------------------
   RBB_9/CLK                      RBB_6L        9  [TILE 0 0, RBB 4 18]        801     r            5202                                                                                                                                           
   clk_BUFG_I_O                   Clock net    53          (fanout=321)      -2446                     -                                                                                                                                           
   clk                            CLOCK-PORT    -                     -    capture     r            2756                                                                                                                                           
   --------------------------------------------------------------------------------------------------------------------------------------------------------------------------------------------------------------------------------------------------


Path 98:
   Slack (met):                             17097ps
     Path type:                               SETUP
     Group:                               <DEFAULT>
     Launching clock:                           clk (rising edge)
     Capturing clock:                           clk (rising edge)

     Requested period:                      20000ps
   + Delay of the capturing clock:           2303ps
   - Clock uncertainty:                       150ps
   = Required time:                         22153ps
   - Propagation time:                       2753ps (58.3% logic, 41.7% route, logic stage 1)
   - Delay of the launching clock:           2303ps
   = Slack:                                 17097ps

   Instance/Pin or Net Name                     Type         ID    Location or Fanout   Delay(ps)  Edge  Arrival Time(ps)    Instance detail                                                                                                                                                 
   --------------------------------------------------------------------------------------------------------------------------------------------------------------------------------------------------------------------------------------------------------------------------------------------
   clk                                          CLOCK-PORT    -                     -     launch     r               0                                                                                                                                                                       
   clk_BUFG_I_O                                 Clock net    53          (fanout=321)       2303                     -                                                                                                                                                                       
   RBB_10/CLK                                   RBB_6L       10  [TILE 0 0, RBB 4 16]          -     r            2303                                                                                                                                                                       
   --------------------------------------------------------------------------------------------------------------------------------------------------------------------------------------------------------------------------------------------------------------------------------------------
   RBB_10/CQ                                    RBB_6L       10  [TILE 0 0, RBB 4 16]        800     r            3103     {inst59: spi_miso_LUT6_I0_I2_FDCE_Q_1_D_LUT6_O_I2_FDCE_Q (FDC,site=cff)}                                                                                          
   spi_miso_LUT6_I0_I2_FDCE_Q_1_D_LUT6_O_I2[1]  Net          22            (fanout=2)       1149                     -                                                                                                                                                                       
   RBB_10/C3                                    RBB_6L       10  [TILE 0 0, RBB 4 16]          -     r            4252     {inst60: spi_miso_LUT6_I0_I2_FDCE_Q_1_D_LUT6_O_I2_FDCE_Q_D_LUT6_O (LUT,site=clut,cluto)} {inst59: spi_miso_LUT6_I0_I2_FDCE_Q_1_D_LUT6_O_I2_FDCE_Q (FDC,site=cff)} 
   --------------------------------------------------------------------------------------------------------------------------------------------------------------------------------------------------------------------------------------------------------------------------------------------
   RBB_10/CLK                                   RBB_6L       10  [TILE 0 0, RBB 4 16]        804     r            5056                                                                                                                                                                       
   clk_BUFG_I_O                                 Clock net    53          (fanout=321)      -2303                     -                                                                                                                                                                       
   clk                                          CLOCK-PORT    -                     -    capture     r            2753                                                                                                                                                                       
   --------------------------------------------------------------------------------------------------------------------------------------------------------------------------------------------------------------------------------------------------------------------------------------------


Path 79:
   Slack (met):                             17105ps
     Path type:                               SETUP
     Group:                               <DEFAULT>
     Launching clock:                           clk (rising edge)
     Capturing clock:                           clk (rising edge)

     Requested period:                      20000ps
   + Delay of the capturing clock:           2287ps
   - Clock uncertainty:                       150ps
   = Required time:                         22137ps
   - Propagation time:                       2592ps (46.1% logic, 53.9% route, logic stage 1)
   - Delay of the launching clock:           2440ps
   = Slack:                                 17105ps

   Instance/Pin or Net Name   Type         ID    Location or Fanout   Delay(ps)  Edge  Arrival Time(ps)    Instance detail                                              
   -----------------------------------------------------------------------------------------------------------------------------------------------------------------------
   clk                        CLOCK-PORT    -                     -     launch     r               0                                                                    
   clk_BUFG_I_O               Clock net    53          (fanout=321)       2440                     -                                                                    
   RBB_13/CLK                 RBB_6L       13  [TILE 0 0, RBB 1 12]          -     r            2440                                                                    
   -----------------------------------------------------------------------------------------------------------------------------------------------------------------------
   RBB_13/CQ                  RBB_6L       13  [TILE 0 0, RBB 1 12]        800     r            3240     {inst31: rx_data_wire_FDCE_Q_5 (FDCE,site=cff)}                
   led_FDCE_Q_D_LUT4_O_I2[2]  Net          56            (fanout=4)       1396                     -                                                                    
   RBB_15/C6                  RBB_6L       15  [TILE 0 0, RBB 1 16]          -     r            4636     {inst64: spi_miso_en_INV_O_I_LUT2_I0_O_FDCE_Q (FDCE,site=cff)} 
   -----------------------------------------------------------------------------------------------------------------------------------------------------------------------
   RBB_15/CLK                 RBB_6L       15  [TILE 0 0, RBB 1 16]        396     r            5032                                                                    
   clk_BUFG_I_O               Clock net    53          (fanout=321)      -2287                     -                                                                    
   clk                        CLOCK-PORT    -                     -    capture     r            2745                                                                    
   -----------------------------------------------------------------------------------------------------------------------------------------------------------------------


Path 87:
   Slack (met):                             17173ps
     Path type:                               SETUP
     Group:                               <DEFAULT>
     Launching clock:                           clk (rising edge)
     Capturing clock:                           clk (rising edge)

     Requested period:                      20000ps
   + Delay of the capturing clock:           2446ps
   - Clock uncertainty:                       150ps
   = Required time:                         22296ps
   - Propagation time:                       2677ps (58.8% logic, 41.2% route, logic stage 1)
   - Delay of the launching clock:           2446ps
   = Slack:                                 17173ps

   Instance/Pin or Net Name                               Type         ID    Location or Fanout   Delay(ps)  Edge  Arrival Time(ps)    Instance detail                                                                                                                               
   ------------------------------------------------------------------------------------------------------------------------------------------------------------------------------------------------------------------------------------------------------------------------------------
   clk                                                    CLOCK-PORT    -                     -     launch     r               0                                                                                                                                                     
   clk_BUFG_I_O                                           Clock net    53          (fanout=321)       2446                     -                                                                                                                                                     
   RBB_9/CLK                                              RBB_6L        9  [TILE 0 0, RBB 4 18]          -     r            2446                                                                                                                                                     
   ------------------------------------------------------------------------------------------------------------------------------------------------------------------------------------------------------------------------------------------------------------------------------------
   RBB_9/AQ                                               RBB_6L        9  [TILE 0 0, RBB 4 18]        800     r            3246     {inst67: spi_miso_en_INV_O_I_LUT2_I0_O_FDCE_Q_1_D_LUT6_O_I2_FDCE_Q (FDC,site=aff)}                                                              
   spi_miso_en_INV_O_I_LUT2_I0_O_FDCE_Q_1_D_LUT6_O_I2[1]  Net          30            (fanout=2)       1103                     -                                                                                                                                                     
   RBB_9/A1                                               RBB_6L        9  [TILE 0 0, RBB 4 18]          -     r            4349     {inst46: rx_valid_pulse_FDCE_CE_5_Q_LUT5_I2 (LUT,site=alut)} {inst67: spi_miso_en_INV_O_I_LUT2_I0_O_FDCE_Q_1_D_LUT6_O_I2_FDCE_Q (FDC,site=aff)} 
   ------------------------------------------------------------------------------------------------------------------------------------------------------------------------------------------------------------------------------------------------------------------------------------
   RBB_9/CLK                                              RBB_6L        9  [TILE 0 0, RBB 4 18]        774     r            5123                                                                                                                                                     
   clk_BUFG_I_O                                           Clock net    53          (fanout=321)      -2446                     -                                                                                                                                                     
   clk                                                    CLOCK-PORT    -                     -    capture     r            2677                                                                                                                                                     
   ------------------------------------------------------------------------------------------------------------------------------------------------------------------------------------------------------------------------------------------------------------------------------------


Path 89:
   Slack (met):                             17173ps
     Path type:                               SETUP
     Group:                               <DEFAULT>
     Launching clock:                           clk (rising edge)
     Capturing clock:                           clk (rising edge)

     Requested period:                      20000ps
   + Delay of the capturing clock:           2303ps
   - Clock uncertainty:                       150ps
   = Required time:                         22153ps
   - Propagation time:                       2677ps (58.8% logic, 41.2% route, logic stage 1)
   - Delay of the launching clock:           2303ps
   = Slack:                                 17173ps

   Instance/Pin or Net Name           Type         ID    Location or Fanout   Delay(ps)  Edge  Arrival Time(ps)    Instance detail                                                                                                                                  
   -------------------------------------------------------------------------------------------------------------------------------------------------------------------------------------------------------------------------------------------------------------------
   clk                                CLOCK-PORT    -                     -     launch     r               0                                                                                                                                                        
   clk_BUFG_I_O                       Clock net    53          (fanout=321)       2303                     -                                                                                                                                                        
   RBB_10/CLK                         RBB_6L       10  [TILE 0 0, RBB 4 16]          -     r            2303                                                                                                                                                        
   -------------------------------------------------------------------------------------------------------------------------------------------------------------------------------------------------------------------------------------------------------------------
   RBB_10/AQ                          RBB_6L       10  [TILE 0 0, RBB 4 16]        800     r            3103     {inst73: w_sck_edge_LUT2_O_I1_LUT2_I1_O_FDCE_Q_1 (FDC,site=aff)}                                                                                   
   w_sck_edge_LUT2_O_I1_LUT2_I1_O[0]  Net          43            (fanout=5)       1103                     -                                                                                                                                                        
   RBB_10/A1                          RBB_6L       10  [TILE 0 0, RBB 4 16]          -     r            4206     {inst50: rx_valid_pulse_FDCE_Q_D_LUT5_O_I3_CARRY4_CO_O_1_LUT4_I3 (LUT,site=alut)} {inst73: w_sck_edge_LUT2_O_I1_LUT2_I1_O_FDCE_Q_1 (FDC,site=aff)} 
   -------------------------------------------------------------------------------------------------------------------------------------------------------------------------------------------------------------------------------------------------------------------
   RBB_10/CLK                         RBB_6L       10  [TILE 0 0, RBB 4 16]        774     r            4980                                                                                                                                                        
   clk_BUFG_I_O                       Clock net    53          (fanout=321)      -2303                     -                                                                                                                                                        
   clk                                CLOCK-PORT    -                     -    capture     r            2677                                                                                                                                                        
   -------------------------------------------------------------------------------------------------------------------------------------------------------------------------------------------------------------------------------------------------------------------


Path 88:
   Slack (met):                             17174ps
     Path type:                               SETUP
     Group:                               <DEFAULT>
     Launching clock:                           clk (rising edge)
     Capturing clock:                           clk (rising edge)

     Requested period:                      20000ps
   + Delay of the capturing clock:           2303ps
   - Clock uncertainty:                       150ps
   = Required time:                         22153ps
   - Propagation time:                       2676ps (58.8% logic, 41.2% route, logic stage 1)
   - Delay of the launching clock:           2303ps
   = Slack:                                 17174ps

   Instance/Pin or Net Name           Type         ID    Location or Fanout   Delay(ps)  Edge  Arrival Time(ps)    Instance detail                                                                                                                  
   ---------------------------------------------------------------------------------------------------------------------------------------------------------------------------------------------------------------------------------------------------
   clk                                CLOCK-PORT    -                     -     launch     r               0                                                                                                                                        
   clk_BUFG_I_O                       Clock net    53          (fanout=321)       2303                     -                                                                                                                                        
   RBB_8/CLK                          RBB_6L        8  [TILE 0 0, RBB 4 14]          -     r            2303                                                                                                                                        
   ---------------------------------------------------------------------------------------------------------------------------------------------------------------------------------------------------------------------------------------------------
   RBB_8/AQ                           RBB_6L        8  [TILE 0 0, RBB 4 14]        800     r            3103     {inst72: w_sck_edge_LUT2_O_I1_LUT2_I1_O_FDCE_Q (FDC,site=aff)}                                                                     
   w_sck_edge_LUT2_O_I1_LUT2_I1_O[1]  Net          42            (fanout=4)       1102                     -                                                                                                                                        
   RBB_8/A2                           RBB_6L        8  [TILE 0 0, RBB 4 14]          -     r            4205     {inst53: rx_valid_pulse_FDCE_Q_D_LUT5_O_I3_LUT5_I4 (LUT,site=alut)} {inst72: w_sck_edge_LUT2_O_I1_LUT2_I1_O_FDCE_Q (FDC,site=aff)} 
   ---------------------------------------------------------------------------------------------------------------------------------------------------------------------------------------------------------------------------------------------------
   RBB_8/CLK                          RBB_6L        8  [TILE 0 0, RBB 4 14]        774     r            4979                                                                                                                                        
   clk_BUFG_I_O                       Clock net    53          (fanout=321)      -2303                     -                                                                                                                                        
   clk                                CLOCK-PORT    -                     -    capture     r            2676                                                                                                                                        
   ---------------------------------------------------------------------------------------------------------------------------------------------------------------------------------------------------------------------------------------------------


Path 72:
   Slack (met):                             17226ps
     Path type:                               SETUP
     Group:                               <DEFAULT>
     Launching clock:                           clk (rising edge)
     Capturing clock:                           clk (rising edge)

     Requested period:                      20000ps
   + Delay of the capturing clock:           2446ps
   - Clock uncertainty:                       150ps
   = Required time:                         22296ps
   - Propagation time:                       2767ps (55.0% logic, 45.0% route, logic stage 1)
   - Delay of the launching clock:           2303ps
   = Slack:                                 17226ps

   Instance/Pin or Net Name   Type         ID    Location or Fanout   Delay(ps)  Edge  Arrival Time(ps)    Instance detail                                                                         
   --------------------------------------------------------------------------------------------------------------------------------------------------------------------------------------------------
   clk                        CLOCK-PORT    -                     -     launch     r               0                                                                                               
   clk_BUFG_I_O               Clock net    53          (fanout=321)       2303                     -                                                                                               
   RBB_10/CLK                 RBB_6L       10  [TILE 0 0, RBB 4 16]          -     r            2303                                                                                               
   --------------------------------------------------------------------------------------------------------------------------------------------------------------------------------------------------
   RBB_10/DQ                  RBB_6L       10  [TILE 0 0, RBB 4 16]        800     r            3103     {inst57: spi_miso_LUT6_I0_I2_FDCE_Q_1 (FDC,site=dff)}                                     
   spi_miso_LUT6_I0_I2[1]     Net          25            (fanout=2)       1245                     -                                                                                               
   RBB_9/B3                   RBB_6L        9  [TILE 0 0, RBB 4 18]          -     r            4348     {inst55: spi_miso_LUT6_I0 (LUT,site=blut,bluto)} {inst54: spi_miso_FDCE_Q (FDC,site=bff)} 
   --------------------------------------------------------------------------------------------------------------------------------------------------------------------------------------------------
   RBB_9/CLK                  RBB_6L        9  [TILE 0 0, RBB 4 18]        722     r            5070                                                                                               
   clk_BUFG_I_O               Clock net    53          (fanout=321)      -2446                     -                                                                                               
   clk                        CLOCK-PORT    -                     -    capture     r            2624                                                                                               
   --------------------------------------------------------------------------------------------------------------------------------------------------------------------------------------------------


Path 101:
   Slack (met):                             17236ps
     Path type:                               SETUP
     Group:                               <DEFAULT>
     Launching clock:                           clk (rising edge)
     Capturing clock:                           clk (rising edge)

     Requested period:                      20000ps
   + Delay of the capturing clock:           2288ps
   - Clock uncertainty:                       150ps
   = Required time:                         22138ps
   - Propagation time:                       2614ps (56.6% logic, 43.4% route, logic stage 1)
   - Delay of the launching clock:           2288ps
   = Slack:                                 17236ps

   Instance/Pin or Net Name   Type         ID    Location or Fanout   Delay(ps)  Edge  Arrival Time(ps)    Instance detail                                                                                        
   -----------------------------------------------------------------------------------------------------------------------------------------------------------------------------------------------------------------
   clk                        CLOCK-PORT    -                     -     launch     r               0                                                                                                              
   clk_BUFG_I_O               Clock net    53          (fanout=321)       2288                     -                                                                                                              
   RBB_11/CLK                 RBB_6L       11  [TILE 0 0, RBB 4 10]          -     r            2288                                                                                                              
   -----------------------------------------------------------------------------------------------------------------------------------------------------------------------------------------------------------------
   RBB_11/CQ                  RBB_6L       11  [TILE 0 0, RBB 4 10]        800     r            3088     {inst29: rx_data_wire_FDCE_Q_3 (FDCE,site=cff)}                                                          
   rx_data_wire[4]            Net          14            (fanout=4)       1135                     -                                                                                                              
   RBB_11/A3                  RBB_6L       11  [TILE 0 0, RBB 4 10]          -     r            4223     {inst94: rx_data_wire_FDCE_Q_2_buf94_i (LUT,site=aluto)} {inst28: rx_data_wire_FDCE_Q_2 (FDCE,site=aff)} 
   -----------------------------------------------------------------------------------------------------------------------------------------------------------------------------------------------------------------
   RBB_11/CLK                 RBB_6L       11  [TILE 0 0, RBB 4 10]        679     r            4902                                                                                                              
   clk_BUFG_I_O               Clock net    53          (fanout=321)      -2288                     -                                                                                                              
   clk                        CLOCK-PORT    -                     -    capture     r            2614                                                                                                              
   -----------------------------------------------------------------------------------------------------------------------------------------------------------------------------------------------------------------


Path 69:
   Slack (met):                             17238ps
     Path type:                               SETUP
     Group:                               <DEFAULT>
     Launching clock:                           clk (rising edge)
     Capturing clock:                           clk (rising edge)

     Requested period:                      20000ps
   + Delay of the capturing clock:           2446ps
   - Clock uncertainty:                       150ps
   = Required time:                         22296ps
   - Propagation time:                       2755ps (58.1% logic, 41.9% route, logic stage 1)
   - Delay of the launching clock:           2303ps
   = Slack:                                 17238ps

   Instance/Pin or Net Name          Type         ID    Location or Fanout   Delay(ps)  Edge  Arrival Time(ps)    Instance detail                                                                                                                     
   -----------------------------------------------------------------------------------------------------------------------------------------------------------------------------------------------------------------------------------------------------
   clk                               CLOCK-PORT    -                     -     launch     r               0                                                                                                                                           
   clk_BUFG_I_O                      Clock net    53          (fanout=321)       2303                     -                                                                                                                                           
   RBB_10/CLK                        RBB_6L       10  [TILE 0 0, RBB 4 16]          -     r            2303                                                                                                                                           
   -----------------------------------------------------------------------------------------------------------------------------------------------------------------------------------------------------------------------------------------------------
   RBB_10/BQ                         RBB_6L       10  [TILE 0 0, RBB 4 16]        800     r            3103     {inst65: spi_miso_en_INV_O_I_LUT2_I0_O_FDCE_Q_1 (FDC,site=bff)}                                                                       
   spi_miso_en_INV_O_I_LUT2_I0_O[1]  Net          66            (fanout=2)       1154                     -                                                                                                                                           
   RBB_9/C2                          RBB_6L        9  [TILE 0 0, RBB 4 18]          -     r            4257     {inst43: rx_valid_pulse_FDCE_CE_3_Q_FDCE_Q_D_LUT6_O (LUT,site=clut,cluto)} {inst42: rx_valid_pulse_FDCE_CE_3_Q_FDCE_Q (FDC,site=cff)} 
   -----------------------------------------------------------------------------------------------------------------------------------------------------------------------------------------------------------------------------------------------------
   RBB_9/CLK                         RBB_6L        9  [TILE 0 0, RBB 4 18]        801     r            5058                                                                                                                                           
   clk_BUFG_I_O                      Clock net    53          (fanout=321)      -2446                     -                                                                                                                                           
   clk                               CLOCK-PORT    -                     -    capture     r            2612                                                                                                                                           
   -----------------------------------------------------------------------------------------------------------------------------------------------------------------------------------------------------------------------------------------------------


Path 100:
   Slack (met):                             17257ps
     Path type:                               SETUP
     Group:                               <DEFAULT>
     Launching clock:                           clk (rising edge)
     Capturing clock:                           clk (rising edge)

     Requested period:                      20000ps
   + Delay of the capturing clock:           2446ps
   - Clock uncertainty:                       150ps
   = Required time:                         22296ps
   - Propagation time:                       2593ps (58.7% logic, 41.3% route, logic stage 1)
   - Delay of the launching clock:           2446ps
   = Slack:                                 17257ps

   Instance/Pin or Net Name   Type         ID    Location or Fanout   Delay(ps)  Edge  Arrival Time(ps)    Instance detail                                                                         
   --------------------------------------------------------------------------------------------------------------------------------------------------------------------------------------------------
   clk                        CLOCK-PORT    -                     -     launch     r               0                                                                                               
   clk_BUFG_I_O               Clock net    53          (fanout=321)       2446                     -                                                                                               
   RBB_9/CLK                  RBB_6L        9  [TILE 0 0, RBB 4 18]          -     r            2446                                                                                               
   --------------------------------------------------------------------------------------------------------------------------------------------------------------------------------------------------
   RBB_9/BQ                   RBB_6L        9  [TILE 0 0, RBB 4 18]        800     r            3246     {inst54: spi_miso_FDCE_Q (FDC,site=bff)}                                                  
   spi_miso                   Net           4            (fanout=1)       1071                     -                                                                                               
   RBB_9/B1                   RBB_6L        9  [TILE 0 0, RBB 4 18]          -     r            4317     {inst55: spi_miso_LUT6_I0 (LUT,site=blut,bluto)} {inst54: spi_miso_FDCE_Q (FDC,site=bff)} 
   --------------------------------------------------------------------------------------------------------------------------------------------------------------------------------------------------
   RBB_9/CLK                  RBB_6L        9  [TILE 0 0, RBB 4 18]        722     r            5039                                                                                               
   clk_BUFG_I_O               Clock net    53          (fanout=321)      -2446                     -                                                                                               
   clk                        CLOCK-PORT    -                     -    capture     r            2593                                                                                               
   --------------------------------------------------------------------------------------------------------------------------------------------------------------------------------------------------


Path 99:
   Slack (met):                             17258ps
     Path type:                               SETUP
     Group:                               <DEFAULT>
     Launching clock:                           clk (rising edge)
     Capturing clock:                           clk (rising edge)

     Requested period:                      20000ps
   + Delay of the capturing clock:           2303ps
   - Clock uncertainty:                       150ps
   = Required time:                         22153ps
   - Propagation time:                       2592ps (58.7% logic, 41.3% route, logic stage 1)
   - Delay of the launching clock:           2303ps
   = Slack:                                 17258ps

   Instance/Pin or Net Name          Type         ID    Location or Fanout   Delay(ps)  Edge  Arrival Time(ps)    Instance detail                                                                                                                               
   ---------------------------------------------------------------------------------------------------------------------------------------------------------------------------------------------------------------------------------------------------------------
   clk                               CLOCK-PORT    -                     -     launch     r               0                                                                                                                                                     
   clk_BUFG_I_O                      Clock net    53          (fanout=321)       2303                     -                                                                                                                                                     
   RBB_10/CLK                        RBB_6L       10  [TILE 0 0, RBB 4 16]          -     r            2303                                                                                                                                                     
   ---------------------------------------------------------------------------------------------------------------------------------------------------------------------------------------------------------------------------------------------------------------
   RBB_10/BQ                         RBB_6L       10  [TILE 0 0, RBB 4 16]        800     r            3103     {inst65: spi_miso_en_INV_O_I_LUT2_I0_O_FDCE_Q_1 (FDC,site=bff)}                                                                                 
   spi_miso_en_INV_O_I_LUT2_I0_O[1]  Net          66            (fanout=2)       1070                     -                                                                                                                                                     
   RBB_10/B1                         RBB_6L       10  [TILE 0 0, RBB 4 16]          -     r            4173     {inst66: spi_miso_en_INV_O_I_LUT2_I0_O_FDCE_Q_1_D_LUT6_O (LUT,site=blut,bluto)} {inst65: spi_miso_en_INV_O_I_LUT2_I0_O_FDCE_Q_1 (FDC,site=bff)} 
   ---------------------------------------------------------------------------------------------------------------------------------------------------------------------------------------------------------------------------------------------------------------
   RBB_10/CLK                        RBB_6L       10  [TILE 0 0, RBB 4 16]        722     r            4895                                                                                                                                                     
   clk_BUFG_I_O                      Clock net    53          (fanout=321)      -2303                     -                                                                                                                                                     
   clk                               CLOCK-PORT    -                     -    capture     r            2592                                                                                                                                                     
   ---------------------------------------------------------------------------------------------------------------------------------------------------------------------------------------------------------------------------------------------------------------


Path 103:
   Slack (met):                             17306ps
     Path type:                               SETUP
     Group:                               <DEFAULT>
     Launching clock:                           clk (rising edge)
     Capturing clock:                           clk (rising edge)

     Requested period:                      20000ps
   + Delay of the capturing clock:           2288ps
   - Clock uncertainty:                       150ps
   = Required time:                         22138ps
   - Propagation time:                       2544ps (55.7% logic, 44.3% route, logic stage 1)
   - Delay of the launching clock:           2288ps
   = Slack:                                 17306ps

   Instance/Pin or Net Name   Type         ID    Location or Fanout   Delay(ps)  Edge  Arrival Time(ps)    Instance detail                               
   --------------------------------------------------------------------------------------------------------------------------------------------------------
   clk                        CLOCK-PORT    -                     -     launch     r               0                                                     
   clk_BUFG_I_O               Clock net    53          (fanout=321)       2288                     -                                                     
   RBB_11/CLK                 RBB_6L       11  [TILE 0 0, RBB 4 10]          -     r            2288                                                     
   --------------------------------------------------------------------------------------------------------------------------------------------------------
   RBB_11/BQ                  RBB_6L       11  [TILE 0 0, RBB 4 10]        800     r            3088     {inst27: rx_data_wire_FDCE_Q_1 (FDCE,site=bff)} 
   rx_data_wire[6]            Net          16            (fanout=4)       1127                     -                                                     
   RBB_11/D6                  RBB_6L       11  [TILE 0 0, RBB 4 10]          -     r            4215     {inst26: rx_data_wire_FDCE_Q (FDCE,site=dff)}   
   --------------------------------------------------------------------------------------------------------------------------------------------------------
   RBB_11/CLK                 RBB_6L       11  [TILE 0 0, RBB 4 10]        617     r            4832                                                     
   clk_BUFG_I_O               Clock net    53          (fanout=321)      -2288                     -                                                     
   clk                        CLOCK-PORT    -                     -    capture     r            2544                                                     
   --------------------------------------------------------------------------------------------------------------------------------------------------------


Path 104:
   Slack (met):                             17365ps
     Path type:                               SETUP
     Group:                               <DEFAULT>
     Launching clock:                           clk (rising edge)
     Capturing clock:                           clk (rising edge)

     Requested period:                      20000ps
   + Delay of the capturing clock:           2288ps
   - Clock uncertainty:                       150ps
   = Required time:                         22138ps
   - Propagation time:                       2485ps (55.4% logic, 44.6% route, logic stage 1)
   - Delay of the launching clock:           2288ps
   = Slack:                                 17365ps

   Instance/Pin or Net Name   Type         ID    Location or Fanout   Delay(ps)  Edge  Arrival Time(ps)    Instance detail                                                                                        
   -----------------------------------------------------------------------------------------------------------------------------------------------------------------------------------------------------------------
   clk                        CLOCK-PORT    -                     -     launch     r               0                                                                                                              
   clk_BUFG_I_O               Clock net    53          (fanout=321)       2288                     -                                                                                                              
   RBB_11/CLK                 RBB_6L       11  [TILE 0 0, RBB 4 10]          -     r            2288                                                                                                              
   -----------------------------------------------------------------------------------------------------------------------------------------------------------------------------------------------------------------
   RBB_11/AQ                  RBB_6L       11  [TILE 0 0, RBB 4 10]        800     r            3088     {inst28: rx_data_wire_FDCE_Q_2 (FDCE,site=aff)}                                                          
   rx_data_wire[5]            Net          13            (fanout=4)       1108                     -                                                                                                              
   RBB_11/B2                  RBB_6L       11  [TILE 0 0, RBB 4 10]          -     r            4196     {inst93: rx_data_wire_FDCE_Q_1_buf93_i (LUT,site=bluto)} {inst27: rx_data_wire_FDCE_Q_1 (FDCE,site=bff)} 
   -----------------------------------------------------------------------------------------------------------------------------------------------------------------------------------------------------------------
   RBB_11/CLK                 RBB_6L       11  [TILE 0 0, RBB 4 10]        577     r            4773                                                                                                              
   clk_BUFG_I_O               Clock net    53          (fanout=321)      -2288                     -                                                                                                              
   clk                        CLOCK-PORT    -                     -    capture     r            2485                                                                                                              
   -----------------------------------------------------------------------------------------------------------------------------------------------------------------------------------------------------------------


Path 86:
   Slack (met):                             17391ps
     Path type:                               SETUP
     Group:                               <DEFAULT>
     Launching clock:                           clk (rising edge)
     Capturing clock:                           clk (rising edge)

     Requested period:                      20000ps
   + Delay of the capturing clock:           2440ps
   - Clock uncertainty:                       150ps
   = Required time:                         22290ps
   - Propagation time:                       2459ps (75.1% logic, 24.9% route, logic stage 1)
   - Delay of the launching clock:           2440ps
   = Slack:                                 17391ps

   Instance/Pin or Net Name   Type         ID    Location or Fanout   Delay(ps)  Edge  Arrival Time(ps)    Instance detail                                
   ---------------------------------------------------------------------------------------------------------------------------------------------------------
   clk                        CLOCK-PORT    -                     -     launch     r               0                                                      
   clk_BUFG_I_O               Clock net    53          (fanout=321)       2440                     -                                                      
   RBB_13/CLK                 RBB_6L       13  [TILE 0 0, RBB 1 12]          -     r            2440                                                      
   ---------------------------------------------------------------------------------------------------------------------------------------------------------
   RBB_13/DMUX                RBB_6L       13  [TILE 0 0, RBB 1 12]       1466     r            3906     {inst32: rx_data_wire_FDCE_Q_6 (FDCE,site=dffo)} 
   rx_data_wire[1]            Net          17            (fanout=3)        613                     -                                                      
   RBB_13/C6                  RBB_6L       13  [TILE 0 0, RBB 1 12]          -     r            4519     {inst31: rx_data_wire_FDCE_Q_5 (FDCE,site=cff)}  
   ---------------------------------------------------------------------------------------------------------------------------------------------------------
   RBB_13/CLK                 RBB_6L       13  [TILE 0 0, RBB 1 12]        380     r            4899                                                      
   clk_BUFG_I_O               Clock net    53          (fanout=321)      -2440                     -                                                      
   clk                        CLOCK-PORT    -                     -    capture     r            2459                                                      
   ---------------------------------------------------------------------------------------------------------------------------------------------------------


Path 102:
   Slack (met):                             17420ps
     Path type:                               SETUP
     Group:                               <DEFAULT>
     Launching clock:                           clk (rising edge)
     Capturing clock:                           clk (rising edge)

     Requested period:                      20000ps
   + Delay of the capturing clock:           2440ps
   - Clock uncertainty:                       150ps
   = Required time:                         22290ps
   - Propagation time:                       2430ps (53.1% logic, 46.9% route, logic stage 1)
   - Delay of the launching clock:           2440ps
   = Slack:                                 17420ps

   Instance/Pin or Net Name   Type         ID    Location or Fanout   Delay(ps)  Edge  Arrival Time(ps)    Instance detail                               
   --------------------------------------------------------------------------------------------------------------------------------------------------------
   clk                        CLOCK-PORT    -                     -     launch     r               0                                                     
   clk_BUFG_I_O               Clock net    53          (fanout=321)       2440                     -                                                     
   RBB_13/CLK                 RBB_6L       13  [TILE 0 0, RBB 1 12]          -     r            2440                                                     
   --------------------------------------------------------------------------------------------------------------------------------------------------------
   RBB_13/CQ                  RBB_6L       13  [TILE 0 0, RBB 1 12]        800     r            3240     {inst31: rx_data_wire_FDCE_Q_5 (FDCE,site=cff)} 
   led_FDCE_Q_D_LUT4_O_I2[2]  Net          56            (fanout=4)       1140                     -                                                     
   RBB_13/D6                  RBB_6L       13  [TILE 0 0, RBB 1 12]          -     r            4380     {inst30: rx_data_wire_FDCE_Q_4 (FDCE,site=dff)} 
   --------------------------------------------------------------------------------------------------------------------------------------------------------
   RBB_13/CLK                 RBB_6L       13  [TILE 0 0, RBB 1 12]        490     r            4870                                                     
   clk_BUFG_I_O               Clock net    53          (fanout=321)      -2440                     -                                                     
   clk                        CLOCK-PORT    -                     -    capture     r            2430                                                     
   --------------------------------------------------------------------------------------------------------------------------------------------------------


Path 60:
   Slack (met):                             17492ps
     Path type:                               SETUP
     Group:                               <DEFAULT>
     Launching clock:                           clk (rising edge)
     Capturing clock:                           clk (rising edge)

     Requested period:                      20000ps
   + Delay of the capturing clock:           2302ps
   - Clock uncertainty:                       150ps
   = Required time:                         22152ps
   - Propagation time:                       2357ps (71.1% logic, 28.9% route, logic stage 1)
   - Delay of the launching clock:           2303ps
   = Slack:                                 17492ps

   Instance/Pin or Net Name   Type         ID    Location or Fanout   Delay(ps)  Edge  Arrival Time(ps)    Instance detail                                       
   ----------------------------------------------------------------------------------------------------------------------------------------------------------------
   clk                        CLOCK-PORT    -                     -     launch     r               0                                                             
   clk_BUFG_I_O               Clock net    53          (fanout=321)       2303                     -                                                             
   RBB_8/CLK                  RBB_6L        8  [TILE 0 0, RBB 4 14]          -     r            2303                                                             
   ----------------------------------------------------------------------------------------------------------------------------------------------------------------
   RBB_8/BMUX                 RBB_6L        8  [TILE 0 0, RBB 4 14]       1350     r            3653     {inst47: rx_valid_pulse_FDCE_Q (FDC,site=bffo)}         
   led_FDCE_Q_D_LUT4_O_I2[0]  Net          58            (fanout=3)        681                     -                                                             
   RBB_14/A6                  RBB_6L       14  [TILE 0 0, RBB 4 12]          -     r            4334     {<CE>inst38: rx_valid_pulse_FDCE_CE_2 (FDCE,site=dffo)} 
   ----------------------------------------------------------------------------------------------------------------------------------------------------------------
   RBB_14/CLK                 RBB_6L       14  [TILE 0 0, RBB 4 12]        326     r            4660                                                             
   clk_BUFG_I_O               Clock net    53          (fanout=321)      -2302                     -                                                             
   clk                        CLOCK-PORT    -                     -    capture     r            2358                                                             
   ----------------------------------------------------------------------------------------------------------------------------------------------------------------


Path 213:
   Slack (met):                             17618ps
     Path type:                               SETUP
     Group:                               <DEFAULT>
     Launching clock:                           clk (rising edge)
     Capturing clock:                           clk (rising edge)

     Requested period:                      20000ps
   + Delay of the capturing clock:           2303ps
   - Clock uncertainty:                       150ps
   = Required time:                         22153ps
   - Propagation time:                       2104ps (52.0% logic, 48.0% route, logic stage 1)
   - Delay of the launching clock:           2431ps
   = Slack:                                 17618ps

   Instance/Pin or Net Name   Type         ID    Location or Fanout   Delay(ps)  Edge  Arrival Time(ps)    Instance detail                                                                                  
   -----------------------------------------------------------------------------------------------------------------------------------------------------------------------------------------------------------
   clk                        CLOCK-PORT    -                     -     launch     r               0                                                                                                        
   clk_BUFG_I_O               Clock net    53          (fanout=321)       2431                     -                                                                                                        
   RBB_1/CLK                  IOB           1  [TILE 0 0, RBB 0 10]          -     r            2431                                                                                                        
   -----------------------------------------------------------------------------------------------------------------------------------------------------------------------------------------------------------
   RBB_1/I[0]                 IOB           1  [TILE 0 0, RBB 0 10]          0     r            2431     {(input_port) inst86: g_86_spi_ss_n_ibuf (IO)} {inst24: r_ss_n_sync_FDPE_Q_1 (FDP)}                
   r_ss_n_sync[0]             Net          19            (fanout=1)       1009                     -                                                                                                        
   RBB_8/C1                   RBB_6L        8  [TILE 0 0, RBB 4 14]          -     r            3440     {inst91: r_ss_n_sync_FDPE_Q_buf91_i (LUT,site=cluto)} {inst23: r_ss_n_sync_FDPE_Q (FDP,site=cffo)} 
   -----------------------------------------------------------------------------------------------------------------------------------------------------------------------------------------------------------
   RBB_8/CLK                  RBB_6L        8  [TILE 0 0, RBB 4 14]       1095     r            4535                                                                                                        
   clk_BUFG_I_O               Clock net    53          (fanout=321)      -2303                     -                                                                                                        
   clk                        CLOCK-PORT    -                     -    capture     r            2232                                                                                                        
   -----------------------------------------------------------------------------------------------------------------------------------------------------------------------------------------------------------


Path 214:
   Slack (met):                             17885ps
     Path type:                               SETUP
     Group:                               <DEFAULT>
     Launching clock:                           clk (rising edge)
     Capturing clock:                           clk (rising edge)

     Requested period:                      20000ps
   + Delay of the capturing clock:           2303ps
   - Clock uncertainty:                       150ps
   = Required time:                         22153ps
   - Propagation time:                       1787ps (33.3% logic, 66.7% route, logic stage 1)
   - Delay of the launching clock:           2481ps
   = Slack:                                 17885ps

   Instance/Pin or Net Name   Type         ID    Location or Fanout   Delay(ps)  Edge  Arrival Time(ps)    Instance detail                                                                   
   --------------------------------------------------------------------------------------------------------------------------------------------------------------------------------------------
   clk                        CLOCK-PORT    -                     -     launch     r               0                                                                                         
   clk_BUFG_I_O               Clock net    53          (fanout=321)       2481                     -                                                                                         
   RBB_2/CLK                  IOB           2  [TILE 0 0, RBB 0 22]          -     r            2481                                                                                         
   --------------------------------------------------------------------------------------------------------------------------------------------------------------------------------------------
   RBB_2/I[0]                 IOB           2  [TILE 0 0, RBB 0 22]          0     r            2481     {(input_port) inst84: g_84_spi_mosi_ibuf (IO)} {inst20: r_mosi_sync_FDCE_Q_1 (FDC)} 
   r_mosi_sync[0]             Net          10            (fanout=1)       1192                     -                                                                                         
   RBB_8/C6                   RBB_6L        8  [TILE 0 0, RBB 4 14]          -     r            3673     {inst19: r_mosi_sync_FDCE_Q (FDC,site=cff)}                                         
   --------------------------------------------------------------------------------------------------------------------------------------------------------------------------------------------
   RBB_8/CLK                  RBB_6L        8  [TILE 0 0, RBB 4 14]        595     r            4268                                                                                         
   clk_BUFG_I_O               Clock net    53          (fanout=321)      -2303                     -                                                                                         
   clk                        CLOCK-PORT    -                     -    capture     r            1965                                                                                         
   --------------------------------------------------------------------------------------------------------------------------------------------------------------------------------------------


Path 215:
   Slack (met):                             18151ps
     Path type:                               SETUP
     Group:                               <DEFAULT>
     Launching clock:                           clk (rising edge)
     Capturing clock:                           clk (rising edge)

     Requested period:                      20000ps
   + Delay of the capturing clock:           2303ps
   - Clock uncertainty:                       150ps
   = Required time:                         22153ps
   - Propagation time:                       1577ps (33.7% logic, 66.3% route, logic stage 1)
   - Delay of the launching clock:           2425ps
   = Slack:                                 18151ps

   Instance/Pin or Net Name   Type         ID    Location or Fanout   Delay(ps)  Edge  Arrival Time(ps)    Instance detail                                                                 
   ------------------------------------------------------------------------------------------------------------------------------------------------------------------------------------------
   clk                        CLOCK-PORT    -                     -     launch     r               0                                                                                       
   clk_BUFG_I_O               Clock net    53          (fanout=321)       2425                     -                                                                                       
   RBB_0/CLK                  IOB           0   [TILE 0 0, RBB 0 9]          -     r            2425                                                                                       
   ------------------------------------------------------------------------------------------------------------------------------------------------------------------------------------------
   RBB_0/I[0]                 IOB           0   [TILE 0 0, RBB 0 9]          0     r            2425     {(input_port) inst85: g_85_spi_sck_ibuf (IO)} {inst22: r_sck_sync_FDCE_Q_1 (FDC)} 
   r_sck_sync[0]              Net          12            (fanout=1)       1045                     -                                                                                       
   RBB_8/B6                   RBB_6L        8  [TILE 0 0, RBB 4 14]          -     r            3470     {inst21: r_sck_sync_FDCE_Q (FDC,site=bff)}                                        
   ------------------------------------------------------------------------------------------------------------------------------------------------------------------------------------------
   RBB_8/CLK                  RBB_6L        8  [TILE 0 0, RBB 4 14]        532     r            4002                                                                                       
   clk_BUFG_I_O               Clock net    53          (fanout=321)      -2303                     -                                                                                       
   clk                        CLOCK-PORT    -                     -    capture     r            1699                                                                                       
   ------------------------------------------------------------------------------------------------------------------------------------------------------------------------------------------













